"Program","Year","Period","Week Ending","Geo Level","State","State ANSI","Ag District","Ag District Code","County","County ANSI","Zip Code","Region","watershed_code","Watershed","Commodity","Data Item","Domain","Domain Category","Value","CV (%)"
"SURVEY","2024","YEAR","","COUNTY","IOWA","19","","99","OTHER COUNTIES","","","","00000000","","CORN","CORN, GRAIN - YIELD, MEASURED IN BU / ACRE","TOTAL","NOT SPECIFIED","205.7","0.5"
"SURVEY","2024","YEAR","","COUNTY","IOWA","19","CENTRAL","50","BOONE","015","","","00000000","","CORN","CORN, GRAIN - YIELD, MEASURED IN BU / ACRE","TOTAL","NOT SPECIFIED","217.6","2.3"
"SURVEY","2024","YEAR","","COUNTY","IOWA","19","CENTRAL","50","HAMILTON","079","","","00000000","","CORN","CORN, GRAIN - YIELD, MEASURED IN BU / ACRE","TOTAL","NOT SPECIFIED","212.3","1.6"
"SURVEY","2024","YEAR","","COUNTY","IOWA","19","CENTRAL","50","MARSHALL","127","","","00000000","","CORN","CORN, GRAIN - YIELD, MEASURED IN BU / ACRE","TOTAL","NOT SPECIFIED","222.2","2.6"
"SURVEY","2024","YEAR","","COUNTY","IOWA","19","CENTRAL","50","POLK","153","","","00000000","","CORN","CORN, GRAIN - YIELD, MEASURED IN BU / ACRE","TOTAL","NOT SPECIFIED","218","3.4"
"SURVEY","2024","YEAR","","COUNTY","IOWA","19","CENTRAL","50","POWESHIEK","157","","","00000000","","CORN","CORN, GRAIN - YIELD, MEASURED IN BU / ACRE","TOTAL","NOT SPECIFIED","223","2.8"
"SURVEY","2024","YEAR","","COUNTY","IOWA","19","CENTRAL","50","STORY","169","","","00000000","","CORN","CORN, GRAIN - YIELD, MEASURED IN BU / ACRE","TOTAL","NOT SPECIFIED","215.5","2.6"
"SURVEY","2024","YEAR","","COUNTY","IOWA","19","CENTRAL","50","WEBSTER","187","","","00000000","","CORN","CORN, GRAIN - YIELD, MEASURED IN BU / ACRE","TOTAL","NOT SPECIFIED","211.6","1.7"
"SURVEY","2024","YEAR","","COUNTY","IOWA","19","EAST CENTRAL","60","BENTON","011","","","00000000","","CORN","CORN, GRAIN - YIELD, MEASURED IN BU / ACRE","TOTAL","NOT SPECIFIED","238.6","1.6"
"SURVEY","2024","YEAR","","COUNTY","IOWA","19","EAST CENTRAL","60","CEDAR","031","","","00000000","","CORN","CORN, GRAIN - YIELD, MEASURED IN BU / ACRE","TOTAL","NOT SPECIFIED","236.2","1.4"
"SURVEY","2024","YEAR","","COUNTY","IOWA","19","EAST CENTRAL","60","CLINTON","045","","","00000000","","CORN","CORN, GRAIN - YIELD, MEASURED IN BU / ACRE","TOTAL","NOT SPECIFIED","235.9","1.6"
"SURVEY","2024","YEAR","","COUNTY","IOWA","19","EAST CENTRAL","60","IOWA","095","","","00000000","","CORN","CORN, GRAIN - YIELD, MEASURED IN BU / ACRE","TOTAL","NOT SPECIFIED","219.2","3.3"
"SURVEY","2024","YEAR","","COUNTY","IOWA","19","EAST CENTRAL","60","JACKSON","097","","","00000000","","CORN","CORN, GRAIN - YIELD, MEASURED IN BU / ACRE","TOTAL","NOT SPECIFIED","227.5","3.1"
"SURVEY","2024","YEAR","","COUNTY","IOWA","19","EAST CENTRAL","60","JOHNSON","103","","","00000000","","CORN","CORN, GRAIN - YIELD, MEASURED IN BU / ACRE","TOTAL","NOT SPECIFIED","223.1","3.1"
"SURVEY","2024","YEAR","","COUNTY","IOWA","19","EAST CENTRAL","60","JONES","105","","","00000000","","CORN","CORN, GRAIN - YIELD, MEASURED IN BU / ACRE","TOTAL","NOT SPECIFIED","233.3","2.1"
"SURVEY","2024","YEAR","","COUNTY","IOWA","19","EAST CENTRAL","60","LINN","113","","","00000000","","CORN","CORN, GRAIN - YIELD, MEASURED IN BU / ACRE","TOTAL","NOT SPECIFIED","230.1","2.5"
"SURVEY","2024","YEAR","","COUNTY","IOWA","19","EAST CENTRAL","60","MUSCATINE","139","","","00000000","","CORN","CORN, GRAIN - YIELD, MEASURED IN BU / ACRE","TOTAL","NOT SPECIFIED","220.4","2.2"
"SURVEY","2024","YEAR","","COUNTY","IOWA","19","EAST CENTRAL","60","SCOTT","163","","","00000000","","CORN","CORN, GRAIN - YIELD, MEASURED IN BU / ACRE","TOTAL","NOT SPECIFIED","234.2","3.0"
"SURVEY","2024","YEAR","","COUNTY","IOWA","19","NORTH CENTRAL","20","BUTLER","023","","","00000000","","CORN","CORN, GRAIN - YIELD, MEASURED IN BU / ACRE","TOTAL","NOT SPECIFIED","209.8","2.8"
"SURVEY","2024","YEAR","","COUNTY","IOWA","19","NORTH CENTRAL","20","CERRO GORDO","033","","","00000000","","CORN","CORN, GRAIN - YIELD, MEASURED IN BU / ACRE","TOTAL","NOT SPECIFIED","199.7","3.6"
"SURVEY","2024","YEAR","","COUNTY","IOWA","19","NORTH CENTRAL","20","FLOYD","067","","","00000000","","CORN","CORN, GRAIN - YIELD, MEASURED IN BU / ACRE","TOTAL","NOT SPECIFIED","210.1","2.4"
"SURVEY","2024","YEAR","","COUNTY","IOWA","19","NORTH CENTRAL","20","FRANKLIN","069","","","00000000","","CORN","CORN, GRAIN - YIELD, MEASURED IN BU / ACRE","TOTAL","NOT SPECIFIED","204.9","1.7"
"SURVEY","2024","YEAR","","COUNTY","IOWA","19","NORTH CENTRAL","20","HANCOCK","081","","","00000000","","CORN","CORN, GRAIN - YIELD, MEASURED IN BU / ACRE","TOTAL","NOT SPECIFIED","203.1","1.4"
"SURVEY","2024","YEAR","","COUNTY","IOWA","19","NORTH CENTRAL","20","HUMBOLDT","091","","","00000000","","CORN","CORN, GRAIN - YIELD, MEASURED IN BU / ACRE","TOTAL","NOT SPECIFIED","205.7","2.9"
"SURVEY","2024","YEAR","","COUNTY","IOWA","19","NORTH CENTRAL","20","MITCHELL","131","","","00000000","","CORN","CORN, GRAIN - YIELD, MEASURED IN BU / ACRE","TOTAL","NOT SPECIFIED","212.8","2.7"
"SURVEY","2024","YEAR","","COUNTY","IOWA","19","NORTH CENTRAL","20","WINNEBAGO","189","","","00000000","","CORN","CORN, GRAIN - YIELD, MEASURED IN BU / ACRE","TOTAL","NOT SPECIFIED","182.6","2.4"
"SURVEY","2024","YEAR","","COUNTY","IOWA","19","NORTH CENTRAL","20","WORTH","195","","","00000000","","CORN","CORN, GRAIN - YIELD, MEASURED IN BU / ACRE","TOTAL","NOT SPECIFIED","198.6","1.6"
"SURVEY","2024","YEAR","","COUNTY","IOWA","19","NORTHEAST","30","ALLAMAKEE","005","","","00000000","","CORN","CORN, GRAIN - YIELD, MEASURED IN BU / ACRE","TOTAL","NOT SPECIFIED","216.3","3.9"
"SURVEY","2024","YEAR","","COUNTY","IOWA","19","NORTHEAST","30","BLACK HAWK","013","","","00000000","","CORN","CORN, GRAIN - YIELD, MEASURED IN BU / ACRE","TOTAL","NOT SPECIFIED","205.9","2.9"
"SURVEY","2024","YEAR","","COUNTY","IOWA","19","NORTHEAST","30","BREMER","017","","","00000000","","CORN","CORN, GRAIN - YIELD, MEASURED IN BU / ACRE","TOTAL","NOT SPECIFIED","205.9","2.9"
"SURVEY","2024","YEAR","","COUNTY","IOWA","19","NORTHEAST","30","BUCHANAN","019","","","00000000","","CORN","CORN, GRAIN - YIELD, MEASURED IN BU / ACRE","TOTAL","NOT SPECIFIED","220.8","1.9"
"SURVEY","2024","YEAR","","COUNTY","IOWA","19","NORTHEAST","30","CHICKASAW","037","","","00000000","","CORN","CORN, GRAIN - YIELD, MEASURED IN BU / ACRE","TOTAL","NOT SPECIFIED","206.5","3.3"
"SURVEY","2024","YEAR","","COUNTY","IOWA","19","NORTHEAST","30","CLAYTON","043","","","00000000","","CORN","CORN, GRAIN - YIELD, MEASURED IN BU / ACRE","TOTAL","NOT SPECIFIED","220.2","2.6"
"SURVEY","2024","YEAR","","COUNTY","IOWA","19","NORTHEAST","30","DELAWARE","055","","","00000000","","CORN","CORN, GRAIN - YIELD, MEASURED IN BU / ACRE","TOTAL","NOT SPECIFIED","219.5","2.5"
"SURVEY","2024","YEAR","","COUNTY","IOWA","19","NORTHEAST","30","DUBUQUE","061","","","00000000","","CORN","CORN, GRAIN - YIELD, MEASURED IN BU / ACRE","TOTAL","NOT SPECIFIED","221.7","2.1"
"SURVEY","2024","YEAR","","COUNTY","IOWA","19","NORTHEAST","30","FAYETTE","065","","","00000000","","CORN","CORN, GRAIN - YIELD, MEASURED IN BU / ACRE","TOTAL","NOT SPECIFIED","201.2","3.1"
"SURVEY","2024","YEAR","","COUNTY","IOWA","19","NORTHEAST","30","HOWARD","089","","","00000000","","CORN","CORN, GRAIN - YIELD, MEASURED IN BU / ACRE","TOTAL","NOT SPECIFIED","212.5","2.8"
"SURVEY","2024","YEAR","","COUNTY","IOWA","19","NORTHEAST","30","WINNESHIEK","191","","","00000000","","CORN","CORN, GRAIN - YIELD, MEASURED IN BU / ACRE","TOTAL","NOT SPECIFIED","212.1","2.8"
"SURVEY","2024","YEAR","","COUNTY","IOWA","19","NORTHWEST","10","CHEROKEE","035","","","00000000","","CORN","CORN, GRAIN - YIELD, MEASURED IN BU / ACRE","TOTAL","NOT SPECIFIED","207.1","2.9"
"SURVEY","2024","YEAR","","COUNTY","IOWA","19","NORTHWEST","10","CLAY","041","","","00000000","","CORN","CORN, GRAIN - YIELD, MEASURED IN BU / ACRE","TOTAL","NOT SPECIFIED","176.1","2.7"
"SURVEY","2024","YEAR","","COUNTY","IOWA","19","NORTHWEST","10","DICKINSON","059","","","00000000","","CORN","CORN, GRAIN - YIELD, MEASURED IN BU / ACRE","TOTAL","NOT SPECIFIED","160.8","4.0"
"SURVEY","2024","YEAR","","COUNTY","IOWA","19","NORTHWEST","10","LYON","119","","","00000000","","CORN","CORN, GRAIN - YIELD, MEASURED IN BU / ACRE","TOTAL","NOT SPECIFIED","198.8","3.1"
"SURVEY","2024","YEAR","","COUNTY","IOWA","19","NORTHWEST","10","O BRIEN","141","","","00000000","","CORN","CORN, GRAIN - YIELD, MEASURED IN BU / ACRE","TOTAL","NOT SPECIFIED","199","1.8"
"SURVEY","2024","YEAR","","COUNTY","IOWA","19","NORTHWEST","10","PALO ALTO","147","","","00000000","","CORN","CORN, GRAIN - YIELD, MEASURED IN BU / ACRE","TOTAL","NOT SPECIFIED","182.3","2.0"
"SURVEY","2024","YEAR","","COUNTY","IOWA","19","NORTHWEST","10","PLYMOUTH","149","","","00000000","","CORN","CORN, GRAIN - YIELD, MEASURED IN BU / ACRE","TOTAL","NOT SPECIFIED","195.6","2.0"
"SURVEY","2024","YEAR","","COUNTY","IOWA","19","NORTHWEST","10","POCAHONTAS","151","","","00000000","","CORN","CORN, GRAIN - YIELD, MEASURED IN BU / ACRE","TOTAL","NOT SPECIFIED","203","2.8"
"SURVEY","2024","YEAR","","COUNTY","IOWA","19","SOUTH CENTRAL","80","CLARKE","039","","","00000000","","CORN","CORN, GRAIN - YIELD, MEASURED IN BU / ACRE","TOTAL","NOT SPECIFIED","183.9","5.0"
"SURVEY","2024","YEAR","","COUNTY","IOWA","19","SOUTH CENTRAL","80","DECATUR","053","","","00000000","","CORN","CORN, GRAIN - YIELD, MEASURED IN BU / ACRE","TOTAL","NOT SPECIFIED","172.2","3.8"
"SURVEY","2024","YEAR","","COUNTY","IOWA","19","SOUTH CENTRAL","80","MARION","125","","","00000000","","CORN","CORN, GRAIN - YIELD, MEASURED IN BU / ACRE","TOTAL","NOT SPECIFIED","218.1","2.8"
"SURVEY","2024","YEAR","","COUNTY","IOWA","19","SOUTH CENTRAL","80","MONROE","135","","","00000000","","CORN","CORN, GRAIN - YIELD, MEASURED IN BU / ACRE","TOTAL","NOT SPECIFIED","191.7","1.9"
"SURVEY","2024","YEAR","","COUNTY","IOWA","19","SOUTH CENTRAL","80","WAYNE","185","","","00000000","","CORN","CORN, GRAIN - YIELD, MEASURED IN BU / ACRE","TOTAL","NOT SPECIFIED","194.8","2.4"
"SURVEY","2024","YEAR","","COUNTY","IOWA","19","SOUTHEAST","90","DAVIS","051","","","00000000","","CORN","CORN, GRAIN - YIELD, MEASURED IN BU / ACRE","TOTAL","NOT SPECIFIED","194.9","4.3"
"SURVEY","2024","YEAR","","COUNTY","IOWA","19","SOUTHEAST","90","DES MOINES","057","","","00000000","","CORN","CORN, GRAIN - YIELD, MEASURED IN BU / ACRE","TOTAL","NOT SPECIFIED","221.8","2.5"
"SURVEY","2024","YEAR","","COUNTY","IOWA","19","SOUTHEAST","90","HENRY","087","","","00000000","","CORN","CORN, GRAIN - YIELD, MEASURED IN BU / ACRE","TOTAL","NOT SPECIFIED","213.7","4.3"
"SURVEY","2024","YEAR","","COUNTY","IOWA","19","SOUTHEAST","90","JEFFERSON","101","","","00000000","","CORN","CORN, GRAIN - YIELD, MEASURED IN BU / ACRE","TOTAL","NOT SPECIFIED","203.7","2.5"
"SURVEY","2024","YEAR","","COUNTY","IOWA","19","SOUTHEAST","90","LEE","111","","","00000000","","CORN","CORN, GRAIN - YIELD, MEASURED IN BU / ACRE","TOTAL","NOT SPECIFIED","223.3","2.1"
"SURVEY","2024","YEAR","","COUNTY","IOWA","19","SOUTHEAST","90","LOUISA","115","","","00000000","","CORN","CORN, GRAIN - YIELD, MEASURED IN BU / ACRE","TOTAL","NOT SPECIFIED","214.5","2.4"
"SURVEY","2024","YEAR","","COUNTY","IOWA","19","SOUTHEAST","90","MAHASKA","123","","","00000000","","CORN","CORN, GRAIN - YIELD, MEASURED IN BU / ACRE","TOTAL","NOT SPECIFIED","222.9","3.7"
"SURVEY","2024","YEAR","","COUNTY","IOWA","19","SOUTHWEST","70","ADAIR","001","","","00000000","","CORN","CORN, GRAIN - YIELD, MEASURED IN BU / ACRE","TOTAL","NOT SPECIFIED","211.2","2.5"
"SURVEY","2024","YEAR","","COUNTY","IOWA","19","SOUTHWEST","70","CASS","029","","","00000000","","CORN","CORN, GRAIN - YIELD, MEASURED IN BU / ACRE","TOTAL","NOT SPECIFIED","217","1.9"
"SURVEY","2024","YEAR","","COUNTY","IOWA","19","SOUTHWEST","70","FREMONT","071","","","00000000","","CORN","CORN, GRAIN - YIELD, MEASURED IN BU / ACRE","TOTAL","NOT SPECIFIED","231","1.2"
"SURVEY","2024","YEAR","","COUNTY","IOWA","19","SOUTHWEST","70","MILLS","129","","","00000000","","CORN","CORN, GRAIN - YIELD, MEASURED IN BU / ACRE","TOTAL","NOT SPECIFIED","210.9","3.3"
"SURVEY","2024","YEAR","","COUNTY","IOWA","19","SOUTHWEST","70","MONTGOMERY","137","","","00000000","","CORN","CORN, GRAIN - YIELD, MEASURED IN BU / ACRE","TOTAL","NOT SPECIFIED","215.8","3.5"
"SURVEY","2024","YEAR","","COUNTY","IOWA","19","SOUTHWEST","70","PAGE","145","","","00000000","","CORN","CORN, GRAIN - YIELD, MEASURED IN BU / ACRE","TOTAL","NOT SPECIFIED","209.1","2.6"
"SURVEY","2024","YEAR","","COUNTY","IOWA","19","SOUTHWEST","70","TAYLOR","173","","","00000000","","CORN","CORN, GRAIN - YIELD, MEASURED IN BU / ACRE","TOTAL","NOT SPECIFIED","192.7","3.9"
"SURVEY","2024","YEAR","","COUNTY","IOWA","19","WEST CENTRAL","40","AUDUBON","009","","","00000000","","CORN","CORN, GRAIN - YIELD, MEASURED IN BU / ACRE","TOTAL","NOT SPECIFIED","224.2","2.2"
"SURVEY","2024","YEAR","","COUNTY","IOWA","19","WEST CENTRAL","40","CALHOUN","025","","","00000000","","CORN","CORN, GRAIN - YIELD, MEASURED IN BU / ACRE","TOTAL","NOT SPECIFIED","228.8","1.0"
"SURVEY","2024","YEAR","","COUNTY","IOWA","19","WEST CENTRAL","40","CARROLL","027","","","00000000","","CORN","CORN, GRAIN - YIELD, MEASURED IN BU / ACRE","TOTAL","NOT SPECIFIED","240.9","1.3"
"SURVEY","2024","YEAR","","COUNTY","IOWA","19","WEST CENTRAL","40","CRAWFORD","047","","","00000000","","CORN","CORN, GRAIN - YIELD, MEASURED IN BU / ACRE","TOTAL","NOT SPECIFIED","214.2","1.6"
"SURVEY","2024","YEAR","","COUNTY","IOWA","19","WEST CENTRAL","40","GREENE","073","","","00000000","","CORN","CORN, GRAIN - YIELD, MEASURED IN BU / ACRE","TOTAL","NOT SPECIFIED","223.1","2.1"
"SURVEY","2024","YEAR","","COUNTY","IOWA","19","WEST CENTRAL","40","IDA","093","","","00000000","","CORN","CORN, GRAIN - YIELD, MEASURED IN BU / ACRE","TOTAL","NOT SPECIFIED","221.5","2.6"
"SURVEY","2024","YEAR","","COUNTY","IOWA","19","WEST CENTRAL","40","MONONA","133","","","00000000","","CORN","CORN, GRAIN - YIELD, MEASURED IN BU / ACRE","TOTAL","NOT SPECIFIED","192","4.3"
"SURVEY","2024","YEAR","","COUNTY","IOWA","19","WEST CENTRAL","40","SAC","161","","","00000000","","CORN","CORN, GRAIN - YIELD, MEASURED IN BU / ACRE","TOTAL","NOT SPECIFIED","229.1","1.8"
"SURVEY","2024","YEAR","","COUNTY","IOWA","19","WEST CENTRAL","40","WOODBURY","193","","","00000000","","CORN","CORN, GRAIN - YIELD, MEASURED IN BU / ACRE","TOTAL","NOT SPECIFIED","206.4","1.2"
"SURVEY","2024","YEAR","","COUNTY","NEBRASKA","31","","99","OTHER COUNTIES","","","","00000000","","CORN","CORN, GRAIN - YIELD, MEASURED IN BU / ACRE","TOTAL","NOT SPECIFIED","184.5","0.9"
"SURVEY","2024","YEAR","","COUNTY","NEBRASKA","31","CENTRAL","50","BUFFALO","019","","","00000000","","CORN","CORN, GRAIN - YIELD, MEASURED IN BU / ACRE","TOTAL","NOT SPECIFIED","206.2","5.2"
"SURVEY","2024","YEAR","","COUNTY","NEBRASKA","31","CENTRAL","50","CUSTER","041","","","00000000","","CORN","CORN, GRAIN - YIELD, MEASURED IN BU / ACRE","TOTAL","NOT SPECIFIED","206.9","2.7"
"SURVEY","2024","YEAR","","COUNTY","NEBRASKA","31","CENTRAL","50","DAWSON","047","","","00000000","","CORN","CORN, GRAIN - YIELD, MEASURED IN BU / ACRE","TOTAL","NOT SPECIFIED","212","3.1"
"SURVEY","2024","YEAR","","COUNTY","NEBRASKA","31","CENTRAL","50","HALL","079","","","00000000","","CORN","CORN, GRAIN - YIELD, MEASURED IN BU / ACRE","TOTAL","NOT SPECIFIED","214.7","2.1"
"SURVEY","2024","YEAR","","COUNTY","NEBRASKA","31","CENTRAL","50","HOWARD","093","","","00000000","","CORN","CORN, GRAIN - YIELD, MEASURED IN BU / ACRE","TOTAL","NOT SPECIFIED","202.2","4.1"
"SURVEY","2024","YEAR","","COUNTY","NEBRASKA","31","CENTRAL","50","SHERMAN","163","","","00000000","","CORN","CORN, GRAIN - YIELD, MEASURED IN BU / ACRE","TOTAL","NOT SPECIFIED","198.5","2.2"
"SURVEY","2024","YEAR","","COUNTY","NEBRASKA","31","CENTRAL","50","VALLEY","175","","","00000000","","CORN","CORN, GRAIN - YIELD, MEASURED IN BU / ACRE","TOTAL","NOT SPECIFIED","211.5","3.8"
"SURVEY","2024","YEAR","","COUNTY","NEBRASKA","31","EAST","60","BUTLER","023","","","00000000","","CORN","CORN, GRAIN - YIELD, MEASURED IN BU / ACRE","TOTAL","NOT SPECIFIED","188.8","10.0"
"SURVEY","2024","YEAR","","COUNTY","NEBRASKA","31","EAST","60","CASS","025","","","00000000","","CORN","CORN, GRAIN - YIELD, MEASURED IN BU / ACRE","TOTAL","NOT SPECIFIED","191","3.2"
"SURVEY","2024","YEAR","","COUNTY","NEBRASKA","31","EAST","60","COLFAX","037","","","00000000","","CORN","CORN, GRAIN - YIELD, MEASURED IN BU / ACRE","TOTAL","NOT SPECIFIED","199.3","2.1"
"SURVEY","2024","YEAR","","COUNTY","NEBRASKA","31","EAST","60","DOUGLAS","055","","","00000000","","CORN","CORN, GRAIN - YIELD, MEASURED IN BU / ACRE","TOTAL","NOT SPECIFIED","192.4","1.7"
"SURVEY","2024","YEAR","","COUNTY","NEBRASKA","31","EAST","60","HAMILTON","081","","","00000000","","CORN","CORN, GRAIN - YIELD, MEASURED IN BU / ACRE","TOTAL","NOT SPECIFIED","224.1","1.6"
"SURVEY","2024","YEAR","","COUNTY","NEBRASKA","31","EAST","60","LANCASTER","109","","","00000000","","CORN","CORN, GRAIN - YIELD, MEASURED IN BU / ACRE","TOTAL","NOT SPECIFIED","164.5","4.3"
"SURVEY","2024","YEAR","","COUNTY","NEBRASKA","31","EAST","60","PLATTE","141","","","00000000","","CORN","CORN, GRAIN - YIELD, MEASURED IN BU / ACRE","TOTAL","NOT SPECIFIED","196.4","5.9"
"SURVEY","2024","YEAR","","COUNTY","NEBRASKA","31","EAST","60","POLK","143","","","00000000","","CORN","CORN, GRAIN - YIELD, MEASURED IN BU / ACRE","TOTAL","NOT SPECIFIED","206.2","3.2"
"SURVEY","2024","YEAR","","COUNTY","NEBRASKA","31","EAST","60","SARPY","153","","","00000000","","CORN","CORN, GRAIN - YIELD, MEASURED IN BU / ACRE","TOTAL","NOT SPECIFIED","199","10.3"
"SURVEY","2024","YEAR","","COUNTY","NEBRASKA","31","EAST","60","WASHINGTON","177","","","00000000","","CORN","CORN, GRAIN - YIELD, MEASURED IN BU / ACRE","TOTAL","NOT SPECIFIED","176.6","7.2"
"SURVEY","2024","YEAR","","COUNTY","NEBRASKA","31","EAST","60","YORK","185","","","00000000","","CORN","CORN, GRAIN - YIELD, MEASURED IN BU / ACRE","TOTAL","NOT SPECIFIED","227.2","2.4"
"SURVEY","2024","YEAR","","COUNTY","NEBRASKA","31","NORTH","20","BOYD","015","","","00000000","","CORN","CORN, GRAIN - YIELD, MEASURED IN BU / ACRE","TOTAL","NOT SPECIFIED","151.2","5.0"
"SURVEY","2024","YEAR","","COUNTY","NEBRASKA","31","NORTH","20","BROWN","017","","","00000000","","CORN","CORN, GRAIN - YIELD, MEASURED IN BU / ACRE","TOTAL","NOT SPECIFIED","223.2","4.4"
"SURVEY","2024","YEAR","","COUNTY","NEBRASKA","31","NORTH","20","GARFIELD","071","","","00000000","","CORN","CORN, GRAIN - YIELD, MEASURED IN BU / ACRE","TOTAL","NOT SPECIFIED","203","3.1"
"SURVEY","2024","YEAR","","COUNTY","NEBRASKA","31","NORTH","20","KEYA PAHA","103","","","00000000","","CORN","CORN, GRAIN - YIELD, MEASURED IN BU / ACRE","TOTAL","NOT SPECIFIED","169.9","4.0"
"SURVEY","2024","YEAR","","COUNTY","NEBRASKA","31","NORTH","20","LOGAN","113","","","00000000","","CORN","CORN, GRAIN - YIELD, MEASURED IN BU / ACRE","TOTAL","NOT SPECIFIED","201.2","3.5"
"SURVEY","2024","YEAR","","COUNTY","NEBRASKA","31","NORTH","20","WHEELER","183","","","00000000","","CORN","CORN, GRAIN - YIELD, MEASURED IN BU / ACRE","TOTAL","NOT SPECIFIED","226.1","4.8"
"SURVEY","2024","YEAR","","COUNTY","NEBRASKA","31","NORTHEAST","30","BURT","021","","","00000000","","CORN","CORN, GRAIN - YIELD, MEASURED IN BU / ACRE","TOTAL","NOT SPECIFIED","194.4","2.2"
"SURVEY","2024","YEAR","","COUNTY","NEBRASKA","31","NORTHEAST","30","CEDAR","027","","","00000000","","CORN","CORN, GRAIN - YIELD, MEASURED IN BU / ACRE","TOTAL","NOT SPECIFIED","180.7","3.1"
"SURVEY","2024","YEAR","","COUNTY","NEBRASKA","31","NORTHEAST","30","CUMING","039","","","00000000","","CORN","CORN, GRAIN - YIELD, MEASURED IN BU / ACRE","TOTAL","NOT SPECIFIED","199.3","2.5"
"SURVEY","2024","YEAR","","COUNTY","NEBRASKA","31","NORTHEAST","30","KNOX","107","","","00000000","","CORN","CORN, GRAIN - YIELD, MEASURED IN BU / ACRE","TOTAL","NOT SPECIFIED","180.3","3.7"
"SURVEY","2024","YEAR","","COUNTY","NEBRASKA","31","NORTHEAST","30","PIERCE","139","","","00000000","","CORN","CORN, GRAIN - YIELD, MEASURED IN BU / ACRE","TOTAL","NOT SPECIFIED","192.2","2.6"
"SURVEY","2024","YEAR","","COUNTY","NEBRASKA","31","NORTHEAST","30","STANTON","167","","","00000000","","CORN","CORN, GRAIN - YIELD, MEASURED IN BU / ACRE","TOTAL","NOT SPECIFIED","192.5","1.9"
"SURVEY","2024","YEAR","","COUNTY","NEBRASKA","31","NORTHEAST","30","WAYNE","179","","","00000000","","CORN","CORN, GRAIN - YIELD, MEASURED IN BU / ACRE","TOTAL","NOT SPECIFIED","191.4","2.6"
"SURVEY","2024","YEAR","","COUNTY","NEBRASKA","31","NORTHWEST","10","BOX BUTTE","013","","","00000000","","CORN","CORN, GRAIN - YIELD, MEASURED IN BU / ACRE","TOTAL","NOT SPECIFIED","164.5","4.9"
"SURVEY","2024","YEAR","","COUNTY","NEBRASKA","31","NORTHWEST","10","CHEYENNE","033","","","00000000","","CORN","CORN, GRAIN - YIELD, MEASURED IN BU / ACRE","TOTAL","NOT SPECIFIED","118","9.3"
"SURVEY","2024","YEAR","","COUNTY","NEBRASKA","31","NORTHWEST","10","DEUEL","049","","","00000000","","CORN","CORN, GRAIN - YIELD, MEASURED IN BU / ACRE","TOTAL","NOT SPECIFIED","114","13.6"
"SURVEY","2024","YEAR","","COUNTY","NEBRASKA","31","NORTHWEST","10","MORRILL","123","","","00000000","","CORN","CORN, GRAIN - YIELD, MEASURED IN BU / ACRE","TOTAL","NOT SPECIFIED","171.9","4.1"
"SURVEY","2024","YEAR","","COUNTY","NEBRASKA","31","NORTHWEST","10","SCOTTS BLUFF","157","","","00000000","","CORN","CORN, GRAIN - YIELD, MEASURED IN BU / ACRE","TOTAL","NOT SPECIFIED","160.5","3.6"
"SURVEY","2024","YEAR","","COUNTY","NEBRASKA","31","NORTHWEST","10","SHERIDAN","161","","","00000000","","CORN","CORN, GRAIN - YIELD, MEASURED IN BU / ACRE","TOTAL","NOT SPECIFIED","124.7","10.3"
"SURVEY","2024","YEAR","","COUNTY","NEBRASKA","31","SOUTH","80","ADAMS","001","","","00000000","","CORN","CORN, GRAIN - YIELD, MEASURED IN BU / ACRE","TOTAL","NOT SPECIFIED","219.4","2.5"
"SURVEY","2024","YEAR","","COUNTY","NEBRASKA","31","SOUTH","80","FRANKLIN","061","","","00000000","","CORN","CORN, GRAIN - YIELD, MEASURED IN BU / ACRE","TOTAL","NOT SPECIFIED","185.7","6.3"
"SURVEY","2024","YEAR","","COUNTY","NEBRASKA","31","SOUTH","80","FURNAS","065","","","00000000","","CORN","CORN, GRAIN - YIELD, MEASURED IN BU / ACRE","TOTAL","NOT SPECIFIED","162.9","7.0"
"SURVEY","2024","YEAR","","COUNTY","NEBRASKA","31","SOUTH","80","HARLAN","083","","","00000000","","CORN","CORN, GRAIN - YIELD, MEASURED IN BU / ACRE","TOTAL","NOT SPECIFIED","172.1","7.5"
"SURVEY","2024","YEAR","","COUNTY","NEBRASKA","31","SOUTH","80","KEARNEY","099","","","00000000","","CORN","CORN, GRAIN - YIELD, MEASURED IN BU / ACRE","TOTAL","NOT SPECIFIED","197.8","3.6"
"SURVEY","2024","YEAR","","COUNTY","NEBRASKA","31","SOUTH","80","PHELPS","137","","","00000000","","CORN","CORN, GRAIN - YIELD, MEASURED IN BU / ACRE","TOTAL","NOT SPECIFIED","198.9","3.8"
"SURVEY","2024","YEAR","","COUNTY","NEBRASKA","31","SOUTH","80","WEBSTER","181","","","00000000","","CORN","CORN, GRAIN - YIELD, MEASURED IN BU / ACRE","TOTAL","NOT SPECIFIED","169.5","5.4"
"SURVEY","2024","YEAR","","COUNTY","NEBRASKA","31","SOUTHEAST","90","CLAY","035","","","00000000","","CORN","CORN, GRAIN - YIELD, MEASURED IN BU / ACRE","TOTAL","NOT SPECIFIED","207.3","1.9"
"SURVEY","2024","YEAR","","COUNTY","NEBRASKA","31","SOUTHEAST","90","FILLMORE","059","","","00000000","","CORN","CORN, GRAIN - YIELD, MEASURED IN BU / ACRE","TOTAL","NOT SPECIFIED","211.4","2.5"
"SURVEY","2024","YEAR","","COUNTY","NEBRASKA","31","SOUTHEAST","90","JEFFERSON","095","","","00000000","","CORN","CORN, GRAIN - YIELD, MEASURED IN BU / ACRE","TOTAL","NOT SPECIFIED","152.1","5.0"
"SURVEY","2024","YEAR","","COUNTY","NEBRASKA","31","SOUTHEAST","90","JOHNSON","097","","","00000000","","CORN","CORN, GRAIN - YIELD, MEASURED IN BU / ACRE","TOTAL","NOT SPECIFIED","163.9","3.6"
"SURVEY","2024","YEAR","","COUNTY","NEBRASKA","31","SOUTHEAST","90","NUCKOLLS","129","","","00000000","","CORN","CORN, GRAIN - YIELD, MEASURED IN BU / ACRE","TOTAL","NOT SPECIFIED","181.2","5.4"
"SURVEY","2024","YEAR","","COUNTY","NEBRASKA","31","SOUTHEAST","90","PAWNEE","133","","","00000000","","CORN","CORN, GRAIN - YIELD, MEASURED IN BU / ACRE","TOTAL","NOT SPECIFIED","159","4.1"
"SURVEY","2024","YEAR","","COUNTY","NEBRASKA","31","SOUTHEAST","90","SALINE","151","","","00000000","","CORN","CORN, GRAIN - YIELD, MEASURED IN BU / ACRE","TOTAL","NOT SPECIFIED","169.2","5.6"
"SURVEY","2024","YEAR","","COUNTY","NEBRASKA","31","SOUTHEAST","90","THAYER","169","","","00000000","","CORN","CORN, GRAIN - YIELD, MEASURED IN BU / ACRE","TOTAL","NOT SPECIFIED","185.1","4.3"
"SURVEY","2024","YEAR","","COUNTY","NEBRASKA","31","SOUTHWEST","70","CHASE","029","","","00000000","","CORN","CORN, GRAIN - YIELD, MEASURED IN BU / ACRE","TOTAL","NOT SPECIFIED","168.8","3.8"
"SURVEY","2024","YEAR","","COUNTY","NEBRASKA","31","SOUTHWEST","70","DUNDY","057","","","00000000","","CORN","CORN, GRAIN - YIELD, MEASURED IN BU / ACRE","TOTAL","NOT SPECIFIED","171.5","6.5"
"SURVEY","2024","YEAR","","COUNTY","NEBRASKA","31","SOUTHWEST","70","FRONTIER","063","","","00000000","","CORN","CORN, GRAIN - YIELD, MEASURED IN BU / ACRE","TOTAL","NOT SPECIFIED","162.4","9.4"
"SURVEY","2024","YEAR","","COUNTY","NEBRASKA","31","SOUTHWEST","70","HAYES","085","","","00000000","","CORN","CORN, GRAIN - YIELD, MEASURED IN BU / ACRE","TOTAL","NOT SPECIFIED","165.9","10.0"
"SURVEY","2024","YEAR","","COUNTY","NEBRASKA","31","SOUTHWEST","70","HITCHCOCK","087","","","00000000","","CORN","CORN, GRAIN - YIELD, MEASURED IN BU / ACRE","TOTAL","NOT SPECIFIED","129.2","11.1"
"SURVEY","2024","YEAR","","COUNTY","NEBRASKA","31","SOUTHWEST","70","KEITH","101","","","00000000","","CORN","CORN, GRAIN - YIELD, MEASURED IN BU / ACRE","TOTAL","NOT SPECIFIED","180.3","8.2"
"SURVEY","2024","YEAR","","COUNTY","NEBRASKA","31","SOUTHWEST","70","LINCOLN","111","","","00000000","","CORN","CORN, GRAIN - YIELD, MEASURED IN BU / ACRE","TOTAL","NOT SPECIFIED","213.7","4.0"
"SURVEY","2024","YEAR","","COUNTY","NEBRASKA","31","SOUTHWEST","70","RED WILLOW","145","","","00000000","","CORN","CORN, GRAIN - YIELD, MEASURED IN BU / ACRE","TOTAL","NOT SPECIFIED","150.2","10.9"
"SURVEY","2023","YEAR","","COUNTY","IOWA","19","","99","OTHER COUNTIES","","","","00000000","","CORN","CORN, GRAIN - YIELD, MEASURED IN BU / ACRE","TOTAL","NOT SPECIFIED","198.9","1.0"
"SURVEY","2023","YEAR","","COUNTY","IOWA","19","CENTRAL","50","BOONE","015","","","00000000","","CORN","CORN, GRAIN - YIELD, MEASURED IN BU / ACRE","TOTAL","NOT SPECIFIED","226.5","2.2"
"SURVEY","2023","YEAR","","COUNTY","IOWA","19","CENTRAL","50","DALLAS","049","","","00000000","","CORN","CORN, GRAIN - YIELD, MEASURED IN BU / ACRE","TOTAL","NOT SPECIFIED","210.9","0.9"
"SURVEY","2023","YEAR","","COUNTY","IOWA","19","CENTRAL","50","GRUNDY","075","","","00000000","","CORN","CORN, GRAIN - YIELD, MEASURED IN BU / ACRE","TOTAL","NOT SPECIFIED","212.9","2.6"
"SURVEY","2023","YEAR","","COUNTY","IOWA","19","CENTRAL","50","HAMILTON","079","","","00000000","","CORN","CORN, GRAIN - YIELD, MEASURED IN BU / ACRE","TOTAL","NOT SPECIFIED","215.5","1.6"
"SURVEY","2023","YEAR","","COUNTY","IOWA","19","CENTRAL","50","HARDIN","083","","","00000000","","CORN","CORN, GRAIN - YIELD, MEASURED IN BU / ACRE","TOTAL","NOT SPECIFIED","213.3","1.8"
"SURVEY","2023","YEAR","","COUNTY","IOWA","19","CENTRAL","50","JASPER","099","","","00000000","","CORN","CORN, GRAIN - YIELD, MEASURED IN BU / ACRE","TOTAL","NOT SPECIFIED","218","1.6"
"SURVEY","2023","YEAR","","COUNTY","IOWA","19","CENTRAL","50","MARSHALL","127","","","00000000","","CORN","CORN, GRAIN - YIELD, MEASURED IN BU / ACRE","TOTAL","NOT SPECIFIED","216.3","1.6"
"SURVEY","2023","YEAR","","COUNTY","IOWA","19","CENTRAL","50","POLK","153","","","00000000","","CORN","CORN, GRAIN - YIELD, MEASURED IN BU / ACRE","TOTAL","NOT SPECIFIED","206.4","2.6"
"SURVEY","2023","YEAR","","COUNTY","IOWA","19","CENTRAL","50","POWESHIEK","157","","","00000000","","CORN","CORN, GRAIN - YIELD, MEASURED IN BU / ACRE","TOTAL","NOT SPECIFIED","204.9","3.1"
"SURVEY","2023","YEAR","","COUNTY","IOWA","19","CENTRAL","50","STORY","169","","","00000000","","CORN","CORN, GRAIN - YIELD, MEASURED IN BU / ACRE","TOTAL","NOT SPECIFIED","211.4","3.2"
"SURVEY","2023","YEAR","","COUNTY","IOWA","19","CENTRAL","50","TAMA","171","","","00000000","","CORN","CORN, GRAIN - YIELD, MEASURED IN BU / ACRE","TOTAL","NOT SPECIFIED","197.4","2.7"
"SURVEY","2023","YEAR","","COUNTY","IOWA","19","CENTRAL","50","WEBSTER","187","","","00000000","","CORN","CORN, GRAIN - YIELD, MEASURED IN BU / ACRE","TOTAL","NOT SPECIFIED","212.8","1.4"
"SURVEY","2023","YEAR","","COUNTY","IOWA","19","EAST CENTRAL","60","BENTON","011","","","00000000","","CORN","CORN, GRAIN - YIELD, MEASURED IN BU / ACRE","TOTAL","NOT SPECIFIED","199.7","2.1"
"SURVEY","2023","YEAR","","COUNTY","IOWA","19","EAST CENTRAL","60","CEDAR","031","","","00000000","","CORN","CORN, GRAIN - YIELD, MEASURED IN BU / ACRE","TOTAL","NOT SPECIFIED","205.7","2.3"
"SURVEY","2023","YEAR","","COUNTY","IOWA","19","EAST CENTRAL","60","CLINTON","045","","","00000000","","CORN","CORN, GRAIN - YIELD, MEASURED IN BU / ACRE","TOTAL","NOT SPECIFIED","198","2.7"
"SURVEY","2023","YEAR","","COUNTY","IOWA","19","EAST CENTRAL","60","IOWA","095","","","00000000","","CORN","CORN, GRAIN - YIELD, MEASURED IN BU / ACRE","TOTAL","NOT SPECIFIED","213.5","2.2"
"SURVEY","2023","YEAR","","COUNTY","IOWA","19","EAST CENTRAL","60","JACKSON","097","","","00000000","","CORN","CORN, GRAIN - YIELD, MEASURED IN BU / ACRE","TOTAL","NOT SPECIFIED","189.6","2.9"
"SURVEY","2023","YEAR","","COUNTY","IOWA","19","EAST CENTRAL","60","JOHNSON","103","","","00000000","","CORN","CORN, GRAIN - YIELD, MEASURED IN BU / ACRE","TOTAL","NOT SPECIFIED","203.1","4.5"
"SURVEY","2023","YEAR","","COUNTY","IOWA","19","EAST CENTRAL","60","JONES","105","","","00000000","","CORN","CORN, GRAIN - YIELD, MEASURED IN BU / ACRE","TOTAL","NOT SPECIFIED","190.7","1.7"
"SURVEY","2023","YEAR","","COUNTY","IOWA","19","EAST CENTRAL","60","LINN","113","","","00000000","","CORN","CORN, GRAIN - YIELD, MEASURED IN BU / ACRE","TOTAL","NOT SPECIFIED","179.5","3.6"
"SURVEY","2023","YEAR","","COUNTY","IOWA","19","EAST CENTRAL","60","MUSCATINE","139","","","00000000","","CORN","CORN, GRAIN - YIELD, MEASURED IN BU / ACRE","TOTAL","NOT SPECIFIED","211.9","2.8"
"SURVEY","2023","YEAR","","COUNTY","IOWA","19","EAST CENTRAL","60","SCOTT","163","","","00000000","","CORN","CORN, GRAIN - YIELD, MEASURED IN BU / ACRE","TOTAL","NOT SPECIFIED","210.1","2.6"
"SURVEY","2023","YEAR","","COUNTY","IOWA","19","NORTH CENTRAL","20","BUTLER","023","","","00000000","","CORN","CORN, GRAIN - YIELD, MEASURED IN BU / ACRE","TOTAL","NOT SPECIFIED","183.1","2.1"
"SURVEY","2023","YEAR","","COUNTY","IOWA","19","NORTH CENTRAL","20","FLOYD","067","","","00000000","","CORN","CORN, GRAIN - YIELD, MEASURED IN BU / ACRE","TOTAL","NOT SPECIFIED","191.8","1.4"
"SURVEY","2023","YEAR","","COUNTY","IOWA","19","NORTH CENTRAL","20","FRANKLIN","069","","","00000000","","CORN","CORN, GRAIN - YIELD, MEASURED IN BU / ACRE","TOTAL","NOT SPECIFIED","210.5","1.9"
"SURVEY","2023","YEAR","","COUNTY","IOWA","19","NORTH CENTRAL","20","HANCOCK","081","","","00000000","","CORN","CORN, GRAIN - YIELD, MEASURED IN BU / ACRE","TOTAL","NOT SPECIFIED","204.9","1.3"
"SURVEY","2023","YEAR","","COUNTY","IOWA","19","NORTH CENTRAL","20","HUMBOLDT","091","","","00000000","","CORN","CORN, GRAIN - YIELD, MEASURED IN BU / ACRE","TOTAL","NOT SPECIFIED","205.8","3.1"
"SURVEY","2023","YEAR","","COUNTY","IOWA","19","NORTH CENTRAL","20","MITCHELL","131","","","00000000","","CORN","CORN, GRAIN - YIELD, MEASURED IN BU / ACRE","TOTAL","NOT SPECIFIED","171.8","2.8"
"SURVEY","2023","YEAR","","COUNTY","IOWA","19","NORTH CENTRAL","20","WINNEBAGO","189","","","00000000","","CORN","CORN, GRAIN - YIELD, MEASURED IN BU / ACRE","TOTAL","NOT SPECIFIED","211.3","1.6"
"SURVEY","2023","YEAR","","COUNTY","IOWA","19","NORTH CENTRAL","20","WORTH","195","","","00000000","","CORN","CORN, GRAIN - YIELD, MEASURED IN BU / ACRE","TOTAL","NOT SPECIFIED","187.6","3.2"
"SURVEY","2023","YEAR","","COUNTY","IOWA","19","NORTH CENTRAL","20","WRIGHT","197","","","00000000","","CORN","CORN, GRAIN - YIELD, MEASURED IN BU / ACRE","TOTAL","NOT SPECIFIED","202.5","1.6"
"SURVEY","2023","YEAR","","COUNTY","IOWA","19","NORTHEAST","30","ALLAMAKEE","005","","","00000000","","CORN","CORN, GRAIN - YIELD, MEASURED IN BU / ACRE","TOTAL","NOT SPECIFIED","183.9","3.0"
"SURVEY","2023","YEAR","","COUNTY","IOWA","19","NORTHEAST","30","BREMER","017","","","00000000","","CORN","CORN, GRAIN - YIELD, MEASURED IN BU / ACRE","TOTAL","NOT SPECIFIED","199.9","3.5"
"SURVEY","2023","YEAR","","COUNTY","IOWA","19","NORTHEAST","30","BUCHANAN","019","","","00000000","","CORN","CORN, GRAIN - YIELD, MEASURED IN BU / ACRE","TOTAL","NOT SPECIFIED","190.7","1.6"
"SURVEY","2023","YEAR","","COUNTY","IOWA","19","NORTHEAST","30","CHICKASAW","037","","","00000000","","CORN","CORN, GRAIN - YIELD, MEASURED IN BU / ACRE","TOTAL","NOT SPECIFIED","198.9","2.2"
"SURVEY","2023","YEAR","","COUNTY","IOWA","19","NORTHEAST","30","CLAYTON","043","","","00000000","","CORN","CORN, GRAIN - YIELD, MEASURED IN BU / ACRE","TOTAL","NOT SPECIFIED","201.1","2.2"
"SURVEY","2023","YEAR","","COUNTY","IOWA","19","NORTHEAST","30","DELAWARE","055","","","00000000","","CORN","CORN, GRAIN - YIELD, MEASURED IN BU / ACRE","TOTAL","NOT SPECIFIED","198.9","3.5"
"SURVEY","2023","YEAR","","COUNTY","IOWA","19","NORTHEAST","30","DUBUQUE","061","","","00000000","","CORN","CORN, GRAIN - YIELD, MEASURED IN BU / ACRE","TOTAL","NOT SPECIFIED","199.5","3.3"
"SURVEY","2023","YEAR","","COUNTY","IOWA","19","NORTHEAST","30","FAYETTE","065","","","00000000","","CORN","CORN, GRAIN - YIELD, MEASURED IN BU / ACRE","TOTAL","NOT SPECIFIED","205.9","1.3"
"SURVEY","2023","YEAR","","COUNTY","IOWA","19","NORTHEAST","30","HOWARD","089","","","00000000","","CORN","CORN, GRAIN - YIELD, MEASURED IN BU / ACRE","TOTAL","NOT SPECIFIED","183.9","1.6"
"SURVEY","2023","YEAR","","COUNTY","IOWA","19","NORTHEAST","30","WINNESHIEK","191","","","00000000","","CORN","CORN, GRAIN - YIELD, MEASURED IN BU / ACRE","TOTAL","NOT SPECIFIED","195.3","3.8"
"SURVEY","2023","YEAR","","COUNTY","IOWA","19","NORTHWEST","10","BUENA VISTA","021","","","00000000","","CORN","CORN, GRAIN - YIELD, MEASURED IN BU / ACRE","TOTAL","NOT SPECIFIED","212","2.1"
"SURVEY","2023","YEAR","","COUNTY","IOWA","19","NORTHWEST","10","CHEROKEE","035","","","00000000","","CORN","CORN, GRAIN - YIELD, MEASURED IN BU / ACRE","TOTAL","NOT SPECIFIED","211.7","4.1"
"SURVEY","2023","YEAR","","COUNTY","IOWA","19","NORTHWEST","10","CLAY","041","","","00000000","","CORN","CORN, GRAIN - YIELD, MEASURED IN BU / ACRE","TOTAL","NOT SPECIFIED","203.9","3.4"
"SURVEY","2023","YEAR","","COUNTY","IOWA","19","NORTHWEST","10","DICKINSON","059","","","00000000","","CORN","CORN, GRAIN - YIELD, MEASURED IN BU / ACRE","TOTAL","NOT SPECIFIED","201.3","1.2"
"SURVEY","2023","YEAR","","COUNTY","IOWA","19","NORTHWEST","10","LYON","119","","","00000000","","CORN","CORN, GRAIN - YIELD, MEASURED IN BU / ACRE","TOTAL","NOT SPECIFIED","200.2","2.8"
"SURVEY","2023","YEAR","","COUNTY","IOWA","19","NORTHWEST","10","O BRIEN","141","","","00000000","","CORN","CORN, GRAIN - YIELD, MEASURED IN BU / ACRE","TOTAL","NOT SPECIFIED","212.7","2.6"
"SURVEY","2023","YEAR","","COUNTY","IOWA","19","NORTHWEST","10","OSCEOLA","143","","","00000000","","CORN","CORN, GRAIN - YIELD, MEASURED IN BU / ACRE","TOTAL","NOT SPECIFIED","203.7","2.6"
"SURVEY","2023","YEAR","","COUNTY","IOWA","19","NORTHWEST","10","PALO ALTO","147","","","00000000","","CORN","CORN, GRAIN - YIELD, MEASURED IN BU / ACRE","TOTAL","NOT SPECIFIED","211.7","2.0"
"SURVEY","2023","YEAR","","COUNTY","IOWA","19","NORTHWEST","10","PLYMOUTH","149","","","00000000","","CORN","CORN, GRAIN - YIELD, MEASURED IN BU / ACRE","TOTAL","NOT SPECIFIED","205.7","2.8"
"SURVEY","2023","YEAR","","COUNTY","IOWA","19","NORTHWEST","10","POCAHONTAS","151","","","00000000","","CORN","CORN, GRAIN - YIELD, MEASURED IN BU / ACRE","TOTAL","NOT SPECIFIED","218.1","1.2"
"SURVEY","2023","YEAR","","COUNTY","IOWA","19","NORTHWEST","10","SIOUX","167","","","00000000","","CORN","CORN, GRAIN - YIELD, MEASURED IN BU / ACRE","TOTAL","NOT SPECIFIED","211.4","2.6"
"SURVEY","2023","YEAR","","COUNTY","IOWA","19","SOUTH CENTRAL","80","APPANOOSE","007","","","00000000","","CORN","CORN, GRAIN - YIELD, MEASURED IN BU / ACRE","TOTAL","NOT SPECIFIED","172.8","3.9"
"SURVEY","2023","YEAR","","COUNTY","IOWA","19","SOUTH CENTRAL","80","DECATUR","053","","","00000000","","CORN","CORN, GRAIN - YIELD, MEASURED IN BU / ACRE","TOTAL","NOT SPECIFIED","205.3","2.4"
"SURVEY","2023","YEAR","","COUNTY","IOWA","19","SOUTH CENTRAL","80","LUCAS","117","","","00000000","","CORN","CORN, GRAIN - YIELD, MEASURED IN BU / ACRE","TOTAL","NOT SPECIFIED","173.9","2.9"
"SURVEY","2023","YEAR","","COUNTY","IOWA","19","SOUTH CENTRAL","80","MADISON","121","","","00000000","","CORN","CORN, GRAIN - YIELD, MEASURED IN BU / ACRE","TOTAL","NOT SPECIFIED","202","3.8"
"SURVEY","2023","YEAR","","COUNTY","IOWA","19","SOUTH CENTRAL","80","MARION","125","","","00000000","","CORN","CORN, GRAIN - YIELD, MEASURED IN BU / ACRE","TOTAL","NOT SPECIFIED","203.7","2.1"
"SURVEY","2023","YEAR","","COUNTY","IOWA","19","SOUTH CENTRAL","80","MONROE","135","","","00000000","","CORN","CORN, GRAIN - YIELD, MEASURED IN BU / ACRE","TOTAL","NOT SPECIFIED","181.1","4.2"
"SURVEY","2023","YEAR","","COUNTY","IOWA","19","SOUTH CENTRAL","80","UNION","175","","","00000000","","CORN","CORN, GRAIN - YIELD, MEASURED IN BU / ACRE","TOTAL","NOT SPECIFIED","217","1.7"
"SURVEY","2023","YEAR","","COUNTY","IOWA","19","SOUTH CENTRAL","80","WARREN","181","","","00000000","","CORN","CORN, GRAIN - YIELD, MEASURED IN BU / ACRE","TOTAL","NOT SPECIFIED","199.2","4.3"
"SURVEY","2023","YEAR","","COUNTY","IOWA","19","SOUTHEAST","90","DAVIS","051","","","00000000","","CORN","CORN, GRAIN - YIELD, MEASURED IN BU / ACRE","TOTAL","NOT SPECIFIED","179.8","5.7"
"SURVEY","2023","YEAR","","COUNTY","IOWA","19","SOUTHEAST","90","DES MOINES","057","","","00000000","","CORN","CORN, GRAIN - YIELD, MEASURED IN BU / ACRE","TOTAL","NOT SPECIFIED","207.9","3.4"
"SURVEY","2023","YEAR","","COUNTY","IOWA","19","SOUTHEAST","90","HENRY","087","","","00000000","","CORN","CORN, GRAIN - YIELD, MEASURED IN BU / ACRE","TOTAL","NOT SPECIFIED","195.1","5.1"
"SURVEY","2023","YEAR","","COUNTY","IOWA","19","SOUTHEAST","90","JEFFERSON","101","","","00000000","","CORN","CORN, GRAIN - YIELD, MEASURED IN BU / ACRE","TOTAL","NOT SPECIFIED","195.1","3.0"
"SURVEY","2023","YEAR","","COUNTY","IOWA","19","SOUTHEAST","90","KEOKUK","107","","","00000000","","CORN","CORN, GRAIN - YIELD, MEASURED IN BU / ACRE","TOTAL","NOT SPECIFIED","211.6","2.9"
"SURVEY","2023","YEAR","","COUNTY","IOWA","19","SOUTHEAST","90","LEE","111","","","00000000","","CORN","CORN, GRAIN - YIELD, MEASURED IN BU / ACRE","TOTAL","NOT SPECIFIED","203.7","1.6"
"SURVEY","2023","YEAR","","COUNTY","IOWA","19","SOUTHEAST","90","MAHASKA","123","","","00000000","","CORN","CORN, GRAIN - YIELD, MEASURED IN BU / ACRE","TOTAL","NOT SPECIFIED","214.9","3.0"
"SURVEY","2023","YEAR","","COUNTY","IOWA","19","SOUTHEAST","90","VAN BUREN","177","","","00000000","","CORN","CORN, GRAIN - YIELD, MEASURED IN BU / ACRE","TOTAL","NOT SPECIFIED","189.3","3.7"
"SURVEY","2023","YEAR","","COUNTY","IOWA","19","SOUTHEAST","90","WAPELLO","179","","","00000000","","CORN","CORN, GRAIN - YIELD, MEASURED IN BU / ACRE","TOTAL","NOT SPECIFIED","202.9","4.1"
"SURVEY","2023","YEAR","","COUNTY","IOWA","19","SOUTHEAST","90","WASHINGTON","183","","","00000000","","CORN","CORN, GRAIN - YIELD, MEASURED IN BU / ACRE","TOTAL","NOT SPECIFIED","188.3","2.4"
"SURVEY","2023","YEAR","","COUNTY","IOWA","19","SOUTHWEST","70","FREMONT","071","","","00000000","","CORN","CORN, GRAIN - YIELD, MEASURED IN BU / ACRE","TOTAL","NOT SPECIFIED","211","3.2"
"SURVEY","2023","YEAR","","COUNTY","IOWA","19","SOUTHWEST","70","MILLS","129","","","00000000","","CORN","CORN, GRAIN - YIELD, MEASURED IN BU / ACRE","TOTAL","NOT SPECIFIED","204.3","1.8"
"SURVEY","2023","YEAR","","COUNTY","IOWA","19","SOUTHWEST","70","MONTGOMERY","137","","","00000000","","CORN","CORN, GRAIN - YIELD, MEASURED IN BU / ACRE","TOTAL","NOT SPECIFIED","206.2","2.6"
"SURVEY","2023","YEAR","","COUNTY","IOWA","19","SOUTHWEST","70","PAGE","145","","","00000000","","CORN","CORN, GRAIN - YIELD, MEASURED IN BU / ACRE","TOTAL","NOT SPECIFIED","206.6","2.7"
"SURVEY","2023","YEAR","","COUNTY","IOWA","19","SOUTHWEST","70","POTTAWATTAMIE","155","","","00000000","","CORN","CORN, GRAIN - YIELD, MEASURED IN BU / ACRE","TOTAL","NOT SPECIFIED","198.5","3.2"
"SURVEY","2023","YEAR","","COUNTY","IOWA","19","SOUTHWEST","70","TAYLOR","173","","","00000000","","CORN","CORN, GRAIN - YIELD, MEASURED IN BU / ACRE","TOTAL","NOT SPECIFIED","192.9","2.6"
"SURVEY","2023","YEAR","","COUNTY","IOWA","19","WEST CENTRAL","40","AUDUBON","009","","","00000000","","CORN","CORN, GRAIN - YIELD, MEASURED IN BU / ACRE","TOTAL","NOT SPECIFIED","197.6","2.3"
"SURVEY","2023","YEAR","","COUNTY","IOWA","19","WEST CENTRAL","40","CALHOUN","025","","","00000000","","CORN","CORN, GRAIN - YIELD, MEASURED IN BU / ACRE","TOTAL","NOT SPECIFIED","201.6","2.3"
"SURVEY","2023","YEAR","","COUNTY","IOWA","19","WEST CENTRAL","40","CARROLL","027","","","00000000","","CORN","CORN, GRAIN - YIELD, MEASURED IN BU / ACRE","TOTAL","NOT SPECIFIED","196.7","2.1"
"SURVEY","2023","YEAR","","COUNTY","IOWA","19","WEST CENTRAL","40","CRAWFORD","047","","","00000000","","CORN","CORN, GRAIN - YIELD, MEASURED IN BU / ACRE","TOTAL","NOT SPECIFIED","187.9","2.8"
"SURVEY","2023","YEAR","","COUNTY","IOWA","19","WEST CENTRAL","40","GREENE","073","","","00000000","","CORN","CORN, GRAIN - YIELD, MEASURED IN BU / ACRE","TOTAL","NOT SPECIFIED","208","3.3"
"SURVEY","2023","YEAR","","COUNTY","IOWA","19","WEST CENTRAL","40","HARRISON","085","","","00000000","","CORN","CORN, GRAIN - YIELD, MEASURED IN BU / ACRE","TOTAL","NOT SPECIFIED","190.3","2.7"
"SURVEY","2023","YEAR","","COUNTY","IOWA","19","WEST CENTRAL","40","IDA","093","","","00000000","","CORN","CORN, GRAIN - YIELD, MEASURED IN BU / ACRE","TOTAL","NOT SPECIFIED","198","1.8"
"SURVEY","2023","YEAR","","COUNTY","IOWA","19","WEST CENTRAL","40","MONONA","133","","","00000000","","CORN","CORN, GRAIN - YIELD, MEASURED IN BU / ACRE","TOTAL","NOT SPECIFIED","165.4","4.6"
"SURVEY","2023","YEAR","","COUNTY","IOWA","19","WEST CENTRAL","40","SAC","161","","","00000000","","CORN","CORN, GRAIN - YIELD, MEASURED IN BU / ACRE","TOTAL","NOT SPECIFIED","199.1","2.1"
"SURVEY","2023","YEAR","","COUNTY","IOWA","19","WEST CENTRAL","40","SHELBY","165","","","00000000","","CORN","CORN, GRAIN - YIELD, MEASURED IN BU / ACRE","TOTAL","NOT SPECIFIED","196","2.6"
"SURVEY","2023","YEAR","","COUNTY","IOWA","19","WEST CENTRAL","40","WOODBURY","193","","","00000000","","CORN","CORN, GRAIN - YIELD, MEASURED IN BU / ACRE","TOTAL","NOT SPECIFIED","168.3","4.9"
"SURVEY","2023","YEAR","","COUNTY","NEBRASKA","31","","99","OTHER COUNTIES","","","","00000000","","CORN","CORN, GRAIN - YIELD, MEASURED IN BU / ACRE","TOTAL","NOT SPECIFIED","171.2","1.5"
"SURVEY","2023","YEAR","","COUNTY","NEBRASKA","31","CENTRAL","50","BUFFALO","019","","","00000000","","CORN","CORN, GRAIN - YIELD, MEASURED IN BU / ACRE","TOTAL","NOT SPECIFIED","196.4","4.7"
"SURVEY","2023","YEAR","","COUNTY","NEBRASKA","31","CENTRAL","50","CUSTER","041","","","00000000","","CORN","CORN, GRAIN - YIELD, MEASURED IN BU / ACRE","TOTAL","NOT SPECIFIED","193.2","5.3"
"SURVEY","2023","YEAR","","COUNTY","NEBRASKA","31","CENTRAL","50","DAWSON","047","","","00000000","","CORN","CORN, GRAIN - YIELD, MEASURED IN BU / ACRE","TOTAL","NOT SPECIFIED","234.5","1.4"
"SURVEY","2023","YEAR","","COUNTY","NEBRASKA","31","CENTRAL","50","GREELEY","077","","","00000000","","CORN","CORN, GRAIN - YIELD, MEASURED IN BU / ACRE","TOTAL","NOT SPECIFIED","193.4","9.9"
"SURVEY","2023","YEAR","","COUNTY","NEBRASKA","31","CENTRAL","50","HALL","079","","","00000000","","CORN","CORN, GRAIN - YIELD, MEASURED IN BU / ACRE","TOTAL","NOT SPECIFIED","214.9","5.8"
"SURVEY","2023","YEAR","","COUNTY","NEBRASKA","31","CENTRAL","50","HOWARD","093","","","00000000","","CORN","CORN, GRAIN - YIELD, MEASURED IN BU / ACRE","TOTAL","NOT SPECIFIED","216.6","4.1"
"SURVEY","2023","YEAR","","COUNTY","NEBRASKA","31","CENTRAL","50","SHERMAN","163","","","00000000","","CORN","CORN, GRAIN - YIELD, MEASURED IN BU / ACRE","TOTAL","NOT SPECIFIED","198.2","5.0"
"SURVEY","2023","YEAR","","COUNTY","NEBRASKA","31","CENTRAL","50","VALLEY","175","","","00000000","","CORN","CORN, GRAIN - YIELD, MEASURED IN BU / ACRE","TOTAL","NOT SPECIFIED","210.1","4.7"
"SURVEY","2023","YEAR","","COUNTY","NEBRASKA","31","EAST","60","BUTLER","023","","","00000000","","CORN","CORN, GRAIN - YIELD, MEASURED IN BU / ACRE","TOTAL","NOT SPECIFIED","187","3.6"
"SURVEY","2023","YEAR","","COUNTY","NEBRASKA","31","EAST","60","CASS","025","","","00000000","","CORN","CORN, GRAIN - YIELD, MEASURED IN BU / ACRE","TOTAL","NOT SPECIFIED","195.7","3.0"
"SURVEY","2023","YEAR","","COUNTY","NEBRASKA","31","EAST","60","COLFAX","037","","","00000000","","CORN","CORN, GRAIN - YIELD, MEASURED IN BU / ACRE","TOTAL","NOT SPECIFIED","173.8","5.7"
"SURVEY","2023","YEAR","","COUNTY","NEBRASKA","31","EAST","60","DODGE","053","","","00000000","","CORN","CORN, GRAIN - YIELD, MEASURED IN BU / ACRE","TOTAL","NOT SPECIFIED","198.2","2.3"
"SURVEY","2023","YEAR","","COUNTY","NEBRASKA","31","EAST","60","DOUGLAS","055","","","00000000","","CORN","CORN, GRAIN - YIELD, MEASURED IN BU / ACRE","TOTAL","NOT SPECIFIED","165.6","3.5"
"SURVEY","2023","YEAR","","COUNTY","NEBRASKA","31","EAST","60","HAMILTON","081","","","00000000","","CORN","CORN, GRAIN - YIELD, MEASURED IN BU / ACRE","TOTAL","NOT SPECIFIED","218.9","2.0"
"SURVEY","2023","YEAR","","COUNTY","NEBRASKA","31","EAST","60","LANCASTER","109","","","00000000","","CORN","CORN, GRAIN - YIELD, MEASURED IN BU / ACRE","TOTAL","NOT SPECIFIED","139.6","5.5"
"SURVEY","2023","YEAR","","COUNTY","NEBRASKA","31","EAST","60","MERRICK","121","","","00000000","","CORN","CORN, GRAIN - YIELD, MEASURED IN BU / ACRE","TOTAL","NOT SPECIFIED","198.9","5.0"
"SURVEY","2023","YEAR","","COUNTY","NEBRASKA","31","EAST","60","PLATTE","141","","","00000000","","CORN","CORN, GRAIN - YIELD, MEASURED IN BU / ACRE","TOTAL","NOT SPECIFIED","207.4","3.2"
"SURVEY","2023","YEAR","","COUNTY","NEBRASKA","31","EAST","60","POLK","143","","","00000000","","CORN","CORN, GRAIN - YIELD, MEASURED IN BU / ACRE","TOTAL","NOT SPECIFIED","190.3","5.9"
"SURVEY","2023","YEAR","","COUNTY","NEBRASKA","31","EAST","60","SARPY","153","","","00000000","","CORN","CORN, GRAIN - YIELD, MEASURED IN BU / ACRE","TOTAL","NOT SPECIFIED","182.4","3.4"
"SURVEY","2023","YEAR","","COUNTY","NEBRASKA","31","EAST","60","SAUNDERS","155","","","00000000","","CORN","CORN, GRAIN - YIELD, MEASURED IN BU / ACRE","TOTAL","NOT SPECIFIED","191.3","4.6"
"SURVEY","2023","YEAR","","COUNTY","NEBRASKA","31","EAST","60","WASHINGTON","177","","","00000000","","CORN","CORN, GRAIN - YIELD, MEASURED IN BU / ACRE","TOTAL","NOT SPECIFIED","155.3","3.3"
"SURVEY","2023","YEAR","","COUNTY","NEBRASKA","31","NORTH","20","BOYD","015","","","00000000","","CORN","CORN, GRAIN - YIELD, MEASURED IN BU / ACRE","TOTAL","NOT SPECIFIED","171.5","5.9"
"SURVEY","2023","YEAR","","COUNTY","NEBRASKA","31","NORTH","20","BROWN","017","","","00000000","","CORN","CORN, GRAIN - YIELD, MEASURED IN BU / ACRE","TOTAL","NOT SPECIFIED","211.9","4.3"
"SURVEY","2023","YEAR","","COUNTY","NEBRASKA","31","NORTH","20","GARFIELD","071","","","00000000","","CORN","CORN, GRAIN - YIELD, MEASURED IN BU / ACRE","TOTAL","NOT SPECIFIED","192.9","6.8"
"SURVEY","2023","YEAR","","COUNTY","NEBRASKA","31","NORTH","20","HOLT","089","","","00000000","","CORN","CORN, GRAIN - YIELD, MEASURED IN BU / ACRE","TOTAL","NOT SPECIFIED","223.7","3.8"
"SURVEY","2023","YEAR","","COUNTY","NEBRASKA","31","NORTH","20","KEYA PAHA","103","","","00000000","","CORN","CORN, GRAIN - YIELD, MEASURED IN BU / ACRE","TOTAL","NOT SPECIFIED","215","3.2"
"SURVEY","2023","YEAR","","COUNTY","NEBRASKA","31","NORTH","20","LOGAN","113","","","00000000","","CORN","CORN, GRAIN - YIELD, MEASURED IN BU / ACRE","TOTAL","NOT SPECIFIED","202.6","6.4"
"SURVEY","2023","YEAR","","COUNTY","NEBRASKA","31","NORTH","20","LOUP","115","","","00000000","","CORN","CORN, GRAIN - YIELD, MEASURED IN BU / ACRE","TOTAL","NOT SPECIFIED","178.5","10.2"
"SURVEY","2023","YEAR","","COUNTY","NEBRASKA","31","NORTH","20","ROCK","149","","","00000000","","CORN","CORN, GRAIN - YIELD, MEASURED IN BU / ACRE","TOTAL","NOT SPECIFIED","232.3","4.8"
"SURVEY","2023","YEAR","","COUNTY","NEBRASKA","31","NORTH","20","WHEELER","183","","","00000000","","CORN","CORN, GRAIN - YIELD, MEASURED IN BU / ACRE","TOTAL","NOT SPECIFIED","225.8","5.8"
"SURVEY","2023","YEAR","","COUNTY","NEBRASKA","31","NORTHEAST","30","BURT","021","","","00000000","","CORN","CORN, GRAIN - YIELD, MEASURED IN BU / ACRE","TOTAL","NOT SPECIFIED","174.3","2.8"
"SURVEY","2023","YEAR","","COUNTY","NEBRASKA","31","NORTHEAST","30","CEDAR","027","","","00000000","","CORN","CORN, GRAIN - YIELD, MEASURED IN BU / ACRE","TOTAL","NOT SPECIFIED","196.9","4.6"
"SURVEY","2023","YEAR","","COUNTY","NEBRASKA","31","NORTHEAST","30","CUMING","039","","","00000000","","CORN","CORN, GRAIN - YIELD, MEASURED IN BU / ACRE","TOTAL","NOT SPECIFIED","164.8","4.1"
"SURVEY","2023","YEAR","","COUNTY","NEBRASKA","31","NORTHEAST","30","DAKOTA","043","","","00000000","","CORN","CORN, GRAIN - YIELD, MEASURED IN BU / ACRE","TOTAL","NOT SPECIFIED","196.7","3.4"
"SURVEY","2023","YEAR","","COUNTY","NEBRASKA","31","NORTHEAST","30","DIXON","051","","","00000000","","CORN","CORN, GRAIN - YIELD, MEASURED IN BU / ACRE","TOTAL","NOT SPECIFIED","178.8","2.9"
"SURVEY","2023","YEAR","","COUNTY","NEBRASKA","31","NORTHEAST","30","KNOX","107","","","00000000","","CORN","CORN, GRAIN - YIELD, MEASURED IN BU / ACRE","TOTAL","NOT SPECIFIED","167","6.9"
"SURVEY","2023","YEAR","","COUNTY","NEBRASKA","31","NORTHEAST","30","MADISON","119","","","00000000","","CORN","CORN, GRAIN - YIELD, MEASURED IN BU / ACRE","TOTAL","NOT SPECIFIED","175","4.4"
"SURVEY","2023","YEAR","","COUNTY","NEBRASKA","31","NORTHEAST","30","STANTON","167","","","00000000","","CORN","CORN, GRAIN - YIELD, MEASURED IN BU / ACRE","TOTAL","NOT SPECIFIED","163.2","3.0"
"SURVEY","2023","YEAR","","COUNTY","NEBRASKA","31","NORTHEAST","30","WAYNE","179","","","00000000","","CORN","CORN, GRAIN - YIELD, MEASURED IN BU / ACRE","TOTAL","NOT SPECIFIED","160.3","3.0"
"SURVEY","2023","YEAR","","COUNTY","NEBRASKA","31","NORTHWEST","10","BOX BUTTE","013","","","00000000","","CORN","CORN, GRAIN - YIELD, MEASURED IN BU / ACRE","TOTAL","NOT SPECIFIED","160.3","8.3"
"SURVEY","2023","YEAR","","COUNTY","NEBRASKA","31","NORTHWEST","10","CHEYENNE","033","","","00000000","","CORN","CORN, GRAIN - YIELD, MEASURED IN BU / ACRE","TOTAL","NOT SPECIFIED","99.4","6.2"
"SURVEY","2023","YEAR","","COUNTY","NEBRASKA","31","NORTHWEST","10","DEUEL","049","","","00000000","","CORN","CORN, GRAIN - YIELD, MEASURED IN BU / ACRE","TOTAL","NOT SPECIFIED","118.5","11.9"
"SURVEY","2023","YEAR","","COUNTY","NEBRASKA","31","NORTHWEST","10","GARDEN","069","","","00000000","","CORN","CORN, GRAIN - YIELD, MEASURED IN BU / ACRE","TOTAL","NOT SPECIFIED","141.2","14.9"
"SURVEY","2023","YEAR","","COUNTY","NEBRASKA","31","NORTHWEST","10","MORRILL","123","","","00000000","","CORN","CORN, GRAIN - YIELD, MEASURED IN BU / ACRE","TOTAL","NOT SPECIFIED","173.1","2.9"
"SURVEY","2023","YEAR","","COUNTY","NEBRASKA","31","NORTHWEST","10","SCOTTS BLUFF","157","","","00000000","","CORN","CORN, GRAIN - YIELD, MEASURED IN BU / ACRE","TOTAL","NOT SPECIFIED","186.5","3.8"
"SURVEY","2023","YEAR","","COUNTY","NEBRASKA","31","NORTHWEST","10","SIOUX","165","","","00000000","","CORN","CORN, GRAIN - YIELD, MEASURED IN BU / ACRE","TOTAL","NOT SPECIFIED","161.5","8.2"
"SURVEY","2023","YEAR","","COUNTY","NEBRASKA","31","SOUTH","80","ADAMS","001","","","00000000","","CORN","CORN, GRAIN - YIELD, MEASURED IN BU / ACRE","TOTAL","NOT SPECIFIED","204.5","4.1"
"SURVEY","2023","YEAR","","COUNTY","NEBRASKA","31","SOUTH","80","FRANKLIN","061","","","00000000","","CORN","CORN, GRAIN - YIELD, MEASURED IN BU / ACRE","TOTAL","NOT SPECIFIED","196.8","8.5"
"SURVEY","2023","YEAR","","COUNTY","NEBRASKA","31","SOUTH","80","FURNAS","065","","","00000000","","CORN","CORN, GRAIN - YIELD, MEASURED IN BU / ACRE","TOTAL","NOT SPECIFIED","116.8","7.9"
"SURVEY","2023","YEAR","","COUNTY","NEBRASKA","31","SOUTH","80","GOSPER","073","","","00000000","","CORN","CORN, GRAIN - YIELD, MEASURED IN BU / ACRE","TOTAL","NOT SPECIFIED","206.6","5.8"
"SURVEY","2023","YEAR","","COUNTY","NEBRASKA","31","SOUTH","80","HARLAN","083","","","00000000","","CORN","CORN, GRAIN - YIELD, MEASURED IN BU / ACRE","TOTAL","NOT SPECIFIED","191.7","6.9"
"SURVEY","2023","YEAR","","COUNTY","NEBRASKA","31","SOUTH","80","KEARNEY","099","","","00000000","","CORN","CORN, GRAIN - YIELD, MEASURED IN BU / ACRE","TOTAL","NOT SPECIFIED","202.8","3.8"
"SURVEY","2023","YEAR","","COUNTY","NEBRASKA","31","SOUTH","80","PHELPS","137","","","00000000","","CORN","CORN, GRAIN - YIELD, MEASURED IN BU / ACRE","TOTAL","NOT SPECIFIED","227.2","2.8"
"SURVEY","2023","YEAR","","COUNTY","NEBRASKA","31","SOUTH","80","WEBSTER","181","","","00000000","","CORN","CORN, GRAIN - YIELD, MEASURED IN BU / ACRE","TOTAL","NOT SPECIFIED","147.3","12.7"
"SURVEY","2023","YEAR","","COUNTY","NEBRASKA","31","SOUTHEAST","90","CLAY","035","","","00000000","","CORN","CORN, GRAIN - YIELD, MEASURED IN BU / ACRE","TOTAL","NOT SPECIFIED","193.7","3.0"
"SURVEY","2023","YEAR","","COUNTY","NEBRASKA","31","SOUTHEAST","90","FILLMORE","059","","","00000000","","CORN","CORN, GRAIN - YIELD, MEASURED IN BU / ACRE","TOTAL","NOT SPECIFIED","186.6","3.3"
"SURVEY","2023","YEAR","","COUNTY","NEBRASKA","31","SOUTHEAST","90","GAGE","067","","","00000000","","CORN","CORN, GRAIN - YIELD, MEASURED IN BU / ACRE","TOTAL","NOT SPECIFIED","164.6","4.2"
"SURVEY","2023","YEAR","","COUNTY","NEBRASKA","31","SOUTHEAST","90","JEFFERSON","095","","","00000000","","CORN","CORN, GRAIN - YIELD, MEASURED IN BU / ACRE","TOTAL","NOT SPECIFIED","140.8","8.4"
"SURVEY","2023","YEAR","","COUNTY","NEBRASKA","31","SOUTHEAST","90","JOHNSON","097","","","00000000","","CORN","CORN, GRAIN - YIELD, MEASURED IN BU / ACRE","TOTAL","NOT SPECIFIED","173.6","3.2"
"SURVEY","2023","YEAR","","COUNTY","NEBRASKA","31","SOUTHEAST","90","NEMAHA","127","","","00000000","","CORN","CORN, GRAIN - YIELD, MEASURED IN BU / ACRE","TOTAL","NOT SPECIFIED","189.9","4.6"
"SURVEY","2023","YEAR","","COUNTY","NEBRASKA","31","SOUTHEAST","90","PAWNEE","133","","","00000000","","CORN","CORN, GRAIN - YIELD, MEASURED IN BU / ACRE","TOTAL","NOT SPECIFIED","173.8","3.5"
"SURVEY","2023","YEAR","","COUNTY","NEBRASKA","31","SOUTHEAST","90","RICHARDSON","147","","","00000000","","CORN","CORN, GRAIN - YIELD, MEASURED IN BU / ACRE","TOTAL","NOT SPECIFIED","194.8","2.2"
"SURVEY","2023","YEAR","","COUNTY","NEBRASKA","31","SOUTHEAST","90","SALINE","151","","","00000000","","CORN","CORN, GRAIN - YIELD, MEASURED IN BU / ACRE","TOTAL","NOT SPECIFIED","157.6","4.8"
"SURVEY","2023","YEAR","","COUNTY","NEBRASKA","31","SOUTHEAST","90","THAYER","169","","","00000000","","CORN","CORN, GRAIN - YIELD, MEASURED IN BU / ACRE","TOTAL","NOT SPECIFIED","166.6","7.5"
"SURVEY","2023","YEAR","","COUNTY","NEBRASKA","31","SOUTHWEST","70","CHASE","029","","","00000000","","CORN","CORN, GRAIN - YIELD, MEASURED IN BU / ACRE","TOTAL","NOT SPECIFIED","164.8","4.5"
"SURVEY","2023","YEAR","","COUNTY","NEBRASKA","31","SOUTHWEST","70","DUNDY","057","","","00000000","","CORN","CORN, GRAIN - YIELD, MEASURED IN BU / ACRE","TOTAL","NOT SPECIFIED","155.3","6.7"
"SURVEY","2023","YEAR","","COUNTY","NEBRASKA","31","SOUTHWEST","70","HAYES","085","","","00000000","","CORN","CORN, GRAIN - YIELD, MEASURED IN BU / ACRE","TOTAL","NOT SPECIFIED","132.5","6.4"
"SURVEY","2023","YEAR","","COUNTY","NEBRASKA","31","SOUTHWEST","70","HITCHCOCK","087","","","00000000","","CORN","CORN, GRAIN - YIELD, MEASURED IN BU / ACRE","TOTAL","NOT SPECIFIED","109.6","8.3"
"SURVEY","2023","YEAR","","COUNTY","NEBRASKA","31","SOUTHWEST","70","LINCOLN","111","","","00000000","","CORN","CORN, GRAIN - YIELD, MEASURED IN BU / ACRE","TOTAL","NOT SPECIFIED","189.7","6.5"
"SURVEY","2022","YEAR","","COUNTY","IOWA","19","","99","OTHER COUNTIES","","","","00000000","","CORN","CORN, GRAIN - YIELD, MEASURED IN BU / ACRE","TOTAL","NOT SPECIFIED","150.2","3.2"
"SURVEY","2022","YEAR","","COUNTY","IOWA","19","CENTRAL","50","BOONE","015","","","00000000","","CORN","CORN, GRAIN - YIELD, MEASURED IN BU / ACRE","TOTAL","NOT SPECIFIED","202.4","1.8"
"SURVEY","2022","YEAR","","COUNTY","IOWA","19","CENTRAL","50","DALLAS","049","","","00000000","","CORN","CORN, GRAIN - YIELD, MEASURED IN BU / ACRE","TOTAL","NOT SPECIFIED","187.2","3.3"
"SURVEY","2022","YEAR","","COUNTY","IOWA","19","CENTRAL","50","GRUNDY","075","","","00000000","","CORN","CORN, GRAIN - YIELD, MEASURED IN BU / ACRE","TOTAL","NOT SPECIFIED","207.5","2.5"
"SURVEY","2022","YEAR","","COUNTY","IOWA","19","CENTRAL","50","HAMILTON","079","","","00000000","","CORN","CORN, GRAIN - YIELD, MEASURED IN BU / ACRE","TOTAL","NOT SPECIFIED","208.6","1.5"
"SURVEY","2022","YEAR","","COUNTY","IOWA","19","CENTRAL","50","HARDIN","083","","","00000000","","CORN","CORN, GRAIN - YIELD, MEASURED IN BU / ACRE","TOTAL","NOT SPECIFIED","215.6","2.0"
"SURVEY","2022","YEAR","","COUNTY","IOWA","19","CENTRAL","50","JASPER","099","","","00000000","","CORN","CORN, GRAIN - YIELD, MEASURED IN BU / ACRE","TOTAL","NOT SPECIFIED","203.6","1.2"
"SURVEY","2022","YEAR","","COUNTY","IOWA","19","CENTRAL","50","MARSHALL","127","","","00000000","","CORN","CORN, GRAIN - YIELD, MEASURED IN BU / ACRE","TOTAL","NOT SPECIFIED","214.1","2.1"
"SURVEY","2022","YEAR","","COUNTY","IOWA","19","CENTRAL","50","POLK","153","","","00000000","","CORN","CORN, GRAIN - YIELD, MEASURED IN BU / ACRE","TOTAL","NOT SPECIFIED","188.6","2.6"
"SURVEY","2022","YEAR","","COUNTY","IOWA","19","CENTRAL","50","POWESHIEK","157","","","00000000","","CORN","CORN, GRAIN - YIELD, MEASURED IN BU / ACRE","TOTAL","NOT SPECIFIED","193.3","3.3"
"SURVEY","2022","YEAR","","COUNTY","IOWA","19","CENTRAL","50","STORY","169","","","00000000","","CORN","CORN, GRAIN - YIELD, MEASURED IN BU / ACRE","TOTAL","NOT SPECIFIED","207.1","2.5"
"SURVEY","2022","YEAR","","COUNTY","IOWA","19","CENTRAL","50","TAMA","171","","","00000000","","CORN","CORN, GRAIN - YIELD, MEASURED IN BU / ACRE","TOTAL","NOT SPECIFIED","203.3","3.4"
"SURVEY","2022","YEAR","","COUNTY","IOWA","19","CENTRAL","50","WEBSTER","187","","","00000000","","CORN","CORN, GRAIN - YIELD, MEASURED IN BU / ACRE","TOTAL","NOT SPECIFIED","201.5","1.8"
"SURVEY","2022","YEAR","","COUNTY","IOWA","19","EAST CENTRAL","60","BENTON","011","","","00000000","","CORN","CORN, GRAIN - YIELD, MEASURED IN BU / ACRE","TOTAL","NOT SPECIFIED","221.7","1.9"
"SURVEY","2022","YEAR","","COUNTY","IOWA","19","EAST CENTRAL","60","CEDAR","031","","","00000000","","CORN","CORN, GRAIN - YIELD, MEASURED IN BU / ACRE","TOTAL","NOT SPECIFIED","221.4","1.5"
"SURVEY","2022","YEAR","","COUNTY","IOWA","19","EAST CENTRAL","60","CLINTON","045","","","00000000","","CORN","CORN, GRAIN - YIELD, MEASURED IN BU / ACRE","TOTAL","NOT SPECIFIED","225.2","1.7"
"SURVEY","2022","YEAR","","COUNTY","IOWA","19","EAST CENTRAL","60","IOWA","095","","","00000000","","CORN","CORN, GRAIN - YIELD, MEASURED IN BU / ACRE","TOTAL","NOT SPECIFIED","205.9","2.4"
"SURVEY","2022","YEAR","","COUNTY","IOWA","19","EAST CENTRAL","60","JACKSON","097","","","00000000","","CORN","CORN, GRAIN - YIELD, MEASURED IN BU / ACRE","TOTAL","NOT SPECIFIED","219.2","3.5"
"SURVEY","2022","YEAR","","COUNTY","IOWA","19","EAST CENTRAL","60","JOHNSON","103","","","00000000","","CORN","CORN, GRAIN - YIELD, MEASURED IN BU / ACRE","TOTAL","NOT SPECIFIED","205.2","3.1"
"SURVEY","2022","YEAR","","COUNTY","IOWA","19","EAST CENTRAL","60","JONES","105","","","00000000","","CORN","CORN, GRAIN - YIELD, MEASURED IN BU / ACRE","TOTAL","NOT SPECIFIED","218.2","2.0"
"SURVEY","2022","YEAR","","COUNTY","IOWA","19","EAST CENTRAL","60","LINN","113","","","00000000","","CORN","CORN, GRAIN - YIELD, MEASURED IN BU / ACRE","TOTAL","NOT SPECIFIED","215","1.1"
"SURVEY","2022","YEAR","","COUNTY","IOWA","19","EAST CENTRAL","60","MUSCATINE","139","","","00000000","","CORN","CORN, GRAIN - YIELD, MEASURED IN BU / ACRE","TOTAL","NOT SPECIFIED","213.1","1.7"
"SURVEY","2022","YEAR","","COUNTY","IOWA","19","EAST CENTRAL","60","SCOTT","163","","","00000000","","CORN","CORN, GRAIN - YIELD, MEASURED IN BU / ACRE","TOTAL","NOT SPECIFIED","216.2","3.0"
"SURVEY","2022","YEAR","","COUNTY","IOWA","19","NORTH CENTRAL","20","BUTLER","023","","","00000000","","CORN","CORN, GRAIN - YIELD, MEASURED IN BU / ACRE","TOTAL","NOT SPECIFIED","212.4","1.5"
"SURVEY","2022","YEAR","","COUNTY","IOWA","19","NORTH CENTRAL","20","CERRO GORDO","033","","","00000000","","CORN","CORN, GRAIN - YIELD, MEASURED IN BU / ACRE","TOTAL","NOT SPECIFIED","216.9","2.0"
"SURVEY","2022","YEAR","","COUNTY","IOWA","19","NORTH CENTRAL","20","FLOYD","067","","","00000000","","CORN","CORN, GRAIN - YIELD, MEASURED IN BU / ACRE","TOTAL","NOT SPECIFIED","204.6","2.5"
"SURVEY","2022","YEAR","","COUNTY","IOWA","19","NORTH CENTRAL","20","FRANKLIN","069","","","00000000","","CORN","CORN, GRAIN - YIELD, MEASURED IN BU / ACRE","TOTAL","NOT SPECIFIED","220.1","2.4"
"SURVEY","2022","YEAR","","COUNTY","IOWA","19","NORTH CENTRAL","20","HANCOCK","081","","","00000000","","CORN","CORN, GRAIN - YIELD, MEASURED IN BU / ACRE","TOTAL","NOT SPECIFIED","211.5","2.7"
"SURVEY","2022","YEAR","","COUNTY","IOWA","19","NORTH CENTRAL","20","HUMBOLDT","091","","","00000000","","CORN","CORN, GRAIN - YIELD, MEASURED IN BU / ACRE","TOTAL","NOT SPECIFIED","195.5","2.7"
"SURVEY","2022","YEAR","","COUNTY","IOWA","19","NORTH CENTRAL","20","KOSSUTH","109","","","00000000","","CORN","CORN, GRAIN - YIELD, MEASURED IN BU / ACRE","TOTAL","NOT SPECIFIED","196.8","3.9"
"SURVEY","2022","YEAR","","COUNTY","IOWA","19","NORTH CENTRAL","20","MITCHELL","131","","","00000000","","CORN","CORN, GRAIN - YIELD, MEASURED IN BU / ACRE","TOTAL","NOT SPECIFIED","217.9","1.2"
"SURVEY","2022","YEAR","","COUNTY","IOWA","19","NORTH CENTRAL","20","WINNEBAGO","189","","","00000000","","CORN","CORN, GRAIN - YIELD, MEASURED IN BU / ACRE","TOTAL","NOT SPECIFIED","217.5","1.4"
"SURVEY","2022","YEAR","","COUNTY","IOWA","19","NORTH CENTRAL","20","WORTH","195","","","00000000","","CORN","CORN, GRAIN - YIELD, MEASURED IN BU / ACRE","TOTAL","NOT SPECIFIED","219.4","2.5"
"SURVEY","2022","YEAR","","COUNTY","IOWA","19","NORTH CENTRAL","20","WRIGHT","197","","","00000000","","CORN","CORN, GRAIN - YIELD, MEASURED IN BU / ACRE","TOTAL","NOT SPECIFIED","209.7","1.3"
"SURVEY","2022","YEAR","","COUNTY","IOWA","19","NORTHEAST","30","ALLAMAKEE","005","","","00000000","","CORN","CORN, GRAIN - YIELD, MEASURED IN BU / ACRE","TOTAL","NOT SPECIFIED","215.9","4.0"
"SURVEY","2022","YEAR","","COUNTY","IOWA","19","NORTHEAST","30","BLACK HAWK","013","","","00000000","","CORN","CORN, GRAIN - YIELD, MEASURED IN BU / ACRE","TOTAL","NOT SPECIFIED","202.4","1.8"
"SURVEY","2022","YEAR","","COUNTY","IOWA","19","NORTHEAST","30","BREMER","017","","","00000000","","CORN","CORN, GRAIN - YIELD, MEASURED IN BU / ACRE","TOTAL","NOT SPECIFIED","210.8","2.4"
"SURVEY","2022","YEAR","","COUNTY","IOWA","19","NORTHEAST","30","BUCHANAN","019","","","00000000","","CORN","CORN, GRAIN - YIELD, MEASURED IN BU / ACRE","TOTAL","NOT SPECIFIED","209.7","1.2"
"SURVEY","2022","YEAR","","COUNTY","IOWA","19","NORTHEAST","30","CHICKASAW","037","","","00000000","","CORN","CORN, GRAIN - YIELD, MEASURED IN BU / ACRE","TOTAL","NOT SPECIFIED","214.6","2.6"
"SURVEY","2022","YEAR","","COUNTY","IOWA","19","NORTHEAST","30","CLAYTON","043","","","00000000","","CORN","CORN, GRAIN - YIELD, MEASURED IN BU / ACRE","TOTAL","NOT SPECIFIED","215.4","1.9"
"SURVEY","2022","YEAR","","COUNTY","IOWA","19","NORTHEAST","30","DELAWARE","055","","","00000000","","CORN","CORN, GRAIN - YIELD, MEASURED IN BU / ACRE","TOTAL","NOT SPECIFIED","230.8","1.9"
"SURVEY","2022","YEAR","","COUNTY","IOWA","19","NORTHEAST","30","DUBUQUE","061","","","00000000","","CORN","CORN, GRAIN - YIELD, MEASURED IN BU / ACRE","TOTAL","NOT SPECIFIED","223.7","1.7"
"SURVEY","2022","YEAR","","COUNTY","IOWA","19","NORTHEAST","30","FAYETTE","065","","","00000000","","CORN","CORN, GRAIN - YIELD, MEASURED IN BU / ACRE","TOTAL","NOT SPECIFIED","209.8","1.8"
"SURVEY","2022","YEAR","","COUNTY","IOWA","19","NORTHEAST","30","HOWARD","089","","","00000000","","CORN","CORN, GRAIN - YIELD, MEASURED IN BU / ACRE","TOTAL","NOT SPECIFIED","217.2","1.7"
"SURVEY","2022","YEAR","","COUNTY","IOWA","19","NORTHEAST","30","WINNESHIEK","191","","","00000000","","CORN","CORN, GRAIN - YIELD, MEASURED IN BU / ACRE","TOTAL","NOT SPECIFIED","212.4","2.4"
"SURVEY","2022","YEAR","","COUNTY","IOWA","19","NORTHWEST","10","BUENA VISTA","021","","","00000000","","CORN","CORN, GRAIN - YIELD, MEASURED IN BU / ACRE","TOTAL","NOT SPECIFIED","196.9","2.3"
"SURVEY","2022","YEAR","","COUNTY","IOWA","19","NORTHWEST","10","CHEROKEE","035","","","00000000","","CORN","CORN, GRAIN - YIELD, MEASURED IN BU / ACRE","TOTAL","NOT SPECIFIED","198.7","2.6"
"SURVEY","2022","YEAR","","COUNTY","IOWA","19","NORTHWEST","10","CLAY","041","","","00000000","","CORN","CORN, GRAIN - YIELD, MEASURED IN BU / ACRE","TOTAL","NOT SPECIFIED","191.4","2.0"
"SURVEY","2022","YEAR","","COUNTY","IOWA","19","NORTHWEST","10","DICKINSON","059","","","00000000","","CORN","CORN, GRAIN - YIELD, MEASURED IN BU / ACRE","TOTAL","NOT SPECIFIED","203.4","3.3"
"SURVEY","2022","YEAR","","COUNTY","IOWA","19","NORTHWEST","10","EMMET","063","","","00000000","","CORN","CORN, GRAIN - YIELD, MEASURED IN BU / ACRE","TOTAL","NOT SPECIFIED","213.6","1.3"
"SURVEY","2022","YEAR","","COUNTY","IOWA","19","NORTHWEST","10","LYON","119","","","00000000","","CORN","CORN, GRAIN - YIELD, MEASURED IN BU / ACRE","TOTAL","NOT SPECIFIED","190.8","2.4"
"SURVEY","2022","YEAR","","COUNTY","IOWA","19","NORTHWEST","10","O BRIEN","141","","","00000000","","CORN","CORN, GRAIN - YIELD, MEASURED IN BU / ACRE","TOTAL","NOT SPECIFIED","201.1","2.0"
"SURVEY","2022","YEAR","","COUNTY","IOWA","19","NORTHWEST","10","OSCEOLA","143","","","00000000","","CORN","CORN, GRAIN - YIELD, MEASURED IN BU / ACRE","TOTAL","NOT SPECIFIED","197.5","1.9"
"SURVEY","2022","YEAR","","COUNTY","IOWA","19","NORTHWEST","10","PALO ALTO","147","","","00000000","","CORN","CORN, GRAIN - YIELD, MEASURED IN BU / ACRE","TOTAL","NOT SPECIFIED","195.8","3.6"
"SURVEY","2022","YEAR","","COUNTY","IOWA","19","NORTHWEST","10","PLYMOUTH","149","","","00000000","","CORN","CORN, GRAIN - YIELD, MEASURED IN BU / ACRE","TOTAL","NOT SPECIFIED","171.8","4.5"
"SURVEY","2022","YEAR","","COUNTY","IOWA","19","NORTHWEST","10","POCAHONTAS","151","","","00000000","","CORN","CORN, GRAIN - YIELD, MEASURED IN BU / ACRE","TOTAL","NOT SPECIFIED","198.2","1.3"
"SURVEY","2022","YEAR","","COUNTY","IOWA","19","NORTHWEST","10","SIOUX","167","","","00000000","","CORN","CORN, GRAIN - YIELD, MEASURED IN BU / ACRE","TOTAL","NOT SPECIFIED","196.6","1.9"
"SURVEY","2022","YEAR","","COUNTY","IOWA","19","SOUTH CENTRAL","80","APPANOOSE","007","","","00000000","","CORN","CORN, GRAIN - YIELD, MEASURED IN BU / ACRE","TOTAL","NOT SPECIFIED","146.1","3.9"
"SURVEY","2022","YEAR","","COUNTY","IOWA","19","SOUTH CENTRAL","80","DECATUR","053","","","00000000","","CORN","CORN, GRAIN - YIELD, MEASURED IN BU / ACRE","TOTAL","NOT SPECIFIED","148.7","3.4"
"SURVEY","2022","YEAR","","COUNTY","IOWA","19","SOUTH CENTRAL","80","LUCAS","117","","","00000000","","CORN","CORN, GRAIN - YIELD, MEASURED IN BU / ACRE","TOTAL","NOT SPECIFIED","139.5","5.5"
"SURVEY","2022","YEAR","","COUNTY","IOWA","19","SOUTH CENTRAL","80","MADISON","121","","","00000000","","CORN","CORN, GRAIN - YIELD, MEASURED IN BU / ACRE","TOTAL","NOT SPECIFIED","166.9","3.8"
"SURVEY","2022","YEAR","","COUNTY","IOWA","19","SOUTH CENTRAL","80","MARION","125","","","00000000","","CORN","CORN, GRAIN - YIELD, MEASURED IN BU / ACRE","TOTAL","NOT SPECIFIED","175.2","2.9"
"SURVEY","2022","YEAR","","COUNTY","IOWA","19","SOUTH CENTRAL","80","MONROE","135","","","00000000","","CORN","CORN, GRAIN - YIELD, MEASURED IN BU / ACRE","TOTAL","NOT SPECIFIED","145.4","4.0"
"SURVEY","2022","YEAR","","COUNTY","IOWA","19","SOUTH CENTRAL","80","RINGGOLD","159","","","00000000","","CORN","CORN, GRAIN - YIELD, MEASURED IN BU / ACRE","TOTAL","NOT SPECIFIED","151.8","6.3"
"SURVEY","2022","YEAR","","COUNTY","IOWA","19","SOUTH CENTRAL","80","UNION","175","","","00000000","","CORN","CORN, GRAIN - YIELD, MEASURED IN BU / ACRE","TOTAL","NOT SPECIFIED","149.4","5.9"
"SURVEY","2022","YEAR","","COUNTY","IOWA","19","SOUTH CENTRAL","80","WARREN","181","","","00000000","","CORN","CORN, GRAIN - YIELD, MEASURED IN BU / ACRE","TOTAL","NOT SPECIFIED","157.8","3.8"
"SURVEY","2022","YEAR","","COUNTY","IOWA","19","SOUTH CENTRAL","80","WAYNE","185","","","00000000","","CORN","CORN, GRAIN - YIELD, MEASURED IN BU / ACRE","TOTAL","NOT SPECIFIED","170.1","2.0"
"SURVEY","2022","YEAR","","COUNTY","IOWA","19","SOUTHEAST","90","DAVIS","051","","","00000000","","CORN","CORN, GRAIN - YIELD, MEASURED IN BU / ACRE","TOTAL","NOT SPECIFIED","154.9","4.4"
"SURVEY","2022","YEAR","","COUNTY","IOWA","19","SOUTHEAST","90","DES MOINES","057","","","00000000","","CORN","CORN, GRAIN - YIELD, MEASURED IN BU / ACRE","TOTAL","NOT SPECIFIED","194.8","4.2"
"SURVEY","2022","YEAR","","COUNTY","IOWA","19","SOUTHEAST","90","HENRY","087","","","00000000","","CORN","CORN, GRAIN - YIELD, MEASURED IN BU / ACRE","TOTAL","NOT SPECIFIED","167.7","3.8"
"SURVEY","2022","YEAR","","COUNTY","IOWA","19","SOUTHEAST","90","JEFFERSON","101","","","00000000","","CORN","CORN, GRAIN - YIELD, MEASURED IN BU / ACRE","TOTAL","NOT SPECIFIED","178","1.4"
"SURVEY","2022","YEAR","","COUNTY","IOWA","19","SOUTHEAST","90","KEOKUK","107","","","00000000","","CORN","CORN, GRAIN - YIELD, MEASURED IN BU / ACRE","TOTAL","NOT SPECIFIED","170.4","3.3"
"SURVEY","2022","YEAR","","COUNTY","IOWA","19","SOUTHEAST","90","LEE","111","","","00000000","","CORN","CORN, GRAIN - YIELD, MEASURED IN BU / ACRE","TOTAL","NOT SPECIFIED","178.2","3.8"
"SURVEY","2022","YEAR","","COUNTY","IOWA","19","SOUTHEAST","90","LOUISA","115","","","00000000","","CORN","CORN, GRAIN - YIELD, MEASURED IN BU / ACRE","TOTAL","NOT SPECIFIED","196.3","2.9"
"SURVEY","2022","YEAR","","COUNTY","IOWA","19","SOUTHEAST","90","MAHASKA","123","","","00000000","","CORN","CORN, GRAIN - YIELD, MEASURED IN BU / ACRE","TOTAL","NOT SPECIFIED","186.3","1.7"
"SURVEY","2022","YEAR","","COUNTY","IOWA","19","SOUTHEAST","90","VAN BUREN","177","","","00000000","","CORN","CORN, GRAIN - YIELD, MEASURED IN BU / ACRE","TOTAL","NOT SPECIFIED","151.9","4.7"
"SURVEY","2022","YEAR","","COUNTY","IOWA","19","SOUTHEAST","90","WAPELLO","179","","","00000000","","CORN","CORN, GRAIN - YIELD, MEASURED IN BU / ACRE","TOTAL","NOT SPECIFIED","170.8","2.5"
"SURVEY","2022","YEAR","","COUNTY","IOWA","19","SOUTHEAST","90","WASHINGTON","183","","","00000000","","CORN","CORN, GRAIN - YIELD, MEASURED IN BU / ACRE","TOTAL","NOT SPECIFIED","185.7","2.4"
"SURVEY","2022","YEAR","","COUNTY","IOWA","19","SOUTHWEST","70","ADAIR","001","","","00000000","","CORN","CORN, GRAIN - YIELD, MEASURED IN BU / ACRE","TOTAL","NOT SPECIFIED","164.2","3.4"
"SURVEY","2022","YEAR","","COUNTY","IOWA","19","SOUTHWEST","70","CASS","029","","","00000000","","CORN","CORN, GRAIN - YIELD, MEASURED IN BU / ACRE","TOTAL","NOT SPECIFIED","179.2","3.1"
"SURVEY","2022","YEAR","","COUNTY","IOWA","19","SOUTHWEST","70","FREMONT","071","","","00000000","","CORN","CORN, GRAIN - YIELD, MEASURED IN BU / ACRE","TOTAL","NOT SPECIFIED","191.6","2.3"
"SURVEY","2022","YEAR","","COUNTY","IOWA","19","SOUTHWEST","70","MILLS","129","","","00000000","","CORN","CORN, GRAIN - YIELD, MEASURED IN BU / ACRE","TOTAL","NOT SPECIFIED","191.1","1.6"
"SURVEY","2022","YEAR","","COUNTY","IOWA","19","SOUTHWEST","70","MONTGOMERY","137","","","00000000","","CORN","CORN, GRAIN - YIELD, MEASURED IN BU / ACRE","TOTAL","NOT SPECIFIED","187.8","1.8"
"SURVEY","2022","YEAR","","COUNTY","IOWA","19","SOUTHWEST","70","PAGE","145","","","00000000","","CORN","CORN, GRAIN - YIELD, MEASURED IN BU / ACRE","TOTAL","NOT SPECIFIED","174.5","3.6"
"SURVEY","2022","YEAR","","COUNTY","IOWA","19","SOUTHWEST","70","POTTAWATTAMIE","155","","","00000000","","CORN","CORN, GRAIN - YIELD, MEASURED IN BU / ACRE","TOTAL","NOT SPECIFIED","195","1.8"
"SURVEY","2022","YEAR","","COUNTY","IOWA","19","SOUTHWEST","70","TAYLOR","173","","","00000000","","CORN","CORN, GRAIN - YIELD, MEASURED IN BU / ACRE","TOTAL","NOT SPECIFIED","172.1","4.1"
"SURVEY","2022","YEAR","","COUNTY","IOWA","19","WEST CENTRAL","40","AUDUBON","009","","","00000000","","CORN","CORN, GRAIN - YIELD, MEASURED IN BU / ACRE","TOTAL","NOT SPECIFIED","197.9","3.1"
"SURVEY","2022","YEAR","","COUNTY","IOWA","19","WEST CENTRAL","40","CALHOUN","025","","","00000000","","CORN","CORN, GRAIN - YIELD, MEASURED IN BU / ACRE","TOTAL","NOT SPECIFIED","202.3","1.7"
"SURVEY","2022","YEAR","","COUNTY","IOWA","19","WEST CENTRAL","40","CARROLL","027","","","00000000","","CORN","CORN, GRAIN - YIELD, MEASURED IN BU / ACRE","TOTAL","NOT SPECIFIED","195.7","4.0"
"SURVEY","2022","YEAR","","COUNTY","IOWA","19","WEST CENTRAL","40","CRAWFORD","047","","","00000000","","CORN","CORN, GRAIN - YIELD, MEASURED IN BU / ACRE","TOTAL","NOT SPECIFIED","216.4","1.9"
"SURVEY","2022","YEAR","","COUNTY","IOWA","19","WEST CENTRAL","40","GREENE","073","","","00000000","","CORN","CORN, GRAIN - YIELD, MEASURED IN BU / ACRE","TOTAL","NOT SPECIFIED","197.3","1.2"
"SURVEY","2022","YEAR","","COUNTY","IOWA","19","WEST CENTRAL","40","GUTHRIE","077","","","00000000","","CORN","CORN, GRAIN - YIELD, MEASURED IN BU / ACRE","TOTAL","NOT SPECIFIED","193.6","1.6"
"SURVEY","2022","YEAR","","COUNTY","IOWA","19","WEST CENTRAL","40","HARRISON","085","","","00000000","","CORN","CORN, GRAIN - YIELD, MEASURED IN BU / ACRE","TOTAL","NOT SPECIFIED","172.4","3.2"
"SURVEY","2022","YEAR","","COUNTY","IOWA","19","WEST CENTRAL","40","IDA","093","","","00000000","","CORN","CORN, GRAIN - YIELD, MEASURED IN BU / ACRE","TOTAL","NOT SPECIFIED","221.2","2.9"
"SURVEY","2022","YEAR","","COUNTY","IOWA","19","WEST CENTRAL","40","MONONA","133","","","00000000","","CORN","CORN, GRAIN - YIELD, MEASURED IN BU / ACRE","TOTAL","NOT SPECIFIED","168.6","3.6"
"SURVEY","2022","YEAR","","COUNTY","IOWA","19","WEST CENTRAL","40","SAC","161","","","00000000","","CORN","CORN, GRAIN - YIELD, MEASURED IN BU / ACRE","TOTAL","NOT SPECIFIED","212.4","3.2"
"SURVEY","2022","YEAR","","COUNTY","IOWA","19","WEST CENTRAL","40","SHELBY","165","","","00000000","","CORN","CORN, GRAIN - YIELD, MEASURED IN BU / ACRE","TOTAL","NOT SPECIFIED","209","0.9"
"SURVEY","2022","YEAR","","COUNTY","IOWA","19","WEST CENTRAL","40","WOODBURY","193","","","00000000","","CORN","CORN, GRAIN - YIELD, MEASURED IN BU / ACRE","TOTAL","NOT SPECIFIED","200.2","1.9"
"SURVEY","2022","YEAR","","COUNTY","NEBRASKA","31","","99","OTHER COUNTIES","","","","00000000","","CORN","CORN, GRAIN - YIELD, MEASURED IN BU / ACRE","TOTAL","NOT SPECIFIED","163.7","2.6"
"SURVEY","2022","YEAR","","COUNTY","NEBRASKA","31","CENTRAL","50","BUFFALO","019","","","00000000","","CORN","CORN, GRAIN - YIELD, MEASURED IN BU / ACRE","TOTAL","NOT SPECIFIED","165.8","4.6"
"SURVEY","2022","YEAR","","COUNTY","NEBRASKA","31","CENTRAL","50","DAWSON","047","","","00000000","","CORN","CORN, GRAIN - YIELD, MEASURED IN BU / ACRE","TOTAL","NOT SPECIFIED","191.6","3.8"
"SURVEY","2022","YEAR","","COUNTY","NEBRASKA","31","CENTRAL","50","GREELEY","077","","","00000000","","CORN","CORN, GRAIN - YIELD, MEASURED IN BU / ACRE","TOTAL","NOT SPECIFIED","184.1","6.4"
"SURVEY","2022","YEAR","","COUNTY","NEBRASKA","31","CENTRAL","50","HALL","079","","","00000000","","CORN","CORN, GRAIN - YIELD, MEASURED IN BU / ACRE","TOTAL","NOT SPECIFIED","188.2","3.1"
"SURVEY","2022","YEAR","","COUNTY","NEBRASKA","31","CENTRAL","50","HOWARD","093","","","00000000","","CORN","CORN, GRAIN - YIELD, MEASURED IN BU / ACRE","TOTAL","NOT SPECIFIED","152.3","9.7"
"SURVEY","2022","YEAR","","COUNTY","NEBRASKA","31","CENTRAL","50","SHERMAN","163","","","00000000","","CORN","CORN, GRAIN - YIELD, MEASURED IN BU / ACRE","TOTAL","NOT SPECIFIED","169.2","4.4"
"SURVEY","2022","YEAR","","COUNTY","NEBRASKA","31","CENTRAL","50","VALLEY","175","","","00000000","","CORN","CORN, GRAIN - YIELD, MEASURED IN BU / ACRE","TOTAL","NOT SPECIFIED","204.3","3.7"
"SURVEY","2022","YEAR","","COUNTY","NEBRASKA","31","EAST","60","BUTLER","023","","","00000000","","CORN","CORN, GRAIN - YIELD, MEASURED IN BU / ACRE","TOTAL","NOT SPECIFIED","170.1","5.0"
"SURVEY","2022","YEAR","","COUNTY","NEBRASKA","31","EAST","60","CASS","025","","","00000000","","CORN","CORN, GRAIN - YIELD, MEASURED IN BU / ACRE","TOTAL","NOT SPECIFIED","132.5","4.2"
"SURVEY","2022","YEAR","","COUNTY","NEBRASKA","31","EAST","60","COLFAX","037","","","00000000","","CORN","CORN, GRAIN - YIELD, MEASURED IN BU / ACRE","TOTAL","NOT SPECIFIED","165.8","4.6"
"SURVEY","2022","YEAR","","COUNTY","NEBRASKA","31","EAST","60","DODGE","053","","","00000000","","CORN","CORN, GRAIN - YIELD, MEASURED IN BU / ACRE","TOTAL","NOT SPECIFIED","160.2","5.3"
"SURVEY","2022","YEAR","","COUNTY","NEBRASKA","31","EAST","60","DOUGLAS","055","","","00000000","","CORN","CORN, GRAIN - YIELD, MEASURED IN BU / ACRE","TOTAL","NOT SPECIFIED","168.3","3.7"
"SURVEY","2022","YEAR","","COUNTY","NEBRASKA","31","EAST","60","HAMILTON","081","","","00000000","","CORN","CORN, GRAIN - YIELD, MEASURED IN BU / ACRE","TOTAL","NOT SPECIFIED","218.7","2.3"
"SURVEY","2022","YEAR","","COUNTY","NEBRASKA","31","EAST","60","LANCASTER","109","","","00000000","","CORN","CORN, GRAIN - YIELD, MEASURED IN BU / ACRE","TOTAL","NOT SPECIFIED","112.1","4.3"
"SURVEY","2022","YEAR","","COUNTY","NEBRASKA","31","EAST","60","NANCE","125","","","00000000","","CORN","CORN, GRAIN - YIELD, MEASURED IN BU / ACRE","TOTAL","NOT SPECIFIED","141.1","5.3"
"SURVEY","2022","YEAR","","COUNTY","NEBRASKA","31","EAST","60","PLATTE","141","","","00000000","","CORN","CORN, GRAIN - YIELD, MEASURED IN BU / ACRE","TOTAL","NOT SPECIFIED","170.9","3.6"
"SURVEY","2022","YEAR","","COUNTY","NEBRASKA","31","EAST","60","POLK","143","","","00000000","","CORN","CORN, GRAIN - YIELD, MEASURED IN BU / ACRE","TOTAL","NOT SPECIFIED","210.6","3.8"
"SURVEY","2022","YEAR","","COUNTY","NEBRASKA","31","EAST","60","SARPY","153","","","00000000","","CORN","CORN, GRAIN - YIELD, MEASURED IN BU / ACRE","TOTAL","NOT SPECIFIED","156.8","4.5"
"SURVEY","2022","YEAR","","COUNTY","NEBRASKA","31","EAST","60","SAUNDERS","155","","","00000000","","CORN","CORN, GRAIN - YIELD, MEASURED IN BU / ACRE","TOTAL","NOT SPECIFIED","169.8","3.7"
"SURVEY","2022","YEAR","","COUNTY","NEBRASKA","31","EAST","60","SEWARD","159","","","00000000","","CORN","CORN, GRAIN - YIELD, MEASURED IN BU / ACRE","TOTAL","NOT SPECIFIED","151.2","6.2"
"SURVEY","2022","YEAR","","COUNTY","NEBRASKA","31","EAST","60","WASHINGTON","177","","","00000000","","CORN","CORN, GRAIN - YIELD, MEASURED IN BU / ACRE","TOTAL","NOT SPECIFIED","145.8","2.4"
"SURVEY","2022","YEAR","","COUNTY","NEBRASKA","31","EAST","60","YORK","185","","","00000000","","CORN","CORN, GRAIN - YIELD, MEASURED IN BU / ACRE","TOTAL","NOT SPECIFIED","192.9","5.1"
"SURVEY","2022","YEAR","","COUNTY","NEBRASKA","31","NORTH","20","BOYD","015","","","00000000","","CORN","CORN, GRAIN - YIELD, MEASURED IN BU / ACRE","TOTAL","NOT SPECIFIED","90.8","14.2"
"SURVEY","2022","YEAR","","COUNTY","NEBRASKA","31","NORTH","20","BROWN","017","","","00000000","","CORN","CORN, GRAIN - YIELD, MEASURED IN BU / ACRE","TOTAL","NOT SPECIFIED","198.6","3.9"
"SURVEY","2022","YEAR","","COUNTY","NEBRASKA","31","NORTH","20","GARFIELD","071","","","00000000","","CORN","CORN, GRAIN - YIELD, MEASURED IN BU / ACRE","TOTAL","NOT SPECIFIED","184.8","5.0"
"SURVEY","2022","YEAR","","COUNTY","NEBRASKA","31","NORTH","20","HOLT","089","","","00000000","","CORN","CORN, GRAIN - YIELD, MEASURED IN BU / ACRE","TOTAL","NOT SPECIFIED","211.1","1.3"
"SURVEY","2022","YEAR","","COUNTY","NEBRASKA","31","NORTHEAST","30","BOONE","011","","","00000000","","CORN","CORN, GRAIN - YIELD, MEASURED IN BU / ACRE","TOTAL","NOT SPECIFIED","182.8","4.8"
"SURVEY","2022","YEAR","","COUNTY","NEBRASKA","31","NORTHEAST","30","BURT","021","","","00000000","","CORN","CORN, GRAIN - YIELD, MEASURED IN BU / ACRE","TOTAL","NOT SPECIFIED","155.9","6.8"
"SURVEY","2022","YEAR","","COUNTY","NEBRASKA","31","NORTHEAST","30","CEDAR","027","","","00000000","","CORN","CORN, GRAIN - YIELD, MEASURED IN BU / ACRE","TOTAL","NOT SPECIFIED","169.3","4.1"
"SURVEY","2022","YEAR","","COUNTY","NEBRASKA","31","NORTHEAST","30","CUMING","039","","","00000000","","CORN","CORN, GRAIN - YIELD, MEASURED IN BU / ACRE","TOTAL","NOT SPECIFIED","168.6","3.4"
"SURVEY","2022","YEAR","","COUNTY","NEBRASKA","31","NORTHEAST","30","DAKOTA","043","","","00000000","","CORN","CORN, GRAIN - YIELD, MEASURED IN BU / ACRE","TOTAL","NOT SPECIFIED","160.4","5.0"
"SURVEY","2022","YEAR","","COUNTY","NEBRASKA","31","NORTHEAST","30","KNOX","107","","","00000000","","CORN","CORN, GRAIN - YIELD, MEASURED IN BU / ACRE","TOTAL","NOT SPECIFIED","152.1","8.7"
"SURVEY","2022","YEAR","","COUNTY","NEBRASKA","31","NORTHEAST","30","MADISON","119","","","00000000","","CORN","CORN, GRAIN - YIELD, MEASURED IN BU / ACRE","TOTAL","NOT SPECIFIED","164.9","3.7"
"SURVEY","2022","YEAR","","COUNTY","NEBRASKA","31","NORTHEAST","30","PIERCE","139","","","00000000","","CORN","CORN, GRAIN - YIELD, MEASURED IN BU / ACRE","TOTAL","NOT SPECIFIED","176.6","5.7"
"SURVEY","2022","YEAR","","COUNTY","NEBRASKA","31","NORTHEAST","30","STANTON","167","","","00000000","","CORN","CORN, GRAIN - YIELD, MEASURED IN BU / ACRE","TOTAL","NOT SPECIFIED","130","5.8"
"SURVEY","2022","YEAR","","COUNTY","NEBRASKA","31","NORTHEAST","30","THURSTON","173","","","00000000","","CORN","CORN, GRAIN - YIELD, MEASURED IN BU / ACRE","TOTAL","NOT SPECIFIED","121.4","6.6"
"SURVEY","2022","YEAR","","COUNTY","NEBRASKA","31","NORTHEAST","30","WAYNE","179","","","00000000","","CORN","CORN, GRAIN - YIELD, MEASURED IN BU / ACRE","TOTAL","NOT SPECIFIED","116.2","4.1"
"SURVEY","2022","YEAR","","COUNTY","NEBRASKA","31","NORTHWEST","10","BOX BUTTE","013","","","00000000","","CORN","CORN, GRAIN - YIELD, MEASURED IN BU / ACRE","TOTAL","NOT SPECIFIED","159.6","5.8"
"SURVEY","2022","YEAR","","COUNTY","NEBRASKA","31","NORTHWEST","10","CHEYENNE","033","","","00000000","","CORN","CORN, GRAIN - YIELD, MEASURED IN BU / ACRE","TOTAL","NOT SPECIFIED","101.8","18.6"
"SURVEY","2022","YEAR","","COUNTY","NEBRASKA","31","NORTHWEST","10","KIMBALL","105","","","00000000","","CORN","CORN, GRAIN - YIELD, MEASURED IN BU / ACRE","TOTAL","NOT SPECIFIED","98.6","24.1"
"SURVEY","2022","YEAR","","COUNTY","NEBRASKA","31","NORTHWEST","10","MORRILL","123","","","00000000","","CORN","CORN, GRAIN - YIELD, MEASURED IN BU / ACRE","TOTAL","NOT SPECIFIED","156.1","4.7"
"SURVEY","2022","YEAR","","COUNTY","NEBRASKA","31","NORTHWEST","10","SCOTTS BLUFF","157","","","00000000","","CORN","CORN, GRAIN - YIELD, MEASURED IN BU / ACRE","TOTAL","NOT SPECIFIED","165.4","4.3"
"SURVEY","2022","YEAR","","COUNTY","NEBRASKA","31","NORTHWEST","10","SIOUX","165","","","00000000","","CORN","CORN, GRAIN - YIELD, MEASURED IN BU / ACRE","TOTAL","NOT SPECIFIED","169.7","5.7"
"SURVEY","2022","YEAR","","COUNTY","NEBRASKA","31","SOUTH","80","ADAMS","001","","","00000000","","CORN","CORN, GRAIN - YIELD, MEASURED IN BU / ACRE","TOTAL","NOT SPECIFIED","199.7","4.3"
"SURVEY","2022","YEAR","","COUNTY","NEBRASKA","31","SOUTH","80","FRANKLIN","061","","","00000000","","CORN","CORN, GRAIN - YIELD, MEASURED IN BU / ACRE","TOTAL","NOT SPECIFIED","153.3","6.6"
"SURVEY","2022","YEAR","","COUNTY","NEBRASKA","31","SOUTH","80","FURNAS","065","","","00000000","","CORN","CORN, GRAIN - YIELD, MEASURED IN BU / ACRE","TOTAL","NOT SPECIFIED","89.1","10.5"
"SURVEY","2022","YEAR","","COUNTY","NEBRASKA","31","SOUTH","80","GOSPER","073","","","00000000","","CORN","CORN, GRAIN - YIELD, MEASURED IN BU / ACRE","TOTAL","NOT SPECIFIED","154.1","13.2"
"SURVEY","2022","YEAR","","COUNTY","NEBRASKA","31","SOUTH","80","HARLAN","083","","","00000000","","CORN","CORN, GRAIN - YIELD, MEASURED IN BU / ACRE","TOTAL","NOT SPECIFIED","183.8","2.7"
"SURVEY","2022","YEAR","","COUNTY","NEBRASKA","31","SOUTH","80","KEARNEY","099","","","00000000","","CORN","CORN, GRAIN - YIELD, MEASURED IN BU / ACRE","TOTAL","NOT SPECIFIED","194","5.1"
"SURVEY","2022","YEAR","","COUNTY","NEBRASKA","31","SOUTH","80","PHELPS","137","","","00000000","","CORN","CORN, GRAIN - YIELD, MEASURED IN BU / ACRE","TOTAL","NOT SPECIFIED","227","2.0"
"SURVEY","2022","YEAR","","COUNTY","NEBRASKA","31","SOUTH","80","WEBSTER","181","","","00000000","","CORN","CORN, GRAIN - YIELD, MEASURED IN BU / ACRE","TOTAL","NOT SPECIFIED","147.3","7.5"
"SURVEY","2022","YEAR","","COUNTY","NEBRASKA","31","SOUTHEAST","90","CLAY","035","","","00000000","","CORN","CORN, GRAIN - YIELD, MEASURED IN BU / ACRE","TOTAL","NOT SPECIFIED","170.3","10.0"
"SURVEY","2022","YEAR","","COUNTY","NEBRASKA","31","SOUTHEAST","90","FILLMORE","059","","","00000000","","CORN","CORN, GRAIN - YIELD, MEASURED IN BU / ACRE","TOTAL","NOT SPECIFIED","192","4.6"
"SURVEY","2022","YEAR","","COUNTY","NEBRASKA","31","SOUTHEAST","90","GAGE","067","","","00000000","","CORN","CORN, GRAIN - YIELD, MEASURED IN BU / ACRE","TOTAL","NOT SPECIFIED","133.8","2.7"
"SURVEY","2022","YEAR","","COUNTY","NEBRASKA","31","SOUTHEAST","90","JEFFERSON","095","","","00000000","","CORN","CORN, GRAIN - YIELD, MEASURED IN BU / ACRE","TOTAL","NOT SPECIFIED","169.9","3.6"
"SURVEY","2022","YEAR","","COUNTY","NEBRASKA","31","SOUTHEAST","90","JOHNSON","097","","","00000000","","CORN","CORN, GRAIN - YIELD, MEASURED IN BU / ACRE","TOTAL","NOT SPECIFIED","125.2","6.7"
"SURVEY","2022","YEAR","","COUNTY","NEBRASKA","31","SOUTHEAST","90","NEMAHA","127","","","00000000","","CORN","CORN, GRAIN - YIELD, MEASURED IN BU / ACRE","TOTAL","NOT SPECIFIED","153","6.1"
"SURVEY","2022","YEAR","","COUNTY","NEBRASKA","31","SOUTHEAST","90","NUCKOLLS","129","","","00000000","","CORN","CORN, GRAIN - YIELD, MEASURED IN BU / ACRE","TOTAL","NOT SPECIFIED","163.5","7.1"
"SURVEY","2022","YEAR","","COUNTY","NEBRASKA","31","SOUTHEAST","90","OTOE","131","","","00000000","","CORN","CORN, GRAIN - YIELD, MEASURED IN BU / ACRE","TOTAL","NOT SPECIFIED","129.8","5.0"
"SURVEY","2022","YEAR","","COUNTY","NEBRASKA","31","SOUTHEAST","90","PAWNEE","133","","","00000000","","CORN","CORN, GRAIN - YIELD, MEASURED IN BU / ACRE","TOTAL","NOT SPECIFIED","140.3","12.9"
"SURVEY","2022","YEAR","","COUNTY","NEBRASKA","31","SOUTHEAST","90","RICHARDSON","147","","","00000000","","CORN","CORN, GRAIN - YIELD, MEASURED IN BU / ACRE","TOTAL","NOT SPECIFIED","166.9","4.6"
"SURVEY","2022","YEAR","","COUNTY","NEBRASKA","31","SOUTHEAST","90","SALINE","151","","","00000000","","CORN","CORN, GRAIN - YIELD, MEASURED IN BU / ACRE","TOTAL","NOT SPECIFIED","157.6","6.4"
"SURVEY","2022","YEAR","","COUNTY","NEBRASKA","31","SOUTHEAST","90","THAYER","169","","","00000000","","CORN","CORN, GRAIN - YIELD, MEASURED IN BU / ACRE","TOTAL","NOT SPECIFIED","183.9","6.3"
"SURVEY","2022","YEAR","","COUNTY","NEBRASKA","31","SOUTHWEST","70","CHASE","029","","","00000000","","CORN","CORN, GRAIN - YIELD, MEASURED IN BU / ACRE","TOTAL","NOT SPECIFIED","125.6","5.2"
"SURVEY","2022","YEAR","","COUNTY","NEBRASKA","31","SOUTHWEST","70","DUNDY","057","","","00000000","","CORN","CORN, GRAIN - YIELD, MEASURED IN BU / ACRE","TOTAL","NOT SPECIFIED","169.5","10.5"
"SURVEY","2022","YEAR","","COUNTY","NEBRASKA","31","SOUTHWEST","70","FRONTIER","063","","","00000000","","CORN","CORN, GRAIN - YIELD, MEASURED IN BU / ACRE","TOTAL","NOT SPECIFIED","124.4","9.0"
"SURVEY","2022","YEAR","","COUNTY","NEBRASKA","31","SOUTHWEST","70","HAYES","085","","","00000000","","CORN","CORN, GRAIN - YIELD, MEASURED IN BU / ACRE","TOTAL","NOT SPECIFIED","157.3","6.6"
"SURVEY","2022","YEAR","","COUNTY","NEBRASKA","31","SOUTHWEST","70","HITCHCOCK","087","","","00000000","","CORN","CORN, GRAIN - YIELD, MEASURED IN BU / ACRE","TOTAL","NOT SPECIFIED","144","16.3"
"SURVEY","2022","YEAR","","COUNTY","NEBRASKA","31","SOUTHWEST","70","LINCOLN","111","","","00000000","","CORN","CORN, GRAIN - YIELD, MEASURED IN BU / ACRE","TOTAL","NOT SPECIFIED","165.6","6.1"
"SURVEY","2022","YEAR","","COUNTY","NEBRASKA","31","SOUTHWEST","70","RED WILLOW","145","","","00000000","","CORN","CORN, GRAIN - YIELD, MEASURED IN BU / ACRE","TOTAL","NOT SPECIFIED","125.7","8.4"
"SURVEY","2021","YEAR","","COUNTY","IOWA","19","","99","OTHER COUNTIES","","","","00000000","","CORN","CORN, GRAIN - YIELD, MEASURED IN BU / ACRE","TOTAL","NOT SPECIFIED","203.8","0.7"
"SURVEY","2021","YEAR","","COUNTY","IOWA","19","CENTRAL","50","BOONE","015","","","00000000","","CORN","CORN, GRAIN - YIELD, MEASURED IN BU / ACRE","TOTAL","NOT SPECIFIED","208.4","2.3"
"SURVEY","2021","YEAR","","COUNTY","IOWA","19","CENTRAL","50","DALLAS","049","","","00000000","","CORN","CORN, GRAIN - YIELD, MEASURED IN BU / ACRE","TOTAL","NOT SPECIFIED","209.9","2.2"
"SURVEY","2021","YEAR","","COUNTY","IOWA","19","CENTRAL","50","GRUNDY","075","","","00000000","","CORN","CORN, GRAIN - YIELD, MEASURED IN BU / ACRE","TOTAL","NOT SPECIFIED","209.4","2.5"
"SURVEY","2021","YEAR","","COUNTY","IOWA","19","CENTRAL","50","HARDIN","083","","","00000000","","CORN","CORN, GRAIN - YIELD, MEASURED IN BU / ACRE","TOTAL","NOT SPECIFIED","193.2","1.6"
"SURVEY","2021","YEAR","","COUNTY","IOWA","19","CENTRAL","50","JASPER","099","","","00000000","","CORN","CORN, GRAIN - YIELD, MEASURED IN BU / ACRE","TOTAL","NOT SPECIFIED","221.7","2.0"
"SURVEY","2021","YEAR","","COUNTY","IOWA","19","CENTRAL","50","MARSHALL","127","","","00000000","","CORN","CORN, GRAIN - YIELD, MEASURED IN BU / ACRE","TOTAL","NOT SPECIFIED","211.5","3.1"
"SURVEY","2021","YEAR","","COUNTY","IOWA","19","CENTRAL","50","POLK","153","","","00000000","","CORN","CORN, GRAIN - YIELD, MEASURED IN BU / ACRE","TOTAL","NOT SPECIFIED","217.5","2.7"
"SURVEY","2021","YEAR","","COUNTY","IOWA","19","CENTRAL","50","POWESHIEK","157","","","00000000","","CORN","CORN, GRAIN - YIELD, MEASURED IN BU / ACRE","TOTAL","NOT SPECIFIED","201","2.8"
"SURVEY","2021","YEAR","","COUNTY","IOWA","19","CENTRAL","50","STORY","169","","","00000000","","CORN","CORN, GRAIN - YIELD, MEASURED IN BU / ACRE","TOTAL","NOT SPECIFIED","201.2","1.9"
"SURVEY","2021","YEAR","","COUNTY","IOWA","19","CENTRAL","50","TAMA","171","","","00000000","","CORN","CORN, GRAIN - YIELD, MEASURED IN BU / ACRE","TOTAL","NOT SPECIFIED","213.9","2.3"
"SURVEY","2021","YEAR","","COUNTY","IOWA","19","CENTRAL","50","WEBSTER","187","","","00000000","","CORN","CORN, GRAIN - YIELD, MEASURED IN BU / ACRE","TOTAL","NOT SPECIFIED","216.2","1.3"
"SURVEY","2021","YEAR","","COUNTY","IOWA","19","EAST CENTRAL","60","BENTON","011","","","00000000","","CORN","CORN, GRAIN - YIELD, MEASURED IN BU / ACRE","TOTAL","NOT SPECIFIED","211.7","4.3"
"SURVEY","2021","YEAR","","COUNTY","IOWA","19","EAST CENTRAL","60","CEDAR","031","","","00000000","","CORN","CORN, GRAIN - YIELD, MEASURED IN BU / ACRE","TOTAL","NOT SPECIFIED","207.1","2.6"
"SURVEY","2021","YEAR","","COUNTY","IOWA","19","EAST CENTRAL","60","CLINTON","045","","","00000000","","CORN","CORN, GRAIN - YIELD, MEASURED IN BU / ACRE","TOTAL","NOT SPECIFIED","206.5","2.0"
"SURVEY","2021","YEAR","","COUNTY","IOWA","19","EAST CENTRAL","60","JACKSON","097","","","00000000","","CORN","CORN, GRAIN - YIELD, MEASURED IN BU / ACRE","TOTAL","NOT SPECIFIED","191.2","2.4"
"SURVEY","2021","YEAR","","COUNTY","IOWA","19","EAST CENTRAL","60","MUSCATINE","139","","","00000000","","CORN","CORN, GRAIN - YIELD, MEASURED IN BU / ACRE","TOTAL","NOT SPECIFIED","204.5","2.5"
"SURVEY","2021","YEAR","","COUNTY","IOWA","19","EAST CENTRAL","60","SCOTT","163","","","00000000","","CORN","CORN, GRAIN - YIELD, MEASURED IN BU / ACRE","TOTAL","NOT SPECIFIED","206.8","1.2"
"SURVEY","2021","YEAR","","COUNTY","IOWA","19","NORTH CENTRAL","20","BUTLER","023","","","00000000","","CORN","CORN, GRAIN - YIELD, MEASURED IN BU / ACRE","TOTAL","NOT SPECIFIED","204.5","3.1"
"SURVEY","2021","YEAR","","COUNTY","IOWA","19","NORTH CENTRAL","20","CERRO GORDO","033","","","00000000","","CORN","CORN, GRAIN - YIELD, MEASURED IN BU / ACRE","TOTAL","NOT SPECIFIED","200","3.1"
"SURVEY","2021","YEAR","","COUNTY","IOWA","19","NORTH CENTRAL","20","FLOYD","067","","","00000000","","CORN","CORN, GRAIN - YIELD, MEASURED IN BU / ACRE","TOTAL","NOT SPECIFIED","204.4","1.6"
"SURVEY","2021","YEAR","","COUNTY","IOWA","19","NORTH CENTRAL","20","FRANKLIN","069","","","00000000","","CORN","CORN, GRAIN - YIELD, MEASURED IN BU / ACRE","TOTAL","NOT SPECIFIED","198.9","1.9"
"SURVEY","2021","YEAR","","COUNTY","IOWA","19","NORTH CENTRAL","20","HANCOCK","081","","","00000000","","CORN","CORN, GRAIN - YIELD, MEASURED IN BU / ACRE","TOTAL","NOT SPECIFIED","209.8","1.4"
"SURVEY","2021","YEAR","","COUNTY","IOWA","19","NORTH CENTRAL","20","HUMBOLDT","091","","","00000000","","CORN","CORN, GRAIN - YIELD, MEASURED IN BU / ACRE","TOTAL","NOT SPECIFIED","205.4","1.9"
"SURVEY","2021","YEAR","","COUNTY","IOWA","19","NORTH CENTRAL","20","KOSSUTH","109","","","00000000","","CORN","CORN, GRAIN - YIELD, MEASURED IN BU / ACRE","TOTAL","NOT SPECIFIED","190.7","2.0"
"SURVEY","2021","YEAR","","COUNTY","IOWA","19","NORTH CENTRAL","20","MITCHELL","131","","","00000000","","CORN","CORN, GRAIN - YIELD, MEASURED IN BU / ACRE","TOTAL","NOT SPECIFIED","203.3","2.6"
"SURVEY","2021","YEAR","","COUNTY","IOWA","19","NORTH CENTRAL","20","WINNEBAGO","189","","","00000000","","CORN","CORN, GRAIN - YIELD, MEASURED IN BU / ACRE","TOTAL","NOT SPECIFIED","197.6","1.4"
"SURVEY","2021","YEAR","","COUNTY","IOWA","19","NORTH CENTRAL","20","WORTH","195","","","00000000","","CORN","CORN, GRAIN - YIELD, MEASURED IN BU / ACRE","TOTAL","NOT SPECIFIED","207.4","2.5"
"SURVEY","2021","YEAR","","COUNTY","IOWA","19","NORTH CENTRAL","20","WRIGHT","197","","","00000000","","CORN","CORN, GRAIN - YIELD, MEASURED IN BU / ACRE","TOTAL","NOT SPECIFIED","192.2","2.3"
"SURVEY","2021","YEAR","","COUNTY","IOWA","19","NORTHEAST","30","ALLAMAKEE","005","","","00000000","","CORN","CORN, GRAIN - YIELD, MEASURED IN BU / ACRE","TOTAL","NOT SPECIFIED","198.5","2.7"
"SURVEY","2021","YEAR","","COUNTY","IOWA","19","NORTHEAST","30","BLACK HAWK","013","","","00000000","","CORN","CORN, GRAIN - YIELD, MEASURED IN BU / ACRE","TOTAL","NOT SPECIFIED","193.6","1.7"
"SURVEY","2021","YEAR","","COUNTY","IOWA","19","NORTHEAST","30","BREMER","017","","","00000000","","CORN","CORN, GRAIN - YIELD, MEASURED IN BU / ACRE","TOTAL","NOT SPECIFIED","200.1","2.1"
"SURVEY","2021","YEAR","","COUNTY","IOWA","19","NORTHEAST","30","BUCHANAN","019","","","00000000","","CORN","CORN, GRAIN - YIELD, MEASURED IN BU / ACRE","TOTAL","NOT SPECIFIED","209","1.8"
"SURVEY","2021","YEAR","","COUNTY","IOWA","19","NORTHEAST","30","CHICKASAW","037","","","00000000","","CORN","CORN, GRAIN - YIELD, MEASURED IN BU / ACRE","TOTAL","NOT SPECIFIED","208.2","1.3"
"SURVEY","2021","YEAR","","COUNTY","IOWA","19","NORTHEAST","30","CLAYTON","043","","","00000000","","CORN","CORN, GRAIN - YIELD, MEASURED IN BU / ACRE","TOTAL","NOT SPECIFIED","195.3","3.4"
"SURVEY","2021","YEAR","","COUNTY","IOWA","19","NORTHEAST","30","DELAWARE","055","","","00000000","","CORN","CORN, GRAIN - YIELD, MEASURED IN BU / ACRE","TOTAL","NOT SPECIFIED","218","0.8"
"SURVEY","2021","YEAR","","COUNTY","IOWA","19","NORTHEAST","30","DUBUQUE","061","","","00000000","","CORN","CORN, GRAIN - YIELD, MEASURED IN BU / ACRE","TOTAL","NOT SPECIFIED","217.2","1.5"
"SURVEY","2021","YEAR","","COUNTY","IOWA","19","NORTHEAST","30","FAYETTE","065","","","00000000","","CORN","CORN, GRAIN - YIELD, MEASURED IN BU / ACRE","TOTAL","NOT SPECIFIED","205.6","1.8"
"SURVEY","2021","YEAR","","COUNTY","IOWA","19","NORTHEAST","30","HOWARD","089","","","00000000","","CORN","CORN, GRAIN - YIELD, MEASURED IN BU / ACRE","TOTAL","NOT SPECIFIED","207.3","1.5"
"SURVEY","2021","YEAR","","COUNTY","IOWA","19","NORTHEAST","30","WINNESHIEK","191","","","00000000","","CORN","CORN, GRAIN - YIELD, MEASURED IN BU / ACRE","TOTAL","NOT SPECIFIED","199.3","1.7"
"SURVEY","2021","YEAR","","COUNTY","IOWA","19","NORTHWEST","10","BUENA VISTA","021","","","00000000","","CORN","CORN, GRAIN - YIELD, MEASURED IN BU / ACRE","TOTAL","NOT SPECIFIED","203.9","1.8"
"SURVEY","2021","YEAR","","COUNTY","IOWA","19","NORTHWEST","10","CLAY","041","","","00000000","","CORN","CORN, GRAIN - YIELD, MEASURED IN BU / ACRE","TOTAL","NOT SPECIFIED","203.3","2.0"
"SURVEY","2021","YEAR","","COUNTY","IOWA","19","NORTHWEST","10","DICKINSON","059","","","00000000","","CORN","CORN, GRAIN - YIELD, MEASURED IN BU / ACRE","TOTAL","NOT SPECIFIED","177.7","1.6"
"SURVEY","2021","YEAR","","COUNTY","IOWA","19","NORTHWEST","10","EMMET","063","","","00000000","","CORN","CORN, GRAIN - YIELD, MEASURED IN BU / ACRE","TOTAL","NOT SPECIFIED","182.5","1.4"
"SURVEY","2021","YEAR","","COUNTY","IOWA","19","NORTHWEST","10","LYON","119","","","00000000","","CORN","CORN, GRAIN - YIELD, MEASURED IN BU / ACRE","TOTAL","NOT SPECIFIED","216.7","1.9"
"SURVEY","2021","YEAR","","COUNTY","IOWA","19","NORTHWEST","10","O BRIEN","141","","","00000000","","CORN","CORN, GRAIN - YIELD, MEASURED IN BU / ACRE","TOTAL","NOT SPECIFIED","213.5","1.8"
"SURVEY","2021","YEAR","","COUNTY","IOWA","19","NORTHWEST","10","OSCEOLA","143","","","00000000","","CORN","CORN, GRAIN - YIELD, MEASURED IN BU / ACRE","TOTAL","NOT SPECIFIED","208","1.5"
"SURVEY","2021","YEAR","","COUNTY","IOWA","19","NORTHWEST","10","PALO ALTO","147","","","00000000","","CORN","CORN, GRAIN - YIELD, MEASURED IN BU / ACRE","TOTAL","NOT SPECIFIED","190.1","2.3"
"SURVEY","2021","YEAR","","COUNTY","IOWA","19","NORTHWEST","10","PLYMOUTH","149","","","00000000","","CORN","CORN, GRAIN - YIELD, MEASURED IN BU / ACRE","TOTAL","NOT SPECIFIED","190.9","3.4"
"SURVEY","2021","YEAR","","COUNTY","IOWA","19","NORTHWEST","10","POCAHONTAS","151","","","00000000","","CORN","CORN, GRAIN - YIELD, MEASURED IN BU / ACRE","TOTAL","NOT SPECIFIED","213.9","1.2"
"SURVEY","2021","YEAR","","COUNTY","IOWA","19","NORTHWEST","10","SIOUX","167","","","00000000","","CORN","CORN, GRAIN - YIELD, MEASURED IN BU / ACRE","TOTAL","NOT SPECIFIED","220.6","1.9"
"SURVEY","2021","YEAR","","COUNTY","IOWA","19","SOUTH CENTRAL","80","APPANOOSE","007","","","00000000","","CORN","CORN, GRAIN - YIELD, MEASURED IN BU / ACRE","TOTAL","NOT SPECIFIED","171.6","2.5"
"SURVEY","2021","YEAR","","COUNTY","IOWA","19","SOUTH CENTRAL","80","LUCAS","117","","","00000000","","CORN","CORN, GRAIN - YIELD, MEASURED IN BU / ACRE","TOTAL","NOT SPECIFIED","166.1","2.5"
"SURVEY","2021","YEAR","","COUNTY","IOWA","19","SOUTH CENTRAL","80","MADISON","121","","","00000000","","CORN","CORN, GRAIN - YIELD, MEASURED IN BU / ACRE","TOTAL","NOT SPECIFIED","195.6","2.9"
"SURVEY","2021","YEAR","","COUNTY","IOWA","19","SOUTH CENTRAL","80","MARION","125","","","00000000","","CORN","CORN, GRAIN - YIELD, MEASURED IN BU / ACRE","TOTAL","NOT SPECIFIED","199.1","2.3"
"SURVEY","2021","YEAR","","COUNTY","IOWA","19","SOUTH CENTRAL","80","MONROE","135","","","00000000","","CORN","CORN, GRAIN - YIELD, MEASURED IN BU / ACRE","TOTAL","NOT SPECIFIED","166.1","5.0"
"SURVEY","2021","YEAR","","COUNTY","IOWA","19","SOUTH CENTRAL","80","RINGGOLD","159","","","00000000","","CORN","CORN, GRAIN - YIELD, MEASURED IN BU / ACRE","TOTAL","NOT SPECIFIED","175.8","1.4"
"SURVEY","2021","YEAR","","COUNTY","IOWA","19","SOUTH CENTRAL","80","UNION","175","","","00000000","","CORN","CORN, GRAIN - YIELD, MEASURED IN BU / ACRE","TOTAL","NOT SPECIFIED","185.2","3.2"
"SURVEY","2021","YEAR","","COUNTY","IOWA","19","SOUTH CENTRAL","80","WAYNE","185","","","00000000","","CORN","CORN, GRAIN - YIELD, MEASURED IN BU / ACRE","TOTAL","NOT SPECIFIED","177","2.8"
"SURVEY","2021","YEAR","","COUNTY","IOWA","19","SOUTHEAST","90","DAVIS","051","","","00000000","","CORN","CORN, GRAIN - YIELD, MEASURED IN BU / ACRE","TOTAL","NOT SPECIFIED","152.5","5.7"
"SURVEY","2021","YEAR","","COUNTY","IOWA","19","SOUTHEAST","90","HENRY","087","","","00000000","","CORN","CORN, GRAIN - YIELD, MEASURED IN BU / ACRE","TOTAL","NOT SPECIFIED","167.7","4.3"
"SURVEY","2021","YEAR","","COUNTY","IOWA","19","SOUTHEAST","90","JEFFERSON","101","","","00000000","","CORN","CORN, GRAIN - YIELD, MEASURED IN BU / ACRE","TOTAL","NOT SPECIFIED","163.3","4.4"
"SURVEY","2021","YEAR","","COUNTY","IOWA","19","SOUTHEAST","90","KEOKUK","107","","","00000000","","CORN","CORN, GRAIN - YIELD, MEASURED IN BU / ACRE","TOTAL","NOT SPECIFIED","176.5","2.2"
"SURVEY","2021","YEAR","","COUNTY","IOWA","19","SOUTHEAST","90","LEE","111","","","00000000","","CORN","CORN, GRAIN - YIELD, MEASURED IN BU / ACRE","TOTAL","NOT SPECIFIED","160.4","5.5"
"SURVEY","2021","YEAR","","COUNTY","IOWA","19","SOUTHEAST","90","LOUISA","115","","","00000000","","CORN","CORN, GRAIN - YIELD, MEASURED IN BU / ACRE","TOTAL","NOT SPECIFIED","189.5","3.7"
"SURVEY","2021","YEAR","","COUNTY","IOWA","19","SOUTHEAST","90","MAHASKA","123","","","00000000","","CORN","CORN, GRAIN - YIELD, MEASURED IN BU / ACRE","TOTAL","NOT SPECIFIED","200.5","2.0"
"SURVEY","2021","YEAR","","COUNTY","IOWA","19","SOUTHEAST","90","VAN BUREN","177","","","00000000","","CORN","CORN, GRAIN - YIELD, MEASURED IN BU / ACRE","TOTAL","NOT SPECIFIED","162.5","6.1"
"SURVEY","2021","YEAR","","COUNTY","IOWA","19","SOUTHEAST","90","WAPELLO","179","","","00000000","","CORN","CORN, GRAIN - YIELD, MEASURED IN BU / ACRE","TOTAL","NOT SPECIFIED","178","1.9"
"SURVEY","2021","YEAR","","COUNTY","IOWA","19","SOUTHWEST","70","CASS","029","","","00000000","","CORN","CORN, GRAIN - YIELD, MEASURED IN BU / ACRE","TOTAL","NOT SPECIFIED","212.4","2.8"
"SURVEY","2021","YEAR","","COUNTY","IOWA","19","SOUTHWEST","70","FREMONT","071","","","00000000","","CORN","CORN, GRAIN - YIELD, MEASURED IN BU / ACRE","TOTAL","NOT SPECIFIED","206.7","2.9"
"SURVEY","2021","YEAR","","COUNTY","IOWA","19","SOUTHWEST","70","MILLS","129","","","00000000","","CORN","CORN, GRAIN - YIELD, MEASURED IN BU / ACRE","TOTAL","NOT SPECIFIED","209.8","1.9"
"SURVEY","2021","YEAR","","COUNTY","IOWA","19","SOUTHWEST","70","MONTGOMERY","137","","","00000000","","CORN","CORN, GRAIN - YIELD, MEASURED IN BU / ACRE","TOTAL","NOT SPECIFIED","204.9","3.4"
"SURVEY","2021","YEAR","","COUNTY","IOWA","19","SOUTHWEST","70","PAGE","145","","","00000000","","CORN","CORN, GRAIN - YIELD, MEASURED IN BU / ACRE","TOTAL","NOT SPECIFIED","206.9","2.3"
"SURVEY","2021","YEAR","","COUNTY","IOWA","19","SOUTHWEST","70","POTTAWATTAMIE","155","","","00000000","","CORN","CORN, GRAIN - YIELD, MEASURED IN BU / ACRE","TOTAL","NOT SPECIFIED","216.3","2.7"
"SURVEY","2021","YEAR","","COUNTY","IOWA","19","SOUTHWEST","70","TAYLOR","173","","","00000000","","CORN","CORN, GRAIN - YIELD, MEASURED IN BU / ACRE","TOTAL","NOT SPECIFIED","192","3.1"
"SURVEY","2021","YEAR","","COUNTY","IOWA","19","WEST CENTRAL","40","AUDUBON","009","","","00000000","","CORN","CORN, GRAIN - YIELD, MEASURED IN BU / ACRE","TOTAL","NOT SPECIFIED","216","1.7"
"SURVEY","2021","YEAR","","COUNTY","IOWA","19","WEST CENTRAL","40","CALHOUN","025","","","00000000","","CORN","CORN, GRAIN - YIELD, MEASURED IN BU / ACRE","TOTAL","NOT SPECIFIED","217.8","2.1"
"SURVEY","2021","YEAR","","COUNTY","IOWA","19","WEST CENTRAL","40","CARROLL","027","","","00000000","","CORN","CORN, GRAIN - YIELD, MEASURED IN BU / ACRE","TOTAL","NOT SPECIFIED","218.3","1.6"
"SURVEY","2021","YEAR","","COUNTY","IOWA","19","WEST CENTRAL","40","CRAWFORD","047","","","00000000","","CORN","CORN, GRAIN - YIELD, MEASURED IN BU / ACRE","TOTAL","NOT SPECIFIED","218.5","2.7"
"SURVEY","2021","YEAR","","COUNTY","IOWA","19","WEST CENTRAL","40","GREENE","073","","","00000000","","CORN","CORN, GRAIN - YIELD, MEASURED IN BU / ACRE","TOTAL","NOT SPECIFIED","220.5","2.3"
"SURVEY","2021","YEAR","","COUNTY","IOWA","19","WEST CENTRAL","40","GUTHRIE","077","","","00000000","","CORN","CORN, GRAIN - YIELD, MEASURED IN BU / ACRE","TOTAL","NOT SPECIFIED","220","2.4"
"SURVEY","2021","YEAR","","COUNTY","IOWA","19","WEST CENTRAL","40","IDA","093","","","00000000","","CORN","CORN, GRAIN - YIELD, MEASURED IN BU / ACRE","TOTAL","NOT SPECIFIED","226.8","2.1"
"SURVEY","2021","YEAR","","COUNTY","IOWA","19","WEST CENTRAL","40","MONONA","133","","","00000000","","CORN","CORN, GRAIN - YIELD, MEASURED IN BU / ACRE","TOTAL","NOT SPECIFIED","197.7","3.7"
"SURVEY","2021","YEAR","","COUNTY","IOWA","19","WEST CENTRAL","40","SAC","161","","","00000000","","CORN","CORN, GRAIN - YIELD, MEASURED IN BU / ACRE","TOTAL","NOT SPECIFIED","231","2.0"
"SURVEY","2021","YEAR","","COUNTY","IOWA","19","WEST CENTRAL","40","WOODBURY","193","","","00000000","","CORN","CORN, GRAIN - YIELD, MEASURED IN BU / ACRE","TOTAL","NOT SPECIFIED","206.7","1.1"
"SURVEY","2021","YEAR","","COUNTY","NEBRASKA","31","","99","OTHER COUNTIES","","","","00000000","","CORN","CORN, GRAIN - YIELD, MEASURED IN BU / ACRE","TOTAL","NOT SPECIFIED","201.6","0.6"
"SURVEY","2021","YEAR","","COUNTY","NEBRASKA","31","CENTRAL","50","GREELEY","077","","","00000000","","CORN","CORN, GRAIN - YIELD, MEASURED IN BU / ACRE","TOTAL","NOT SPECIFIED","222.6","3.6"
"SURVEY","2021","YEAR","","COUNTY","NEBRASKA","31","CENTRAL","50","HOWARD","093","","","00000000","","CORN","CORN, GRAIN - YIELD, MEASURED IN BU / ACRE","TOTAL","NOT SPECIFIED","198.6","3.1"
"SURVEY","2021","YEAR","","COUNTY","NEBRASKA","31","CENTRAL","50","SHERMAN","163","","","00000000","","CORN","CORN, GRAIN - YIELD, MEASURED IN BU / ACRE","TOTAL","NOT SPECIFIED","222","3.6"
"SURVEY","2021","YEAR","","COUNTY","NEBRASKA","31","CENTRAL","50","VALLEY","175","","","00000000","","CORN","CORN, GRAIN - YIELD, MEASURED IN BU / ACRE","TOTAL","NOT SPECIFIED","229.9","3.0"
"SURVEY","2021","YEAR","","COUNTY","NEBRASKA","31","EAST","60","BUTLER","023","","","00000000","","CORN","CORN, GRAIN - YIELD, MEASURED IN BU / ACRE","TOTAL","NOT SPECIFIED","205.1","3.9"
"SURVEY","2021","YEAR","","COUNTY","NEBRASKA","31","EAST","60","COLFAX","037","","","00000000","","CORN","CORN, GRAIN - YIELD, MEASURED IN BU / ACRE","TOTAL","NOT SPECIFIED","228.3","3.1"
"SURVEY","2021","YEAR","","COUNTY","NEBRASKA","31","EAST","60","DODGE","053","","","00000000","","CORN","CORN, GRAIN - YIELD, MEASURED IN BU / ACRE","TOTAL","NOT SPECIFIED","220.8","2.0"
"SURVEY","2021","YEAR","","COUNTY","NEBRASKA","31","EAST","60","DOUGLAS","055","","","00000000","","CORN","CORN, GRAIN - YIELD, MEASURED IN BU / ACRE","TOTAL","NOT SPECIFIED","194.5","3.7"
"SURVEY","2021","YEAR","","COUNTY","NEBRASKA","31","EAST","60","LANCASTER","109","","","00000000","","CORN","CORN, GRAIN - YIELD, MEASURED IN BU / ACRE","TOTAL","NOT SPECIFIED","181.2","3.4"
"SURVEY","2021","YEAR","","COUNTY","NEBRASKA","31","EAST","60","NANCE","125","","","00000000","","CORN","CORN, GRAIN - YIELD, MEASURED IN BU / ACRE","TOTAL","NOT SPECIFIED","205.3","5.4"
"SURVEY","2021","YEAR","","COUNTY","NEBRASKA","31","EAST","60","PLATTE","141","","","00000000","","CORN","CORN, GRAIN - YIELD, MEASURED IN BU / ACRE","TOTAL","NOT SPECIFIED","213.3","3.1"
"SURVEY","2021","YEAR","","COUNTY","NEBRASKA","31","EAST","60","SARPY","153","","","00000000","","CORN","CORN, GRAIN - YIELD, MEASURED IN BU / ACRE","TOTAL","NOT SPECIFIED","210","3.0"
"SURVEY","2021","YEAR","","COUNTY","NEBRASKA","31","EAST","60","SEWARD","159","","","00000000","","CORN","CORN, GRAIN - YIELD, MEASURED IN BU / ACRE","TOTAL","NOT SPECIFIED","218.5","2.4"
"SURVEY","2021","YEAR","","COUNTY","NEBRASKA","31","EAST","60","WASHINGTON","177","","","00000000","","CORN","CORN, GRAIN - YIELD, MEASURED IN BU / ACRE","TOTAL","NOT SPECIFIED","204.4","2.6"
"SURVEY","2021","YEAR","","COUNTY","NEBRASKA","31","NORTH","20","BOYD","015","","","00000000","","CORN","CORN, GRAIN - YIELD, MEASURED IN BU / ACRE","TOTAL","NOT SPECIFIED","152.2","13.3"
"SURVEY","2021","YEAR","","COUNTY","NEBRASKA","31","NORTH","20","BROWN","017","","","00000000","","CORN","CORN, GRAIN - YIELD, MEASURED IN BU / ACRE","TOTAL","NOT SPECIFIED","228.8","5.6"
"SURVEY","2021","YEAR","","COUNTY","NEBRASKA","31","NORTH","20","CHERRY","031","","","00000000","","CORN","CORN, GRAIN - YIELD, MEASURED IN BU / ACRE","TOTAL","NOT SPECIFIED","181.2","12.5"
"SURVEY","2021","YEAR","","COUNTY","NEBRASKA","31","NORTH","20","GARFIELD","071","","","00000000","","CORN","CORN, GRAIN - YIELD, MEASURED IN BU / ACRE","TOTAL","NOT SPECIFIED","208.6","7.3"
"SURVEY","2021","YEAR","","COUNTY","NEBRASKA","31","NORTH","20","KEYA PAHA","103","","","00000000","","CORN","CORN, GRAIN - YIELD, MEASURED IN BU / ACRE","TOTAL","NOT SPECIFIED","163.6","12.2"
"SURVEY","2021","YEAR","","COUNTY","NEBRASKA","31","NORTH","20","ROCK","149","","","00000000","","CORN","CORN, GRAIN - YIELD, MEASURED IN BU / ACRE","TOTAL","NOT SPECIFIED","195.3","13.0"
"SURVEY","2021","YEAR","","COUNTY","NEBRASKA","31","NORTHEAST","30","BURT","021","","","00000000","","CORN","CORN, GRAIN - YIELD, MEASURED IN BU / ACRE","TOTAL","NOT SPECIFIED","216.3","3.1"
"SURVEY","2021","YEAR","","COUNTY","NEBRASKA","31","NORTHEAST","30","CEDAR","027","","","00000000","","CORN","CORN, GRAIN - YIELD, MEASURED IN BU / ACRE","TOTAL","NOT SPECIFIED","201.4","3.7"
"SURVEY","2021","YEAR","","COUNTY","NEBRASKA","31","NORTHEAST","30","CUMING","039","","","00000000","","CORN","CORN, GRAIN - YIELD, MEASURED IN BU / ACRE","TOTAL","NOT SPECIFIED","218.4","2.5"
"SURVEY","2021","YEAR","","COUNTY","NEBRASKA","31","NORTHEAST","30","DAKOTA","043","","","00000000","","CORN","CORN, GRAIN - YIELD, MEASURED IN BU / ACRE","TOTAL","NOT SPECIFIED","190.6","2.1"
"SURVEY","2021","YEAR","","COUNTY","NEBRASKA","31","NORTHEAST","30","KNOX","107","","","00000000","","CORN","CORN, GRAIN - YIELD, MEASURED IN BU / ACRE","TOTAL","NOT SPECIFIED","179.9","3.7"
"SURVEY","2021","YEAR","","COUNTY","NEBRASKA","31","NORTHEAST","30","MADISON","119","","","00000000","","CORN","CORN, GRAIN - YIELD, MEASURED IN BU / ACRE","TOTAL","NOT SPECIFIED","192.1","2.9"
"SURVEY","2021","YEAR","","COUNTY","NEBRASKA","31","NORTHEAST","30","PIERCE","139","","","00000000","","CORN","CORN, GRAIN - YIELD, MEASURED IN BU / ACRE","TOTAL","NOT SPECIFIED","199.5","3.3"
"SURVEY","2021","YEAR","","COUNTY","NEBRASKA","31","NORTHEAST","30","THURSTON","173","","","00000000","","CORN","CORN, GRAIN - YIELD, MEASURED IN BU / ACRE","TOTAL","NOT SPECIFIED","205.9","2.8"
"SURVEY","2021","YEAR","","COUNTY","NEBRASKA","31","NORTHEAST","30","WAYNE","179","","","00000000","","CORN","CORN, GRAIN - YIELD, MEASURED IN BU / ACRE","TOTAL","NOT SPECIFIED","198.1","3.0"
"SURVEY","2021","YEAR","","COUNTY","NEBRASKA","31","NORTHWEST","10","BOX BUTTE","013","","","00000000","","CORN","CORN, GRAIN - YIELD, MEASURED IN BU / ACRE","TOTAL","NOT SPECIFIED","144.8","9.9"
"SURVEY","2021","YEAR","","COUNTY","NEBRASKA","31","NORTHWEST","10","DEUEL","049","","","00000000","","CORN","CORN, GRAIN - YIELD, MEASURED IN BU / ACRE","TOTAL","NOT SPECIFIED","81.5","8.0"
"SURVEY","2021","YEAR","","COUNTY","NEBRASKA","31","NORTHWEST","10","MORRILL","123","","","00000000","","CORN","CORN, GRAIN - YIELD, MEASURED IN BU / ACRE","TOTAL","NOT SPECIFIED","178.3","3.2"
"SURVEY","2021","YEAR","","COUNTY","NEBRASKA","31","NORTHWEST","10","SCOTTS BLUFF","157","","","00000000","","CORN","CORN, GRAIN - YIELD, MEASURED IN BU / ACRE","TOTAL","NOT SPECIFIED","184.9","3.6"
"SURVEY","2021","YEAR","","COUNTY","NEBRASKA","31","NORTHWEST","10","SHERIDAN","161","","","00000000","","CORN","CORN, GRAIN - YIELD, MEASURED IN BU / ACRE","TOTAL","NOT SPECIFIED","148.9","11.9"
"SURVEY","2021","YEAR","","COUNTY","NEBRASKA","31","NORTHWEST","10","SIOUX","165","","","00000000","","CORN","CORN, GRAIN - YIELD, MEASURED IN BU / ACRE","TOTAL","NOT SPECIFIED","183.8","7.7"
"SURVEY","2021","YEAR","","COUNTY","NEBRASKA","31","SOUTH","80","ADAMS","001","","","00000000","","CORN","CORN, GRAIN - YIELD, MEASURED IN BU / ACRE","TOTAL","NOT SPECIFIED","228.7","1.9"
"SURVEY","2021","YEAR","","COUNTY","NEBRASKA","31","SOUTH","80","FRANKLIN","061","","","00000000","","CORN","CORN, GRAIN - YIELD, MEASURED IN BU / ACRE","TOTAL","NOT SPECIFIED","208.9","6.9"
"SURVEY","2021","YEAR","","COUNTY","NEBRASKA","31","SOUTH","80","FURNAS","065","","","00000000","","CORN","CORN, GRAIN - YIELD, MEASURED IN BU / ACRE","TOTAL","NOT SPECIFIED","161.4","7.4"
"SURVEY","2021","YEAR","","COUNTY","NEBRASKA","31","SOUTH","80","GOSPER","073","","","00000000","","CORN","CORN, GRAIN - YIELD, MEASURED IN BU / ACRE","TOTAL","NOT SPECIFIED","218.3","6.7"
"SURVEY","2021","YEAR","","COUNTY","NEBRASKA","31","SOUTH","80","HARLAN","083","","","00000000","","CORN","CORN, GRAIN - YIELD, MEASURED IN BU / ACRE","TOTAL","NOT SPECIFIED","216.7","4.8"
"SURVEY","2021","YEAR","","COUNTY","NEBRASKA","31","SOUTH","80","PHELPS","137","","","00000000","","CORN","CORN, GRAIN - YIELD, MEASURED IN BU / ACRE","TOTAL","NOT SPECIFIED","227","3.5"
"SURVEY","2021","YEAR","","COUNTY","NEBRASKA","31","SOUTHEAST","90","GAGE","067","","","00000000","","CORN","CORN, GRAIN - YIELD, MEASURED IN BU / ACRE","TOTAL","NOT SPECIFIED","167.5","5.5"
"SURVEY","2021","YEAR","","COUNTY","NEBRASKA","31","SOUTHEAST","90","NEMAHA","127","","","00000000","","CORN","CORN, GRAIN - YIELD, MEASURED IN BU / ACRE","TOTAL","NOT SPECIFIED","184.7","1.7"
"SURVEY","2021","YEAR","","COUNTY","NEBRASKA","31","SOUTHEAST","90","OTOE","131","","","00000000","","CORN","CORN, GRAIN - YIELD, MEASURED IN BU / ACRE","TOTAL","NOT SPECIFIED","182.5","1.9"
"SURVEY","2021","YEAR","","COUNTY","NEBRASKA","31","SOUTHEAST","90","PAWNEE","133","","","00000000","","CORN","CORN, GRAIN - YIELD, MEASURED IN BU / ACRE","TOTAL","NOT SPECIFIED","160.7","4.2"
"SURVEY","2021","YEAR","","COUNTY","NEBRASKA","31","SOUTHEAST","90","RICHARDSON","147","","","00000000","","CORN","CORN, GRAIN - YIELD, MEASURED IN BU / ACRE","TOTAL","NOT SPECIFIED","180.7","4.1"
"SURVEY","2021","YEAR","","COUNTY","NEBRASKA","31","SOUTHEAST","90","THAYER","169","","","00000000","","CORN","CORN, GRAIN - YIELD, MEASURED IN BU / ACRE","TOTAL","NOT SPECIFIED","200.7","2.6"
"SURVEY","2021","YEAR","","COUNTY","NEBRASKA","31","SOUTHWEST","70","CHASE","029","","","00000000","","CORN","CORN, GRAIN - YIELD, MEASURED IN BU / ACRE","TOTAL","NOT SPECIFIED","182.3","2.9"
"SURVEY","2021","YEAR","","COUNTY","NEBRASKA","31","SOUTHWEST","70","DUNDY","057","","","00000000","","CORN","CORN, GRAIN - YIELD, MEASURED IN BU / ACRE","TOTAL","NOT SPECIFIED","144.1","12.8"
"SURVEY","2021","YEAR","","COUNTY","NEBRASKA","31","SOUTHWEST","70","FRONTIER","063","","","00000000","","CORN","CORN, GRAIN - YIELD, MEASURED IN BU / ACRE","TOTAL","NOT SPECIFIED","131.3","9.7"
"SURVEY","2021","YEAR","","COUNTY","NEBRASKA","31","SOUTHWEST","70","HAYES","085","","","00000000","","CORN","CORN, GRAIN - YIELD, MEASURED IN BU / ACRE","TOTAL","NOT SPECIFIED","109.3","11.1"
"SURVEY","2021","YEAR","","COUNTY","NEBRASKA","31","SOUTHWEST","70","KEITH","101","","","00000000","","CORN","CORN, GRAIN - YIELD, MEASURED IN BU / ACRE","TOTAL","NOT SPECIFIED","122.5","15.6"
"SURVEY","2021","YEAR","","COUNTY","NEBRASKA","31","SOUTHWEST","70","LINCOLN","111","","","00000000","","CORN","CORN, GRAIN - YIELD, MEASURED IN BU / ACRE","TOTAL","NOT SPECIFIED","191.9","4.6"
"SURVEY","2021","YEAR","","COUNTY","NEBRASKA","31","SOUTHWEST","70","PERKINS","135","","","00000000","","CORN","CORN, GRAIN - YIELD, MEASURED IN BU / ACRE","TOTAL","NOT SPECIFIED","136.9","7.5"
"SURVEY","2021","YEAR","","COUNTY","NEBRASKA","31","SOUTHWEST","70","RED WILLOW","145","","","00000000","","CORN","CORN, GRAIN - YIELD, MEASURED IN BU / ACRE","TOTAL","NOT SPECIFIED","145.6","8.8"
"SURVEY","2020","YEAR","","COUNTY","IOWA","19","","99","OTHER COUNTIES","","","","00000000","","CORN","CORN, GRAIN - YIELD, MEASURED IN BU / ACRE","TOTAL","NOT SPECIFIED","175.4","1.7"
"SURVEY","2020","YEAR","","COUNTY","IOWA","19","CENTRAL","50","BOONE","015","","","00000000","","CORN","CORN, GRAIN - YIELD, MEASURED IN BU / ACRE","TOTAL","NOT SPECIFIED","160.7","3.5"
"SURVEY","2020","YEAR","","COUNTY","IOWA","19","CENTRAL","50","DALLAS","049","","","00000000","","CORN","CORN, GRAIN - YIELD, MEASURED IN BU / ACRE","TOTAL","NOT SPECIFIED","139.7","4.6"
"SURVEY","2020","YEAR","","COUNTY","IOWA","19","CENTRAL","50","GRUNDY","075","","","00000000","","CORN","CORN, GRAIN - YIELD, MEASURED IN BU / ACRE","TOTAL","NOT SPECIFIED","182.7","2.8"
"SURVEY","2020","YEAR","","COUNTY","IOWA","19","CENTRAL","50","HAMILTON","079","","","00000000","","CORN","CORN, GRAIN - YIELD, MEASURED IN BU / ACRE","TOTAL","NOT SPECIFIED","166.2","3.8"
"SURVEY","2020","YEAR","","COUNTY","IOWA","19","CENTRAL","50","HARDIN","083","","","00000000","","CORN","CORN, GRAIN - YIELD, MEASURED IN BU / ACRE","TOTAL","NOT SPECIFIED","155.7","4.4"
"SURVEY","2020","YEAR","","COUNTY","IOWA","19","CENTRAL","50","POLK","153","","","00000000","","CORN","CORN, GRAIN - YIELD, MEASURED IN BU / ACRE","TOTAL","NOT SPECIFIED","150.2","3.7"
"SURVEY","2020","YEAR","","COUNTY","IOWA","19","CENTRAL","50","POWESHIEK","157","","","00000000","","CORN","CORN, GRAIN - YIELD, MEASURED IN BU / ACRE","TOTAL","NOT SPECIFIED","138.2","4.6"
"SURVEY","2020","YEAR","","COUNTY","IOWA","19","CENTRAL","50","STORY","169","","","00000000","","CORN","CORN, GRAIN - YIELD, MEASURED IN BU / ACRE","TOTAL","NOT SPECIFIED","148.4","2.6"
"SURVEY","2020","YEAR","","COUNTY","IOWA","19","CENTRAL","50","TAMA","171","","","00000000","","CORN","CORN, GRAIN - YIELD, MEASURED IN BU / ACRE","TOTAL","NOT SPECIFIED","132.7","4.9"
"SURVEY","2020","YEAR","","COUNTY","IOWA","19","CENTRAL","50","WEBSTER","187","","","00000000","","CORN","CORN, GRAIN - YIELD, MEASURED IN BU / ACRE","TOTAL","NOT SPECIFIED","173.1","2.5"
"SURVEY","2020","YEAR","","COUNTY","IOWA","19","EAST CENTRAL","60","BENTON","011","","","00000000","","CORN","CORN, GRAIN - YIELD, MEASURED IN BU / ACRE","TOTAL","NOT SPECIFIED","144.8","5.9"
"SURVEY","2020","YEAR","","COUNTY","IOWA","19","EAST CENTRAL","60","CEDAR","031","","","00000000","","CORN","CORN, GRAIN - YIELD, MEASURED IN BU / ACRE","TOTAL","NOT SPECIFIED","153.3","2.3"
"SURVEY","2020","YEAR","","COUNTY","IOWA","19","EAST CENTRAL","60","CLINTON","045","","","00000000","","CORN","CORN, GRAIN - YIELD, MEASURED IN BU / ACRE","TOTAL","NOT SPECIFIED","178.4","2.9"
"SURVEY","2020","YEAR","","COUNTY","IOWA","19","EAST CENTRAL","60","IOWA","095","","","00000000","","CORN","CORN, GRAIN - YIELD, MEASURED IN BU / ACRE","TOTAL","NOT SPECIFIED","151.1","5.3"
"SURVEY","2020","YEAR","","COUNTY","IOWA","19","EAST CENTRAL","60","JACKSON","097","","","00000000","","CORN","CORN, GRAIN - YIELD, MEASURED IN BU / ACRE","TOTAL","NOT SPECIFIED","185.6","2.5"
"SURVEY","2020","YEAR","","COUNTY","IOWA","19","EAST CENTRAL","60","JOHNSON","103","","","00000000","","CORN","CORN, GRAIN - YIELD, MEASURED IN BU / ACRE","TOTAL","NOT SPECIFIED","161.8","4.3"
"SURVEY","2020","YEAR","","COUNTY","IOWA","19","EAST CENTRAL","60","JONES","105","","","00000000","","CORN","CORN, GRAIN - YIELD, MEASURED IN BU / ACRE","TOTAL","NOT SPECIFIED","171.6","1.8"
"SURVEY","2020","YEAR","","COUNTY","IOWA","19","EAST CENTRAL","60","LINN","113","","","00000000","","CORN","CORN, GRAIN - YIELD, MEASURED IN BU / ACRE","TOTAL","NOT SPECIFIED","164.9","3.9"
"SURVEY","2020","YEAR","","COUNTY","IOWA","19","EAST CENTRAL","60","MUSCATINE","139","","","00000000","","CORN","CORN, GRAIN - YIELD, MEASURED IN BU / ACRE","TOTAL","NOT SPECIFIED","172.8","3.8"
"SURVEY","2020","YEAR","","COUNTY","IOWA","19","EAST CENTRAL","60","SCOTT","163","","","00000000","","CORN","CORN, GRAIN - YIELD, MEASURED IN BU / ACRE","TOTAL","NOT SPECIFIED","181.3","1.6"
"SURVEY","2020","YEAR","","COUNTY","IOWA","19","NORTH CENTRAL","20","BUTLER","023","","","00000000","","CORN","CORN, GRAIN - YIELD, MEASURED IN BU / ACRE","TOTAL","NOT SPECIFIED","192.8","2.9"
"SURVEY","2020","YEAR","","COUNTY","IOWA","19","NORTH CENTRAL","20","CERRO GORDO","033","","","00000000","","CORN","CORN, GRAIN - YIELD, MEASURED IN BU / ACRE","TOTAL","NOT SPECIFIED","182.5","2.7"
"SURVEY","2020","YEAR","","COUNTY","IOWA","19","NORTH CENTRAL","20","FLOYD","067","","","00000000","","CORN","CORN, GRAIN - YIELD, MEASURED IN BU / ACRE","TOTAL","NOT SPECIFIED","187.4","1.8"
"SURVEY","2020","YEAR","","COUNTY","IOWA","19","NORTH CENTRAL","20","FRANKLIN","069","","","00000000","","CORN","CORN, GRAIN - YIELD, MEASURED IN BU / ACRE","TOTAL","NOT SPECIFIED","180.1","1.7"
"SURVEY","2020","YEAR","","COUNTY","IOWA","19","NORTH CENTRAL","20","HANCOCK","081","","","00000000","","CORN","CORN, GRAIN - YIELD, MEASURED IN BU / ACRE","TOTAL","NOT SPECIFIED","200","1.3"
"SURVEY","2020","YEAR","","COUNTY","IOWA","19","NORTH CENTRAL","20","HUMBOLDT","091","","","00000000","","CORN","CORN, GRAIN - YIELD, MEASURED IN BU / ACRE","TOTAL","NOT SPECIFIED","188.4","2.8"
"SURVEY","2020","YEAR","","COUNTY","IOWA","19","NORTH CENTRAL","20","KOSSUTH","109","","","00000000","","CORN","CORN, GRAIN - YIELD, MEASURED IN BU / ACRE","TOTAL","NOT SPECIFIED","190.7","1.7"
"SURVEY","2020","YEAR","","COUNTY","IOWA","19","NORTH CENTRAL","20","MITCHELL","131","","","00000000","","CORN","CORN, GRAIN - YIELD, MEASURED IN BU / ACRE","TOTAL","NOT SPECIFIED","203.3","1.8"
"SURVEY","2020","YEAR","","COUNTY","IOWA","19","NORTH CENTRAL","20","WINNEBAGO","189","","","00000000","","CORN","CORN, GRAIN - YIELD, MEASURED IN BU / ACRE","TOTAL","NOT SPECIFIED","207.1","1.3"
"SURVEY","2020","YEAR","","COUNTY","IOWA","19","NORTH CENTRAL","20","WORTH","195","","","00000000","","CORN","CORN, GRAIN - YIELD, MEASURED IN BU / ACRE","TOTAL","NOT SPECIFIED","205.7","2.4"
"SURVEY","2020","YEAR","","COUNTY","IOWA","19","NORTH CENTRAL","20","WRIGHT","197","","","00000000","","CORN","CORN, GRAIN - YIELD, MEASURED IN BU / ACRE","TOTAL","NOT SPECIFIED","186","1.7"
"SURVEY","2020","YEAR","","COUNTY","IOWA","19","NORTHEAST","30","ALLAMAKEE","005","","","00000000","","CORN","CORN, GRAIN - YIELD, MEASURED IN BU / ACRE","TOTAL","NOT SPECIFIED","196.3","3.3"
"SURVEY","2020","YEAR","","COUNTY","IOWA","19","NORTHEAST","30","BLACK HAWK","013","","","00000000","","CORN","CORN, GRAIN - YIELD, MEASURED IN BU / ACRE","TOTAL","NOT SPECIFIED","169.8","2.3"
"SURVEY","2020","YEAR","","COUNTY","IOWA","19","NORTHEAST","30","BREMER","017","","","00000000","","CORN","CORN, GRAIN - YIELD, MEASURED IN BU / ACRE","TOTAL","NOT SPECIFIED","187.6","1.2"
"SURVEY","2020","YEAR","","COUNTY","IOWA","19","NORTHEAST","30","BUCHANAN","019","","","00000000","","CORN","CORN, GRAIN - YIELD, MEASURED IN BU / ACRE","TOTAL","NOT SPECIFIED","188.3","1.0"
"SURVEY","2020","YEAR","","COUNTY","IOWA","19","NORTHEAST","30","CHICKASAW","037","","","00000000","","CORN","CORN, GRAIN - YIELD, MEASURED IN BU / ACRE","TOTAL","NOT SPECIFIED","185.7","1.9"
"SURVEY","2020","YEAR","","COUNTY","IOWA","19","NORTHEAST","30","CLAYTON","043","","","00000000","","CORN","CORN, GRAIN - YIELD, MEASURED IN BU / ACRE","TOTAL","NOT SPECIFIED","191.1","3.6"
"SURVEY","2020","YEAR","","COUNTY","IOWA","19","NORTHEAST","30","DELAWARE","055","","","00000000","","CORN","CORN, GRAIN - YIELD, MEASURED IN BU / ACRE","TOTAL","NOT SPECIFIED","190.4","2.2"
"SURVEY","2020","YEAR","","COUNTY","IOWA","19","NORTHEAST","30","DUBUQUE","061","","","00000000","","CORN","CORN, GRAIN - YIELD, MEASURED IN BU / ACRE","TOTAL","NOT SPECIFIED","197.1","3.0"
"SURVEY","2020","YEAR","","COUNTY","IOWA","19","NORTHEAST","30","FAYETTE","065","","","00000000","","CORN","CORN, GRAIN - YIELD, MEASURED IN BU / ACRE","TOTAL","NOT SPECIFIED","180.1","1.1"
"SURVEY","2020","YEAR","","COUNTY","IOWA","19","NORTHEAST","30","HOWARD","089","","","00000000","","CORN","CORN, GRAIN - YIELD, MEASURED IN BU / ACRE","TOTAL","NOT SPECIFIED","188.6","1.4"
"SURVEY","2020","YEAR","","COUNTY","IOWA","19","NORTHEAST","30","WINNESHIEK","191","","","00000000","","CORN","CORN, GRAIN - YIELD, MEASURED IN BU / ACRE","TOTAL","NOT SPECIFIED","178.2","1.2"
"SURVEY","2020","YEAR","","COUNTY","IOWA","19","NORTHWEST","10","BUENA VISTA","021","","","00000000","","CORN","CORN, GRAIN - YIELD, MEASURED IN BU / ACRE","TOTAL","NOT SPECIFIED","183.9","2.9"
"SURVEY","2020","YEAR","","COUNTY","IOWA","19","NORTHWEST","10","CHEROKEE","035","","","00000000","","CORN","CORN, GRAIN - YIELD, MEASURED IN BU / ACRE","TOTAL","NOT SPECIFIED","185.7","2.1"
"SURVEY","2020","YEAR","","COUNTY","IOWA","19","NORTHWEST","10","CLAY","041","","","00000000","","CORN","CORN, GRAIN - YIELD, MEASURED IN BU / ACRE","TOTAL","NOT SPECIFIED","168.1","3.4"
"SURVEY","2020","YEAR","","COUNTY","IOWA","19","NORTHWEST","10","DICKINSON","059","","","00000000","","CORN","CORN, GRAIN - YIELD, MEASURED IN BU / ACRE","TOTAL","NOT SPECIFIED","182.2","1.4"
"SURVEY","2020","YEAR","","COUNTY","IOWA","19","NORTHWEST","10","EMMET","063","","","00000000","","CORN","CORN, GRAIN - YIELD, MEASURED IN BU / ACRE","TOTAL","NOT SPECIFIED","186.1","1.6"
"SURVEY","2020","YEAR","","COUNTY","IOWA","19","NORTHWEST","10","LYON","119","","","00000000","","CORN","CORN, GRAIN - YIELD, MEASURED IN BU / ACRE","TOTAL","NOT SPECIFIED","197","2.9"
"SURVEY","2020","YEAR","","COUNTY","IOWA","19","NORTHWEST","10","O BRIEN","141","","","00000000","","CORN","CORN, GRAIN - YIELD, MEASURED IN BU / ACRE","TOTAL","NOT SPECIFIED","199.5","1.6"
"SURVEY","2020","YEAR","","COUNTY","IOWA","19","NORTHWEST","10","OSCEOLA","143","","","00000000","","CORN","CORN, GRAIN - YIELD, MEASURED IN BU / ACRE","TOTAL","NOT SPECIFIED","185.3","0.8"
"SURVEY","2020","YEAR","","COUNTY","IOWA","19","NORTHWEST","10","PALO ALTO","147","","","00000000","","CORN","CORN, GRAIN - YIELD, MEASURED IN BU / ACRE","TOTAL","NOT SPECIFIED","181.1","2.0"
"SURVEY","2020","YEAR","","COUNTY","IOWA","19","NORTHWEST","10","POCAHONTAS","151","","","00000000","","CORN","CORN, GRAIN - YIELD, MEASURED IN BU / ACRE","TOTAL","NOT SPECIFIED","186.2","1.4"
"SURVEY","2020","YEAR","","COUNTY","IOWA","19","NORTHWEST","10","SIOUX","167","","","00000000","","CORN","CORN, GRAIN - YIELD, MEASURED IN BU / ACRE","TOTAL","NOT SPECIFIED","201.8","2.7"
"SURVEY","2020","YEAR","","COUNTY","IOWA","19","SOUTH CENTRAL","80","APPANOOSE","007","","","00000000","","CORN","CORN, GRAIN - YIELD, MEASURED IN BU / ACRE","TOTAL","NOT SPECIFIED","143.6","3.1"
"SURVEY","2020","YEAR","","COUNTY","IOWA","19","SOUTH CENTRAL","80","CLARKE","039","","","00000000","","CORN","CORN, GRAIN - YIELD, MEASURED IN BU / ACRE","TOTAL","NOT SPECIFIED","155.2","3.6"
"SURVEY","2020","YEAR","","COUNTY","IOWA","19","SOUTH CENTRAL","80","DECATUR","053","","","00000000","","CORN","CORN, GRAIN - YIELD, MEASURED IN BU / ACRE","TOTAL","NOT SPECIFIED","159.3","2.9"
"SURVEY","2020","YEAR","","COUNTY","IOWA","19","SOUTH CENTRAL","80","LUCAS","117","","","00000000","","CORN","CORN, GRAIN - YIELD, MEASURED IN BU / ACRE","TOTAL","NOT SPECIFIED","149.2","2.3"
"SURVEY","2020","YEAR","","COUNTY","IOWA","19","SOUTH CENTRAL","80","MADISON","121","","","00000000","","CORN","CORN, GRAIN - YIELD, MEASURED IN BU / ACRE","TOTAL","NOT SPECIFIED","172","4.6"
"SURVEY","2020","YEAR","","COUNTY","IOWA","19","SOUTH CENTRAL","80","MONROE","135","","","00000000","","CORN","CORN, GRAIN - YIELD, MEASURED IN BU / ACRE","TOTAL","NOT SPECIFIED","153.8","5.7"
"SURVEY","2020","YEAR","","COUNTY","IOWA","19","SOUTH CENTRAL","80","RINGGOLD","159","","","00000000","","CORN","CORN, GRAIN - YIELD, MEASURED IN BU / ACRE","TOTAL","NOT SPECIFIED","159.1","4.2"
"SURVEY","2020","YEAR","","COUNTY","IOWA","19","SOUTH CENTRAL","80","UNION","175","","","00000000","","CORN","CORN, GRAIN - YIELD, MEASURED IN BU / ACRE","TOTAL","NOT SPECIFIED","179.7","2.1"
"SURVEY","2020","YEAR","","COUNTY","IOWA","19","SOUTH CENTRAL","80","WARREN","181","","","00000000","","CORN","CORN, GRAIN - YIELD, MEASURED IN BU / ACRE","TOTAL","NOT SPECIFIED","168","4.4"
"SURVEY","2020","YEAR","","COUNTY","IOWA","19","SOUTH CENTRAL","80","WAYNE","185","","","00000000","","CORN","CORN, GRAIN - YIELD, MEASURED IN BU / ACRE","TOTAL","NOT SPECIFIED","168.8","2.7"
"SURVEY","2020","YEAR","","COUNTY","IOWA","19","SOUTHEAST","90","DAVIS","051","","","00000000","","CORN","CORN, GRAIN - YIELD, MEASURED IN BU / ACRE","TOTAL","NOT SPECIFIED","170","1.5"
"SURVEY","2020","YEAR","","COUNTY","IOWA","19","SOUTHEAST","90","DES MOINES","057","","","00000000","","CORN","CORN, GRAIN - YIELD, MEASURED IN BU / ACRE","TOTAL","NOT SPECIFIED","190.2","2.6"
"SURVEY","2020","YEAR","","COUNTY","IOWA","19","SOUTHEAST","90","HENRY","087","","","00000000","","CORN","CORN, GRAIN - YIELD, MEASURED IN BU / ACRE","TOTAL","NOT SPECIFIED","172","2.5"
"SURVEY","2020","YEAR","","COUNTY","IOWA","19","SOUTHEAST","90","JEFFERSON","101","","","00000000","","CORN","CORN, GRAIN - YIELD, MEASURED IN BU / ACRE","TOTAL","NOT SPECIFIED","167.3","2.3"
"SURVEY","2020","YEAR","","COUNTY","IOWA","19","SOUTHEAST","90","KEOKUK","107","","","00000000","","CORN","CORN, GRAIN - YIELD, MEASURED IN BU / ACRE","TOTAL","NOT SPECIFIED","163.5","2.0"
"SURVEY","2020","YEAR","","COUNTY","IOWA","19","SOUTHEAST","90","LEE","111","","","00000000","","CORN","CORN, GRAIN - YIELD, MEASURED IN BU / ACRE","TOTAL","NOT SPECIFIED","174.3","2.1"
"SURVEY","2020","YEAR","","COUNTY","IOWA","19","SOUTHEAST","90","LOUISA","115","","","00000000","","CORN","CORN, GRAIN - YIELD, MEASURED IN BU / ACRE","TOTAL","NOT SPECIFIED","181.6","3.3"
"SURVEY","2020","YEAR","","COUNTY","IOWA","19","SOUTHEAST","90","MAHASKA","123","","","00000000","","CORN","CORN, GRAIN - YIELD, MEASURED IN BU / ACRE","TOTAL","NOT SPECIFIED","180.8","2.5"
"SURVEY","2020","YEAR","","COUNTY","IOWA","19","SOUTHEAST","90","VAN BUREN","177","","","00000000","","CORN","CORN, GRAIN - YIELD, MEASURED IN BU / ACRE","TOTAL","NOT SPECIFIED","153.5","2.6"
"SURVEY","2020","YEAR","","COUNTY","IOWA","19","SOUTHEAST","90","WAPELLO","179","","","00000000","","CORN","CORN, GRAIN - YIELD, MEASURED IN BU / ACRE","TOTAL","NOT SPECIFIED","170.6","2.1"
"SURVEY","2020","YEAR","","COUNTY","IOWA","19","SOUTHEAST","90","WASHINGTON","183","","","00000000","","CORN","CORN, GRAIN - YIELD, MEASURED IN BU / ACRE","TOTAL","NOT SPECIFIED","185.4","3.2"
"SURVEY","2020","YEAR","","COUNTY","IOWA","19","SOUTHWEST","70","ADAIR","001","","","00000000","","CORN","CORN, GRAIN - YIELD, MEASURED IN BU / ACRE","TOTAL","NOT SPECIFIED","168.7","3.7"
"SURVEY","2020","YEAR","","COUNTY","IOWA","19","SOUTHWEST","70","ADAMS","003","","","00000000","","CORN","CORN, GRAIN - YIELD, MEASURED IN BU / ACRE","TOTAL","NOT SPECIFIED","173.3","1.7"
"SURVEY","2020","YEAR","","COUNTY","IOWA","19","SOUTHWEST","70","CASS","029","","","00000000","","CORN","CORN, GRAIN - YIELD, MEASURED IN BU / ACRE","TOTAL","NOT SPECIFIED","177.5","2.9"
"SURVEY","2020","YEAR","","COUNTY","IOWA","19","SOUTHWEST","70","FREMONT","071","","","00000000","","CORN","CORN, GRAIN - YIELD, MEASURED IN BU / ACRE","TOTAL","NOT SPECIFIED","194.8","2.2"
"SURVEY","2020","YEAR","","COUNTY","IOWA","19","SOUTHWEST","70","MILLS","129","","","00000000","","CORN","CORN, GRAIN - YIELD, MEASURED IN BU / ACRE","TOTAL","NOT SPECIFIED","182.2","4.0"
"SURVEY","2020","YEAR","","COUNTY","IOWA","19","SOUTHWEST","70","MONTGOMERY","137","","","00000000","","CORN","CORN, GRAIN - YIELD, MEASURED IN BU / ACRE","TOTAL","NOT SPECIFIED","184.6","2.5"
"SURVEY","2020","YEAR","","COUNTY","IOWA","19","SOUTHWEST","70","PAGE","145","","","00000000","","CORN","CORN, GRAIN - YIELD, MEASURED IN BU / ACRE","TOTAL","NOT SPECIFIED","181.6","3.2"
"SURVEY","2020","YEAR","","COUNTY","IOWA","19","SOUTHWEST","70","POTTAWATTAMIE","155","","","00000000","","CORN","CORN, GRAIN - YIELD, MEASURED IN BU / ACRE","TOTAL","NOT SPECIFIED","176.3","4.0"
"SURVEY","2020","YEAR","","COUNTY","IOWA","19","SOUTHWEST","70","TAYLOR","173","","","00000000","","CORN","CORN, GRAIN - YIELD, MEASURED IN BU / ACRE","TOTAL","NOT SPECIFIED","166.2","2.2"
"SURVEY","2020","YEAR","","COUNTY","IOWA","19","WEST CENTRAL","40","AUDUBON","009","","","00000000","","CORN","CORN, GRAIN - YIELD, MEASURED IN BU / ACRE","TOTAL","NOT SPECIFIED","170.8","2.5"
"SURVEY","2020","YEAR","","COUNTY","IOWA","19","WEST CENTRAL","40","CALHOUN","025","","","00000000","","CORN","CORN, GRAIN - YIELD, MEASURED IN BU / ACRE","TOTAL","NOT SPECIFIED","159.6","2.7"
"SURVEY","2020","YEAR","","COUNTY","IOWA","19","WEST CENTRAL","40","CARROLL","027","","","00000000","","CORN","CORN, GRAIN - YIELD, MEASURED IN BU / ACRE","TOTAL","NOT SPECIFIED","150.6","1.0"
"SURVEY","2020","YEAR","","COUNTY","IOWA","19","WEST CENTRAL","40","CRAWFORD","047","","","00000000","","CORN","CORN, GRAIN - YIELD, MEASURED IN BU / ACRE","TOTAL","NOT SPECIFIED","181.2","1.9"
"SURVEY","2020","YEAR","","COUNTY","IOWA","19","WEST CENTRAL","40","GREENE","073","","","00000000","","CORN","CORN, GRAIN - YIELD, MEASURED IN BU / ACRE","TOTAL","NOT SPECIFIED","153.8","4.1"
"SURVEY","2020","YEAR","","COUNTY","IOWA","19","WEST CENTRAL","40","GUTHRIE","077","","","00000000","","CORN","CORN, GRAIN - YIELD, MEASURED IN BU / ACRE","TOTAL","NOT SPECIFIED","151.3","5.7"
"SURVEY","2020","YEAR","","COUNTY","IOWA","19","WEST CENTRAL","40","HARRISON","085","","","00000000","","CORN","CORN, GRAIN - YIELD, MEASURED IN BU / ACRE","TOTAL","NOT SPECIFIED","180.2","1.7"
"SURVEY","2020","YEAR","","COUNTY","IOWA","19","WEST CENTRAL","40","IDA","093","","","00000000","","CORN","CORN, GRAIN - YIELD, MEASURED IN BU / ACRE","TOTAL","NOT SPECIFIED","188.2","1.7"
"SURVEY","2020","YEAR","","COUNTY","IOWA","19","WEST CENTRAL","40","MONONA","133","","","00000000","","CORN","CORN, GRAIN - YIELD, MEASURED IN BU / ACRE","TOTAL","NOT SPECIFIED","178.4","4.4"
"SURVEY","2020","YEAR","","COUNTY","IOWA","19","WEST CENTRAL","40","SAC","161","","","00000000","","CORN","CORN, GRAIN - YIELD, MEASURED IN BU / ACRE","TOTAL","NOT SPECIFIED","161","3.8"
"SURVEY","2020","YEAR","","COUNTY","IOWA","19","WEST CENTRAL","40","SHELBY","165","","","00000000","","CORN","CORN, GRAIN - YIELD, MEASURED IN BU / ACRE","TOTAL","NOT SPECIFIED","190.5","2.7"
"SURVEY","2020","YEAR","","COUNTY","IOWA","19","WEST CENTRAL","40","WOODBURY","193","","","00000000","","CORN","CORN, GRAIN - YIELD, MEASURED IN BU / ACRE","TOTAL","NOT SPECIFIED","191","2.1"
"SURVEY","2020","YEAR","","COUNTY","NEBRASKA","31","","99","OTHER COUNTIES","","","","00000000","","CORN","CORN, GRAIN - YIELD, MEASURED IN BU / ACRE","TOTAL","NOT SPECIFIED","177","2.5"
"SURVEY","2020","YEAR","","COUNTY","NEBRASKA","31","CENTRAL","50","BUFFALO","019","","","00000000","","CORN","CORN, GRAIN - YIELD, MEASURED IN BU / ACRE","TOTAL","NOT SPECIFIED","204.7","2.4"
"SURVEY","2020","YEAR","","COUNTY","NEBRASKA","31","CENTRAL","50","CUSTER","041","","","00000000","","CORN","CORN, GRAIN - YIELD, MEASURED IN BU / ACRE","TOTAL","NOT SPECIFIED","200.7","4.5"
"SURVEY","2020","YEAR","","COUNTY","NEBRASKA","31","CENTRAL","50","DAWSON","047","","","00000000","","CORN","CORN, GRAIN - YIELD, MEASURED IN BU / ACRE","TOTAL","NOT SPECIFIED","198","5.6"
"SURVEY","2020","YEAR","","COUNTY","NEBRASKA","31","CENTRAL","50","GREELEY","077","","","00000000","","CORN","CORN, GRAIN - YIELD, MEASURED IN BU / ACRE","TOTAL","NOT SPECIFIED","203.4","2.3"
"SURVEY","2020","YEAR","","COUNTY","NEBRASKA","31","CENTRAL","50","HALL","079","","","00000000","","CORN","CORN, GRAIN - YIELD, MEASURED IN BU / ACRE","TOTAL","NOT SPECIFIED","201.8","2.4"
"SURVEY","2020","YEAR","","COUNTY","NEBRASKA","31","CENTRAL","50","HOWARD","093","","","00000000","","CORN","CORN, GRAIN - YIELD, MEASURED IN BU / ACRE","TOTAL","NOT SPECIFIED","190.8","1.5"
"SURVEY","2020","YEAR","","COUNTY","NEBRASKA","31","CENTRAL","50","SHERMAN","163","","","00000000","","CORN","CORN, GRAIN - YIELD, MEASURED IN BU / ACRE","TOTAL","NOT SPECIFIED","195.9","2.2"
"SURVEY","2020","YEAR","","COUNTY","NEBRASKA","31","CENTRAL","50","VALLEY","175","","","00000000","","CORN","CORN, GRAIN - YIELD, MEASURED IN BU / ACRE","TOTAL","NOT SPECIFIED","195","3.4"
"SURVEY","2020","YEAR","","COUNTY","NEBRASKA","31","EAST","60","BUTLER","023","","","00000000","","CORN","CORN, GRAIN - YIELD, MEASURED IN BU / ACRE","TOTAL","NOT SPECIFIED","179","5.2"
"SURVEY","2020","YEAR","","COUNTY","NEBRASKA","31","EAST","60","CASS","025","","","00000000","","CORN","CORN, GRAIN - YIELD, MEASURED IN BU / ACRE","TOTAL","NOT SPECIFIED","193.4","2.1"
"SURVEY","2020","YEAR","","COUNTY","NEBRASKA","31","EAST","60","COLFAX","037","","","00000000","","CORN","CORN, GRAIN - YIELD, MEASURED IN BU / ACRE","TOTAL","NOT SPECIFIED","189.6","1.9"
"SURVEY","2020","YEAR","","COUNTY","NEBRASKA","31","EAST","60","DODGE","053","","","00000000","","CORN","CORN, GRAIN - YIELD, MEASURED IN BU / ACRE","TOTAL","NOT SPECIFIED","181.6","2.9"
"SURVEY","2020","YEAR","","COUNTY","NEBRASKA","31","EAST","60","DOUGLAS","055","","","00000000","","CORN","CORN, GRAIN - YIELD, MEASURED IN BU / ACRE","TOTAL","NOT SPECIFIED","185.6","2.1"
"SURVEY","2020","YEAR","","COUNTY","NEBRASKA","31","EAST","60","HAMILTON","081","","","00000000","","CORN","CORN, GRAIN - YIELD, MEASURED IN BU / ACRE","TOTAL","NOT SPECIFIED","226","2.2"
"SURVEY","2020","YEAR","","COUNTY","NEBRASKA","31","EAST","60","LANCASTER","109","","","00000000","","CORN","CORN, GRAIN - YIELD, MEASURED IN BU / ACRE","TOTAL","NOT SPECIFIED","167","4.6"
"SURVEY","2020","YEAR","","COUNTY","NEBRASKA","31","EAST","60","MERRICK","121","","","00000000","","CORN","CORN, GRAIN - YIELD, MEASURED IN BU / ACRE","TOTAL","NOT SPECIFIED","189.1","3.4"
"SURVEY","2020","YEAR","","COUNTY","NEBRASKA","31","EAST","60","NANCE","125","","","00000000","","CORN","CORN, GRAIN - YIELD, MEASURED IN BU / ACRE","TOTAL","NOT SPECIFIED","189.8","2.0"
"SURVEY","2020","YEAR","","COUNTY","NEBRASKA","31","EAST","60","PLATTE","141","","","00000000","","CORN","CORN, GRAIN - YIELD, MEASURED IN BU / ACRE","TOTAL","NOT SPECIFIED","191.9","2.7"
"SURVEY","2020","YEAR","","COUNTY","NEBRASKA","31","EAST","60","POLK","143","","","00000000","","CORN","CORN, GRAIN - YIELD, MEASURED IN BU / ACRE","TOTAL","NOT SPECIFIED","202.8","2.7"
"SURVEY","2020","YEAR","","COUNTY","NEBRASKA","31","EAST","60","SARPY","153","","","00000000","","CORN","CORN, GRAIN - YIELD, MEASURED IN BU / ACRE","TOTAL","NOT SPECIFIED","201.1","2.1"
"SURVEY","2020","YEAR","","COUNTY","NEBRASKA","31","EAST","60","SAUNDERS","155","","","00000000","","CORN","CORN, GRAIN - YIELD, MEASURED IN BU / ACRE","TOTAL","NOT SPECIFIED","188.1","2.9"
"SURVEY","2020","YEAR","","COUNTY","NEBRASKA","31","EAST","60","SEWARD","159","","","00000000","","CORN","CORN, GRAIN - YIELD, MEASURED IN BU / ACRE","TOTAL","NOT SPECIFIED","186.4","4.7"
"SURVEY","2020","YEAR","","COUNTY","NEBRASKA","31","EAST","60","WASHINGTON","177","","","00000000","","CORN","CORN, GRAIN - YIELD, MEASURED IN BU / ACRE","TOTAL","NOT SPECIFIED","173.1","2.3"
"SURVEY","2020","YEAR","","COUNTY","NEBRASKA","31","EAST","60","YORK","185","","","00000000","","CORN","CORN, GRAIN - YIELD, MEASURED IN BU / ACRE","TOTAL","NOT SPECIFIED","223.1","2.0"
"SURVEY","2020","YEAR","","COUNTY","NEBRASKA","31","NORTH","20","BOYD","015","","","00000000","","CORN","CORN, GRAIN - YIELD, MEASURED IN BU / ACRE","TOTAL","NOT SPECIFIED","159.5","3.8"
"SURVEY","2020","YEAR","","COUNTY","NEBRASKA","31","NORTH","20","BROWN","017","","","00000000","","CORN","CORN, GRAIN - YIELD, MEASURED IN BU / ACRE","TOTAL","NOT SPECIFIED","214.5","1.9"
"SURVEY","2020","YEAR","","COUNTY","NEBRASKA","31","NORTH","20","GARFIELD","071","","","00000000","","CORN","CORN, GRAIN - YIELD, MEASURED IN BU / ACRE","TOTAL","NOT SPECIFIED","187.1","6.5"
"SURVEY","2020","YEAR","","COUNTY","NEBRASKA","31","NORTH","20","HOLT","089","","","00000000","","CORN","CORN, GRAIN - YIELD, MEASURED IN BU / ACRE","TOTAL","NOT SPECIFIED","195","6.8"
"SURVEY","2020","YEAR","","COUNTY","NEBRASKA","31","NORTH","20","KEYA PAHA","103","","","00000000","","CORN","CORN, GRAIN - YIELD, MEASURED IN BU / ACRE","TOTAL","NOT SPECIFIED","164.4","10.5"
"SURVEY","2020","YEAR","","COUNTY","NEBRASKA","31","NORTH","20","LOGAN","113","","","00000000","","CORN","CORN, GRAIN - YIELD, MEASURED IN BU / ACRE","TOTAL","NOT SPECIFIED","202.2","4.9"
"SURVEY","2020","YEAR","","COUNTY","NEBRASKA","31","NORTH","20","LOUP","115","","","00000000","","CORN","CORN, GRAIN - YIELD, MEASURED IN BU / ACRE","TOTAL","NOT SPECIFIED","169.3","7.5"
"SURVEY","2020","YEAR","","COUNTY","NEBRASKA","31","NORTH","20","ROCK","149","","","00000000","","CORN","CORN, GRAIN - YIELD, MEASURED IN BU / ACRE","TOTAL","NOT SPECIFIED","182.7","4.2"
"SURVEY","2020","YEAR","","COUNTY","NEBRASKA","31","NORTH","20","WHEELER","183","","","00000000","","CORN","CORN, GRAIN - YIELD, MEASURED IN BU / ACRE","TOTAL","NOT SPECIFIED","215.8","3.5"
"SURVEY","2020","YEAR","","COUNTY","NEBRASKA","31","NORTHEAST","30","BOONE","011","","","00000000","","CORN","CORN, GRAIN - YIELD, MEASURED IN BU / ACRE","TOTAL","NOT SPECIFIED","203.2","2.8"
"SURVEY","2020","YEAR","","COUNTY","NEBRASKA","31","NORTHEAST","30","BURT","021","","","00000000","","CORN","CORN, GRAIN - YIELD, MEASURED IN BU / ACRE","TOTAL","NOT SPECIFIED","180","1.8"
"SURVEY","2020","YEAR","","COUNTY","NEBRASKA","31","NORTHEAST","30","CEDAR","027","","","00000000","","CORN","CORN, GRAIN - YIELD, MEASURED IN BU / ACRE","TOTAL","NOT SPECIFIED","189.5","2.7"
"SURVEY","2020","YEAR","","COUNTY","NEBRASKA","31","NORTHEAST","30","CUMING","039","","","00000000","","CORN","CORN, GRAIN - YIELD, MEASURED IN BU / ACRE","TOTAL","NOT SPECIFIED","178.8","2.1"
"SURVEY","2020","YEAR","","COUNTY","NEBRASKA","31","NORTHEAST","30","DAKOTA","043","","","00000000","","CORN","CORN, GRAIN - YIELD, MEASURED IN BU / ACRE","TOTAL","NOT SPECIFIED","205.4","4.0"
"SURVEY","2020","YEAR","","COUNTY","NEBRASKA","31","NORTHEAST","30","DIXON","051","","","00000000","","CORN","CORN, GRAIN - YIELD, MEASURED IN BU / ACRE","TOTAL","NOT SPECIFIED","179.8","4.4"
"SURVEY","2020","YEAR","","COUNTY","NEBRASKA","31","NORTHEAST","30","KNOX","107","","","00000000","","CORN","CORN, GRAIN - YIELD, MEASURED IN BU / ACRE","TOTAL","NOT SPECIFIED","201.5","3.7"
"SURVEY","2020","YEAR","","COUNTY","NEBRASKA","31","NORTHEAST","30","MADISON","119","","","00000000","","CORN","CORN, GRAIN - YIELD, MEASURED IN BU / ACRE","TOTAL","NOT SPECIFIED","197.6","2.4"
"SURVEY","2020","YEAR","","COUNTY","NEBRASKA","31","NORTHEAST","30","PIERCE","139","","","00000000","","CORN","CORN, GRAIN - YIELD, MEASURED IN BU / ACRE","TOTAL","NOT SPECIFIED","202.4","3.2"
"SURVEY","2020","YEAR","","COUNTY","NEBRASKA","31","NORTHEAST","30","STANTON","167","","","00000000","","CORN","CORN, GRAIN - YIELD, MEASURED IN BU / ACRE","TOTAL","NOT SPECIFIED","170","2.7"
"SURVEY","2020","YEAR","","COUNTY","NEBRASKA","31","NORTHEAST","30","THURSTON","173","","","00000000","","CORN","CORN, GRAIN - YIELD, MEASURED IN BU / ACRE","TOTAL","NOT SPECIFIED","168.8","4.7"
"SURVEY","2020","YEAR","","COUNTY","NEBRASKA","31","NORTHEAST","30","WAYNE","179","","","00000000","","CORN","CORN, GRAIN - YIELD, MEASURED IN BU / ACRE","TOTAL","NOT SPECIFIED","192.4","2.7"
"SURVEY","2020","YEAR","","COUNTY","NEBRASKA","31","NORTHWEST","10","BOX BUTTE","013","","","00000000","","CORN","CORN, GRAIN - YIELD, MEASURED IN BU / ACRE","TOTAL","NOT SPECIFIED","138.6","3.9"
"SURVEY","2020","YEAR","","COUNTY","NEBRASKA","31","NORTHWEST","10","CHEYENNE","033","","","00000000","","CORN","CORN, GRAIN - YIELD, MEASURED IN BU / ACRE","TOTAL","NOT SPECIFIED","91.9","8.9"
"SURVEY","2020","YEAR","","COUNTY","NEBRASKA","31","NORTHWEST","10","DAWES","045","","","00000000","","CORN","CORN, GRAIN - YIELD, MEASURED IN BU / ACRE","TOTAL","NOT SPECIFIED","92.1","7.0"
"SURVEY","2020","YEAR","","COUNTY","NEBRASKA","31","NORTHWEST","10","DEUEL","049","","","00000000","","CORN","CORN, GRAIN - YIELD, MEASURED IN BU / ACRE","TOTAL","NOT SPECIFIED","84.6","16.4"
"SURVEY","2020","YEAR","","COUNTY","NEBRASKA","31","NORTHWEST","10","GARDEN","069","","","00000000","","CORN","CORN, GRAIN - YIELD, MEASURED IN BU / ACRE","TOTAL","NOT SPECIFIED","65.1","13.7"
"SURVEY","2020","YEAR","","COUNTY","NEBRASKA","31","NORTHWEST","10","MORRILL","123","","","00000000","","CORN","CORN, GRAIN - YIELD, MEASURED IN BU / ACRE","TOTAL","NOT SPECIFIED","159.6","4.1"
"SURVEY","2020","YEAR","","COUNTY","NEBRASKA","31","NORTHWEST","10","SCOTTS BLUFF","157","","","00000000","","CORN","CORN, GRAIN - YIELD, MEASURED IN BU / ACRE","TOTAL","NOT SPECIFIED","141.2","3.1"
"SURVEY","2020","YEAR","","COUNTY","NEBRASKA","31","NORTHWEST","10","SHERIDAN","161","","","00000000","","CORN","CORN, GRAIN - YIELD, MEASURED IN BU / ACRE","TOTAL","NOT SPECIFIED","150.2","11.2"
"SURVEY","2020","YEAR","","COUNTY","NEBRASKA","31","NORTHWEST","10","SIOUX","165","","","00000000","","CORN","CORN, GRAIN - YIELD, MEASURED IN BU / ACRE","TOTAL","NOT SPECIFIED","153.2","5.7"
"SURVEY","2020","YEAR","","COUNTY","NEBRASKA","31","SOUTH","80","ADAMS","001","","","00000000","","CORN","CORN, GRAIN - YIELD, MEASURED IN BU / ACRE","TOTAL","NOT SPECIFIED","199.6","2.6"
"SURVEY","2020","YEAR","","COUNTY","NEBRASKA","31","SOUTH","80","FRANKLIN","061","","","00000000","","CORN","CORN, GRAIN - YIELD, MEASURED IN BU / ACRE","TOTAL","NOT SPECIFIED","171.6","5.3"
"SURVEY","2020","YEAR","","COUNTY","NEBRASKA","31","SOUTH","80","FURNAS","065","","","00000000","","CORN","CORN, GRAIN - YIELD, MEASURED IN BU / ACRE","TOTAL","NOT SPECIFIED","136.3","3.5"
"SURVEY","2020","YEAR","","COUNTY","NEBRASKA","31","SOUTH","80","GOSPER","073","","","00000000","","CORN","CORN, GRAIN - YIELD, MEASURED IN BU / ACRE","TOTAL","NOT SPECIFIED","201.8","3.5"
"SURVEY","2020","YEAR","","COUNTY","NEBRASKA","31","SOUTH","80","HARLAN","083","","","00000000","","CORN","CORN, GRAIN - YIELD, MEASURED IN BU / ACRE","TOTAL","NOT SPECIFIED","181.1","3.1"
"SURVEY","2020","YEAR","","COUNTY","NEBRASKA","31","SOUTH","80","KEARNEY","099","","","00000000","","CORN","CORN, GRAIN - YIELD, MEASURED IN BU / ACRE","TOTAL","NOT SPECIFIED","208.3","3.4"
"SURVEY","2020","YEAR","","COUNTY","NEBRASKA","31","SOUTH","80","PHELPS","137","","","00000000","","CORN","CORN, GRAIN - YIELD, MEASURED IN BU / ACRE","TOTAL","NOT SPECIFIED","230","3.5"
"SURVEY","2020","YEAR","","COUNTY","NEBRASKA","31","SOUTH","80","WEBSTER","181","","","00000000","","CORN","CORN, GRAIN - YIELD, MEASURED IN BU / ACRE","TOTAL","NOT SPECIFIED","172.3","4.4"
"SURVEY","2020","YEAR","","COUNTY","NEBRASKA","31","SOUTHEAST","90","CLAY","035","","","00000000","","CORN","CORN, GRAIN - YIELD, MEASURED IN BU / ACRE","TOTAL","NOT SPECIFIED","196.9","2.0"
"SURVEY","2020","YEAR","","COUNTY","NEBRASKA","31","SOUTHEAST","90","FILLMORE","059","","","00000000","","CORN","CORN, GRAIN - YIELD, MEASURED IN BU / ACRE","TOTAL","NOT SPECIFIED","195","3.4"
"SURVEY","2020","YEAR","","COUNTY","NEBRASKA","31","SOUTHEAST","90","GAGE","067","","","00000000","","CORN","CORN, GRAIN - YIELD, MEASURED IN BU / ACRE","TOTAL","NOT SPECIFIED","162.5","2.9"
"SURVEY","2020","YEAR","","COUNTY","NEBRASKA","31","SOUTHEAST","90","JEFFERSON","095","","","00000000","","CORN","CORN, GRAIN - YIELD, MEASURED IN BU / ACRE","TOTAL","NOT SPECIFIED","174.2","2.4"
"SURVEY","2020","YEAR","","COUNTY","NEBRASKA","31","SOUTHEAST","90","JOHNSON","097","","","00000000","","CORN","CORN, GRAIN - YIELD, MEASURED IN BU / ACRE","TOTAL","NOT SPECIFIED","152.9","3.2"
"SURVEY","2020","YEAR","","COUNTY","NEBRASKA","31","SOUTHEAST","90","NEMAHA","127","","","00000000","","CORN","CORN, GRAIN - YIELD, MEASURED IN BU / ACRE","TOTAL","NOT SPECIFIED","177.1","5.4"
"SURVEY","2020","YEAR","","COUNTY","NEBRASKA","31","SOUTHEAST","90","NUCKOLLS","129","","","00000000","","CORN","CORN, GRAIN - YIELD, MEASURED IN BU / ACRE","TOTAL","NOT SPECIFIED","179","2.4"
"SURVEY","2020","YEAR","","COUNTY","NEBRASKA","31","SOUTHEAST","90","OTOE","131","","","00000000","","CORN","CORN, GRAIN - YIELD, MEASURED IN BU / ACRE","TOTAL","NOT SPECIFIED","175.9","2.7"
"SURVEY","2020","YEAR","","COUNTY","NEBRASKA","31","SOUTHEAST","90","PAWNEE","133","","","00000000","","CORN","CORN, GRAIN - YIELD, MEASURED IN BU / ACRE","TOTAL","NOT SPECIFIED","159.7","3.4"
"SURVEY","2020","YEAR","","COUNTY","NEBRASKA","31","SOUTHEAST","90","RICHARDSON","147","","","00000000","","CORN","CORN, GRAIN - YIELD, MEASURED IN BU / ACRE","TOTAL","NOT SPECIFIED","188.5","2.2"
"SURVEY","2020","YEAR","","COUNTY","NEBRASKA","31","SOUTHEAST","90","SALINE","151","","","00000000","","CORN","CORN, GRAIN - YIELD, MEASURED IN BU / ACRE","TOTAL","NOT SPECIFIED","185.2","4.6"
"SURVEY","2020","YEAR","","COUNTY","NEBRASKA","31","SOUTHEAST","90","THAYER","169","","","00000000","","CORN","CORN, GRAIN - YIELD, MEASURED IN BU / ACRE","TOTAL","NOT SPECIFIED","194","1.5"
"SURVEY","2020","YEAR","","COUNTY","NEBRASKA","31","SOUTHWEST","70","CHASE","029","","","00000000","","CORN","CORN, GRAIN - YIELD, MEASURED IN BU / ACRE","TOTAL","NOT SPECIFIED","154.6","4.2"
"SURVEY","2020","YEAR","","COUNTY","NEBRASKA","31","SOUTHWEST","70","DUNDY","057","","","00000000","","CORN","CORN, GRAIN - YIELD, MEASURED IN BU / ACRE","TOTAL","NOT SPECIFIED","125.2","8.5"
"SURVEY","2020","YEAR","","COUNTY","NEBRASKA","31","SOUTHWEST","70","FRONTIER","063","","","00000000","","CORN","CORN, GRAIN - YIELD, MEASURED IN BU / ACRE","TOTAL","NOT SPECIFIED","144","5.4"
"SURVEY","2020","YEAR","","COUNTY","NEBRASKA","31","SOUTHWEST","70","HAYES","085","","","00000000","","CORN","CORN, GRAIN - YIELD, MEASURED IN BU / ACRE","TOTAL","NOT SPECIFIED","125.9","6.8"
"SURVEY","2020","YEAR","","COUNTY","NEBRASKA","31","SOUTHWEST","70","HITCHCOCK","087","","","00000000","","CORN","CORN, GRAIN - YIELD, MEASURED IN BU / ACRE","TOTAL","NOT SPECIFIED","96.9","10.7"
"SURVEY","2020","YEAR","","COUNTY","NEBRASKA","31","SOUTHWEST","70","KEITH","101","","","00000000","","CORN","CORN, GRAIN - YIELD, MEASURED IN BU / ACRE","TOTAL","NOT SPECIFIED","136.4","10.4"
"SURVEY","2020","YEAR","","COUNTY","NEBRASKA","31","SOUTHWEST","70","LINCOLN","111","","","00000000","","CORN","CORN, GRAIN - YIELD, MEASURED IN BU / ACRE","TOTAL","NOT SPECIFIED","155.4","9.7"
"SURVEY","2020","YEAR","","COUNTY","NEBRASKA","31","SOUTHWEST","70","PERKINS","135","","","00000000","","CORN","CORN, GRAIN - YIELD, MEASURED IN BU / ACRE","TOTAL","NOT SPECIFIED","114.7","9.3"
"SURVEY","2020","YEAR","","COUNTY","NEBRASKA","31","SOUTHWEST","70","RED WILLOW","145","","","00000000","","CORN","CORN, GRAIN - YIELD, MEASURED IN BU / ACRE","TOTAL","NOT SPECIFIED","138.3","6.5"
"SURVEY","2019","YEAR","","COUNTY","IOWA","19","CENTRAL","50","BOONE","015","","","00000000","","CORN","CORN, GRAIN - YIELD, MEASURED IN BU / ACRE","TOTAL","NOT SPECIFIED","194.8",""
"SURVEY","2019","YEAR","","COUNTY","IOWA","19","CENTRAL","50","DALLAS","049","","","00000000","","CORN","CORN, GRAIN - YIELD, MEASURED IN BU / ACRE","TOTAL","NOT SPECIFIED","195",""
"SURVEY","2019","YEAR","","COUNTY","IOWA","19","CENTRAL","50","GRUNDY","075","","","00000000","","CORN","CORN, GRAIN - YIELD, MEASURED IN BU / ACRE","TOTAL","NOT SPECIFIED","209.8",""
"SURVEY","2019","YEAR","","COUNTY","IOWA","19","CENTRAL","50","HAMILTON","079","","","00000000","","CORN","CORN, GRAIN - YIELD, MEASURED IN BU / ACRE","TOTAL","NOT SPECIFIED","198.2",""
"SURVEY","2019","YEAR","","COUNTY","IOWA","19","CENTRAL","50","HARDIN","083","","","00000000","","CORN","CORN, GRAIN - YIELD, MEASURED IN BU / ACRE","TOTAL","NOT SPECIFIED","200.2",""
"SURVEY","2019","YEAR","","COUNTY","IOWA","19","CENTRAL","50","JASPER","099","","","00000000","","CORN","CORN, GRAIN - YIELD, MEASURED IN BU / ACRE","TOTAL","NOT SPECIFIED","209.3",""
"SURVEY","2019","YEAR","","COUNTY","IOWA","19","CENTRAL","50","MARSHALL","127","","","00000000","","CORN","CORN, GRAIN - YIELD, MEASURED IN BU / ACRE","TOTAL","NOT SPECIFIED","221.9",""
"SURVEY","2019","YEAR","","COUNTY","IOWA","19","CENTRAL","50","POLK","153","","","00000000","","CORN","CORN, GRAIN - YIELD, MEASURED IN BU / ACRE","TOTAL","NOT SPECIFIED","196.6",""
"SURVEY","2019","YEAR","","COUNTY","IOWA","19","CENTRAL","50","POWESHIEK","157","","","00000000","","CORN","CORN, GRAIN - YIELD, MEASURED IN BU / ACRE","TOTAL","NOT SPECIFIED","200.3",""
"SURVEY","2019","YEAR","","COUNTY","IOWA","19","CENTRAL","50","STORY","169","","","00000000","","CORN","CORN, GRAIN - YIELD, MEASURED IN BU / ACRE","TOTAL","NOT SPECIFIED","189.3",""
"SURVEY","2019","YEAR","","COUNTY","IOWA","19","CENTRAL","50","TAMA","171","","","00000000","","CORN","CORN, GRAIN - YIELD, MEASURED IN BU / ACRE","TOTAL","NOT SPECIFIED","204.8",""
"SURVEY","2019","YEAR","","COUNTY","IOWA","19","CENTRAL","50","WEBSTER","187","","","00000000","","CORN","CORN, GRAIN - YIELD, MEASURED IN BU / ACRE","TOTAL","NOT SPECIFIED","202.9",""
"SURVEY","2019","YEAR","","COUNTY","IOWA","19","EAST CENTRAL","60","BENTON","011","","","00000000","","CORN","CORN, GRAIN - YIELD, MEASURED IN BU / ACRE","TOTAL","NOT SPECIFIED","197.6",""
"SURVEY","2019","YEAR","","COUNTY","IOWA","19","EAST CENTRAL","60","CEDAR","031","","","00000000","","CORN","CORN, GRAIN - YIELD, MEASURED IN BU / ACRE","TOTAL","NOT SPECIFIED","193.7",""
"SURVEY","2019","YEAR","","COUNTY","IOWA","19","EAST CENTRAL","60","CLINTON","045","","","00000000","","CORN","CORN, GRAIN - YIELD, MEASURED IN BU / ACRE","TOTAL","NOT SPECIFIED","196.1",""
"SURVEY","2019","YEAR","","COUNTY","IOWA","19","EAST CENTRAL","60","IOWA","095","","","00000000","","CORN","CORN, GRAIN - YIELD, MEASURED IN BU / ACRE","TOTAL","NOT SPECIFIED","190.6",""
"SURVEY","2019","YEAR","","COUNTY","IOWA","19","EAST CENTRAL","60","JACKSON","097","","","00000000","","CORN","CORN, GRAIN - YIELD, MEASURED IN BU / ACRE","TOTAL","NOT SPECIFIED","185.5",""
"SURVEY","2019","YEAR","","COUNTY","IOWA","19","EAST CENTRAL","60","JOHNSON","103","","","00000000","","CORN","CORN, GRAIN - YIELD, MEASURED IN BU / ACRE","TOTAL","NOT SPECIFIED","181.3",""
"SURVEY","2019","YEAR","","COUNTY","IOWA","19","EAST CENTRAL","60","JONES","105","","","00000000","","CORN","CORN, GRAIN - YIELD, MEASURED IN BU / ACRE","TOTAL","NOT SPECIFIED","203",""
"SURVEY","2019","YEAR","","COUNTY","IOWA","19","EAST CENTRAL","60","LINN","113","","","00000000","","CORN","CORN, GRAIN - YIELD, MEASURED IN BU / ACRE","TOTAL","NOT SPECIFIED","223.7",""
"SURVEY","2019","YEAR","","COUNTY","IOWA","19","EAST CENTRAL","60","MUSCATINE","139","","","00000000","","CORN","CORN, GRAIN - YIELD, MEASURED IN BU / ACRE","TOTAL","NOT SPECIFIED","173.2",""
"SURVEY","2019","YEAR","","COUNTY","IOWA","19","EAST CENTRAL","60","SCOTT","163","","","00000000","","CORN","CORN, GRAIN - YIELD, MEASURED IN BU / ACRE","TOTAL","NOT SPECIFIED","189.4",""
"SURVEY","2019","YEAR","","COUNTY","IOWA","19","NORTH CENTRAL","20","BUTLER","023","","","00000000","","CORN","CORN, GRAIN - YIELD, MEASURED IN BU / ACRE","TOTAL","NOT SPECIFIED","209.5",""
"SURVEY","2019","YEAR","","COUNTY","IOWA","19","NORTH CENTRAL","20","CERRO GORDO","033","","","00000000","","CORN","CORN, GRAIN - YIELD, MEASURED IN BU / ACRE","TOTAL","NOT SPECIFIED","191.8",""
"SURVEY","2019","YEAR","","COUNTY","IOWA","19","NORTH CENTRAL","20","FLOYD","067","","","00000000","","CORN","CORN, GRAIN - YIELD, MEASURED IN BU / ACRE","TOTAL","NOT SPECIFIED","202.9",""
"SURVEY","2019","YEAR","","COUNTY","IOWA","19","NORTH CENTRAL","20","FRANKLIN","069","","","00000000","","CORN","CORN, GRAIN - YIELD, MEASURED IN BU / ACRE","TOTAL","NOT SPECIFIED","202.7",""
"SURVEY","2019","YEAR","","COUNTY","IOWA","19","NORTH CENTRAL","20","HANCOCK","081","","","00000000","","CORN","CORN, GRAIN - YIELD, MEASURED IN BU / ACRE","TOTAL","NOT SPECIFIED","193.3",""
"SURVEY","2019","YEAR","","COUNTY","IOWA","19","NORTH CENTRAL","20","HUMBOLDT","091","","","00000000","","CORN","CORN, GRAIN - YIELD, MEASURED IN BU / ACRE","TOTAL","NOT SPECIFIED","198.7",""
"SURVEY","2019","YEAR","","COUNTY","IOWA","19","NORTH CENTRAL","20","KOSSUTH","109","","","00000000","","CORN","CORN, GRAIN - YIELD, MEASURED IN BU / ACRE","TOTAL","NOT SPECIFIED","198.7",""
"SURVEY","2019","YEAR","","COUNTY","IOWA","19","NORTH CENTRAL","20","MITCHELL","131","","","00000000","","CORN","CORN, GRAIN - YIELD, MEASURED IN BU / ACRE","TOTAL","NOT SPECIFIED","194.5",""
"SURVEY","2019","YEAR","","COUNTY","IOWA","19","NORTH CENTRAL","20","WINNEBAGO","189","","","00000000","","CORN","CORN, GRAIN - YIELD, MEASURED IN BU / ACRE","TOTAL","NOT SPECIFIED","198.8",""
"SURVEY","2019","YEAR","","COUNTY","IOWA","19","NORTH CENTRAL","20","WORTH","195","","","00000000","","CORN","CORN, GRAIN - YIELD, MEASURED IN BU / ACRE","TOTAL","NOT SPECIFIED","196.5",""
"SURVEY","2019","YEAR","","COUNTY","IOWA","19","NORTH CENTRAL","20","WRIGHT","197","","","00000000","","CORN","CORN, GRAIN - YIELD, MEASURED IN BU / ACRE","TOTAL","NOT SPECIFIED","197",""
"SURVEY","2019","YEAR","","COUNTY","IOWA","19","NORTHEAST","30","ALLAMAKEE","005","","","00000000","","CORN","CORN, GRAIN - YIELD, MEASURED IN BU / ACRE","TOTAL","NOT SPECIFIED","187.2",""
"SURVEY","2019","YEAR","","COUNTY","IOWA","19","NORTHEAST","30","BLACK HAWK","013","","","00000000","","CORN","CORN, GRAIN - YIELD, MEASURED IN BU / ACRE","TOTAL","NOT SPECIFIED","205.1",""
"SURVEY","2019","YEAR","","COUNTY","IOWA","19","NORTHEAST","30","BREMER","017","","","00000000","","CORN","CORN, GRAIN - YIELD, MEASURED IN BU / ACRE","TOTAL","NOT SPECIFIED","212.5",""
"SURVEY","2019","YEAR","","COUNTY","IOWA","19","NORTHEAST","30","BUCHANAN","019","","","00000000","","CORN","CORN, GRAIN - YIELD, MEASURED IN BU / ACRE","TOTAL","NOT SPECIFIED","218.9",""
"SURVEY","2019","YEAR","","COUNTY","IOWA","19","NORTHEAST","30","CHICKASAW","037","","","00000000","","CORN","CORN, GRAIN - YIELD, MEASURED IN BU / ACRE","TOTAL","NOT SPECIFIED","212.1",""
"SURVEY","2019","YEAR","","COUNTY","IOWA","19","NORTHEAST","30","CLAYTON","043","","","00000000","","CORN","CORN, GRAIN - YIELD, MEASURED IN BU / ACRE","TOTAL","NOT SPECIFIED","197.5",""
"SURVEY","2019","YEAR","","COUNTY","IOWA","19","NORTHEAST","30","DELAWARE","055","","","00000000","","CORN","CORN, GRAIN - YIELD, MEASURED IN BU / ACRE","TOTAL","NOT SPECIFIED","204.5",""
"SURVEY","2019","YEAR","","COUNTY","IOWA","19","NORTHEAST","30","DUBUQUE","061","","","00000000","","CORN","CORN, GRAIN - YIELD, MEASURED IN BU / ACRE","TOTAL","NOT SPECIFIED","216.4",""
"SURVEY","2019","YEAR","","COUNTY","IOWA","19","NORTHEAST","30","FAYETTE","065","","","00000000","","CORN","CORN, GRAIN - YIELD, MEASURED IN BU / ACRE","TOTAL","NOT SPECIFIED","200.5",""
"SURVEY","2019","YEAR","","COUNTY","IOWA","19","NORTHEAST","30","HOWARD","089","","","00000000","","CORN","CORN, GRAIN - YIELD, MEASURED IN BU / ACRE","TOTAL","NOT SPECIFIED","194.2",""
"SURVEY","2019","YEAR","","COUNTY","IOWA","19","NORTHEAST","30","WINNESHIEK","191","","","00000000","","CORN","CORN, GRAIN - YIELD, MEASURED IN BU / ACRE","TOTAL","NOT SPECIFIED","200.4",""
"SURVEY","2019","YEAR","","COUNTY","IOWA","19","NORTHWEST","10","BUENA VISTA","021","","","00000000","","CORN","CORN, GRAIN - YIELD, MEASURED IN BU / ACRE","TOTAL","NOT SPECIFIED","190.8",""
"SURVEY","2019","YEAR","","COUNTY","IOWA","19","NORTHWEST","10","CHEROKEE","035","","","00000000","","CORN","CORN, GRAIN - YIELD, MEASURED IN BU / ACRE","TOTAL","NOT SPECIFIED","208.9",""
"SURVEY","2019","YEAR","","COUNTY","IOWA","19","NORTHWEST","10","CLAY","041","","","00000000","","CORN","CORN, GRAIN - YIELD, MEASURED IN BU / ACRE","TOTAL","NOT SPECIFIED","185.5",""
"SURVEY","2019","YEAR","","COUNTY","IOWA","19","NORTHWEST","10","DICKINSON","059","","","00000000","","CORN","CORN, GRAIN - YIELD, MEASURED IN BU / ACRE","TOTAL","NOT SPECIFIED","170",""
"SURVEY","2019","YEAR","","COUNTY","IOWA","19","NORTHWEST","10","LYON","119","","","00000000","","CORN","CORN, GRAIN - YIELD, MEASURED IN BU / ACRE","TOTAL","NOT SPECIFIED","186.5",""
"SURVEY","2019","YEAR","","COUNTY","IOWA","19","NORTHWEST","10","O BRIEN","141","","","00000000","","CORN","CORN, GRAIN - YIELD, MEASURED IN BU / ACRE","TOTAL","NOT SPECIFIED","204.9",""
"SURVEY","2019","YEAR","","COUNTY","IOWA","19","NORTHWEST","10","OSCEOLA","143","","","00000000","","CORN","CORN, GRAIN - YIELD, MEASURED IN BU / ACRE","TOTAL","NOT SPECIFIED","182.5",""
"SURVEY","2019","YEAR","","COUNTY","IOWA","19","NORTHWEST","10","OTHER (COMBINED) COUNTIES","","","","00000000","","CORN","CORN, GRAIN - YIELD, MEASURED IN BU / ACRE","TOTAL","NOT SPECIFIED","191.2",""
"SURVEY","2019","YEAR","","COUNTY","IOWA","19","NORTHWEST","10","PALO ALTO","147","","","00000000","","CORN","CORN, GRAIN - YIELD, MEASURED IN BU / ACRE","TOTAL","NOT SPECIFIED","198.3",""
"SURVEY","2019","YEAR","","COUNTY","IOWA","19","NORTHWEST","10","PLYMOUTH","149","","","00000000","","CORN","CORN, GRAIN - YIELD, MEASURED IN BU / ACRE","TOTAL","NOT SPECIFIED","217.8",""
"SURVEY","2019","YEAR","","COUNTY","IOWA","19","NORTHWEST","10","SIOUX","167","","","00000000","","CORN","CORN, GRAIN - YIELD, MEASURED IN BU / ACRE","TOTAL","NOT SPECIFIED","192.1",""
"SURVEY","2019","YEAR","","COUNTY","IOWA","19","SOUTH CENTRAL","80","APPANOOSE","007","","","00000000","","CORN","CORN, GRAIN - YIELD, MEASURED IN BU / ACRE","TOTAL","NOT SPECIFIED","166.8",""
"SURVEY","2019","YEAR","","COUNTY","IOWA","19","SOUTH CENTRAL","80","MADISON","121","","","00000000","","CORN","CORN, GRAIN - YIELD, MEASURED IN BU / ACRE","TOTAL","NOT SPECIFIED","175.7",""
"SURVEY","2019","YEAR","","COUNTY","IOWA","19","SOUTH CENTRAL","80","MARION","125","","","00000000","","CORN","CORN, GRAIN - YIELD, MEASURED IN BU / ACRE","TOTAL","NOT SPECIFIED","170.7",""
"SURVEY","2019","YEAR","","COUNTY","IOWA","19","SOUTH CENTRAL","80","MONROE","135","","","00000000","","CORN","CORN, GRAIN - YIELD, MEASURED IN BU / ACRE","TOTAL","NOT SPECIFIED","162.3",""
"SURVEY","2019","YEAR","","COUNTY","IOWA","19","SOUTH CENTRAL","80","OTHER (COMBINED) COUNTIES","","","","00000000","","CORN","CORN, GRAIN - YIELD, MEASURED IN BU / ACRE","TOTAL","NOT SPECIFIED","152.3",""
"SURVEY","2019","YEAR","","COUNTY","IOWA","19","SOUTH CENTRAL","80","UNION","175","","","00000000","","CORN","CORN, GRAIN - YIELD, MEASURED IN BU / ACRE","TOTAL","NOT SPECIFIED","168.9",""
"SURVEY","2019","YEAR","","COUNTY","IOWA","19","SOUTH CENTRAL","80","WAYNE","185","","","00000000","","CORN","CORN, GRAIN - YIELD, MEASURED IN BU / ACRE","TOTAL","NOT SPECIFIED","151.4",""
"SURVEY","2019","YEAR","","COUNTY","IOWA","19","SOUTHEAST","90","DAVIS","051","","","00000000","","CORN","CORN, GRAIN - YIELD, MEASURED IN BU / ACRE","TOTAL","NOT SPECIFIED","160",""
"SURVEY","2019","YEAR","","COUNTY","IOWA","19","SOUTHEAST","90","DES MOINES","057","","","00000000","","CORN","CORN, GRAIN - YIELD, MEASURED IN BU / ACRE","TOTAL","NOT SPECIFIED","176.9",""
"SURVEY","2019","YEAR","","COUNTY","IOWA","19","SOUTHEAST","90","HENRY","087","","","00000000","","CORN","CORN, GRAIN - YIELD, MEASURED IN BU / ACRE","TOTAL","NOT SPECIFIED","164.5",""
"SURVEY","2019","YEAR","","COUNTY","IOWA","19","SOUTHEAST","90","JEFFERSON","101","","","00000000","","CORN","CORN, GRAIN - YIELD, MEASURED IN BU / ACRE","TOTAL","NOT SPECIFIED","162.7",""
"SURVEY","2019","YEAR","","COUNTY","IOWA","19","SOUTHEAST","90","KEOKUK","107","","","00000000","","CORN","CORN, GRAIN - YIELD, MEASURED IN BU / ACRE","TOTAL","NOT SPECIFIED","175.4",""
"SURVEY","2019","YEAR","","COUNTY","IOWA","19","SOUTHEAST","90","LEE","111","","","00000000","","CORN","CORN, GRAIN - YIELD, MEASURED IN BU / ACRE","TOTAL","NOT SPECIFIED","172.5",""
"SURVEY","2019","YEAR","","COUNTY","IOWA","19","SOUTHEAST","90","LOUISA","115","","","00000000","","CORN","CORN, GRAIN - YIELD, MEASURED IN BU / ACRE","TOTAL","NOT SPECIFIED","174.6",""
"SURVEY","2019","YEAR","","COUNTY","IOWA","19","SOUTHEAST","90","MAHASKA","123","","","00000000","","CORN","CORN, GRAIN - YIELD, MEASURED IN BU / ACRE","TOTAL","NOT SPECIFIED","189.9",""
"SURVEY","2019","YEAR","","COUNTY","IOWA","19","SOUTHEAST","90","VAN BUREN","177","","","00000000","","CORN","CORN, GRAIN - YIELD, MEASURED IN BU / ACRE","TOTAL","NOT SPECIFIED","171",""
"SURVEY","2019","YEAR","","COUNTY","IOWA","19","SOUTHEAST","90","WAPELLO","179","","","00000000","","CORN","CORN, GRAIN - YIELD, MEASURED IN BU / ACRE","TOTAL","NOT SPECIFIED","176.5",""
"SURVEY","2019","YEAR","","COUNTY","IOWA","19","SOUTHEAST","90","WASHINGTON","183","","","00000000","","CORN","CORN, GRAIN - YIELD, MEASURED IN BU / ACRE","TOTAL","NOT SPECIFIED","178.9",""
"SURVEY","2019","YEAR","","COUNTY","IOWA","19","SOUTHWEST","70","ADAIR","001","","","00000000","","CORN","CORN, GRAIN - YIELD, MEASURED IN BU / ACRE","TOTAL","NOT SPECIFIED","176.5",""
"SURVEY","2019","YEAR","","COUNTY","IOWA","19","SOUTHWEST","70","CASS","029","","","00000000","","CORN","CORN, GRAIN - YIELD, MEASURED IN BU / ACRE","TOTAL","NOT SPECIFIED","200.3",""
"SURVEY","2019","YEAR","","COUNTY","IOWA","19","SOUTHWEST","70","MILLS","129","","","00000000","","CORN","CORN, GRAIN - YIELD, MEASURED IN BU / ACRE","TOTAL","NOT SPECIFIED","202.9",""
"SURVEY","2019","YEAR","","COUNTY","IOWA","19","SOUTHWEST","70","MONTGOMERY","137","","","00000000","","CORN","CORN, GRAIN - YIELD, MEASURED IN BU / ACRE","TOTAL","NOT SPECIFIED","204.8",""
"SURVEY","2019","YEAR","","COUNTY","IOWA","19","SOUTHWEST","70","OTHER (COMBINED) COUNTIES","","","","00000000","","CORN","CORN, GRAIN - YIELD, MEASURED IN BU / ACRE","TOTAL","NOT SPECIFIED","189.6",""
"SURVEY","2019","YEAR","","COUNTY","IOWA","19","SOUTHWEST","70","PAGE","145","","","00000000","","CORN","CORN, GRAIN - YIELD, MEASURED IN BU / ACRE","TOTAL","NOT SPECIFIED","191.3",""
"SURVEY","2019","YEAR","","COUNTY","IOWA","19","SOUTHWEST","70","POTTAWATTAMIE","155","","","00000000","","CORN","CORN, GRAIN - YIELD, MEASURED IN BU / ACRE","TOTAL","NOT SPECIFIED","208",""
"SURVEY","2019","YEAR","","COUNTY","IOWA","19","SOUTHWEST","70","TAYLOR","173","","","00000000","","CORN","CORN, GRAIN - YIELD, MEASURED IN BU / ACRE","TOTAL","NOT SPECIFIED","161.7",""
"SURVEY","2019","YEAR","","COUNTY","IOWA","19","WEST CENTRAL","40","AUDUBON","009","","","00000000","","CORN","CORN, GRAIN - YIELD, MEASURED IN BU / ACRE","TOTAL","NOT SPECIFIED","216",""
"SURVEY","2019","YEAR","","COUNTY","IOWA","19","WEST CENTRAL","40","CALHOUN","025","","","00000000","","CORN","CORN, GRAIN - YIELD, MEASURED IN BU / ACRE","TOTAL","NOT SPECIFIED","198.8",""
"SURVEY","2019","YEAR","","COUNTY","IOWA","19","WEST CENTRAL","40","CARROLL","027","","","00000000","","CORN","CORN, GRAIN - YIELD, MEASURED IN BU / ACRE","TOTAL","NOT SPECIFIED","219.7",""
"SURVEY","2019","YEAR","","COUNTY","IOWA","19","WEST CENTRAL","40","CRAWFORD","047","","","00000000","","CORN","CORN, GRAIN - YIELD, MEASURED IN BU / ACRE","TOTAL","NOT SPECIFIED","234.7",""
"SURVEY","2019","YEAR","","COUNTY","IOWA","19","WEST CENTRAL","40","GREENE","073","","","00000000","","CORN","CORN, GRAIN - YIELD, MEASURED IN BU / ACRE","TOTAL","NOT SPECIFIED","201.4",""
"SURVEY","2019","YEAR","","COUNTY","IOWA","19","WEST CENTRAL","40","GUTHRIE","077","","","00000000","","CORN","CORN, GRAIN - YIELD, MEASURED IN BU / ACRE","TOTAL","NOT SPECIFIED","196.7",""
"SURVEY","2019","YEAR","","COUNTY","IOWA","19","WEST CENTRAL","40","MONONA","133","","","00000000","","CORN","CORN, GRAIN - YIELD, MEASURED IN BU / ACRE","TOTAL","NOT SPECIFIED","203.9",""
"SURVEY","2019","YEAR","","COUNTY","IOWA","19","WEST CENTRAL","40","OTHER (COMBINED) COUNTIES","","","","00000000","","CORN","CORN, GRAIN - YIELD, MEASURED IN BU / ACRE","TOTAL","NOT SPECIFIED","210",""
"SURVEY","2019","YEAR","","COUNTY","IOWA","19","WEST CENTRAL","40","SAC","161","","","00000000","","CORN","CORN, GRAIN - YIELD, MEASURED IN BU / ACRE","TOTAL","NOT SPECIFIED","220.6",""
"SURVEY","2019","YEAR","","COUNTY","IOWA","19","WEST CENTRAL","40","SHELBY","165","","","00000000","","CORN","CORN, GRAIN - YIELD, MEASURED IN BU / ACRE","TOTAL","NOT SPECIFIED","217.3",""
"SURVEY","2019","YEAR","","COUNTY","IOWA","19","WEST CENTRAL","40","WOODBURY","193","","","00000000","","CORN","CORN, GRAIN - YIELD, MEASURED IN BU / ACRE","TOTAL","NOT SPECIFIED","218.2",""
"SURVEY","2019","YEAR","","COUNTY","NEBRASKA","31","CENTRAL","50","BUFFALO","019","","","00000000","","CORN","CORN, GRAIN - YIELD, MEASURED IN BU / ACRE","TOTAL","NOT SPECIFIED","195.4",""
"SURVEY","2019","YEAR","","COUNTY","NEBRASKA","31","CENTRAL","50","CUSTER","041","","","00000000","","CORN","CORN, GRAIN - YIELD, MEASURED IN BU / ACRE","TOTAL","NOT SPECIFIED","188.2",""
"SURVEY","2019","YEAR","","COUNTY","NEBRASKA","31","CENTRAL","50","DAWSON","047","","","00000000","","CORN","CORN, GRAIN - YIELD, MEASURED IN BU / ACRE","TOTAL","NOT SPECIFIED","196.9",""
"SURVEY","2019","YEAR","","COUNTY","NEBRASKA","31","CENTRAL","50","GREELEY","077","","","00000000","","CORN","CORN, GRAIN - YIELD, MEASURED IN BU / ACRE","TOTAL","NOT SPECIFIED","191.8",""
"SURVEY","2019","YEAR","","COUNTY","NEBRASKA","31","CENTRAL","50","HALL","079","","","00000000","","CORN","CORN, GRAIN - YIELD, MEASURED IN BU / ACRE","TOTAL","NOT SPECIFIED","180.4",""
"SURVEY","2019","YEAR","","COUNTY","NEBRASKA","31","CENTRAL","50","HOWARD","093","","","00000000","","CORN","CORN, GRAIN - YIELD, MEASURED IN BU / ACRE","TOTAL","NOT SPECIFIED","183.2",""
"SURVEY","2019","YEAR","","COUNTY","NEBRASKA","31","CENTRAL","50","SHERMAN","163","","","00000000","","CORN","CORN, GRAIN - YIELD, MEASURED IN BU / ACRE","TOTAL","NOT SPECIFIED","185.8",""
"SURVEY","2019","YEAR","","COUNTY","NEBRASKA","31","CENTRAL","50","VALLEY","175","","","00000000","","CORN","CORN, GRAIN - YIELD, MEASURED IN BU / ACRE","TOTAL","NOT SPECIFIED","173.8",""
"SURVEY","2019","YEAR","","COUNTY","NEBRASKA","31","EAST","60","BUTLER","023","","","00000000","","CORN","CORN, GRAIN - YIELD, MEASURED IN BU / ACRE","TOTAL","NOT SPECIFIED","192.2",""
"SURVEY","2019","YEAR","","COUNTY","NEBRASKA","31","EAST","60","CASS","025","","","00000000","","CORN","CORN, GRAIN - YIELD, MEASURED IN BU / ACRE","TOTAL","NOT SPECIFIED","175.7",""
"SURVEY","2019","YEAR","","COUNTY","NEBRASKA","31","EAST","60","COLFAX","037","","","00000000","","CORN","CORN, GRAIN - YIELD, MEASURED IN BU / ACRE","TOTAL","NOT SPECIFIED","201.4",""
"SURVEY","2019","YEAR","","COUNTY","NEBRASKA","31","EAST","60","DODGE","053","","","00000000","","CORN","CORN, GRAIN - YIELD, MEASURED IN BU / ACRE","TOTAL","NOT SPECIFIED","198.2",""
"SURVEY","2019","YEAR","","COUNTY","NEBRASKA","31","EAST","60","DOUGLAS","055","","","00000000","","CORN","CORN, GRAIN - YIELD, MEASURED IN BU / ACRE","TOTAL","NOT SPECIFIED","187.6",""
"SURVEY","2019","YEAR","","COUNTY","NEBRASKA","31","EAST","60","HAMILTON","081","","","00000000","","CORN","CORN, GRAIN - YIELD, MEASURED IN BU / ACRE","TOTAL","NOT SPECIFIED","214.9",""
"SURVEY","2019","YEAR","","COUNTY","NEBRASKA","31","EAST","60","LANCASTER","109","","","00000000","","CORN","CORN, GRAIN - YIELD, MEASURED IN BU / ACRE","TOTAL","NOT SPECIFIED","158.2",""
"SURVEY","2019","YEAR","","COUNTY","NEBRASKA","31","EAST","60","MERRICK","121","","","00000000","","CORN","CORN, GRAIN - YIELD, MEASURED IN BU / ACRE","TOTAL","NOT SPECIFIED","174.8",""
"SURVEY","2019","YEAR","","COUNTY","NEBRASKA","31","EAST","60","NANCE","125","","","00000000","","CORN","CORN, GRAIN - YIELD, MEASURED IN BU / ACRE","TOTAL","NOT SPECIFIED","192.6",""
"SURVEY","2019","YEAR","","COUNTY","NEBRASKA","31","EAST","60","OTHER (COMBINED) COUNTIES","","","","00000000","","CORN","CORN, GRAIN - YIELD, MEASURED IN BU / ACRE","TOTAL","NOT SPECIFIED","203.9",""
"SURVEY","2019","YEAR","","COUNTY","NEBRASKA","31","EAST","60","PLATTE","141","","","00000000","","CORN","CORN, GRAIN - YIELD, MEASURED IN BU / ACRE","TOTAL","NOT SPECIFIED","211.1",""
"SURVEY","2019","YEAR","","COUNTY","NEBRASKA","31","EAST","60","SAUNDERS","155","","","00000000","","CORN","CORN, GRAIN - YIELD, MEASURED IN BU / ACRE","TOTAL","NOT SPECIFIED","197.3",""
"SURVEY","2019","YEAR","","COUNTY","NEBRASKA","31","EAST","60","SEWARD","159","","","00000000","","CORN","CORN, GRAIN - YIELD, MEASURED IN BU / ACRE","TOTAL","NOT SPECIFIED","193.1",""
"SURVEY","2019","YEAR","","COUNTY","NEBRASKA","31","EAST","60","WASHINGTON","177","","","00000000","","CORN","CORN, GRAIN - YIELD, MEASURED IN BU / ACRE","TOTAL","NOT SPECIFIED","175.5",""
"SURVEY","2019","YEAR","","COUNTY","NEBRASKA","31","EAST","60","YORK","185","","","00000000","","CORN","CORN, GRAIN - YIELD, MEASURED IN BU / ACRE","TOTAL","NOT SPECIFIED","206.5",""
"SURVEY","2019","YEAR","","COUNTY","NEBRASKA","31","NORTH","20","BOYD","015","","","00000000","","CORN","CORN, GRAIN - YIELD, MEASURED IN BU / ACRE","TOTAL","NOT SPECIFIED","157.2",""
"SURVEY","2019","YEAR","","COUNTY","NEBRASKA","31","NORTH","20","BROWN","017","","","00000000","","CORN","CORN, GRAIN - YIELD, MEASURED IN BU / ACRE","TOTAL","NOT SPECIFIED","207.2",""
"SURVEY","2019","YEAR","","COUNTY","NEBRASKA","31","NORTH","20","GARFIELD","071","","","00000000","","CORN","CORN, GRAIN - YIELD, MEASURED IN BU / ACRE","TOTAL","NOT SPECIFIED","186.6",""
"SURVEY","2019","YEAR","","COUNTY","NEBRASKA","31","NORTH","20","HOLT","089","","","00000000","","CORN","CORN, GRAIN - YIELD, MEASURED IN BU / ACRE","TOTAL","NOT SPECIFIED","205.2",""
"SURVEY","2019","YEAR","","COUNTY","NEBRASKA","31","NORTH","20","KEYA PAHA","103","","","00000000","","CORN","CORN, GRAIN - YIELD, MEASURED IN BU / ACRE","TOTAL","NOT SPECIFIED","202.9",""
"SURVEY","2019","YEAR","","COUNTY","NEBRASKA","31","NORTH","20","LOGAN","113","","","00000000","","CORN","CORN, GRAIN - YIELD, MEASURED IN BU / ACRE","TOTAL","NOT SPECIFIED","184.1",""
"SURVEY","2019","YEAR","","COUNTY","NEBRASKA","31","NORTH","20","OTHER (COMBINED) COUNTIES","","","","00000000","","CORN","CORN, GRAIN - YIELD, MEASURED IN BU / ACRE","TOTAL","NOT SPECIFIED","178.2",""
"SURVEY","2019","YEAR","","COUNTY","NEBRASKA","31","NORTH","20","ROCK","149","","","00000000","","CORN","CORN, GRAIN - YIELD, MEASURED IN BU / ACRE","TOTAL","NOT SPECIFIED","201.3",""
"SURVEY","2019","YEAR","","COUNTY","NEBRASKA","31","NORTHEAST","30","ANTELOPE","003","","","00000000","","CORN","CORN, GRAIN - YIELD, MEASURED IN BU / ACRE","TOTAL","NOT SPECIFIED","210.1",""
"SURVEY","2019","YEAR","","COUNTY","NEBRASKA","31","NORTHEAST","30","BOONE","011","","","00000000","","CORN","CORN, GRAIN - YIELD, MEASURED IN BU / ACRE","TOTAL","NOT SPECIFIED","205.8",""
"SURVEY","2019","YEAR","","COUNTY","NEBRASKA","31","NORTHEAST","30","BURT","021","","","00000000","","CORN","CORN, GRAIN - YIELD, MEASURED IN BU / ACRE","TOTAL","NOT SPECIFIED","190.9",""
"SURVEY","2019","YEAR","","COUNTY","NEBRASKA","31","NORTHEAST","30","CEDAR","027","","","00000000","","CORN","CORN, GRAIN - YIELD, MEASURED IN BU / ACRE","TOTAL","NOT SPECIFIED","204.2",""
"SURVEY","2019","YEAR","","COUNTY","NEBRASKA","31","NORTHEAST","30","CUMING","039","","","00000000","","CORN","CORN, GRAIN - YIELD, MEASURED IN BU / ACRE","TOTAL","NOT SPECIFIED","204.6",""
"SURVEY","2019","YEAR","","COUNTY","NEBRASKA","31","NORTHEAST","30","KNOX","107","","","00000000","","CORN","CORN, GRAIN - YIELD, MEASURED IN BU / ACRE","TOTAL","NOT SPECIFIED","194.8",""
"SURVEY","2019","YEAR","","COUNTY","NEBRASKA","31","NORTHEAST","30","MADISON","119","","","00000000","","CORN","CORN, GRAIN - YIELD, MEASURED IN BU / ACRE","TOTAL","NOT SPECIFIED","199.7",""
"SURVEY","2019","YEAR","","COUNTY","NEBRASKA","31","NORTHEAST","30","OTHER (COMBINED) COUNTIES","","","","00000000","","CORN","CORN, GRAIN - YIELD, MEASURED IN BU / ACRE","TOTAL","NOT SPECIFIED","196.3",""
"SURVEY","2019","YEAR","","COUNTY","NEBRASKA","31","NORTHEAST","30","PIERCE","139","","","00000000","","CORN","CORN, GRAIN - YIELD, MEASURED IN BU / ACRE","TOTAL","NOT SPECIFIED","196.6",""
"SURVEY","2019","YEAR","","COUNTY","NEBRASKA","31","NORTHEAST","30","STANTON","167","","","00000000","","CORN","CORN, GRAIN - YIELD, MEASURED IN BU / ACRE","TOTAL","NOT SPECIFIED","197",""
"SURVEY","2019","YEAR","","COUNTY","NEBRASKA","31","NORTHEAST","30","THURSTON","173","","","00000000","","CORN","CORN, GRAIN - YIELD, MEASURED IN BU / ACRE","TOTAL","NOT SPECIFIED","195.5",""
"SURVEY","2019","YEAR","","COUNTY","NEBRASKA","31","NORTHEAST","30","WAYNE","179","","","00000000","","CORN","CORN, GRAIN - YIELD, MEASURED IN BU / ACRE","TOTAL","NOT SPECIFIED","199",""
"SURVEY","2019","YEAR","","COUNTY","NEBRASKA","31","NORTHWEST","10","BOX BUTTE","013","","","00000000","","CORN","CORN, GRAIN - YIELD, MEASURED IN BU / ACRE","TOTAL","NOT SPECIFIED","150.4",""
"SURVEY","2019","YEAR","","COUNTY","NEBRASKA","31","NORTHWEST","10","DEUEL","049","","","00000000","","CORN","CORN, GRAIN - YIELD, MEASURED IN BU / ACRE","TOTAL","NOT SPECIFIED","109.7",""
"SURVEY","2019","YEAR","","COUNTY","NEBRASKA","31","NORTHWEST","10","MORRILL","123","","","00000000","","CORN","CORN, GRAIN - YIELD, MEASURED IN BU / ACRE","TOTAL","NOT SPECIFIED","159.3",""
"SURVEY","2019","YEAR","","COUNTY","NEBRASKA","31","NORTHWEST","10","OTHER (COMBINED) COUNTIES","","","","00000000","","CORN","CORN, GRAIN - YIELD, MEASURED IN BU / ACRE","TOTAL","NOT SPECIFIED","114.1",""
"SURVEY","2019","YEAR","","COUNTY","NEBRASKA","31","NORTHWEST","10","SCOTTS BLUFF","157","","","00000000","","CORN","CORN, GRAIN - YIELD, MEASURED IN BU / ACRE","TOTAL","NOT SPECIFIED","151.1",""
"SURVEY","2019","YEAR","","COUNTY","NEBRASKA","31","NORTHWEST","10","SIOUX","165","","","00000000","","CORN","CORN, GRAIN - YIELD, MEASURED IN BU / ACRE","TOTAL","NOT SPECIFIED","172.2",""
"SURVEY","2019","YEAR","","COUNTY","NEBRASKA","31","SOUTH","80","ADAMS","001","","","00000000","","CORN","CORN, GRAIN - YIELD, MEASURED IN BU / ACRE","TOTAL","NOT SPECIFIED","195.9",""
"SURVEY","2019","YEAR","","COUNTY","NEBRASKA","31","SOUTH","80","FRANKLIN","061","","","00000000","","CORN","CORN, GRAIN - YIELD, MEASURED IN BU / ACRE","TOTAL","NOT SPECIFIED","183.9",""
"SURVEY","2019","YEAR","","COUNTY","NEBRASKA","31","SOUTH","80","FURNAS","065","","","00000000","","CORN","CORN, GRAIN - YIELD, MEASURED IN BU / ACRE","TOTAL","NOT SPECIFIED","133.8",""
"SURVEY","2019","YEAR","","COUNTY","NEBRASKA","31","SOUTH","80","HARLAN","083","","","00000000","","CORN","CORN, GRAIN - YIELD, MEASURED IN BU / ACRE","TOTAL","NOT SPECIFIED","174.9",""
"SURVEY","2019","YEAR","","COUNTY","NEBRASKA","31","SOUTH","80","KEARNEY","099","","","00000000","","CORN","CORN, GRAIN - YIELD, MEASURED IN BU / ACRE","TOTAL","NOT SPECIFIED","209.2",""
"SURVEY","2019","YEAR","","COUNTY","NEBRASKA","31","SOUTH","80","OTHER (COMBINED) COUNTIES","","","","00000000","","CORN","CORN, GRAIN - YIELD, MEASURED IN BU / ACRE","TOTAL","NOT SPECIFIED","180.3",""
"SURVEY","2019","YEAR","","COUNTY","NEBRASKA","31","SOUTH","80","PHELPS","137","","","00000000","","CORN","CORN, GRAIN - YIELD, MEASURED IN BU / ACRE","TOTAL","NOT SPECIFIED","214.3",""
"SURVEY","2019","YEAR","","COUNTY","NEBRASKA","31","SOUTHEAST","90","CLAY","035","","","00000000","","CORN","CORN, GRAIN - YIELD, MEASURED IN BU / ACRE","TOTAL","NOT SPECIFIED","191.6",""
"SURVEY","2019","YEAR","","COUNTY","NEBRASKA","31","SOUTHEAST","90","FILLMORE","059","","","00000000","","CORN","CORN, GRAIN - YIELD, MEASURED IN BU / ACRE","TOTAL","NOT SPECIFIED","206.5",""
"SURVEY","2019","YEAR","","COUNTY","NEBRASKA","31","SOUTHEAST","90","GAGE","067","","","00000000","","CORN","CORN, GRAIN - YIELD, MEASURED IN BU / ACRE","TOTAL","NOT SPECIFIED","159.1",""
"SURVEY","2019","YEAR","","COUNTY","NEBRASKA","31","SOUTHEAST","90","JEFFERSON","095","","","00000000","","CORN","CORN, GRAIN - YIELD, MEASURED IN BU / ACRE","TOTAL","NOT SPECIFIED","179.7",""
"SURVEY","2019","YEAR","","COUNTY","NEBRASKA","31","SOUTHEAST","90","JOHNSON","097","","","00000000","","CORN","CORN, GRAIN - YIELD, MEASURED IN BU / ACRE","TOTAL","NOT SPECIFIED","136.1",""
"SURVEY","2019","YEAR","","COUNTY","NEBRASKA","31","SOUTHEAST","90","NEMAHA","127","","","00000000","","CORN","CORN, GRAIN - YIELD, MEASURED IN BU / ACRE","TOTAL","NOT SPECIFIED","166.1",""
"SURVEY","2019","YEAR","","COUNTY","NEBRASKA","31","SOUTHEAST","90","NUCKOLLS","129","","","00000000","","CORN","CORN, GRAIN - YIELD, MEASURED IN BU / ACRE","TOTAL","NOT SPECIFIED","188.2",""
"SURVEY","2019","YEAR","","COUNTY","NEBRASKA","31","SOUTHEAST","90","OTOE","131","","","00000000","","CORN","CORN, GRAIN - YIELD, MEASURED IN BU / ACRE","TOTAL","NOT SPECIFIED","157.1",""
"SURVEY","2019","YEAR","","COUNTY","NEBRASKA","31","SOUTHEAST","90","PAWNEE","133","","","00000000","","CORN","CORN, GRAIN - YIELD, MEASURED IN BU / ACRE","TOTAL","NOT SPECIFIED","128.8",""
"SURVEY","2019","YEAR","","COUNTY","NEBRASKA","31","SOUTHEAST","90","RICHARDSON","147","","","00000000","","CORN","CORN, GRAIN - YIELD, MEASURED IN BU / ACRE","TOTAL","NOT SPECIFIED","161.2",""
"SURVEY","2019","YEAR","","COUNTY","NEBRASKA","31","SOUTHEAST","90","SALINE","151","","","00000000","","CORN","CORN, GRAIN - YIELD, MEASURED IN BU / ACRE","TOTAL","NOT SPECIFIED","186.1",""
"SURVEY","2019","YEAR","","COUNTY","NEBRASKA","31","SOUTHEAST","90","THAYER","169","","","00000000","","CORN","CORN, GRAIN - YIELD, MEASURED IN BU / ACRE","TOTAL","NOT SPECIFIED","183.5",""
"SURVEY","2019","YEAR","","COUNTY","NEBRASKA","31","SOUTHWEST","70","CHASE","029","","","00000000","","CORN","CORN, GRAIN - YIELD, MEASURED IN BU / ACRE","TOTAL","NOT SPECIFIED","157.6",""
"SURVEY","2019","YEAR","","COUNTY","NEBRASKA","31","SOUTHWEST","70","FRONTIER","063","","","00000000","","CORN","CORN, GRAIN - YIELD, MEASURED IN BU / ACRE","TOTAL","NOT SPECIFIED","148.7",""
"SURVEY","2019","YEAR","","COUNTY","NEBRASKA","31","SOUTHWEST","70","HAYES","085","","","00000000","","CORN","CORN, GRAIN - YIELD, MEASURED IN BU / ACRE","TOTAL","NOT SPECIFIED","125",""
"SURVEY","2019","YEAR","","COUNTY","NEBRASKA","31","SOUTHWEST","70","LINCOLN","111","","","00000000","","CORN","CORN, GRAIN - YIELD, MEASURED IN BU / ACRE","TOTAL","NOT SPECIFIED","177.5",""
"SURVEY","2019","YEAR","","COUNTY","NEBRASKA","31","SOUTHWEST","70","OTHER (COMBINED) COUNTIES","","","","00000000","","CORN","CORN, GRAIN - YIELD, MEASURED IN BU / ACRE","TOTAL","NOT SPECIFIED","146.6",""
"SURVEY","2019","YEAR","","COUNTY","NEBRASKA","31","SOUTHWEST","70","PERKINS","135","","","00000000","","CORN","CORN, GRAIN - YIELD, MEASURED IN BU / ACRE","TOTAL","NOT SPECIFIED","123.8",""
"SURVEY","2019","YEAR","","COUNTY","NEBRASKA","31","SOUTHWEST","70","RED WILLOW","145","","","00000000","","CORN","CORN, GRAIN - YIELD, MEASURED IN BU / ACRE","TOTAL","NOT SPECIFIED","155.9",""
"SURVEY","2018","YEAR","","COUNTY","IOWA","19","CENTRAL","50","BOONE","015","","","00000000","","CORN","CORN, GRAIN - YIELD, MEASURED IN BU / ACRE","TOTAL","NOT SPECIFIED","193.7",""
"SURVEY","2018","YEAR","","COUNTY","IOWA","19","CENTRAL","50","DALLAS","049","","","00000000","","CORN","CORN, GRAIN - YIELD, MEASURED IN BU / ACRE","TOTAL","NOT SPECIFIED","174",""
"SURVEY","2018","YEAR","","COUNTY","IOWA","19","CENTRAL","50","GRUNDY","075","","","00000000","","CORN","CORN, GRAIN - YIELD, MEASURED IN BU / ACRE","TOTAL","NOT SPECIFIED","225.2",""
"SURVEY","2018","YEAR","","COUNTY","IOWA","19","CENTRAL","50","HAMILTON","079","","","00000000","","CORN","CORN, GRAIN - YIELD, MEASURED IN BU / ACRE","TOTAL","NOT SPECIFIED","188.9",""
"SURVEY","2018","YEAR","","COUNTY","IOWA","19","CENTRAL","50","HARDIN","083","","","00000000","","CORN","CORN, GRAIN - YIELD, MEASURED IN BU / ACRE","TOTAL","NOT SPECIFIED","216.6",""
"SURVEY","2018","YEAR","","COUNTY","IOWA","19","CENTRAL","50","JASPER","099","","","00000000","","CORN","CORN, GRAIN - YIELD, MEASURED IN BU / ACRE","TOTAL","NOT SPECIFIED","218.6",""
"SURVEY","2018","YEAR","","COUNTY","IOWA","19","CENTRAL","50","MARSHALL","127","","","00000000","","CORN","CORN, GRAIN - YIELD, MEASURED IN BU / ACRE","TOTAL","NOT SPECIFIED","226",""
"SURVEY","2018","YEAR","","COUNTY","IOWA","19","CENTRAL","50","POLK","153","","","00000000","","CORN","CORN, GRAIN - YIELD, MEASURED IN BU / ACRE","TOTAL","NOT SPECIFIED","186.2",""
"SURVEY","2018","YEAR","","COUNTY","IOWA","19","CENTRAL","50","POWESHIEK","157","","","00000000","","CORN","CORN, GRAIN - YIELD, MEASURED IN BU / ACRE","TOTAL","NOT SPECIFIED","218.7",""
"SURVEY","2018","YEAR","","COUNTY","IOWA","19","CENTRAL","50","STORY","169","","","00000000","","CORN","CORN, GRAIN - YIELD, MEASURED IN BU / ACRE","TOTAL","NOT SPECIFIED","192.3",""
"SURVEY","2018","YEAR","","COUNTY","IOWA","19","CENTRAL","50","TAMA","171","","","00000000","","CORN","CORN, GRAIN - YIELD, MEASURED IN BU / ACRE","TOTAL","NOT SPECIFIED","224.3",""
"SURVEY","2018","YEAR","","COUNTY","IOWA","19","CENTRAL","50","WEBSTER","187","","","00000000","","CORN","CORN, GRAIN - YIELD, MEASURED IN BU / ACRE","TOTAL","NOT SPECIFIED","188.1",""
"SURVEY","2018","YEAR","","COUNTY","IOWA","19","EAST CENTRAL","60","BENTON","011","","","00000000","","CORN","CORN, GRAIN - YIELD, MEASURED IN BU / ACRE","TOTAL","NOT SPECIFIED","214.6",""
"SURVEY","2018","YEAR","","COUNTY","IOWA","19","EAST CENTRAL","60","CEDAR","031","","","00000000","","CORN","CORN, GRAIN - YIELD, MEASURED IN BU / ACRE","TOTAL","NOT SPECIFIED","222.3",""
"SURVEY","2018","YEAR","","COUNTY","IOWA","19","EAST CENTRAL","60","CLINTON","045","","","00000000","","CORN","CORN, GRAIN - YIELD, MEASURED IN BU / ACRE","TOTAL","NOT SPECIFIED","210.9",""
"SURVEY","2018","YEAR","","COUNTY","IOWA","19","EAST CENTRAL","60","IOWA","095","","","00000000","","CORN","CORN, GRAIN - YIELD, MEASURED IN BU / ACRE","TOTAL","NOT SPECIFIED","211.7",""
"SURVEY","2018","YEAR","","COUNTY","IOWA","19","EAST CENTRAL","60","JACKSON","097","","","00000000","","CORN","CORN, GRAIN - YIELD, MEASURED IN BU / ACRE","TOTAL","NOT SPECIFIED","202.4",""
"SURVEY","2018","YEAR","","COUNTY","IOWA","19","EAST CENTRAL","60","JOHNSON","103","","","00000000","","CORN","CORN, GRAIN - YIELD, MEASURED IN BU / ACRE","TOTAL","NOT SPECIFIED","212.3",""
"SURVEY","2018","YEAR","","COUNTY","IOWA","19","EAST CENTRAL","60","JONES","105","","","00000000","","CORN","CORN, GRAIN - YIELD, MEASURED IN BU / ACRE","TOTAL","NOT SPECIFIED","208.9",""
"SURVEY","2018","YEAR","","COUNTY","IOWA","19","EAST CENTRAL","60","LINN","113","","","00000000","","CORN","CORN, GRAIN - YIELD, MEASURED IN BU / ACRE","TOTAL","NOT SPECIFIED","215.4",""
"SURVEY","2018","YEAR","","COUNTY","IOWA","19","EAST CENTRAL","60","MUSCATINE","139","","","00000000","","CORN","CORN, GRAIN - YIELD, MEASURED IN BU / ACRE","TOTAL","NOT SPECIFIED","209.6",""
"SURVEY","2018","YEAR","","COUNTY","IOWA","19","EAST CENTRAL","60","SCOTT","163","","","00000000","","CORN","CORN, GRAIN - YIELD, MEASURED IN BU / ACRE","TOTAL","NOT SPECIFIED","214",""
"SURVEY","2018","YEAR","","COUNTY","IOWA","19","NORTH CENTRAL","20","BUTLER","023","","","00000000","","CORN","CORN, GRAIN - YIELD, MEASURED IN BU / ACRE","TOTAL","NOT SPECIFIED","211.3",""
"SURVEY","2018","YEAR","","COUNTY","IOWA","19","NORTH CENTRAL","20","CERRO GORDO","033","","","00000000","","CORN","CORN, GRAIN - YIELD, MEASURED IN BU / ACRE","TOTAL","NOT SPECIFIED","184.4",""
"SURVEY","2018","YEAR","","COUNTY","IOWA","19","NORTH CENTRAL","20","FLOYD","067","","","00000000","","CORN","CORN, GRAIN - YIELD, MEASURED IN BU / ACRE","TOTAL","NOT SPECIFIED","184.4",""
"SURVEY","2018","YEAR","","COUNTY","IOWA","19","NORTH CENTRAL","20","FRANKLIN","069","","","00000000","","CORN","CORN, GRAIN - YIELD, MEASURED IN BU / ACRE","TOTAL","NOT SPECIFIED","204.3",""
"SURVEY","2018","YEAR","","COUNTY","IOWA","19","NORTH CENTRAL","20","HANCOCK","081","","","00000000","","CORN","CORN, GRAIN - YIELD, MEASURED IN BU / ACRE","TOTAL","NOT SPECIFIED","176.7",""
"SURVEY","2018","YEAR","","COUNTY","IOWA","19","NORTH CENTRAL","20","HUMBOLDT","091","","","00000000","","CORN","CORN, GRAIN - YIELD, MEASURED IN BU / ACRE","TOTAL","NOT SPECIFIED","162.3",""
"SURVEY","2018","YEAR","","COUNTY","IOWA","19","NORTH CENTRAL","20","KOSSUTH","109","","","00000000","","CORN","CORN, GRAIN - YIELD, MEASURED IN BU / ACRE","TOTAL","NOT SPECIFIED","180.2",""
"SURVEY","2018","YEAR","","COUNTY","IOWA","19","NORTH CENTRAL","20","MITCHELL","131","","","00000000","","CORN","CORN, GRAIN - YIELD, MEASURED IN BU / ACRE","TOTAL","NOT SPECIFIED","193.3",""
"SURVEY","2018","YEAR","","COUNTY","IOWA","19","NORTH CENTRAL","20","WINNEBAGO","189","","","00000000","","CORN","CORN, GRAIN - YIELD, MEASURED IN BU / ACRE","TOTAL","NOT SPECIFIED","180.8",""
"SURVEY","2018","YEAR","","COUNTY","IOWA","19","NORTH CENTRAL","20","WORTH","195","","","00000000","","CORN","CORN, GRAIN - YIELD, MEASURED IN BU / ACRE","TOTAL","NOT SPECIFIED","180",""
"SURVEY","2018","YEAR","","COUNTY","IOWA","19","NORTH CENTRAL","20","WRIGHT","197","","","00000000","","CORN","CORN, GRAIN - YIELD, MEASURED IN BU / ACRE","TOTAL","NOT SPECIFIED","180.5",""
"SURVEY","2018","YEAR","","COUNTY","IOWA","19","NORTHEAST","30","ALLAMAKEE","005","","","00000000","","CORN","CORN, GRAIN - YIELD, MEASURED IN BU / ACRE","TOTAL","NOT SPECIFIED","198.4",""
"SURVEY","2018","YEAR","","COUNTY","IOWA","19","NORTHEAST","30","BLACK HAWK","013","","","00000000","","CORN","CORN, GRAIN - YIELD, MEASURED IN BU / ACRE","TOTAL","NOT SPECIFIED","206.2",""
"SURVEY","2018","YEAR","","COUNTY","IOWA","19","NORTHEAST","30","BREMER","017","","","00000000","","CORN","CORN, GRAIN - YIELD, MEASURED IN BU / ACRE","TOTAL","NOT SPECIFIED","212.4",""
"SURVEY","2018","YEAR","","COUNTY","IOWA","19","NORTHEAST","30","BUCHANAN","019","","","00000000","","CORN","CORN, GRAIN - YIELD, MEASURED IN BU / ACRE","TOTAL","NOT SPECIFIED","207.1",""
"SURVEY","2018","YEAR","","COUNTY","IOWA","19","NORTHEAST","30","CHICKASAW","037","","","00000000","","CORN","CORN, GRAIN - YIELD, MEASURED IN BU / ACRE","TOTAL","NOT SPECIFIED","192.9",""
"SURVEY","2018","YEAR","","COUNTY","IOWA","19","NORTHEAST","30","CLAYTON","043","","","00000000","","CORN","CORN, GRAIN - YIELD, MEASURED IN BU / ACRE","TOTAL","NOT SPECIFIED","201.5",""
"SURVEY","2018","YEAR","","COUNTY","IOWA","19","NORTHEAST","30","DELAWARE","055","","","00000000","","CORN","CORN, GRAIN - YIELD, MEASURED IN BU / ACRE","TOTAL","NOT SPECIFIED","224.8",""
"SURVEY","2018","YEAR","","COUNTY","IOWA","19","NORTHEAST","30","DUBUQUE","061","","","00000000","","CORN","CORN, GRAIN - YIELD, MEASURED IN BU / ACRE","TOTAL","NOT SPECIFIED","211.8",""
"SURVEY","2018","YEAR","","COUNTY","IOWA","19","NORTHEAST","30","FAYETTE","065","","","00000000","","CORN","CORN, GRAIN - YIELD, MEASURED IN BU / ACRE","TOTAL","NOT SPECIFIED","200.1",""
"SURVEY","2018","YEAR","","COUNTY","IOWA","19","NORTHEAST","30","HOWARD","089","","","00000000","","CORN","CORN, GRAIN - YIELD, MEASURED IN BU / ACRE","TOTAL","NOT SPECIFIED","185.5",""
"SURVEY","2018","YEAR","","COUNTY","IOWA","19","NORTHEAST","30","WINNESHIEK","191","","","00000000","","CORN","CORN, GRAIN - YIELD, MEASURED IN BU / ACRE","TOTAL","NOT SPECIFIED","198.1",""
"SURVEY","2018","YEAR","","COUNTY","IOWA","19","NORTHWEST","10","BUENA VISTA","021","","","00000000","","CORN","CORN, GRAIN - YIELD, MEASURED IN BU / ACRE","TOTAL","NOT SPECIFIED","193.1",""
"SURVEY","2018","YEAR","","COUNTY","IOWA","19","NORTHWEST","10","CHEROKEE","035","","","00000000","","CORN","CORN, GRAIN - YIELD, MEASURED IN BU / ACRE","TOTAL","NOT SPECIFIED","213.3",""
"SURVEY","2018","YEAR","","COUNTY","IOWA","19","NORTHWEST","10","CLAY","041","","","00000000","","CORN","CORN, GRAIN - YIELD, MEASURED IN BU / ACRE","TOTAL","NOT SPECIFIED","158.5",""
"SURVEY","2018","YEAR","","COUNTY","IOWA","19","NORTHWEST","10","DICKINSON","059","","","00000000","","CORN","CORN, GRAIN - YIELD, MEASURED IN BU / ACRE","TOTAL","NOT SPECIFIED","160.4",""
"SURVEY","2018","YEAR","","COUNTY","IOWA","19","NORTHWEST","10","EMMET","063","","","00000000","","CORN","CORN, GRAIN - YIELD, MEASURED IN BU / ACRE","TOTAL","NOT SPECIFIED","155.8",""
"SURVEY","2018","YEAR","","COUNTY","IOWA","19","NORTHWEST","10","LYON","119","","","00000000","","CORN","CORN, GRAIN - YIELD, MEASURED IN BU / ACRE","TOTAL","NOT SPECIFIED","193",""
"SURVEY","2018","YEAR","","COUNTY","IOWA","19","NORTHWEST","10","O BRIEN","141","","","00000000","","CORN","CORN, GRAIN - YIELD, MEASURED IN BU / ACRE","TOTAL","NOT SPECIFIED","201.6",""
"SURVEY","2018","YEAR","","COUNTY","IOWA","19","NORTHWEST","10","OSCEOLA","143","","","00000000","","CORN","CORN, GRAIN - YIELD, MEASURED IN BU / ACRE","TOTAL","NOT SPECIFIED","180.2",""
"SURVEY","2018","YEAR","","COUNTY","IOWA","19","NORTHWEST","10","PALO ALTO","147","","","00000000","","CORN","CORN, GRAIN - YIELD, MEASURED IN BU / ACRE","TOTAL","NOT SPECIFIED","157.9",""
"SURVEY","2018","YEAR","","COUNTY","IOWA","19","NORTHWEST","10","PLYMOUTH","149","","","00000000","","CORN","CORN, GRAIN - YIELD, MEASURED IN BU / ACRE","TOTAL","NOT SPECIFIED","213.8",""
"SURVEY","2018","YEAR","","COUNTY","IOWA","19","NORTHWEST","10","POCAHONTAS","151","","","00000000","","CORN","CORN, GRAIN - YIELD, MEASURED IN BU / ACRE","TOTAL","NOT SPECIFIED","179.2",""
"SURVEY","2018","YEAR","","COUNTY","IOWA","19","NORTHWEST","10","SIOUX","167","","","00000000","","CORN","CORN, GRAIN - YIELD, MEASURED IN BU / ACRE","TOTAL","NOT SPECIFIED","211.9",""
"SURVEY","2018","YEAR","","COUNTY","IOWA","19","SOUTH CENTRAL","80","CLARKE","039","","","00000000","","CORN","CORN, GRAIN - YIELD, MEASURED IN BU / ACRE","TOTAL","NOT SPECIFIED","161.8",""
"SURVEY","2018","YEAR","","COUNTY","IOWA","19","SOUTH CENTRAL","80","DECATUR","053","","","00000000","","CORN","CORN, GRAIN - YIELD, MEASURED IN BU / ACRE","TOTAL","NOT SPECIFIED","172.5",""
"SURVEY","2018","YEAR","","COUNTY","IOWA","19","SOUTH CENTRAL","80","MADISON","121","","","00000000","","CORN","CORN, GRAIN - YIELD, MEASURED IN BU / ACRE","TOTAL","NOT SPECIFIED","167.8",""
"SURVEY","2018","YEAR","","COUNTY","IOWA","19","SOUTH CENTRAL","80","MARION","125","","","00000000","","CORN","CORN, GRAIN - YIELD, MEASURED IN BU / ACRE","TOTAL","NOT SPECIFIED","190.2",""
"SURVEY","2018","YEAR","","COUNTY","IOWA","19","SOUTH CENTRAL","80","MONROE","135","","","00000000","","CORN","CORN, GRAIN - YIELD, MEASURED IN BU / ACRE","TOTAL","NOT SPECIFIED","167",""
"SURVEY","2018","YEAR","","COUNTY","IOWA","19","SOUTH CENTRAL","80","OTHER (COMBINED) COUNTIES","","","","00000000","","CORN","CORN, GRAIN - YIELD, MEASURED IN BU / ACRE","TOTAL","NOT SPECIFIED","142.6",""
"SURVEY","2018","YEAR","","COUNTY","IOWA","19","SOUTH CENTRAL","80","RINGGOLD","159","","","00000000","","CORN","CORN, GRAIN - YIELD, MEASURED IN BU / ACRE","TOTAL","NOT SPECIFIED","153.3",""
"SURVEY","2018","YEAR","","COUNTY","IOWA","19","SOUTH CENTRAL","80","UNION","175","","","00000000","","CORN","CORN, GRAIN - YIELD, MEASURED IN BU / ACRE","TOTAL","NOT SPECIFIED","155.8",""
"SURVEY","2018","YEAR","","COUNTY","IOWA","19","SOUTH CENTRAL","80","WARREN","181","","","00000000","","CORN","CORN, GRAIN - YIELD, MEASURED IN BU / ACRE","TOTAL","NOT SPECIFIED","163.6",""
"SURVEY","2018","YEAR","","COUNTY","IOWA","19","SOUTH CENTRAL","80","WAYNE","185","","","00000000","","CORN","CORN, GRAIN - YIELD, MEASURED IN BU / ACRE","TOTAL","NOT SPECIFIED","171.6",""
"SURVEY","2018","YEAR","","COUNTY","IOWA","19","SOUTHEAST","90","DES MOINES","057","","","00000000","","CORN","CORN, GRAIN - YIELD, MEASURED IN BU / ACRE","TOTAL","NOT SPECIFIED","195.4",""
"SURVEY","2018","YEAR","","COUNTY","IOWA","19","SOUTHEAST","90","HENRY","087","","","00000000","","CORN","CORN, GRAIN - YIELD, MEASURED IN BU / ACRE","TOTAL","NOT SPECIFIED","189.7",""
"SURVEY","2018","YEAR","","COUNTY","IOWA","19","SOUTHEAST","90","JEFFERSON","101","","","00000000","","CORN","CORN, GRAIN - YIELD, MEASURED IN BU / ACRE","TOTAL","NOT SPECIFIED","198.8",""
"SURVEY","2018","YEAR","","COUNTY","IOWA","19","SOUTHEAST","90","KEOKUK","107","","","00000000","","CORN","CORN, GRAIN - YIELD, MEASURED IN BU / ACRE","TOTAL","NOT SPECIFIED","203.7",""
"SURVEY","2018","YEAR","","COUNTY","IOWA","19","SOUTHEAST","90","LEE","111","","","00000000","","CORN","CORN, GRAIN - YIELD, MEASURED IN BU / ACRE","TOTAL","NOT SPECIFIED","201.3",""
"SURVEY","2018","YEAR","","COUNTY","IOWA","19","SOUTHEAST","90","LOUISA","115","","","00000000","","CORN","CORN, GRAIN - YIELD, MEASURED IN BU / ACRE","TOTAL","NOT SPECIFIED","196.5",""
"SURVEY","2018","YEAR","","COUNTY","IOWA","19","SOUTHEAST","90","MAHASKA","123","","","00000000","","CORN","CORN, GRAIN - YIELD, MEASURED IN BU / ACRE","TOTAL","NOT SPECIFIED","207.7",""
"SURVEY","2018","YEAR","","COUNTY","IOWA","19","SOUTHEAST","90","OTHER (COMBINED) COUNTIES","","","","00000000","","CORN","CORN, GRAIN - YIELD, MEASURED IN BU / ACRE","TOTAL","NOT SPECIFIED","176.9",""
"SURVEY","2018","YEAR","","COUNTY","IOWA","19","SOUTHEAST","90","VAN BUREN","177","","","00000000","","CORN","CORN, GRAIN - YIELD, MEASURED IN BU / ACRE","TOTAL","NOT SPECIFIED","180.9",""
"SURVEY","2018","YEAR","","COUNTY","IOWA","19","SOUTHEAST","90","WASHINGTON","183","","","00000000","","CORN","CORN, GRAIN - YIELD, MEASURED IN BU / ACRE","TOTAL","NOT SPECIFIED","214.3",""
"SURVEY","2018","YEAR","","COUNTY","IOWA","19","SOUTHWEST","70","ADAIR","001","","","00000000","","CORN","CORN, GRAIN - YIELD, MEASURED IN BU / ACRE","TOTAL","NOT SPECIFIED","149.5",""
"SURVEY","2018","YEAR","","COUNTY","IOWA","19","SOUTHWEST","70","ADAMS","003","","","00000000","","CORN","CORN, GRAIN - YIELD, MEASURED IN BU / ACRE","TOTAL","NOT SPECIFIED","171.6",""
"SURVEY","2018","YEAR","","COUNTY","IOWA","19","SOUTHWEST","70","CASS","029","","","00000000","","CORN","CORN, GRAIN - YIELD, MEASURED IN BU / ACRE","TOTAL","NOT SPECIFIED","169.5",""
"SURVEY","2018","YEAR","","COUNTY","IOWA","19","SOUTHWEST","70","FREMONT","071","","","00000000","","CORN","CORN, GRAIN - YIELD, MEASURED IN BU / ACRE","TOTAL","NOT SPECIFIED","195.1",""
"SURVEY","2018","YEAR","","COUNTY","IOWA","19","SOUTHWEST","70","MONTGOMERY","137","","","00000000","","CORN","CORN, GRAIN - YIELD, MEASURED IN BU / ACRE","TOTAL","NOT SPECIFIED","191.5",""
"SURVEY","2018","YEAR","","COUNTY","IOWA","19","SOUTHWEST","70","OTHER (COMBINED) COUNTIES","","","","00000000","","CORN","CORN, GRAIN - YIELD, MEASURED IN BU / ACRE","TOTAL","NOT SPECIFIED","196.7",""
"SURVEY","2018","YEAR","","COUNTY","IOWA","19","SOUTHWEST","70","PAGE","145","","","00000000","","CORN","CORN, GRAIN - YIELD, MEASURED IN BU / ACRE","TOTAL","NOT SPECIFIED","188.1",""
"SURVEY","2018","YEAR","","COUNTY","IOWA","19","SOUTHWEST","70","TAYLOR","173","","","00000000","","CORN","CORN, GRAIN - YIELD, MEASURED IN BU / ACRE","TOTAL","NOT SPECIFIED","154.4",""
"SURVEY","2018","YEAR","","COUNTY","IOWA","19","WEST CENTRAL","40","AUDUBON","009","","","00000000","","CORN","CORN, GRAIN - YIELD, MEASURED IN BU / ACRE","TOTAL","NOT SPECIFIED","180",""
"SURVEY","2018","YEAR","","COUNTY","IOWA","19","WEST CENTRAL","40","CALHOUN","025","","","00000000","","CORN","CORN, GRAIN - YIELD, MEASURED IN BU / ACRE","TOTAL","NOT SPECIFIED","193.3",""
"SURVEY","2018","YEAR","","COUNTY","IOWA","19","WEST CENTRAL","40","CARROLL","027","","","00000000","","CORN","CORN, GRAIN - YIELD, MEASURED IN BU / ACRE","TOTAL","NOT SPECIFIED","208.4",""
"SURVEY","2018","YEAR","","COUNTY","IOWA","19","WEST CENTRAL","40","CRAWFORD","047","","","00000000","","CORN","CORN, GRAIN - YIELD, MEASURED IN BU / ACRE","TOTAL","NOT SPECIFIED","214",""
"SURVEY","2018","YEAR","","COUNTY","IOWA","19","WEST CENTRAL","40","GREENE","073","","","00000000","","CORN","CORN, GRAIN - YIELD, MEASURED IN BU / ACRE","TOTAL","NOT SPECIFIED","201.3",""
"SURVEY","2018","YEAR","","COUNTY","IOWA","19","WEST CENTRAL","40","GUTHRIE","077","","","00000000","","CORN","CORN, GRAIN - YIELD, MEASURED IN BU / ACRE","TOTAL","NOT SPECIFIED","192.2",""
"SURVEY","2018","YEAR","","COUNTY","IOWA","19","WEST CENTRAL","40","HARRISON","085","","","00000000","","CORN","CORN, GRAIN - YIELD, MEASURED IN BU / ACRE","TOTAL","NOT SPECIFIED","176",""
"SURVEY","2018","YEAR","","COUNTY","IOWA","19","WEST CENTRAL","40","IDA","093","","","00000000","","CORN","CORN, GRAIN - YIELD, MEASURED IN BU / ACRE","TOTAL","NOT SPECIFIED","222.2",""
"SURVEY","2018","YEAR","","COUNTY","IOWA","19","WEST CENTRAL","40","MONONA","133","","","00000000","","CORN","CORN, GRAIN - YIELD, MEASURED IN BU / ACRE","TOTAL","NOT SPECIFIED","181.4",""
"SURVEY","2018","YEAR","","COUNTY","IOWA","19","WEST CENTRAL","40","SAC","161","","","00000000","","CORN","CORN, GRAIN - YIELD, MEASURED IN BU / ACRE","TOTAL","NOT SPECIFIED","213.5",""
"SURVEY","2018","YEAR","","COUNTY","IOWA","19","WEST CENTRAL","40","SHELBY","165","","","00000000","","CORN","CORN, GRAIN - YIELD, MEASURED IN BU / ACRE","TOTAL","NOT SPECIFIED","189.1",""
"SURVEY","2018","YEAR","","COUNTY","IOWA","19","WEST CENTRAL","40","WOODBURY","193","","","00000000","","CORN","CORN, GRAIN - YIELD, MEASURED IN BU / ACRE","TOTAL","NOT SPECIFIED","219.3",""
"SURVEY","2018","YEAR","","COUNTY","NEBRASKA","31","CENTRAL","50","BUFFALO","019","","","00000000","","CORN","CORN, GRAIN - YIELD, MEASURED IN BU / ACRE","TOTAL","NOT SPECIFIED","223.6",""
"SURVEY","2018","YEAR","","COUNTY","NEBRASKA","31","CENTRAL","50","CUSTER","041","","","00000000","","CORN","CORN, GRAIN - YIELD, MEASURED IN BU / ACRE","TOTAL","NOT SPECIFIED","205.5",""
"SURVEY","2018","YEAR","","COUNTY","NEBRASKA","31","CENTRAL","50","DAWSON","047","","","00000000","","CORN","CORN, GRAIN - YIELD, MEASURED IN BU / ACRE","TOTAL","NOT SPECIFIED","233.5",""
"SURVEY","2018","YEAR","","COUNTY","NEBRASKA","31","CENTRAL","50","GREELEY","077","","","00000000","","CORN","CORN, GRAIN - YIELD, MEASURED IN BU / ACRE","TOTAL","NOT SPECIFIED","197.8",""
"SURVEY","2018","YEAR","","COUNTY","NEBRASKA","31","CENTRAL","50","HALL","079","","","00000000","","CORN","CORN, GRAIN - YIELD, MEASURED IN BU / ACRE","TOTAL","NOT SPECIFIED","217.5",""
"SURVEY","2018","YEAR","","COUNTY","NEBRASKA","31","CENTRAL","50","HOWARD","093","","","00000000","","CORN","CORN, GRAIN - YIELD, MEASURED IN BU / ACRE","TOTAL","NOT SPECIFIED","184.6",""
"SURVEY","2018","YEAR","","COUNTY","NEBRASKA","31","CENTRAL","50","SHERMAN","163","","","00000000","","CORN","CORN, GRAIN - YIELD, MEASURED IN BU / ACRE","TOTAL","NOT SPECIFIED","191",""
"SURVEY","2018","YEAR","","COUNTY","NEBRASKA","31","CENTRAL","50","VALLEY","175","","","00000000","","CORN","CORN, GRAIN - YIELD, MEASURED IN BU / ACRE","TOTAL","NOT SPECIFIED","212.1",""
"SURVEY","2018","YEAR","","COUNTY","NEBRASKA","31","EAST","60","BUTLER","023","","","00000000","","CORN","CORN, GRAIN - YIELD, MEASURED IN BU / ACRE","TOTAL","NOT SPECIFIED","197.3",""
"SURVEY","2018","YEAR","","COUNTY","NEBRASKA","31","EAST","60","CASS","025","","","00000000","","CORN","CORN, GRAIN - YIELD, MEASURED IN BU / ACRE","TOTAL","NOT SPECIFIED","202.4",""
"SURVEY","2018","YEAR","","COUNTY","NEBRASKA","31","EAST","60","COLFAX","037","","","00000000","","CORN","CORN, GRAIN - YIELD, MEASURED IN BU / ACRE","TOTAL","NOT SPECIFIED","207.1",""
"SURVEY","2018","YEAR","","COUNTY","NEBRASKA","31","EAST","60","DODGE","053","","","00000000","","CORN","CORN, GRAIN - YIELD, MEASURED IN BU / ACRE","TOTAL","NOT SPECIFIED","197.3",""
"SURVEY","2018","YEAR","","COUNTY","NEBRASKA","31","EAST","60","HAMILTON","081","","","00000000","","CORN","CORN, GRAIN - YIELD, MEASURED IN BU / ACRE","TOTAL","NOT SPECIFIED","223.8",""
"SURVEY","2018","YEAR","","COUNTY","NEBRASKA","31","EAST","60","LANCASTER","109","","","00000000","","CORN","CORN, GRAIN - YIELD, MEASURED IN BU / ACRE","TOTAL","NOT SPECIFIED","179.7",""
"SURVEY","2018","YEAR","","COUNTY","NEBRASKA","31","EAST","60","MERRICK","121","","","00000000","","CORN","CORN, GRAIN - YIELD, MEASURED IN BU / ACRE","TOTAL","NOT SPECIFIED","193",""
"SURVEY","2018","YEAR","","COUNTY","NEBRASKA","31","EAST","60","OTHER (COMBINED) COUNTIES","","","","00000000","","CORN","CORN, GRAIN - YIELD, MEASURED IN BU / ACRE","TOTAL","NOT SPECIFIED","199.1",""
"SURVEY","2018","YEAR","","COUNTY","NEBRASKA","31","EAST","60","PLATTE","141","","","00000000","","CORN","CORN, GRAIN - YIELD, MEASURED IN BU / ACRE","TOTAL","NOT SPECIFIED","192.5",""
"SURVEY","2018","YEAR","","COUNTY","NEBRASKA","31","EAST","60","POLK","143","","","00000000","","CORN","CORN, GRAIN - YIELD, MEASURED IN BU / ACRE","TOTAL","NOT SPECIFIED","211",""
"SURVEY","2018","YEAR","","COUNTY","NEBRASKA","31","EAST","60","SARPY","153","","","00000000","","CORN","CORN, GRAIN - YIELD, MEASURED IN BU / ACRE","TOTAL","NOT SPECIFIED","200",""
"SURVEY","2018","YEAR","","COUNTY","NEBRASKA","31","EAST","60","SAUNDERS","155","","","00000000","","CORN","CORN, GRAIN - YIELD, MEASURED IN BU / ACRE","TOTAL","NOT SPECIFIED","195.3",""
"SURVEY","2018","YEAR","","COUNTY","NEBRASKA","31","EAST","60","SEWARD","159","","","00000000","","CORN","CORN, GRAIN - YIELD, MEASURED IN BU / ACRE","TOTAL","NOT SPECIFIED","194.1",""
"SURVEY","2018","YEAR","","COUNTY","NEBRASKA","31","EAST","60","WASHINGTON","177","","","00000000","","CORN","CORN, GRAIN - YIELD, MEASURED IN BU / ACRE","TOTAL","NOT SPECIFIED","187.5",""
"SURVEY","2018","YEAR","","COUNTY","NEBRASKA","31","EAST","60","YORK","185","","","00000000","","CORN","CORN, GRAIN - YIELD, MEASURED IN BU / ACRE","TOTAL","NOT SPECIFIED","215.1",""
"SURVEY","2018","YEAR","","COUNTY","NEBRASKA","31","NORTH","20","CHERRY","031","","","00000000","","CORN","CORN, GRAIN - YIELD, MEASURED IN BU / ACRE","TOTAL","NOT SPECIFIED","207.6",""
"SURVEY","2018","YEAR","","COUNTY","NEBRASKA","31","NORTH","20","GARFIELD","071","","","00000000","","CORN","CORN, GRAIN - YIELD, MEASURED IN BU / ACRE","TOTAL","NOT SPECIFIED","205",""
"SURVEY","2018","YEAR","","COUNTY","NEBRASKA","31","NORTH","20","HOLT","089","","","00000000","","CORN","CORN, GRAIN - YIELD, MEASURED IN BU / ACRE","TOTAL","NOT SPECIFIED","206.4",""
"SURVEY","2018","YEAR","","COUNTY","NEBRASKA","31","NORTH","20","KEYA PAHA","103","","","00000000","","CORN","CORN, GRAIN - YIELD, MEASURED IN BU / ACRE","TOTAL","NOT SPECIFIED","212.1",""
"SURVEY","2018","YEAR","","COUNTY","NEBRASKA","31","NORTH","20","LOGAN","113","","","00000000","","CORN","CORN, GRAIN - YIELD, MEASURED IN BU / ACRE","TOTAL","NOT SPECIFIED","211.3",""
"SURVEY","2018","YEAR","","COUNTY","NEBRASKA","31","NORTH","20","OTHER (COMBINED) COUNTIES","","","","00000000","","CORN","CORN, GRAIN - YIELD, MEASURED IN BU / ACRE","TOTAL","NOT SPECIFIED","209.1",""
"SURVEY","2018","YEAR","","COUNTY","NEBRASKA","31","NORTHEAST","30","ANTELOPE","003","","","00000000","","CORN","CORN, GRAIN - YIELD, MEASURED IN BU / ACRE","TOTAL","NOT SPECIFIED","205.7",""
"SURVEY","2018","YEAR","","COUNTY","NEBRASKA","31","NORTHEAST","30","BOONE","011","","","00000000","","CORN","CORN, GRAIN - YIELD, MEASURED IN BU / ACRE","TOTAL","NOT SPECIFIED","196",""
"SURVEY","2018","YEAR","","COUNTY","NEBRASKA","31","NORTHEAST","30","BURT","021","","","00000000","","CORN","CORN, GRAIN - YIELD, MEASURED IN BU / ACRE","TOTAL","NOT SPECIFIED","186.1",""
"SURVEY","2018","YEAR","","COUNTY","NEBRASKA","31","NORTHEAST","30","CEDAR","027","","","00000000","","CORN","CORN, GRAIN - YIELD, MEASURED IN BU / ACRE","TOTAL","NOT SPECIFIED","200.3",""
"SURVEY","2018","YEAR","","COUNTY","NEBRASKA","31","NORTHEAST","30","CUMING","039","","","00000000","","CORN","CORN, GRAIN - YIELD, MEASURED IN BU / ACRE","TOTAL","NOT SPECIFIED","200",""
"SURVEY","2018","YEAR","","COUNTY","NEBRASKA","31","NORTHEAST","30","DIXON","051","","","00000000","","CORN","CORN, GRAIN - YIELD, MEASURED IN BU / ACRE","TOTAL","NOT SPECIFIED","206.5",""
"SURVEY","2018","YEAR","","COUNTY","NEBRASKA","31","NORTHEAST","30","KNOX","107","","","00000000","","CORN","CORN, GRAIN - YIELD, MEASURED IN BU / ACRE","TOTAL","NOT SPECIFIED","200",""
"SURVEY","2018","YEAR","","COUNTY","NEBRASKA","31","NORTHEAST","30","MADISON","119","","","00000000","","CORN","CORN, GRAIN - YIELD, MEASURED IN BU / ACRE","TOTAL","NOT SPECIFIED","182.2",""
"SURVEY","2018","YEAR","","COUNTY","NEBRASKA","31","NORTHEAST","30","OTHER (COMBINED) COUNTIES","","","","00000000","","CORN","CORN, GRAIN - YIELD, MEASURED IN BU / ACRE","TOTAL","NOT SPECIFIED","200.3",""
"SURVEY","2018","YEAR","","COUNTY","NEBRASKA","31","NORTHEAST","30","PIERCE","139","","","00000000","","CORN","CORN, GRAIN - YIELD, MEASURED IN BU / ACRE","TOTAL","NOT SPECIFIED","199.2",""
"SURVEY","2018","YEAR","","COUNTY","NEBRASKA","31","NORTHEAST","30","STANTON","167","","","00000000","","CORN","CORN, GRAIN - YIELD, MEASURED IN BU / ACRE","TOTAL","NOT SPECIFIED","208",""
"SURVEY","2018","YEAR","","COUNTY","NEBRASKA","31","NORTHEAST","30","WAYNE","179","","","00000000","","CORN","CORN, GRAIN - YIELD, MEASURED IN BU / ACRE","TOTAL","NOT SPECIFIED","204.8",""
"SURVEY","2018","YEAR","","COUNTY","NEBRASKA","31","NORTHWEST","10","BOX BUTTE","013","","","00000000","","CORN","CORN, GRAIN - YIELD, MEASURED IN BU / ACRE","TOTAL","NOT SPECIFIED","168.3",""
"SURVEY","2018","YEAR","","COUNTY","NEBRASKA","31","NORTHWEST","10","DEUEL","049","","","00000000","","CORN","CORN, GRAIN - YIELD, MEASURED IN BU / ACRE","TOTAL","NOT SPECIFIED","112.8",""
"SURVEY","2018","YEAR","","COUNTY","NEBRASKA","31","NORTHWEST","10","GARDEN","069","","","00000000","","CORN","CORN, GRAIN - YIELD, MEASURED IN BU / ACRE","TOTAL","NOT SPECIFIED","109.5",""
"SURVEY","2018","YEAR","","COUNTY","NEBRASKA","31","NORTHWEST","10","MORRILL","123","","","00000000","","CORN","CORN, GRAIN - YIELD, MEASURED IN BU / ACRE","TOTAL","NOT SPECIFIED","163.5",""
"SURVEY","2018","YEAR","","COUNTY","NEBRASKA","31","NORTHWEST","10","OTHER (COMBINED) COUNTIES","","","","00000000","","CORN","CORN, GRAIN - YIELD, MEASURED IN BU / ACRE","TOTAL","NOT SPECIFIED","113",""
"SURVEY","2018","YEAR","","COUNTY","NEBRASKA","31","NORTHWEST","10","SCOTTS BLUFF","157","","","00000000","","CORN","CORN, GRAIN - YIELD, MEASURED IN BU / ACRE","TOTAL","NOT SPECIFIED","194.8",""
"SURVEY","2018","YEAR","","COUNTY","NEBRASKA","31","NORTHWEST","10","SHERIDAN","161","","","00000000","","CORN","CORN, GRAIN - YIELD, MEASURED IN BU / ACRE","TOTAL","NOT SPECIFIED","153.8",""
"SURVEY","2018","YEAR","","COUNTY","NEBRASKA","31","NORTHWEST","10","SIOUX","165","","","00000000","","CORN","CORN, GRAIN - YIELD, MEASURED IN BU / ACRE","TOTAL","NOT SPECIFIED","204.3",""
"SURVEY","2018","YEAR","","COUNTY","NEBRASKA","31","SOUTH","80","ADAMS","001","","","00000000","","CORN","CORN, GRAIN - YIELD, MEASURED IN BU / ACRE","TOTAL","NOT SPECIFIED","215.4",""
"SURVEY","2018","YEAR","","COUNTY","NEBRASKA","31","SOUTH","80","FRANKLIN","061","","","00000000","","CORN","CORN, GRAIN - YIELD, MEASURED IN BU / ACRE","TOTAL","NOT SPECIFIED","195",""
"SURVEY","2018","YEAR","","COUNTY","NEBRASKA","31","SOUTH","80","FURNAS","065","","","00000000","","CORN","CORN, GRAIN - YIELD, MEASURED IN BU / ACRE","TOTAL","NOT SPECIFIED","151.8",""
"SURVEY","2018","YEAR","","COUNTY","NEBRASKA","31","SOUTH","80","GOSPER","073","","","00000000","","CORN","CORN, GRAIN - YIELD, MEASURED IN BU / ACRE","TOTAL","NOT SPECIFIED","204.5",""
"SURVEY","2018","YEAR","","COUNTY","NEBRASKA","31","SOUTH","80","HARLAN","083","","","00000000","","CORN","CORN, GRAIN - YIELD, MEASURED IN BU / ACRE","TOTAL","NOT SPECIFIED","181.2",""
"SURVEY","2018","YEAR","","COUNTY","NEBRASKA","31","SOUTH","80","KEARNEY","099","","","00000000","","CORN","CORN, GRAIN - YIELD, MEASURED IN BU / ACRE","TOTAL","NOT SPECIFIED","214.7",""
"SURVEY","2018","YEAR","","COUNTY","NEBRASKA","31","SOUTH","80","PHELPS","137","","","00000000","","CORN","CORN, GRAIN - YIELD, MEASURED IN BU / ACRE","TOTAL","NOT SPECIFIED","228.5",""
"SURVEY","2018","YEAR","","COUNTY","NEBRASKA","31","SOUTH","80","WEBSTER","181","","","00000000","","CORN","CORN, GRAIN - YIELD, MEASURED IN BU / ACRE","TOTAL","NOT SPECIFIED","168.6",""
"SURVEY","2018","YEAR","","COUNTY","NEBRASKA","31","SOUTHEAST","90","CLAY","035","","","00000000","","CORN","CORN, GRAIN - YIELD, MEASURED IN BU / ACRE","TOTAL","NOT SPECIFIED","205",""
"SURVEY","2018","YEAR","","COUNTY","NEBRASKA","31","SOUTHEAST","90","FILLMORE","059","","","00000000","","CORN","CORN, GRAIN - YIELD, MEASURED IN BU / ACRE","TOTAL","NOT SPECIFIED","201.3",""
"SURVEY","2018","YEAR","","COUNTY","NEBRASKA","31","SOUTHEAST","90","GAGE","067","","","00000000","","CORN","CORN, GRAIN - YIELD, MEASURED IN BU / ACRE","TOTAL","NOT SPECIFIED","172.7",""
"SURVEY","2018","YEAR","","COUNTY","NEBRASKA","31","SOUTHEAST","90","JEFFERSON","095","","","00000000","","CORN","CORN, GRAIN - YIELD, MEASURED IN BU / ACRE","TOTAL","NOT SPECIFIED","180.5",""
"SURVEY","2018","YEAR","","COUNTY","NEBRASKA","31","SOUTHEAST","90","JOHNSON","097","","","00000000","","CORN","CORN, GRAIN - YIELD, MEASURED IN BU / ACRE","TOTAL","NOT SPECIFIED","145.7",""
"SURVEY","2018","YEAR","","COUNTY","NEBRASKA","31","SOUTHEAST","90","NEMAHA","127","","","00000000","","CORN","CORN, GRAIN - YIELD, MEASURED IN BU / ACRE","TOTAL","NOT SPECIFIED","186",""
"SURVEY","2018","YEAR","","COUNTY","NEBRASKA","31","SOUTHEAST","90","NUCKOLLS","129","","","00000000","","CORN","CORN, GRAIN - YIELD, MEASURED IN BU / ACRE","TOTAL","NOT SPECIFIED","171.5",""
"SURVEY","2018","YEAR","","COUNTY","NEBRASKA","31","SOUTHEAST","90","OTOE","131","","","00000000","","CORN","CORN, GRAIN - YIELD, MEASURED IN BU / ACRE","TOTAL","NOT SPECIFIED","163.8",""
"SURVEY","2018","YEAR","","COUNTY","NEBRASKA","31","SOUTHEAST","90","PAWNEE","133","","","00000000","","CORN","CORN, GRAIN - YIELD, MEASURED IN BU / ACRE","TOTAL","NOT SPECIFIED","153.9",""
"SURVEY","2018","YEAR","","COUNTY","NEBRASKA","31","SOUTHEAST","90","RICHARDSON","147","","","00000000","","CORN","CORN, GRAIN - YIELD, MEASURED IN BU / ACRE","TOTAL","NOT SPECIFIED","161.2",""
"SURVEY","2018","YEAR","","COUNTY","NEBRASKA","31","SOUTHEAST","90","SALINE","151","","","00000000","","CORN","CORN, GRAIN - YIELD, MEASURED IN BU / ACRE","TOTAL","NOT SPECIFIED","188.6",""
"SURVEY","2018","YEAR","","COUNTY","NEBRASKA","31","SOUTHEAST","90","THAYER","169","","","00000000","","CORN","CORN, GRAIN - YIELD, MEASURED IN BU / ACRE","TOTAL","NOT SPECIFIED","186.8",""
"SURVEY","2018","YEAR","","COUNTY","NEBRASKA","31","SOUTHWEST","70","CHASE","029","","","00000000","","CORN","CORN, GRAIN - YIELD, MEASURED IN BU / ACRE","TOTAL","NOT SPECIFIED","200.6",""
"SURVEY","2018","YEAR","","COUNTY","NEBRASKA","31","SOUTHWEST","70","DUNDY","057","","","00000000","","CORN","CORN, GRAIN - YIELD, MEASURED IN BU / ACRE","TOTAL","NOT SPECIFIED","183.8",""
"SURVEY","2018","YEAR","","COUNTY","NEBRASKA","31","SOUTHWEST","70","HAYES","085","","","00000000","","CORN","CORN, GRAIN - YIELD, MEASURED IN BU / ACRE","TOTAL","NOT SPECIFIED","170.4",""
"SURVEY","2018","YEAR","","COUNTY","NEBRASKA","31","SOUTHWEST","70","HITCHCOCK","087","","","00000000","","CORN","CORN, GRAIN - YIELD, MEASURED IN BU / ACRE","TOTAL","NOT SPECIFIED","139.6",""
"SURVEY","2018","YEAR","","COUNTY","NEBRASKA","31","SOUTHWEST","70","KEITH","101","","","00000000","","CORN","CORN, GRAIN - YIELD, MEASURED IN BU / ACRE","TOTAL","NOT SPECIFIED","171.5",""
"SURVEY","2018","YEAR","","COUNTY","NEBRASKA","31","SOUTHWEST","70","LINCOLN","111","","","00000000","","CORN","CORN, GRAIN - YIELD, MEASURED IN BU / ACRE","TOTAL","NOT SPECIFIED","182.6",""
"SURVEY","2018","YEAR","","COUNTY","NEBRASKA","31","SOUTHWEST","70","OTHER (COMBINED) COUNTIES","","","","00000000","","CORN","CORN, GRAIN - YIELD, MEASURED IN BU / ACRE","TOTAL","NOT SPECIFIED","158.4",""
"SURVEY","2018","YEAR","","COUNTY","NEBRASKA","31","SOUTHWEST","70","PERKINS","135","","","00000000","","CORN","CORN, GRAIN - YIELD, MEASURED IN BU / ACRE","TOTAL","NOT SPECIFIED","148.9",""
"SURVEY","2017","YEAR","","COUNTY","IOWA","19","CENTRAL","50","BOONE","015","","","00000000","","CORN","CORN, GRAIN - YIELD, MEASURED IN BU / ACRE","TOTAL","NOT SPECIFIED","192.4",""
"SURVEY","2017","YEAR","","COUNTY","IOWA","19","CENTRAL","50","DALLAS","049","","","00000000","","CORN","CORN, GRAIN - YIELD, MEASURED IN BU / ACRE","TOTAL","NOT SPECIFIED","187.2",""
"SURVEY","2017","YEAR","","COUNTY","IOWA","19","CENTRAL","50","GRUNDY","075","","","00000000","","CORN","CORN, GRAIN - YIELD, MEASURED IN BU / ACRE","TOTAL","NOT SPECIFIED","217.3",""
"SURVEY","2017","YEAR","","COUNTY","IOWA","19","CENTRAL","50","HAMILTON","079","","","00000000","","CORN","CORN, GRAIN - YIELD, MEASURED IN BU / ACRE","TOTAL","NOT SPECIFIED","194.6",""
"SURVEY","2017","YEAR","","COUNTY","IOWA","19","CENTRAL","50","HARDIN","083","","","00000000","","CORN","CORN, GRAIN - YIELD, MEASURED IN BU / ACRE","TOTAL","NOT SPECIFIED","213.7",""
"SURVEY","2017","YEAR","","COUNTY","IOWA","19","CENTRAL","50","JASPER","099","","","00000000","","CORN","CORN, GRAIN - YIELD, MEASURED IN BU / ACRE","TOTAL","NOT SPECIFIED","204.6",""
"SURVEY","2017","YEAR","","COUNTY","IOWA","19","CENTRAL","50","MARSHALL","127","","","00000000","","CORN","CORN, GRAIN - YIELD, MEASURED IN BU / ACRE","TOTAL","NOT SPECIFIED","222.4",""
"SURVEY","2017","YEAR","","COUNTY","IOWA","19","CENTRAL","50","POLK","153","","","00000000","","CORN","CORN, GRAIN - YIELD, MEASURED IN BU / ACRE","TOTAL","NOT SPECIFIED","200.3",""
"SURVEY","2017","YEAR","","COUNTY","IOWA","19","CENTRAL","50","POWESHIEK","157","","","00000000","","CORN","CORN, GRAIN - YIELD, MEASURED IN BU / ACRE","TOTAL","NOT SPECIFIED","215.1",""
"SURVEY","2017","YEAR","","COUNTY","IOWA","19","CENTRAL","50","STORY","169","","","00000000","","CORN","CORN, GRAIN - YIELD, MEASURED IN BU / ACRE","TOTAL","NOT SPECIFIED","200.3",""
"SURVEY","2017","YEAR","","COUNTY","IOWA","19","CENTRAL","50","TAMA","171","","","00000000","","CORN","CORN, GRAIN - YIELD, MEASURED IN BU / ACRE","TOTAL","NOT SPECIFIED","220.6",""
"SURVEY","2017","YEAR","","COUNTY","IOWA","19","CENTRAL","50","WEBSTER","187","","","00000000","","CORN","CORN, GRAIN - YIELD, MEASURED IN BU / ACRE","TOTAL","NOT SPECIFIED","197.9",""
"SURVEY","2017","YEAR","","COUNTY","IOWA","19","EAST CENTRAL","60","BENTON","011","","","00000000","","CORN","CORN, GRAIN - YIELD, MEASURED IN BU / ACRE","TOTAL","NOT SPECIFIED","215.3",""
"SURVEY","2017","YEAR","","COUNTY","IOWA","19","EAST CENTRAL","60","CEDAR","031","","","00000000","","CORN","CORN, GRAIN - YIELD, MEASURED IN BU / ACRE","TOTAL","NOT SPECIFIED","222.3",""
"SURVEY","2017","YEAR","","COUNTY","IOWA","19","EAST CENTRAL","60","CLINTON","045","","","00000000","","CORN","CORN, GRAIN - YIELD, MEASURED IN BU / ACRE","TOTAL","NOT SPECIFIED","213.3",""
"SURVEY","2017","YEAR","","COUNTY","IOWA","19","EAST CENTRAL","60","IOWA","095","","","00000000","","CORN","CORN, GRAIN - YIELD, MEASURED IN BU / ACRE","TOTAL","NOT SPECIFIED","216.7",""
"SURVEY","2017","YEAR","","COUNTY","IOWA","19","EAST CENTRAL","60","JACKSON","097","","","00000000","","CORN","CORN, GRAIN - YIELD, MEASURED IN BU / ACRE","TOTAL","NOT SPECIFIED","202.1",""
"SURVEY","2017","YEAR","","COUNTY","IOWA","19","EAST CENTRAL","60","JOHNSON","103","","","00000000","","CORN","CORN, GRAIN - YIELD, MEASURED IN BU / ACRE","TOTAL","NOT SPECIFIED","213.1",""
"SURVEY","2017","YEAR","","COUNTY","IOWA","19","EAST CENTRAL","60","JONES","105","","","00000000","","CORN","CORN, GRAIN - YIELD, MEASURED IN BU / ACRE","TOTAL","NOT SPECIFIED","217",""
"SURVEY","2017","YEAR","","COUNTY","IOWA","19","EAST CENTRAL","60","LINN","113","","","00000000","","CORN","CORN, GRAIN - YIELD, MEASURED IN BU / ACRE","TOTAL","NOT SPECIFIED","217.4",""
"SURVEY","2017","YEAR","","COUNTY","IOWA","19","EAST CENTRAL","60","MUSCATINE","139","","","00000000","","CORN","CORN, GRAIN - YIELD, MEASURED IN BU / ACRE","TOTAL","NOT SPECIFIED","206.8",""
"SURVEY","2017","YEAR","","COUNTY","IOWA","19","EAST CENTRAL","60","SCOTT","163","","","00000000","","CORN","CORN, GRAIN - YIELD, MEASURED IN BU / ACRE","TOTAL","NOT SPECIFIED","220",""
"SURVEY","2017","YEAR","","COUNTY","IOWA","19","NORTH CENTRAL","20","BUTLER","023","","","00000000","","CORN","CORN, GRAIN - YIELD, MEASURED IN BU / ACRE","TOTAL","NOT SPECIFIED","211.4",""
"SURVEY","2017","YEAR","","COUNTY","IOWA","19","NORTH CENTRAL","20","CERRO GORDO","033","","","00000000","","CORN","CORN, GRAIN - YIELD, MEASURED IN BU / ACRE","TOTAL","NOT SPECIFIED","208.9",""
"SURVEY","2017","YEAR","","COUNTY","IOWA","19","NORTH CENTRAL","20","FLOYD","067","","","00000000","","CORN","CORN, GRAIN - YIELD, MEASURED IN BU / ACRE","TOTAL","NOT SPECIFIED","203.4",""
"SURVEY","2017","YEAR","","COUNTY","IOWA","19","NORTH CENTRAL","20","FRANKLIN","069","","","00000000","","CORN","CORN, GRAIN - YIELD, MEASURED IN BU / ACRE","TOTAL","NOT SPECIFIED","206.1",""
"SURVEY","2017","YEAR","","COUNTY","IOWA","19","NORTH CENTRAL","20","HANCOCK","081","","","00000000","","CORN","CORN, GRAIN - YIELD, MEASURED IN BU / ACRE","TOTAL","NOT SPECIFIED","200.2",""
"SURVEY","2017","YEAR","","COUNTY","IOWA","19","NORTH CENTRAL","20","HUMBOLDT","091","","","00000000","","CORN","CORN, GRAIN - YIELD, MEASURED IN BU / ACRE","TOTAL","NOT SPECIFIED","200.9",""
"SURVEY","2017","YEAR","","COUNTY","IOWA","19","NORTH CENTRAL","20","KOSSUTH","109","","","00000000","","CORN","CORN, GRAIN - YIELD, MEASURED IN BU / ACRE","TOTAL","NOT SPECIFIED","205.6",""
"SURVEY","2017","YEAR","","COUNTY","IOWA","19","NORTH CENTRAL","20","MITCHELL","131","","","00000000","","CORN","CORN, GRAIN - YIELD, MEASURED IN BU / ACRE","TOTAL","NOT SPECIFIED","213.4",""
"SURVEY","2017","YEAR","","COUNTY","IOWA","19","NORTH CENTRAL","20","WINNEBAGO","189","","","00000000","","CORN","CORN, GRAIN - YIELD, MEASURED IN BU / ACRE","TOTAL","NOT SPECIFIED","210.7",""
"SURVEY","2017","YEAR","","COUNTY","IOWA","19","NORTH CENTRAL","20","WORTH","195","","","00000000","","CORN","CORN, GRAIN - YIELD, MEASURED IN BU / ACRE","TOTAL","NOT SPECIFIED","198.5",""
"SURVEY","2017","YEAR","","COUNTY","IOWA","19","NORTH CENTRAL","20","WRIGHT","197","","","00000000","","CORN","CORN, GRAIN - YIELD, MEASURED IN BU / ACRE","TOTAL","NOT SPECIFIED","206.9",""
"SURVEY","2017","YEAR","","COUNTY","IOWA","19","NORTHEAST","30","ALLAMAKEE","005","","","00000000","","CORN","CORN, GRAIN - YIELD, MEASURED IN BU / ACRE","TOTAL","NOT SPECIFIED","190.5",""
"SURVEY","2017","YEAR","","COUNTY","IOWA","19","NORTHEAST","30","BLACK HAWK","013","","","00000000","","CORN","CORN, GRAIN - YIELD, MEASURED IN BU / ACRE","TOTAL","NOT SPECIFIED","209.2",""
"SURVEY","2017","YEAR","","COUNTY","IOWA","19","NORTHEAST","30","BREMER","017","","","00000000","","CORN","CORN, GRAIN - YIELD, MEASURED IN BU / ACRE","TOTAL","NOT SPECIFIED","212.7",""
"SURVEY","2017","YEAR","","COUNTY","IOWA","19","NORTHEAST","30","BUCHANAN","019","","","00000000","","CORN","CORN, GRAIN - YIELD, MEASURED IN BU / ACRE","TOTAL","NOT SPECIFIED","221.3",""
"SURVEY","2017","YEAR","","COUNTY","IOWA","19","NORTHEAST","30","CHICKASAW","037","","","00000000","","CORN","CORN, GRAIN - YIELD, MEASURED IN BU / ACRE","TOTAL","NOT SPECIFIED","194.4",""
"SURVEY","2017","YEAR","","COUNTY","IOWA","19","NORTHEAST","30","CLAYTON","043","","","00000000","","CORN","CORN, GRAIN - YIELD, MEASURED IN BU / ACRE","TOTAL","NOT SPECIFIED","213.6",""
"SURVEY","2017","YEAR","","COUNTY","IOWA","19","NORTHEAST","30","DELAWARE","055","","","00000000","","CORN","CORN, GRAIN - YIELD, MEASURED IN BU / ACRE","TOTAL","NOT SPECIFIED","218",""
"SURVEY","2017","YEAR","","COUNTY","IOWA","19","NORTHEAST","30","DUBUQUE","061","","","00000000","","CORN","CORN, GRAIN - YIELD, MEASURED IN BU / ACRE","TOTAL","NOT SPECIFIED","215.1",""
"SURVEY","2017","YEAR","","COUNTY","IOWA","19","NORTHEAST","30","FAYETTE","065","","","00000000","","CORN","CORN, GRAIN - YIELD, MEASURED IN BU / ACRE","TOTAL","NOT SPECIFIED","207.6",""
"SURVEY","2017","YEAR","","COUNTY","IOWA","19","NORTHEAST","30","HOWARD","089","","","00000000","","CORN","CORN, GRAIN - YIELD, MEASURED IN BU / ACRE","TOTAL","NOT SPECIFIED","201.7",""
"SURVEY","2017","YEAR","","COUNTY","IOWA","19","NORTHEAST","30","WINNESHIEK","191","","","00000000","","CORN","CORN, GRAIN - YIELD, MEASURED IN BU / ACRE","TOTAL","NOT SPECIFIED","199.7",""
"SURVEY","2017","YEAR","","COUNTY","IOWA","19","NORTHWEST","10","BUENA VISTA","021","","","00000000","","CORN","CORN, GRAIN - YIELD, MEASURED IN BU / ACRE","TOTAL","NOT SPECIFIED","187.9",""
"SURVEY","2017","YEAR","","COUNTY","IOWA","19","NORTHWEST","10","CHEROKEE","035","","","00000000","","CORN","CORN, GRAIN - YIELD, MEASURED IN BU / ACRE","TOTAL","NOT SPECIFIED","203.7",""
"SURVEY","2017","YEAR","","COUNTY","IOWA","19","NORTHWEST","10","CLAY","041","","","00000000","","CORN","CORN, GRAIN - YIELD, MEASURED IN BU / ACRE","TOTAL","NOT SPECIFIED","197.3",""
"SURVEY","2017","YEAR","","COUNTY","IOWA","19","NORTHWEST","10","DICKINSON","059","","","00000000","","CORN","CORN, GRAIN - YIELD, MEASURED IN BU / ACRE","TOTAL","NOT SPECIFIED","196.2",""
"SURVEY","2017","YEAR","","COUNTY","IOWA","19","NORTHWEST","10","EMMET","063","","","00000000","","CORN","CORN, GRAIN - YIELD, MEASURED IN BU / ACRE","TOTAL","NOT SPECIFIED","210.1",""
"SURVEY","2017","YEAR","","COUNTY","IOWA","19","NORTHWEST","10","LYON","119","","","00000000","","CORN","CORN, GRAIN - YIELD, MEASURED IN BU / ACRE","TOTAL","NOT SPECIFIED","218.9",""
"SURVEY","2017","YEAR","","COUNTY","IOWA","19","NORTHWEST","10","O BRIEN","141","","","00000000","","CORN","CORN, GRAIN - YIELD, MEASURED IN BU / ACRE","TOTAL","NOT SPECIFIED","213.8",""
"SURVEY","2017","YEAR","","COUNTY","IOWA","19","NORTHWEST","10","OSCEOLA","143","","","00000000","","CORN","CORN, GRAIN - YIELD, MEASURED IN BU / ACRE","TOTAL","NOT SPECIFIED","211.6",""
"SURVEY","2017","YEAR","","COUNTY","IOWA","19","NORTHWEST","10","PALO ALTO","147","","","00000000","","CORN","CORN, GRAIN - YIELD, MEASURED IN BU / ACRE","TOTAL","NOT SPECIFIED","195.4",""
"SURVEY","2017","YEAR","","COUNTY","IOWA","19","NORTHWEST","10","PLYMOUTH","149","","","00000000","","CORN","CORN, GRAIN - YIELD, MEASURED IN BU / ACRE","TOTAL","NOT SPECIFIED","193",""
"SURVEY","2017","YEAR","","COUNTY","IOWA","19","NORTHWEST","10","POCAHONTAS","151","","","00000000","","CORN","CORN, GRAIN - YIELD, MEASURED IN BU / ACRE","TOTAL","NOT SPECIFIED","190.9",""
"SURVEY","2017","YEAR","","COUNTY","IOWA","19","NORTHWEST","10","SIOUX","167","","","00000000","","CORN","CORN, GRAIN - YIELD, MEASURED IN BU / ACRE","TOTAL","NOT SPECIFIED","220.7",""
"SURVEY","2017","YEAR","","COUNTY","IOWA","19","SOUTH CENTRAL","80","APPANOOSE","007","","","00000000","","CORN","CORN, GRAIN - YIELD, MEASURED IN BU / ACRE","TOTAL","NOT SPECIFIED","170",""
"SURVEY","2017","YEAR","","COUNTY","IOWA","19","SOUTH CENTRAL","80","MADISON","121","","","00000000","","CORN","CORN, GRAIN - YIELD, MEASURED IN BU / ACRE","TOTAL","NOT SPECIFIED","173.1",""
"SURVEY","2017","YEAR","","COUNTY","IOWA","19","SOUTH CENTRAL","80","MARION","125","","","00000000","","CORN","CORN, GRAIN - YIELD, MEASURED IN BU / ACRE","TOTAL","NOT SPECIFIED","185.7",""
"SURVEY","2017","YEAR","","COUNTY","IOWA","19","SOUTH CENTRAL","80","MONROE","135","","","00000000","","CORN","CORN, GRAIN - YIELD, MEASURED IN BU / ACRE","TOTAL","NOT SPECIFIED","169.9",""
"SURVEY","2017","YEAR","","COUNTY","IOWA","19","SOUTH CENTRAL","80","OTHER (COMBINED) COUNTIES","","","","00000000","","CORN","CORN, GRAIN - YIELD, MEASURED IN BU / ACRE","TOTAL","NOT SPECIFIED","129.7",""
"SURVEY","2017","YEAR","","COUNTY","IOWA","19","SOUTH CENTRAL","80","RINGGOLD","159","","","00000000","","CORN","CORN, GRAIN - YIELD, MEASURED IN BU / ACRE","TOTAL","NOT SPECIFIED","167.8",""
"SURVEY","2017","YEAR","","COUNTY","IOWA","19","SOUTH CENTRAL","80","UNION","175","","","00000000","","CORN","CORN, GRAIN - YIELD, MEASURED IN BU / ACRE","TOTAL","NOT SPECIFIED","147.9",""
"SURVEY","2017","YEAR","","COUNTY","IOWA","19","SOUTH CENTRAL","80","WARREN","181","","","00000000","","CORN","CORN, GRAIN - YIELD, MEASURED IN BU / ACRE","TOTAL","NOT SPECIFIED","183.2",""
"SURVEY","2017","YEAR","","COUNTY","IOWA","19","SOUTHEAST","90","DAVIS","051","","","00000000","","CORN","CORN, GRAIN - YIELD, MEASURED IN BU / ACRE","TOTAL","NOT SPECIFIED","107.3",""
"SURVEY","2017","YEAR","","COUNTY","IOWA","19","SOUTHEAST","90","DES MOINES","057","","","00000000","","CORN","CORN, GRAIN - YIELD, MEASURED IN BU / ACRE","TOTAL","NOT SPECIFIED","200.1",""
"SURVEY","2017","YEAR","","COUNTY","IOWA","19","SOUTHEAST","90","HENRY","087","","","00000000","","CORN","CORN, GRAIN - YIELD, MEASURED IN BU / ACRE","TOTAL","NOT SPECIFIED","196.4",""
"SURVEY","2017","YEAR","","COUNTY","IOWA","19","SOUTHEAST","90","JEFFERSON","101","","","00000000","","CORN","CORN, GRAIN - YIELD, MEASURED IN BU / ACRE","TOTAL","NOT SPECIFIED","165.5",""
"SURVEY","2017","YEAR","","COUNTY","IOWA","19","SOUTHEAST","90","KEOKUK","107","","","00000000","","CORN","CORN, GRAIN - YIELD, MEASURED IN BU / ACRE","TOTAL","NOT SPECIFIED","176.4",""
"SURVEY","2017","YEAR","","COUNTY","IOWA","19","SOUTHEAST","90","LEE","111","","","00000000","","CORN","CORN, GRAIN - YIELD, MEASURED IN BU / ACRE","TOTAL","NOT SPECIFIED","178",""
"SURVEY","2017","YEAR","","COUNTY","IOWA","19","SOUTHEAST","90","LOUISA","115","","","00000000","","CORN","CORN, GRAIN - YIELD, MEASURED IN BU / ACRE","TOTAL","NOT SPECIFIED","216.6",""
"SURVEY","2017","YEAR","","COUNTY","IOWA","19","SOUTHEAST","90","MAHASKA","123","","","00000000","","CORN","CORN, GRAIN - YIELD, MEASURED IN BU / ACRE","TOTAL","NOT SPECIFIED","177.2",""
"SURVEY","2017","YEAR","","COUNTY","IOWA","19","SOUTHEAST","90","VAN BUREN","177","","","00000000","","CORN","CORN, GRAIN - YIELD, MEASURED IN BU / ACRE","TOTAL","NOT SPECIFIED","128.2",""
"SURVEY","2017","YEAR","","COUNTY","IOWA","19","SOUTHEAST","90","WAPELLO","179","","","00000000","","CORN","CORN, GRAIN - YIELD, MEASURED IN BU / ACRE","TOTAL","NOT SPECIFIED","153",""
"SURVEY","2017","YEAR","","COUNTY","IOWA","19","SOUTHEAST","90","WASHINGTON","183","","","00000000","","CORN","CORN, GRAIN - YIELD, MEASURED IN BU / ACRE","TOTAL","NOT SPECIFIED","220.4",""
"SURVEY","2017","YEAR","","COUNTY","IOWA","19","SOUTHWEST","70","ADAIR","001","","","00000000","","CORN","CORN, GRAIN - YIELD, MEASURED IN BU / ACRE","TOTAL","NOT SPECIFIED","175.2",""
"SURVEY","2017","YEAR","","COUNTY","IOWA","19","SOUTHWEST","70","ADAMS","003","","","00000000","","CORN","CORN, GRAIN - YIELD, MEASURED IN BU / ACRE","TOTAL","NOT SPECIFIED","179.9",""
"SURVEY","2017","YEAR","","COUNTY","IOWA","19","SOUTHWEST","70","CASS","029","","","00000000","","CORN","CORN, GRAIN - YIELD, MEASURED IN BU / ACRE","TOTAL","NOT SPECIFIED","197.4",""
"SURVEY","2017","YEAR","","COUNTY","IOWA","19","SOUTHWEST","70","FREMONT","071","","","00000000","","CORN","CORN, GRAIN - YIELD, MEASURED IN BU / ACRE","TOTAL","NOT SPECIFIED","204.5",""
"SURVEY","2017","YEAR","","COUNTY","IOWA","19","SOUTHWEST","70","MILLS","129","","","00000000","","CORN","CORN, GRAIN - YIELD, MEASURED IN BU / ACRE","TOTAL","NOT SPECIFIED","190.1",""
"SURVEY","2017","YEAR","","COUNTY","IOWA","19","SOUTHWEST","70","MONTGOMERY","137","","","00000000","","CORN","CORN, GRAIN - YIELD, MEASURED IN BU / ACRE","TOTAL","NOT SPECIFIED","199.1",""
"SURVEY","2017","YEAR","","COUNTY","IOWA","19","SOUTHWEST","70","PAGE","145","","","00000000","","CORN","CORN, GRAIN - YIELD, MEASURED IN BU / ACRE","TOTAL","NOT SPECIFIED","193.1",""
"SURVEY","2017","YEAR","","COUNTY","IOWA","19","SOUTHWEST","70","POTTAWATTAMIE","155","","","00000000","","CORN","CORN, GRAIN - YIELD, MEASURED IN BU / ACRE","TOTAL","NOT SPECIFIED","195.8",""
"SURVEY","2017","YEAR","","COUNTY","IOWA","19","SOUTHWEST","70","TAYLOR","173","","","00000000","","CORN","CORN, GRAIN - YIELD, MEASURED IN BU / ACRE","TOTAL","NOT SPECIFIED","175",""
"SURVEY","2017","YEAR","","COUNTY","IOWA","19","WEST CENTRAL","40","AUDUBON","009","","","00000000","","CORN","CORN, GRAIN - YIELD, MEASURED IN BU / ACRE","TOTAL","NOT SPECIFIED","211.2",""
"SURVEY","2017","YEAR","","COUNTY","IOWA","19","WEST CENTRAL","40","CALHOUN","025","","","00000000","","CORN","CORN, GRAIN - YIELD, MEASURED IN BU / ACRE","TOTAL","NOT SPECIFIED","195.1",""
"SURVEY","2017","YEAR","","COUNTY","IOWA","19","WEST CENTRAL","40","CARROLL","027","","","00000000","","CORN","CORN, GRAIN - YIELD, MEASURED IN BU / ACRE","TOTAL","NOT SPECIFIED","211.3",""
"SURVEY","2017","YEAR","","COUNTY","IOWA","19","WEST CENTRAL","40","CRAWFORD","047","","","00000000","","CORN","CORN, GRAIN - YIELD, MEASURED IN BU / ACRE","TOTAL","NOT SPECIFIED","221.9",""
"SURVEY","2017","YEAR","","COUNTY","IOWA","19","WEST CENTRAL","40","GREENE","073","","","00000000","","CORN","CORN, GRAIN - YIELD, MEASURED IN BU / ACRE","TOTAL","NOT SPECIFIED","202.2",""
"SURVEY","2017","YEAR","","COUNTY","IOWA","19","WEST CENTRAL","40","GUTHRIE","077","","","00000000","","CORN","CORN, GRAIN - YIELD, MEASURED IN BU / ACRE","TOTAL","NOT SPECIFIED","197.6",""
"SURVEY","2017","YEAR","","COUNTY","IOWA","19","WEST CENTRAL","40","HARRISON","085","","","00000000","","CORN","CORN, GRAIN - YIELD, MEASURED IN BU / ACRE","TOTAL","NOT SPECIFIED","193.2",""
"SURVEY","2017","YEAR","","COUNTY","IOWA","19","WEST CENTRAL","40","IDA","093","","","00000000","","CORN","CORN, GRAIN - YIELD, MEASURED IN BU / ACRE","TOTAL","NOT SPECIFIED","215.7",""
"SURVEY","2017","YEAR","","COUNTY","IOWA","19","WEST CENTRAL","40","MONONA","133","","","00000000","","CORN","CORN, GRAIN - YIELD, MEASURED IN BU / ACRE","TOTAL","NOT SPECIFIED","196",""
"SURVEY","2017","YEAR","","COUNTY","IOWA","19","WEST CENTRAL","40","SAC","161","","","00000000","","CORN","CORN, GRAIN - YIELD, MEASURED IN BU / ACRE","TOTAL","NOT SPECIFIED","194.5",""
"SURVEY","2017","YEAR","","COUNTY","IOWA","19","WEST CENTRAL","40","SHELBY","165","","","00000000","","CORN","CORN, GRAIN - YIELD, MEASURED IN BU / ACRE","TOTAL","NOT SPECIFIED","207.1",""
"SURVEY","2017","YEAR","","COUNTY","IOWA","19","WEST CENTRAL","40","WOODBURY","193","","","00000000","","CORN","CORN, GRAIN - YIELD, MEASURED IN BU / ACRE","TOTAL","NOT SPECIFIED","200.5",""
"SURVEY","2017","YEAR","","COUNTY","NEBRASKA","31","CENTRAL","50","BUFFALO","019","","","00000000","","CORN","CORN, GRAIN - YIELD, MEASURED IN BU / ACRE","TOTAL","NOT SPECIFIED","205.7",""
"SURVEY","2017","YEAR","","COUNTY","NEBRASKA","31","CENTRAL","50","CUSTER","041","","","00000000","","CORN","CORN, GRAIN - YIELD, MEASURED IN BU / ACRE","TOTAL","NOT SPECIFIED","171.3",""
"SURVEY","2017","YEAR","","COUNTY","NEBRASKA","31","CENTRAL","50","GREELEY","077","","","00000000","","CORN","CORN, GRAIN - YIELD, MEASURED IN BU / ACRE","TOTAL","NOT SPECIFIED","188.3",""
"SURVEY","2017","YEAR","","COUNTY","NEBRASKA","31","CENTRAL","50","HALL","079","","","00000000","","CORN","CORN, GRAIN - YIELD, MEASURED IN BU / ACRE","TOTAL","NOT SPECIFIED","199.8",""
"SURVEY","2017","YEAR","","COUNTY","NEBRASKA","31","CENTRAL","50","HOWARD","093","","","00000000","","CORN","CORN, GRAIN - YIELD, MEASURED IN BU / ACRE","TOTAL","NOT SPECIFIED","184.9",""
"SURVEY","2017","YEAR","","COUNTY","NEBRASKA","31","CENTRAL","50","OTHER (COMBINED) COUNTIES","","","","00000000","","CORN","CORN, GRAIN - YIELD, MEASURED IN BU / ACRE","TOTAL","NOT SPECIFIED","211.5",""
"SURVEY","2017","YEAR","","COUNTY","NEBRASKA","31","CENTRAL","50","SHERMAN","163","","","00000000","","CORN","CORN, GRAIN - YIELD, MEASURED IN BU / ACRE","TOTAL","NOT SPECIFIED","173.2",""
"SURVEY","2017","YEAR","","COUNTY","NEBRASKA","31","EAST","60","BUTLER","023","","","00000000","","CORN","CORN, GRAIN - YIELD, MEASURED IN BU / ACRE","TOTAL","NOT SPECIFIED","191.2",""
"SURVEY","2017","YEAR","","COUNTY","NEBRASKA","31","EAST","60","CASS","025","","","00000000","","CORN","CORN, GRAIN - YIELD, MEASURED IN BU / ACRE","TOTAL","NOT SPECIFIED","184.3",""
"SURVEY","2017","YEAR","","COUNTY","NEBRASKA","31","EAST","60","COLFAX","037","","","00000000","","CORN","CORN, GRAIN - YIELD, MEASURED IN BU / ACRE","TOTAL","NOT SPECIFIED","182.1",""
"SURVEY","2017","YEAR","","COUNTY","NEBRASKA","31","EAST","60","DODGE","053","","","00000000","","CORN","CORN, GRAIN - YIELD, MEASURED IN BU / ACRE","TOTAL","NOT SPECIFIED","199.3",""
"SURVEY","2017","YEAR","","COUNTY","NEBRASKA","31","EAST","60","DOUGLAS","055","","","00000000","","CORN","CORN, GRAIN - YIELD, MEASURED IN BU / ACRE","TOTAL","NOT SPECIFIED","188.9",""
"SURVEY","2017","YEAR","","COUNTY","NEBRASKA","31","EAST","60","HAMILTON","081","","","00000000","","CORN","CORN, GRAIN - YIELD, MEASURED IN BU / ACRE","TOTAL","NOT SPECIFIED","215",""
"SURVEY","2017","YEAR","","COUNTY","NEBRASKA","31","EAST","60","LANCASTER","109","","","00000000","","CORN","CORN, GRAIN - YIELD, MEASURED IN BU / ACRE","TOTAL","NOT SPECIFIED","165.5",""
"SURVEY","2017","YEAR","","COUNTY","NEBRASKA","31","EAST","60","MERRICK","121","","","00000000","","CORN","CORN, GRAIN - YIELD, MEASURED IN BU / ACRE","TOTAL","NOT SPECIFIED","186.9",""
"SURVEY","2017","YEAR","","COUNTY","NEBRASKA","31","EAST","60","NANCE","125","","","00000000","","CORN","CORN, GRAIN - YIELD, MEASURED IN BU / ACRE","TOTAL","NOT SPECIFIED","178.1",""
"SURVEY","2017","YEAR","","COUNTY","NEBRASKA","31","EAST","60","PLATTE","141","","","00000000","","CORN","CORN, GRAIN - YIELD, MEASURED IN BU / ACRE","TOTAL","NOT SPECIFIED","195.9",""
"SURVEY","2017","YEAR","","COUNTY","NEBRASKA","31","EAST","60","POLK","143","","","00000000","","CORN","CORN, GRAIN - YIELD, MEASURED IN BU / ACRE","TOTAL","NOT SPECIFIED","197.8",""
"SURVEY","2017","YEAR","","COUNTY","NEBRASKA","31","EAST","60","SARPY","153","","","00000000","","CORN","CORN, GRAIN - YIELD, MEASURED IN BU / ACRE","TOTAL","NOT SPECIFIED","190.1",""
"SURVEY","2017","YEAR","","COUNTY","NEBRASKA","31","EAST","60","SAUNDERS","155","","","00000000","","CORN","CORN, GRAIN - YIELD, MEASURED IN BU / ACRE","TOTAL","NOT SPECIFIED","182.1",""
"SURVEY","2017","YEAR","","COUNTY","NEBRASKA","31","EAST","60","SEWARD","159","","","00000000","","CORN","CORN, GRAIN - YIELD, MEASURED IN BU / ACRE","TOTAL","NOT SPECIFIED","184.7",""
"SURVEY","2017","YEAR","","COUNTY","NEBRASKA","31","EAST","60","WASHINGTON","177","","","00000000","","CORN","CORN, GRAIN - YIELD, MEASURED IN BU / ACRE","TOTAL","NOT SPECIFIED","191.8",""
"SURVEY","2017","YEAR","","COUNTY","NEBRASKA","31","EAST","60","YORK","185","","","00000000","","CORN","CORN, GRAIN - YIELD, MEASURED IN BU / ACRE","TOTAL","NOT SPECIFIED","213.6",""
"SURVEY","2017","YEAR","","COUNTY","NEBRASKA","31","NORTH","20","BOYD","015","","","00000000","","CORN","CORN, GRAIN - YIELD, MEASURED IN BU / ACRE","TOTAL","NOT SPECIFIED","153",""
"SURVEY","2017","YEAR","","COUNTY","NEBRASKA","31","NORTH","20","BROWN","017","","","00000000","","CORN","CORN, GRAIN - YIELD, MEASURED IN BU / ACRE","TOTAL","NOT SPECIFIED","219.9",""
"SURVEY","2017","YEAR","","COUNTY","NEBRASKA","31","NORTH","20","CHERRY","031","","","00000000","","CORN","CORN, GRAIN - YIELD, MEASURED IN BU / ACRE","TOTAL","NOT SPECIFIED","194.1",""
"SURVEY","2017","YEAR","","COUNTY","NEBRASKA","31","NORTH","20","GARFIELD","071","","","00000000","","CORN","CORN, GRAIN - YIELD, MEASURED IN BU / ACRE","TOTAL","NOT SPECIFIED","185.6",""
"SURVEY","2017","YEAR","","COUNTY","NEBRASKA","31","NORTH","20","HOLT","089","","","00000000","","CORN","CORN, GRAIN - YIELD, MEASURED IN BU / ACRE","TOTAL","NOT SPECIFIED","211.5",""
"SURVEY","2017","YEAR","","COUNTY","NEBRASKA","31","NORTH","20","KEYA PAHA","103","","","00000000","","CORN","CORN, GRAIN - YIELD, MEASURED IN BU / ACRE","TOTAL","NOT SPECIFIED","182.2",""
"SURVEY","2017","YEAR","","COUNTY","NEBRASKA","31","NORTH","20","LOGAN","113","","","00000000","","CORN","CORN, GRAIN - YIELD, MEASURED IN BU / ACRE","TOTAL","NOT SPECIFIED","168.1",""
"SURVEY","2017","YEAR","","COUNTY","NEBRASKA","31","NORTH","20","LOUP","115","","","00000000","","CORN","CORN, GRAIN - YIELD, MEASURED IN BU / ACRE","TOTAL","NOT SPECIFIED","149.6",""
"SURVEY","2017","YEAR","","COUNTY","NEBRASKA","31","NORTH","20","OTHER (COMBINED) COUNTIES","","","","00000000","","CORN","CORN, GRAIN - YIELD, MEASURED IN BU / ACRE","TOTAL","NOT SPECIFIED","191.8",""
"SURVEY","2017","YEAR","","COUNTY","NEBRASKA","31","NORTHEAST","30","ANTELOPE","003","","","00000000","","CORN","CORN, GRAIN - YIELD, MEASURED IN BU / ACRE","TOTAL","NOT SPECIFIED","208.7",""
"SURVEY","2017","YEAR","","COUNTY","NEBRASKA","31","NORTHEAST","30","BOONE","011","","","00000000","","CORN","CORN, GRAIN - YIELD, MEASURED IN BU / ACRE","TOTAL","NOT SPECIFIED","189.3",""
"SURVEY","2017","YEAR","","COUNTY","NEBRASKA","31","NORTHEAST","30","BURT","021","","","00000000","","CORN","CORN, GRAIN - YIELD, MEASURED IN BU / ACRE","TOTAL","NOT SPECIFIED","192.1",""
"SURVEY","2017","YEAR","","COUNTY","NEBRASKA","31","NORTHEAST","30","CEDAR","027","","","00000000","","CORN","CORN, GRAIN - YIELD, MEASURED IN BU / ACRE","TOTAL","NOT SPECIFIED","183",""
"SURVEY","2017","YEAR","","COUNTY","NEBRASKA","31","NORTHEAST","30","CUMING","039","","","00000000","","CORN","CORN, GRAIN - YIELD, MEASURED IN BU / ACRE","TOTAL","NOT SPECIFIED","203.9",""
"SURVEY","2017","YEAR","","COUNTY","NEBRASKA","31","NORTHEAST","30","DIXON","051","","","00000000","","CORN","CORN, GRAIN - YIELD, MEASURED IN BU / ACRE","TOTAL","NOT SPECIFIED","169.8",""
"SURVEY","2017","YEAR","","COUNTY","NEBRASKA","31","NORTHEAST","30","KNOX","107","","","00000000","","CORN","CORN, GRAIN - YIELD, MEASURED IN BU / ACRE","TOTAL","NOT SPECIFIED","165.8",""
"SURVEY","2017","YEAR","","COUNTY","NEBRASKA","31","NORTHEAST","30","MADISON","119","","","00000000","","CORN","CORN, GRAIN - YIELD, MEASURED IN BU / ACRE","TOTAL","NOT SPECIFIED","195.4",""
"SURVEY","2017","YEAR","","COUNTY","NEBRASKA","31","NORTHEAST","30","OTHER (COMBINED) COUNTIES","","","","00000000","","CORN","CORN, GRAIN - YIELD, MEASURED IN BU / ACRE","TOTAL","NOT SPECIFIED","185.5",""
"SURVEY","2017","YEAR","","COUNTY","NEBRASKA","31","NORTHEAST","30","PIERCE","139","","","00000000","","CORN","CORN, GRAIN - YIELD, MEASURED IN BU / ACRE","TOTAL","NOT SPECIFIED","179.7",""
"SURVEY","2017","YEAR","","COUNTY","NEBRASKA","31","NORTHEAST","30","STANTON","167","","","00000000","","CORN","CORN, GRAIN - YIELD, MEASURED IN BU / ACRE","TOTAL","NOT SPECIFIED","197.1",""
"SURVEY","2017","YEAR","","COUNTY","NEBRASKA","31","NORTHEAST","30","WAYNE","179","","","00000000","","CORN","CORN, GRAIN - YIELD, MEASURED IN BU / ACRE","TOTAL","NOT SPECIFIED","186.6",""
"SURVEY","2017","YEAR","","COUNTY","NEBRASKA","31","NORTHWEST","10","BOX BUTTE","013","","","00000000","","CORN","CORN, GRAIN - YIELD, MEASURED IN BU / ACRE","TOTAL","NOT SPECIFIED","137.8",""
"SURVEY","2017","YEAR","","COUNTY","NEBRASKA","31","NORTHWEST","10","DAWES","045","","","00000000","","CORN","CORN, GRAIN - YIELD, MEASURED IN BU / ACRE","TOTAL","NOT SPECIFIED","109.8",""
"SURVEY","2017","YEAR","","COUNTY","NEBRASKA","31","NORTHWEST","10","KIMBALL","105","","","00000000","","CORN","CORN, GRAIN - YIELD, MEASURED IN BU / ACRE","TOTAL","NOT SPECIFIED","82.2",""
"SURVEY","2017","YEAR","","COUNTY","NEBRASKA","31","NORTHWEST","10","MORRILL","123","","","00000000","","CORN","CORN, GRAIN - YIELD, MEASURED IN BU / ACRE","TOTAL","NOT SPECIFIED","169.4",""
"SURVEY","2017","YEAR","","COUNTY","NEBRASKA","31","NORTHWEST","10","OTHER (COMBINED) COUNTIES","","","","00000000","","CORN","CORN, GRAIN - YIELD, MEASURED IN BU / ACRE","TOTAL","NOT SPECIFIED","124.3",""
"SURVEY","2017","YEAR","","COUNTY","NEBRASKA","31","NORTHWEST","10","SCOTTS BLUFF","157","","","00000000","","CORN","CORN, GRAIN - YIELD, MEASURED IN BU / ACRE","TOTAL","NOT SPECIFIED","183.3",""
"SURVEY","2017","YEAR","","COUNTY","NEBRASKA","31","NORTHWEST","10","SHERIDAN","161","","","00000000","","CORN","CORN, GRAIN - YIELD, MEASURED IN BU / ACRE","TOTAL","NOT SPECIFIED","151.4",""
"SURVEY","2017","YEAR","","COUNTY","NEBRASKA","31","NORTHWEST","10","SIOUX","165","","","00000000","","CORN","CORN, GRAIN - YIELD, MEASURED IN BU / ACRE","TOTAL","NOT SPECIFIED","184.6",""
"SURVEY","2017","YEAR","","COUNTY","NEBRASKA","31","SOUTH","80","ADAMS","001","","","00000000","","CORN","CORN, GRAIN - YIELD, MEASURED IN BU / ACRE","TOTAL","NOT SPECIFIED","199.7",""
"SURVEY","2017","YEAR","","COUNTY","NEBRASKA","31","SOUTH","80","FRANKLIN","061","","","00000000","","CORN","CORN, GRAIN - YIELD, MEASURED IN BU / ACRE","TOTAL","NOT SPECIFIED","179",""
"SURVEY","2017","YEAR","","COUNTY","NEBRASKA","31","SOUTH","80","FURNAS","065","","","00000000","","CORN","CORN, GRAIN - YIELD, MEASURED IN BU / ACRE","TOTAL","NOT SPECIFIED","145.4",""
"SURVEY","2017","YEAR","","COUNTY","NEBRASKA","31","SOUTH","80","HARLAN","083","","","00000000","","CORN","CORN, GRAIN - YIELD, MEASURED IN BU / ACRE","TOTAL","NOT SPECIFIED","180.2",""
"SURVEY","2017","YEAR","","COUNTY","NEBRASKA","31","SOUTH","80","KEARNEY","099","","","00000000","","CORN","CORN, GRAIN - YIELD, MEASURED IN BU / ACRE","TOTAL","NOT SPECIFIED","216.9",""
"SURVEY","2017","YEAR","","COUNTY","NEBRASKA","31","SOUTH","80","OTHER (COMBINED) COUNTIES","","","","00000000","","CORN","CORN, GRAIN - YIELD, MEASURED IN BU / ACRE","TOTAL","NOT SPECIFIED","175.4",""
"SURVEY","2017","YEAR","","COUNTY","NEBRASKA","31","SOUTH","80","PHELPS","137","","","00000000","","CORN","CORN, GRAIN - YIELD, MEASURED IN BU / ACRE","TOTAL","NOT SPECIFIED","219.6",""
"SURVEY","2017","YEAR","","COUNTY","NEBRASKA","31","SOUTHEAST","90","CLAY","035","","","00000000","","CORN","CORN, GRAIN - YIELD, MEASURED IN BU / ACRE","TOTAL","NOT SPECIFIED","190.9",""
"SURVEY","2017","YEAR","","COUNTY","NEBRASKA","31","SOUTHEAST","90","FILLMORE","059","","","00000000","","CORN","CORN, GRAIN - YIELD, MEASURED IN BU / ACRE","TOTAL","NOT SPECIFIED","197.8",""
"SURVEY","2017","YEAR","","COUNTY","NEBRASKA","31","SOUTHEAST","90","GAGE","067","","","00000000","","CORN","CORN, GRAIN - YIELD, MEASURED IN BU / ACRE","TOTAL","NOT SPECIFIED","151.7",""
"SURVEY","2017","YEAR","","COUNTY","NEBRASKA","31","SOUTHEAST","90","JEFFERSON","095","","","00000000","","CORN","CORN, GRAIN - YIELD, MEASURED IN BU / ACRE","TOTAL","NOT SPECIFIED","144.4",""
"SURVEY","2017","YEAR","","COUNTY","NEBRASKA","31","SOUTHEAST","90","JOHNSON","097","","","00000000","","CORN","CORN, GRAIN - YIELD, MEASURED IN BU / ACRE","TOTAL","NOT SPECIFIED","163",""
"SURVEY","2017","YEAR","","COUNTY","NEBRASKA","31","SOUTHEAST","90","NEMAHA","127","","","00000000","","CORN","CORN, GRAIN - YIELD, MEASURED IN BU / ACRE","TOTAL","NOT SPECIFIED","173.6",""
"SURVEY","2017","YEAR","","COUNTY","NEBRASKA","31","SOUTHEAST","90","NUCKOLLS","129","","","00000000","","CORN","CORN, GRAIN - YIELD, MEASURED IN BU / ACRE","TOTAL","NOT SPECIFIED","177",""
"SURVEY","2017","YEAR","","COUNTY","NEBRASKA","31","SOUTHEAST","90","OTOE","131","","","00000000","","CORN","CORN, GRAIN - YIELD, MEASURED IN BU / ACRE","TOTAL","NOT SPECIFIED","169",""
"SURVEY","2017","YEAR","","COUNTY","NEBRASKA","31","SOUTHEAST","90","PAWNEE","133","","","00000000","","CORN","CORN, GRAIN - YIELD, MEASURED IN BU / ACRE","TOTAL","NOT SPECIFIED","132.7",""
"SURVEY","2017","YEAR","","COUNTY","NEBRASKA","31","SOUTHEAST","90","RICHARDSON","147","","","00000000","","CORN","CORN, GRAIN - YIELD, MEASURED IN BU / ACRE","TOTAL","NOT SPECIFIED","164.2",""
"SURVEY","2017","YEAR","","COUNTY","NEBRASKA","31","SOUTHEAST","90","SALINE","151","","","00000000","","CORN","CORN, GRAIN - YIELD, MEASURED IN BU / ACRE","TOTAL","NOT SPECIFIED","167.2",""
"SURVEY","2017","YEAR","","COUNTY","NEBRASKA","31","SOUTHEAST","90","THAYER","169","","","00000000","","CORN","CORN, GRAIN - YIELD, MEASURED IN BU / ACRE","TOTAL","NOT SPECIFIED","176.2",""
"SURVEY","2017","YEAR","","COUNTY","NEBRASKA","31","SOUTHWEST","70","CHASE","029","","","00000000","","CORN","CORN, GRAIN - YIELD, MEASURED IN BU / ACRE","TOTAL","NOT SPECIFIED","188.2",""
"SURVEY","2017","YEAR","","COUNTY","NEBRASKA","31","SOUTHWEST","70","DUNDY","057","","","00000000","","CORN","CORN, GRAIN - YIELD, MEASURED IN BU / ACRE","TOTAL","NOT SPECIFIED","153.5",""
"SURVEY","2017","YEAR","","COUNTY","NEBRASKA","31","SOUTHWEST","70","FRONTIER","063","","","00000000","","CORN","CORN, GRAIN - YIELD, MEASURED IN BU / ACRE","TOTAL","NOT SPECIFIED","124.8",""
"SURVEY","2017","YEAR","","COUNTY","NEBRASKA","31","SOUTHWEST","70","HAYES","085","","","00000000","","CORN","CORN, GRAIN - YIELD, MEASURED IN BU / ACRE","TOTAL","NOT SPECIFIED","152.1",""
"SURVEY","2017","YEAR","","COUNTY","NEBRASKA","31","SOUTHWEST","70","KEITH","101","","","00000000","","CORN","CORN, GRAIN - YIELD, MEASURED IN BU / ACRE","TOTAL","NOT SPECIFIED","156.5",""
"SURVEY","2017","YEAR","","COUNTY","NEBRASKA","31","SOUTHWEST","70","LINCOLN","111","","","00000000","","CORN","CORN, GRAIN - YIELD, MEASURED IN BU / ACRE","TOTAL","NOT SPECIFIED","168.4",""
"SURVEY","2017","YEAR","","COUNTY","NEBRASKA","31","SOUTHWEST","70","OTHER (COMBINED) COUNTIES","","","","00000000","","CORN","CORN, GRAIN - YIELD, MEASURED IN BU / ACRE","TOTAL","NOT SPECIFIED","135.1",""
"SURVEY","2017","YEAR","","COUNTY","NEBRASKA","31","SOUTHWEST","70","PERKINS","135","","","00000000","","CORN","CORN, GRAIN - YIELD, MEASURED IN BU / ACRE","TOTAL","NOT SPECIFIED","137.5",""
"SURVEY","2016","YEAR","","COUNTY","IOWA","19","CENTRAL","50","BOONE","015","","","00000000","","CORN","CORN, GRAIN - YIELD, MEASURED IN BU / ACRE","TOTAL","NOT SPECIFIED","208.4",""
"SURVEY","2016","YEAR","","COUNTY","IOWA","19","CENTRAL","50","DALLAS","049","","","00000000","","CORN","CORN, GRAIN - YIELD, MEASURED IN BU / ACRE","TOTAL","NOT SPECIFIED","204",""
"SURVEY","2016","YEAR","","COUNTY","IOWA","19","CENTRAL","50","GRUNDY","075","","","00000000","","CORN","CORN, GRAIN - YIELD, MEASURED IN BU / ACRE","TOTAL","NOT SPECIFIED","198.5",""
"SURVEY","2016","YEAR","","COUNTY","IOWA","19","CENTRAL","50","HAMILTON","079","","","00000000","","CORN","CORN, GRAIN - YIELD, MEASURED IN BU / ACRE","TOTAL","NOT SPECIFIED","209",""
"SURVEY","2016","YEAR","","COUNTY","IOWA","19","CENTRAL","50","HARDIN","083","","","00000000","","CORN","CORN, GRAIN - YIELD, MEASURED IN BU / ACRE","TOTAL","NOT SPECIFIED","208",""
"SURVEY","2016","YEAR","","COUNTY","IOWA","19","CENTRAL","50","JASPER","099","","","00000000","","CORN","CORN, GRAIN - YIELD, MEASURED IN BU / ACRE","TOTAL","NOT SPECIFIED","214.7",""
"SURVEY","2016","YEAR","","COUNTY","IOWA","19","CENTRAL","50","MARSHALL","127","","","00000000","","CORN","CORN, GRAIN - YIELD, MEASURED IN BU / ACRE","TOTAL","NOT SPECIFIED","211.3",""
"SURVEY","2016","YEAR","","COUNTY","IOWA","19","CENTRAL","50","POLK","153","","","00000000","","CORN","CORN, GRAIN - YIELD, MEASURED IN BU / ACRE","TOTAL","NOT SPECIFIED","199.8",""
"SURVEY","2016","YEAR","","COUNTY","IOWA","19","CENTRAL","50","POWESHIEK","157","","","00000000","","CORN","CORN, GRAIN - YIELD, MEASURED IN BU / ACRE","TOTAL","NOT SPECIFIED","213.2",""
"SURVEY","2016","YEAR","","COUNTY","IOWA","19","CENTRAL","50","STORY","169","","","00000000","","CORN","CORN, GRAIN - YIELD, MEASURED IN BU / ACRE","TOTAL","NOT SPECIFIED","211.9",""
"SURVEY","2016","YEAR","","COUNTY","IOWA","19","CENTRAL","50","TAMA","171","","","00000000","","CORN","CORN, GRAIN - YIELD, MEASURED IN BU / ACRE","TOTAL","NOT SPECIFIED","208.4",""
"SURVEY","2016","YEAR","","COUNTY","IOWA","19","CENTRAL","50","WEBSTER","187","","","00000000","","CORN","CORN, GRAIN - YIELD, MEASURED IN BU / ACRE","TOTAL","NOT SPECIFIED","200.8",""
"SURVEY","2016","YEAR","","COUNTY","IOWA","19","EAST CENTRAL","60","BENTON","011","","","00000000","","CORN","CORN, GRAIN - YIELD, MEASURED IN BU / ACRE","TOTAL","NOT SPECIFIED","199.9",""
"SURVEY","2016","YEAR","","COUNTY","IOWA","19","EAST CENTRAL","60","CEDAR","031","","","00000000","","CORN","CORN, GRAIN - YIELD, MEASURED IN BU / ACRE","TOTAL","NOT SPECIFIED","215.3",""
"SURVEY","2016","YEAR","","COUNTY","IOWA","19","EAST CENTRAL","60","CLINTON","045","","","00000000","","CORN","CORN, GRAIN - YIELD, MEASURED IN BU / ACRE","TOTAL","NOT SPECIFIED","213.8",""
"SURVEY","2016","YEAR","","COUNTY","IOWA","19","EAST CENTRAL","60","IOWA","095","","","00000000","","CORN","CORN, GRAIN - YIELD, MEASURED IN BU / ACRE","TOTAL","NOT SPECIFIED","210.6",""
"SURVEY","2016","YEAR","","COUNTY","IOWA","19","EAST CENTRAL","60","JACKSON","097","","","00000000","","CORN","CORN, GRAIN - YIELD, MEASURED IN BU / ACRE","TOTAL","NOT SPECIFIED","202.1",""
"SURVEY","2016","YEAR","","COUNTY","IOWA","19","EAST CENTRAL","60","JOHNSON","103","","","00000000","","CORN","CORN, GRAIN - YIELD, MEASURED IN BU / ACRE","TOTAL","NOT SPECIFIED","189",""
"SURVEY","2016","YEAR","","COUNTY","IOWA","19","EAST CENTRAL","60","JONES","105","","","00000000","","CORN","CORN, GRAIN - YIELD, MEASURED IN BU / ACRE","TOTAL","NOT SPECIFIED","201.3",""
"SURVEY","2016","YEAR","","COUNTY","IOWA","19","EAST CENTRAL","60","LINN","113","","","00000000","","CORN","CORN, GRAIN - YIELD, MEASURED IN BU / ACRE","TOTAL","NOT SPECIFIED","200.3",""
"SURVEY","2016","YEAR","","COUNTY","IOWA","19","EAST CENTRAL","60","MUSCATINE","139","","","00000000","","CORN","CORN, GRAIN - YIELD, MEASURED IN BU / ACRE","TOTAL","NOT SPECIFIED","203",""
"SURVEY","2016","YEAR","","COUNTY","IOWA","19","EAST CENTRAL","60","SCOTT","163","","","00000000","","CORN","CORN, GRAIN - YIELD, MEASURED IN BU / ACRE","TOTAL","NOT SPECIFIED","216",""
"SURVEY","2016","YEAR","","COUNTY","IOWA","19","NORTH CENTRAL","20","BUTLER","023","","","00000000","","CORN","CORN, GRAIN - YIELD, MEASURED IN BU / ACRE","TOTAL","NOT SPECIFIED","207.3",""
"SURVEY","2016","YEAR","","COUNTY","IOWA","19","NORTH CENTRAL","20","CERRO GORDO","033","","","00000000","","CORN","CORN, GRAIN - YIELD, MEASURED IN BU / ACRE","TOTAL","NOT SPECIFIED","193.6",""
"SURVEY","2016","YEAR","","COUNTY","IOWA","19","NORTH CENTRAL","20","FLOYD","067","","","00000000","","CORN","CORN, GRAIN - YIELD, MEASURED IN BU / ACRE","TOTAL","NOT SPECIFIED","196.3",""
"SURVEY","2016","YEAR","","COUNTY","IOWA","19","NORTH CENTRAL","20","FRANKLIN","069","","","00000000","","CORN","CORN, GRAIN - YIELD, MEASURED IN BU / ACRE","TOTAL","NOT SPECIFIED","204.8",""
"SURVEY","2016","YEAR","","COUNTY","IOWA","19","NORTH CENTRAL","20","HANCOCK","081","","","00000000","","CORN","CORN, GRAIN - YIELD, MEASURED IN BU / ACRE","TOTAL","NOT SPECIFIED","200.3",""
"SURVEY","2016","YEAR","","COUNTY","IOWA","19","NORTH CENTRAL","20","HUMBOLDT","091","","","00000000","","CORN","CORN, GRAIN - YIELD, MEASURED IN BU / ACRE","TOTAL","NOT SPECIFIED","206.1",""
"SURVEY","2016","YEAR","","COUNTY","IOWA","19","NORTH CENTRAL","20","KOSSUTH","109","","","00000000","","CORN","CORN, GRAIN - YIELD, MEASURED IN BU / ACRE","TOTAL","NOT SPECIFIED","204.7",""
"SURVEY","2016","YEAR","","COUNTY","IOWA","19","NORTH CENTRAL","20","MITCHELL","131","","","00000000","","CORN","CORN, GRAIN - YIELD, MEASURED IN BU / ACRE","TOTAL","NOT SPECIFIED","199.1",""
"SURVEY","2016","YEAR","","COUNTY","IOWA","19","NORTH CENTRAL","20","WINNEBAGO","189","","","00000000","","CORN","CORN, GRAIN - YIELD, MEASURED IN BU / ACRE","TOTAL","NOT SPECIFIED","197.9",""
"SURVEY","2016","YEAR","","COUNTY","IOWA","19","NORTH CENTRAL","20","WORTH","195","","","00000000","","CORN","CORN, GRAIN - YIELD, MEASURED IN BU / ACRE","TOTAL","NOT SPECIFIED","191.5",""
"SURVEY","2016","YEAR","","COUNTY","IOWA","19","NORTH CENTRAL","20","WRIGHT","197","","","00000000","","CORN","CORN, GRAIN - YIELD, MEASURED IN BU / ACRE","TOTAL","NOT SPECIFIED","200.2",""
"SURVEY","2016","YEAR","","COUNTY","IOWA","19","NORTHEAST","30","ALLAMAKEE","005","","","00000000","","CORN","CORN, GRAIN - YIELD, MEASURED IN BU / ACRE","TOTAL","NOT SPECIFIED","205.1",""
"SURVEY","2016","YEAR","","COUNTY","IOWA","19","NORTHEAST","30","BLACK HAWK","013","","","00000000","","CORN","CORN, GRAIN - YIELD, MEASURED IN BU / ACRE","TOTAL","NOT SPECIFIED","206.4",""
"SURVEY","2016","YEAR","","COUNTY","IOWA","19","NORTHEAST","30","BREMER","017","","","00000000","","CORN","CORN, GRAIN - YIELD, MEASURED IN BU / ACRE","TOTAL","NOT SPECIFIED","210.6",""
"SURVEY","2016","YEAR","","COUNTY","IOWA","19","NORTHEAST","30","BUCHANAN","019","","","00000000","","CORN","CORN, GRAIN - YIELD, MEASURED IN BU / ACRE","TOTAL","NOT SPECIFIED","205.6",""
"SURVEY","2016","YEAR","","COUNTY","IOWA","19","NORTHEAST","30","CHICKASAW","037","","","00000000","","CORN","CORN, GRAIN - YIELD, MEASURED IN BU / ACRE","TOTAL","NOT SPECIFIED","206.6",""
"SURVEY","2016","YEAR","","COUNTY","IOWA","19","NORTHEAST","30","CLAYTON","043","","","00000000","","CORN","CORN, GRAIN - YIELD, MEASURED IN BU / ACRE","TOTAL","NOT SPECIFIED","210.3",""
"SURVEY","2016","YEAR","","COUNTY","IOWA","19","NORTHEAST","30","DELAWARE","055","","","00000000","","CORN","CORN, GRAIN - YIELD, MEASURED IN BU / ACRE","TOTAL","NOT SPECIFIED","202.3",""
"SURVEY","2016","YEAR","","COUNTY","IOWA","19","NORTHEAST","30","DUBUQUE","061","","","00000000","","CORN","CORN, GRAIN - YIELD, MEASURED IN BU / ACRE","TOTAL","NOT SPECIFIED","211.5",""
"SURVEY","2016","YEAR","","COUNTY","IOWA","19","NORTHEAST","30","FAYETTE","065","","","00000000","","CORN","CORN, GRAIN - YIELD, MEASURED IN BU / ACRE","TOTAL","NOT SPECIFIED","202.5",""
"SURVEY","2016","YEAR","","COUNTY","IOWA","19","NORTHEAST","30","HOWARD","089","","","00000000","","CORN","CORN, GRAIN - YIELD, MEASURED IN BU / ACRE","TOTAL","NOT SPECIFIED","202.2",""
"SURVEY","2016","YEAR","","COUNTY","IOWA","19","NORTHEAST","30","WINNESHIEK","191","","","00000000","","CORN","CORN, GRAIN - YIELD, MEASURED IN BU / ACRE","TOTAL","NOT SPECIFIED","210.7",""
"SURVEY","2016","YEAR","","COUNTY","IOWA","19","NORTHWEST","10","BUENA VISTA","021","","","00000000","","CORN","CORN, GRAIN - YIELD, MEASURED IN BU / ACRE","TOTAL","NOT SPECIFIED","201.1",""
"SURVEY","2016","YEAR","","COUNTY","IOWA","19","NORTHWEST","10","CHEROKEE","035","","","00000000","","CORN","CORN, GRAIN - YIELD, MEASURED IN BU / ACRE","TOTAL","NOT SPECIFIED","219.7",""
"SURVEY","2016","YEAR","","COUNTY","IOWA","19","NORTHWEST","10","CLAY","041","","","00000000","","CORN","CORN, GRAIN - YIELD, MEASURED IN BU / ACRE","TOTAL","NOT SPECIFIED","202",""
"SURVEY","2016","YEAR","","COUNTY","IOWA","19","NORTHWEST","10","DICKINSON","059","","","00000000","","CORN","CORN, GRAIN - YIELD, MEASURED IN BU / ACRE","TOTAL","NOT SPECIFIED","188",""
"SURVEY","2016","YEAR","","COUNTY","IOWA","19","NORTHWEST","10","EMMET","063","","","00000000","","CORN","CORN, GRAIN - YIELD, MEASURED IN BU / ACRE","TOTAL","NOT SPECIFIED","198.5",""
"SURVEY","2016","YEAR","","COUNTY","IOWA","19","NORTHWEST","10","LYON","119","","","00000000","","CORN","CORN, GRAIN - YIELD, MEASURED IN BU / ACRE","TOTAL","NOT SPECIFIED","206.9",""
"SURVEY","2016","YEAR","","COUNTY","IOWA","19","NORTHWEST","10","O BRIEN","141","","","00000000","","CORN","CORN, GRAIN - YIELD, MEASURED IN BU / ACRE","TOTAL","NOT SPECIFIED","210.7",""
"SURVEY","2016","YEAR","","COUNTY","IOWA","19","NORTHWEST","10","OSCEOLA","143","","","00000000","","CORN","CORN, GRAIN - YIELD, MEASURED IN BU / ACRE","TOTAL","NOT SPECIFIED","203.7",""
"SURVEY","2016","YEAR","","COUNTY","IOWA","19","NORTHWEST","10","PALO ALTO","147","","","00000000","","CORN","CORN, GRAIN - YIELD, MEASURED IN BU / ACRE","TOTAL","NOT SPECIFIED","196",""
"SURVEY","2016","YEAR","","COUNTY","IOWA","19","NORTHWEST","10","PLYMOUTH","149","","","00000000","","CORN","CORN, GRAIN - YIELD, MEASURED IN BU / ACRE","TOTAL","NOT SPECIFIED","209.2",""
"SURVEY","2016","YEAR","","COUNTY","IOWA","19","NORTHWEST","10","POCAHONTAS","151","","","00000000","","CORN","CORN, GRAIN - YIELD, MEASURED IN BU / ACRE","TOTAL","NOT SPECIFIED","206.8",""
"SURVEY","2016","YEAR","","COUNTY","IOWA","19","NORTHWEST","10","SIOUX","167","","","00000000","","CORN","CORN, GRAIN - YIELD, MEASURED IN BU / ACRE","TOTAL","NOT SPECIFIED","212.2",""
"SURVEY","2016","YEAR","","COUNTY","IOWA","19","SOUTH CENTRAL","80","APPANOOSE","007","","","00000000","","CORN","CORN, GRAIN - YIELD, MEASURED IN BU / ACRE","TOTAL","NOT SPECIFIED","186.3",""
"SURVEY","2016","YEAR","","COUNTY","IOWA","19","SOUTH CENTRAL","80","CLARKE","039","","","00000000","","CORN","CORN, GRAIN - YIELD, MEASURED IN BU / ACRE","TOTAL","NOT SPECIFIED","163.9",""
"SURVEY","2016","YEAR","","COUNTY","IOWA","19","SOUTH CENTRAL","80","DECATUR","053","","","00000000","","CORN","CORN, GRAIN - YIELD, MEASURED IN BU / ACRE","TOTAL","NOT SPECIFIED","181.1",""
"SURVEY","2016","YEAR","","COUNTY","IOWA","19","SOUTH CENTRAL","80","LUCAS","117","","","00000000","","CORN","CORN, GRAIN - YIELD, MEASURED IN BU / ACRE","TOTAL","NOT SPECIFIED","174.6",""
"SURVEY","2016","YEAR","","COUNTY","IOWA","19","SOUTH CENTRAL","80","MADISON","121","","","00000000","","CORN","CORN, GRAIN - YIELD, MEASURED IN BU / ACRE","TOTAL","NOT SPECIFIED","185.5",""
"SURVEY","2016","YEAR","","COUNTY","IOWA","19","SOUTH CENTRAL","80","MARION","125","","","00000000","","CORN","CORN, GRAIN - YIELD, MEASURED IN BU / ACRE","TOTAL","NOT SPECIFIED","198",""
"SURVEY","2016","YEAR","","COUNTY","IOWA","19","SOUTH CENTRAL","80","MONROE","135","","","00000000","","CORN","CORN, GRAIN - YIELD, MEASURED IN BU / ACRE","TOTAL","NOT SPECIFIED","180",""
"SURVEY","2016","YEAR","","COUNTY","IOWA","19","SOUTH CENTRAL","80","RINGGOLD","159","","","00000000","","CORN","CORN, GRAIN - YIELD, MEASURED IN BU / ACRE","TOTAL","NOT SPECIFIED","179.5",""
"SURVEY","2016","YEAR","","COUNTY","IOWA","19","SOUTH CENTRAL","80","UNION","175","","","00000000","","CORN","CORN, GRAIN - YIELD, MEASURED IN BU / ACRE","TOTAL","NOT SPECIFIED","183",""
"SURVEY","2016","YEAR","","COUNTY","IOWA","19","SOUTH CENTRAL","80","WARREN","181","","","00000000","","CORN","CORN, GRAIN - YIELD, MEASURED IN BU / ACRE","TOTAL","NOT SPECIFIED","184.6",""
"SURVEY","2016","YEAR","","COUNTY","IOWA","19","SOUTH CENTRAL","80","WAYNE","185","","","00000000","","CORN","CORN, GRAIN - YIELD, MEASURED IN BU / ACRE","TOTAL","NOT SPECIFIED","174.5",""
"SURVEY","2016","YEAR","","COUNTY","IOWA","19","SOUTHEAST","90","DAVIS","051","","","00000000","","CORN","CORN, GRAIN - YIELD, MEASURED IN BU / ACRE","TOTAL","NOT SPECIFIED","188.7",""
"SURVEY","2016","YEAR","","COUNTY","IOWA","19","SOUTHEAST","90","DES MOINES","057","","","00000000","","CORN","CORN, GRAIN - YIELD, MEASURED IN BU / ACRE","TOTAL","NOT SPECIFIED","210",""
"SURVEY","2016","YEAR","","COUNTY","IOWA","19","SOUTHEAST","90","HENRY","087","","","00000000","","CORN","CORN, GRAIN - YIELD, MEASURED IN BU / ACRE","TOTAL","NOT SPECIFIED","199",""
"SURVEY","2016","YEAR","","COUNTY","IOWA","19","SOUTHEAST","90","JEFFERSON","101","","","00000000","","CORN","CORN, GRAIN - YIELD, MEASURED IN BU / ACRE","TOTAL","NOT SPECIFIED","197",""
"SURVEY","2016","YEAR","","COUNTY","IOWA","19","SOUTHEAST","90","KEOKUK","107","","","00000000","","CORN","CORN, GRAIN - YIELD, MEASURED IN BU / ACRE","TOTAL","NOT SPECIFIED","208.6",""
"SURVEY","2016","YEAR","","COUNTY","IOWA","19","SOUTHEAST","90","LEE","111","","","00000000","","CORN","CORN, GRAIN - YIELD, MEASURED IN BU / ACRE","TOTAL","NOT SPECIFIED","194.6",""
"SURVEY","2016","YEAR","","COUNTY","IOWA","19","SOUTHEAST","90","LOUISA","115","","","00000000","","CORN","CORN, GRAIN - YIELD, MEASURED IN BU / ACRE","TOTAL","NOT SPECIFIED","200.2",""
"SURVEY","2016","YEAR","","COUNTY","IOWA","19","SOUTHEAST","90","MAHASKA","123","","","00000000","","CORN","CORN, GRAIN - YIELD, MEASURED IN BU / ACRE","TOTAL","NOT SPECIFIED","204.7",""
"SURVEY","2016","YEAR","","COUNTY","IOWA","19","SOUTHEAST","90","VAN BUREN","177","","","00000000","","CORN","CORN, GRAIN - YIELD, MEASURED IN BU / ACRE","TOTAL","NOT SPECIFIED","189",""
"SURVEY","2016","YEAR","","COUNTY","IOWA","19","SOUTHEAST","90","WAPELLO","179","","","00000000","","CORN","CORN, GRAIN - YIELD, MEASURED IN BU / ACRE","TOTAL","NOT SPECIFIED","196.9",""
"SURVEY","2016","YEAR","","COUNTY","IOWA","19","SOUTHEAST","90","WASHINGTON","183","","","00000000","","CORN","CORN, GRAIN - YIELD, MEASURED IN BU / ACRE","TOTAL","NOT SPECIFIED","208.2",""
"SURVEY","2016","YEAR","","COUNTY","IOWA","19","SOUTHWEST","70","ADAIR","001","","","00000000","","CORN","CORN, GRAIN - YIELD, MEASURED IN BU / ACRE","TOTAL","NOT SPECIFIED","190.3",""
"SURVEY","2016","YEAR","","COUNTY","IOWA","19","SOUTHWEST","70","ADAMS","003","","","00000000","","CORN","CORN, GRAIN - YIELD, MEASURED IN BU / ACRE","TOTAL","NOT SPECIFIED","187.4",""
"SURVEY","2016","YEAR","","COUNTY","IOWA","19","SOUTHWEST","70","CASS","029","","","00000000","","CORN","CORN, GRAIN - YIELD, MEASURED IN BU / ACRE","TOTAL","NOT SPECIFIED","195.9",""
"SURVEY","2016","YEAR","","COUNTY","IOWA","19","SOUTHWEST","70","FREMONT","071","","","00000000","","CORN","CORN, GRAIN - YIELD, MEASURED IN BU / ACRE","TOTAL","NOT SPECIFIED","180.8",""
"SURVEY","2016","YEAR","","COUNTY","IOWA","19","SOUTHWEST","70","MILLS","129","","","00000000","","CORN","CORN, GRAIN - YIELD, MEASURED IN BU / ACRE","TOTAL","NOT SPECIFIED","188.4",""
"SURVEY","2016","YEAR","","COUNTY","IOWA","19","SOUTHWEST","70","MONTGOMERY","137","","","00000000","","CORN","CORN, GRAIN - YIELD, MEASURED IN BU / ACRE","TOTAL","NOT SPECIFIED","185.5",""
"SURVEY","2016","YEAR","","COUNTY","IOWA","19","SOUTHWEST","70","PAGE","145","","","00000000","","CORN","CORN, GRAIN - YIELD, MEASURED IN BU / ACRE","TOTAL","NOT SPECIFIED","185.8",""
"SURVEY","2016","YEAR","","COUNTY","IOWA","19","SOUTHWEST","70","POTTAWATTAMIE","155","","","00000000","","CORN","CORN, GRAIN - YIELD, MEASURED IN BU / ACRE","TOTAL","NOT SPECIFIED","210.4",""
"SURVEY","2016","YEAR","","COUNTY","IOWA","19","SOUTHWEST","70","TAYLOR","173","","","00000000","","CORN","CORN, GRAIN - YIELD, MEASURED IN BU / ACRE","TOTAL","NOT SPECIFIED","159.9",""
"SURVEY","2016","YEAR","","COUNTY","IOWA","19","WEST CENTRAL","40","AUDUBON","009","","","00000000","","CORN","CORN, GRAIN - YIELD, MEASURED IN BU / ACRE","TOTAL","NOT SPECIFIED","206.1",""
"SURVEY","2016","YEAR","","COUNTY","IOWA","19","WEST CENTRAL","40","CALHOUN","025","","","00000000","","CORN","CORN, GRAIN - YIELD, MEASURED IN BU / ACRE","TOTAL","NOT SPECIFIED","207.3",""
"SURVEY","2016","YEAR","","COUNTY","IOWA","19","WEST CENTRAL","40","CARROLL","027","","","00000000","","CORN","CORN, GRAIN - YIELD, MEASURED IN BU / ACRE","TOTAL","NOT SPECIFIED","203.1",""
"SURVEY","2016","YEAR","","COUNTY","IOWA","19","WEST CENTRAL","40","CRAWFORD","047","","","00000000","","CORN","CORN, GRAIN - YIELD, MEASURED IN BU / ACRE","TOTAL","NOT SPECIFIED","213.5",""
"SURVEY","2016","YEAR","","COUNTY","IOWA","19","WEST CENTRAL","40","GREENE","073","","","00000000","","CORN","CORN, GRAIN - YIELD, MEASURED IN BU / ACRE","TOTAL","NOT SPECIFIED","205.5",""
"SURVEY","2016","YEAR","","COUNTY","IOWA","19","WEST CENTRAL","40","GUTHRIE","077","","","00000000","","CORN","CORN, GRAIN - YIELD, MEASURED IN BU / ACRE","TOTAL","NOT SPECIFIED","198.2",""
"SURVEY","2016","YEAR","","COUNTY","IOWA","19","WEST CENTRAL","40","HARRISON","085","","","00000000","","CORN","CORN, GRAIN - YIELD, MEASURED IN BU / ACRE","TOTAL","NOT SPECIFIED","204.6",""
"SURVEY","2016","YEAR","","COUNTY","IOWA","19","WEST CENTRAL","40","IDA","093","","","00000000","","CORN","CORN, GRAIN - YIELD, MEASURED IN BU / ACRE","TOTAL","NOT SPECIFIED","216",""
"SURVEY","2016","YEAR","","COUNTY","IOWA","19","WEST CENTRAL","40","MONONA","133","","","00000000","","CORN","CORN, GRAIN - YIELD, MEASURED IN BU / ACRE","TOTAL","NOT SPECIFIED","184.5",""
"SURVEY","2016","YEAR","","COUNTY","IOWA","19","WEST CENTRAL","40","SAC","161","","","00000000","","CORN","CORN, GRAIN - YIELD, MEASURED IN BU / ACRE","TOTAL","NOT SPECIFIED","214.3",""
"SURVEY","2016","YEAR","","COUNTY","IOWA","19","WEST CENTRAL","40","SHELBY","165","","","00000000","","CORN","CORN, GRAIN - YIELD, MEASURED IN BU / ACRE","TOTAL","NOT SPECIFIED","215.3",""
"SURVEY","2016","YEAR","","COUNTY","IOWA","19","WEST CENTRAL","40","WOODBURY","193","","","00000000","","CORN","CORN, GRAIN - YIELD, MEASURED IN BU / ACRE","TOTAL","NOT SPECIFIED","203.7",""
"SURVEY","2016","YEAR","","COUNTY","NEBRASKA","31","CENTRAL","50","BUFFALO","019","","","00000000","","CORN","CORN, GRAIN - YIELD, MEASURED IN BU / ACRE","TOTAL","NOT SPECIFIED","199.5",""
"SURVEY","2016","YEAR","","COUNTY","NEBRASKA","31","CENTRAL","50","CUSTER","041","","","00000000","","CORN","CORN, GRAIN - YIELD, MEASURED IN BU / ACRE","TOTAL","NOT SPECIFIED","183.4",""
"SURVEY","2016","YEAR","","COUNTY","NEBRASKA","31","CENTRAL","50","DAWSON","047","","","00000000","","CORN","CORN, GRAIN - YIELD, MEASURED IN BU / ACRE","TOTAL","NOT SPECIFIED","206.9",""
"SURVEY","2016","YEAR","","COUNTY","NEBRASKA","31","CENTRAL","50","GREELEY","077","","","00000000","","CORN","CORN, GRAIN - YIELD, MEASURED IN BU / ACRE","TOTAL","NOT SPECIFIED","186.7",""
"SURVEY","2016","YEAR","","COUNTY","NEBRASKA","31","CENTRAL","50","HALL","079","","","00000000","","CORN","CORN, GRAIN - YIELD, MEASURED IN BU / ACRE","TOTAL","NOT SPECIFIED","186.4",""
"SURVEY","2016","YEAR","","COUNTY","NEBRASKA","31","CENTRAL","50","HOWARD","093","","","00000000","","CORN","CORN, GRAIN - YIELD, MEASURED IN BU / ACRE","TOTAL","NOT SPECIFIED","183.9",""
"SURVEY","2016","YEAR","","COUNTY","NEBRASKA","31","CENTRAL","50","SHERMAN","163","","","00000000","","CORN","CORN, GRAIN - YIELD, MEASURED IN BU / ACRE","TOTAL","NOT SPECIFIED","194.5",""
"SURVEY","2016","YEAR","","COUNTY","NEBRASKA","31","CENTRAL","50","VALLEY","175","","","00000000","","CORN","CORN, GRAIN - YIELD, MEASURED IN BU / ACRE","TOTAL","NOT SPECIFIED","182.3",""
"SURVEY","2016","YEAR","","COUNTY","NEBRASKA","31","EAST","60","BUTLER","023","","","00000000","","CORN","CORN, GRAIN - YIELD, MEASURED IN BU / ACRE","TOTAL","NOT SPECIFIED","185.9",""
"SURVEY","2016","YEAR","","COUNTY","NEBRASKA","31","EAST","60","CASS","025","","","00000000","","CORN","CORN, GRAIN - YIELD, MEASURED IN BU / ACRE","TOTAL","NOT SPECIFIED","181.3",""
"SURVEY","2016","YEAR","","COUNTY","NEBRASKA","31","EAST","60","COLFAX","037","","","00000000","","CORN","CORN, GRAIN - YIELD, MEASURED IN BU / ACRE","TOTAL","NOT SPECIFIED","181.2",""
"SURVEY","2016","YEAR","","COUNTY","NEBRASKA","31","EAST","60","DODGE","053","","","00000000","","CORN","CORN, GRAIN - YIELD, MEASURED IN BU / ACRE","TOTAL","NOT SPECIFIED","174.8",""
"SURVEY","2016","YEAR","","COUNTY","NEBRASKA","31","EAST","60","DOUGLAS","055","","","00000000","","CORN","CORN, GRAIN - YIELD, MEASURED IN BU / ACRE","TOTAL","NOT SPECIFIED","183.9",""
"SURVEY","2016","YEAR","","COUNTY","NEBRASKA","31","EAST","60","HAMILTON","081","","","00000000","","CORN","CORN, GRAIN - YIELD, MEASURED IN BU / ACRE","TOTAL","NOT SPECIFIED","202.3",""
"SURVEY","2016","YEAR","","COUNTY","NEBRASKA","31","EAST","60","LANCASTER","109","","","00000000","","CORN","CORN, GRAIN - YIELD, MEASURED IN BU / ACRE","TOTAL","NOT SPECIFIED","163.2",""
"SURVEY","2016","YEAR","","COUNTY","NEBRASKA","31","EAST","60","MERRICK","121","","","00000000","","CORN","CORN, GRAIN - YIELD, MEASURED IN BU / ACRE","TOTAL","NOT SPECIFIED","166.1",""
"SURVEY","2016","YEAR","","COUNTY","NEBRASKA","31","EAST","60","NANCE","125","","","00000000","","CORN","CORN, GRAIN - YIELD, MEASURED IN BU / ACRE","TOTAL","NOT SPECIFIED","182.7",""
"SURVEY","2016","YEAR","","COUNTY","NEBRASKA","31","EAST","60","PLATTE","141","","","00000000","","CORN","CORN, GRAIN - YIELD, MEASURED IN BU / ACRE","TOTAL","NOT SPECIFIED","193.2",""
"SURVEY","2016","YEAR","","COUNTY","NEBRASKA","31","EAST","60","POLK","143","","","00000000","","CORN","CORN, GRAIN - YIELD, MEASURED IN BU / ACRE","TOTAL","NOT SPECIFIED","187.9",""
"SURVEY","2016","YEAR","","COUNTY","NEBRASKA","31","EAST","60","SARPY","153","","","00000000","","CORN","CORN, GRAIN - YIELD, MEASURED IN BU / ACRE","TOTAL","NOT SPECIFIED","191.1",""
"SURVEY","2016","YEAR","","COUNTY","NEBRASKA","31","EAST","60","SAUNDERS","155","","","00000000","","CORN","CORN, GRAIN - YIELD, MEASURED IN BU / ACRE","TOTAL","NOT SPECIFIED","179.4",""
"SURVEY","2016","YEAR","","COUNTY","NEBRASKA","31","EAST","60","SEWARD","159","","","00000000","","CORN","CORN, GRAIN - YIELD, MEASURED IN BU / ACRE","TOTAL","NOT SPECIFIED","183.6",""
"SURVEY","2016","YEAR","","COUNTY","NEBRASKA","31","EAST","60","WASHINGTON","177","","","00000000","","CORN","CORN, GRAIN - YIELD, MEASURED IN BU / ACRE","TOTAL","NOT SPECIFIED","183",""
"SURVEY","2016","YEAR","","COUNTY","NEBRASKA","31","EAST","60","YORK","185","","","00000000","","CORN","CORN, GRAIN - YIELD, MEASURED IN BU / ACRE","TOTAL","NOT SPECIFIED","197.6",""
"SURVEY","2016","YEAR","","COUNTY","NEBRASKA","31","NORTH","20","BLAINE","009","","","00000000","","CORN","CORN, GRAIN - YIELD, MEASURED IN BU / ACRE","TOTAL","NOT SPECIFIED","153.8",""
"SURVEY","2016","YEAR","","COUNTY","NEBRASKA","31","NORTH","20","BROWN","017","","","00000000","","CORN","CORN, GRAIN - YIELD, MEASURED IN BU / ACRE","TOTAL","NOT SPECIFIED","212.9",""
"SURVEY","2016","YEAR","","COUNTY","NEBRASKA","31","NORTH","20","CHERRY","031","","","00000000","","CORN","CORN, GRAIN - YIELD, MEASURED IN BU / ACRE","TOTAL","NOT SPECIFIED","183.8",""
"SURVEY","2016","YEAR","","COUNTY","NEBRASKA","31","NORTH","20","GARFIELD","071","","","00000000","","CORN","CORN, GRAIN - YIELD, MEASURED IN BU / ACRE","TOTAL","NOT SPECIFIED","192.8",""
"SURVEY","2016","YEAR","","COUNTY","NEBRASKA","31","NORTH","20","HOLT","089","","","00000000","","CORN","CORN, GRAIN - YIELD, MEASURED IN BU / ACRE","TOTAL","NOT SPECIFIED","205.9",""
"SURVEY","2016","YEAR","","COUNTY","NEBRASKA","31","NORTH","20","KEYA PAHA","103","","","00000000","","CORN","CORN, GRAIN - YIELD, MEASURED IN BU / ACRE","TOTAL","NOT SPECIFIED","180.8",""
"SURVEY","2016","YEAR","","COUNTY","NEBRASKA","31","NORTH","20","LOGAN","113","","","00000000","","CORN","CORN, GRAIN - YIELD, MEASURED IN BU / ACRE","TOTAL","NOT SPECIFIED","177.5",""
"SURVEY","2016","YEAR","","COUNTY","NEBRASKA","31","NORTH","20","MCPHERSON","117","","","00000000","","CORN","CORN, GRAIN - YIELD, MEASURED IN BU / ACRE","TOTAL","NOT SPECIFIED","158.1",""
"SURVEY","2016","YEAR","","COUNTY","NEBRASKA","31","NORTH","20","OTHER (COMBINED) COUNTIES","","","","00000000","","CORN","CORN, GRAIN - YIELD, MEASURED IN BU / ACRE","TOTAL","NOT SPECIFIED","166.7",""
"SURVEY","2016","YEAR","","COUNTY","NEBRASKA","31","NORTH","20","ROCK","149","","","00000000","","CORN","CORN, GRAIN - YIELD, MEASURED IN BU / ACRE","TOTAL","NOT SPECIFIED","196.3",""
"SURVEY","2016","YEAR","","COUNTY","NEBRASKA","31","NORTHEAST","30","ANTELOPE","003","","","00000000","","CORN","CORN, GRAIN - YIELD, MEASURED IN BU / ACRE","TOTAL","NOT SPECIFIED","203",""
"SURVEY","2016","YEAR","","COUNTY","NEBRASKA","31","NORTHEAST","30","BOONE","011","","","00000000","","CORN","CORN, GRAIN - YIELD, MEASURED IN BU / ACRE","TOTAL","NOT SPECIFIED","199.6",""
"SURVEY","2016","YEAR","","COUNTY","NEBRASKA","31","NORTHEAST","30","BURT","021","","","00000000","","CORN","CORN, GRAIN - YIELD, MEASURED IN BU / ACRE","TOTAL","NOT SPECIFIED","182.3",""
"SURVEY","2016","YEAR","","COUNTY","NEBRASKA","31","NORTHEAST","30","CEDAR","027","","","00000000","","CORN","CORN, GRAIN - YIELD, MEASURED IN BU / ACRE","TOTAL","NOT SPECIFIED","183.5",""
"SURVEY","2016","YEAR","","COUNTY","NEBRASKA","31","NORTHEAST","30","CUMING","039","","","00000000","","CORN","CORN, GRAIN - YIELD, MEASURED IN BU / ACRE","TOTAL","NOT SPECIFIED","197.8",""
"SURVEY","2016","YEAR","","COUNTY","NEBRASKA","31","NORTHEAST","30","DAKOTA","043","","","00000000","","CORN","CORN, GRAIN - YIELD, MEASURED IN BU / ACRE","TOTAL","NOT SPECIFIED","182.4",""
"SURVEY","2016","YEAR","","COUNTY","NEBRASKA","31","NORTHEAST","30","DIXON","051","","","00000000","","CORN","CORN, GRAIN - YIELD, MEASURED IN BU / ACRE","TOTAL","NOT SPECIFIED","182.3",""
"SURVEY","2016","YEAR","","COUNTY","NEBRASKA","31","NORTHEAST","30","KNOX","107","","","00000000","","CORN","CORN, GRAIN - YIELD, MEASURED IN BU / ACRE","TOTAL","NOT SPECIFIED","172.6",""
"SURVEY","2016","YEAR","","COUNTY","NEBRASKA","31","NORTHEAST","30","MADISON","119","","","00000000","","CORN","CORN, GRAIN - YIELD, MEASURED IN BU / ACRE","TOTAL","NOT SPECIFIED","199.5",""
"SURVEY","2016","YEAR","","COUNTY","NEBRASKA","31","NORTHEAST","30","PIERCE","139","","","00000000","","CORN","CORN, GRAIN - YIELD, MEASURED IN BU / ACRE","TOTAL","NOT SPECIFIED","191.1",""
"SURVEY","2016","YEAR","","COUNTY","NEBRASKA","31","NORTHEAST","30","STANTON","167","","","00000000","","CORN","CORN, GRAIN - YIELD, MEASURED IN BU / ACRE","TOTAL","NOT SPECIFIED","190.6",""
"SURVEY","2016","YEAR","","COUNTY","NEBRASKA","31","NORTHEAST","30","THURSTON","173","","","00000000","","CORN","CORN, GRAIN - YIELD, MEASURED IN BU / ACRE","TOTAL","NOT SPECIFIED","191.1",""
"SURVEY","2016","YEAR","","COUNTY","NEBRASKA","31","NORTHEAST","30","WAYNE","179","","","00000000","","CORN","CORN, GRAIN - YIELD, MEASURED IN BU / ACRE","TOTAL","NOT SPECIFIED","194",""
"SURVEY","2016","YEAR","","COUNTY","NEBRASKA","31","NORTHWEST","10","BANNER","007","","","00000000","","CORN","CORN, GRAIN - YIELD, MEASURED IN BU / ACRE","TOTAL","NOT SPECIFIED","81.9",""
"SURVEY","2016","YEAR","","COUNTY","NEBRASKA","31","NORTHWEST","10","BOX BUTTE","013","","","00000000","","CORN","CORN, GRAIN - YIELD, MEASURED IN BU / ACRE","TOTAL","NOT SPECIFIED","163.4",""
"SURVEY","2016","YEAR","","COUNTY","NEBRASKA","31","NORTHWEST","10","KIMBALL","105","","","00000000","","CORN","CORN, GRAIN - YIELD, MEASURED IN BU / ACRE","TOTAL","NOT SPECIFIED","82.7",""
"SURVEY","2016","YEAR","","COUNTY","NEBRASKA","31","NORTHWEST","10","MORRILL","123","","","00000000","","CORN","CORN, GRAIN - YIELD, MEASURED IN BU / ACRE","TOTAL","NOT SPECIFIED","181.5",""
"SURVEY","2016","YEAR","","COUNTY","NEBRASKA","31","NORTHWEST","10","OTHER (COMBINED) COUNTIES","","","","00000000","","CORN","CORN, GRAIN - YIELD, MEASURED IN BU / ACRE","TOTAL","NOT SPECIFIED","131.8",""
"SURVEY","2016","YEAR","","COUNTY","NEBRASKA","31","NORTHWEST","10","SCOTTS BLUFF","157","","","00000000","","CORN","CORN, GRAIN - YIELD, MEASURED IN BU / ACRE","TOTAL","NOT SPECIFIED","161.6",""
"SURVEY","2016","YEAR","","COUNTY","NEBRASKA","31","NORTHWEST","10","SHERIDAN","161","","","00000000","","CORN","CORN, GRAIN - YIELD, MEASURED IN BU / ACRE","TOTAL","NOT SPECIFIED","144.7",""
"SURVEY","2016","YEAR","","COUNTY","NEBRASKA","31","SOUTH","80","ADAMS","001","","","00000000","","CORN","CORN, GRAIN - YIELD, MEASURED IN BU / ACRE","TOTAL","NOT SPECIFIED","186.6",""
"SURVEY","2016","YEAR","","COUNTY","NEBRASKA","31","SOUTH","80","FRANKLIN","061","","","00000000","","CORN","CORN, GRAIN - YIELD, MEASURED IN BU / ACRE","TOTAL","NOT SPECIFIED","181.9",""
"SURVEY","2016","YEAR","","COUNTY","NEBRASKA","31","SOUTH","80","FURNAS","065","","","00000000","","CORN","CORN, GRAIN - YIELD, MEASURED IN BU / ACRE","TOTAL","NOT SPECIFIED","144.9",""
"SURVEY","2016","YEAR","","COUNTY","NEBRASKA","31","SOUTH","80","GOSPER","073","","","00000000","","CORN","CORN, GRAIN - YIELD, MEASURED IN BU / ACRE","TOTAL","NOT SPECIFIED","178.2",""
"SURVEY","2016","YEAR","","COUNTY","NEBRASKA","31","SOUTH","80","HARLAN","083","","","00000000","","CORN","CORN, GRAIN - YIELD, MEASURED IN BU / ACRE","TOTAL","NOT SPECIFIED","168.8",""
"SURVEY","2016","YEAR","","COUNTY","NEBRASKA","31","SOUTH","80","KEARNEY","099","","","00000000","","CORN","CORN, GRAIN - YIELD, MEASURED IN BU / ACRE","TOTAL","NOT SPECIFIED","198.7",""
"SURVEY","2016","YEAR","","COUNTY","NEBRASKA","31","SOUTH","80","PHELPS","137","","","00000000","","CORN","CORN, GRAIN - YIELD, MEASURED IN BU / ACRE","TOTAL","NOT SPECIFIED","205.5",""
"SURVEY","2016","YEAR","","COUNTY","NEBRASKA","31","SOUTH","80","WEBSTER","181","","","00000000","","CORN","CORN, GRAIN - YIELD, MEASURED IN BU / ACRE","TOTAL","NOT SPECIFIED","157.7",""
"SURVEY","2016","YEAR","","COUNTY","NEBRASKA","31","SOUTHEAST","90","CLAY","035","","","00000000","","CORN","CORN, GRAIN - YIELD, MEASURED IN BU / ACRE","TOTAL","NOT SPECIFIED","174.2",""
"SURVEY","2016","YEAR","","COUNTY","NEBRASKA","31","SOUTHEAST","90","FILLMORE","059","","","00000000","","CORN","CORN, GRAIN - YIELD, MEASURED IN BU / ACRE","TOTAL","NOT SPECIFIED","193.6",""
"SURVEY","2016","YEAR","","COUNTY","NEBRASKA","31","SOUTHEAST","90","GAGE","067","","","00000000","","CORN","CORN, GRAIN - YIELD, MEASURED IN BU / ACRE","TOTAL","NOT SPECIFIED","137.6",""
"SURVEY","2016","YEAR","","COUNTY","NEBRASKA","31","SOUTHEAST","90","JEFFERSON","095","","","00000000","","CORN","CORN, GRAIN - YIELD, MEASURED IN BU / ACRE","TOTAL","NOT SPECIFIED","155.4",""
"SURVEY","2016","YEAR","","COUNTY","NEBRASKA","31","SOUTHEAST","90","JOHNSON","097","","","00000000","","CORN","CORN, GRAIN - YIELD, MEASURED IN BU / ACRE","TOTAL","NOT SPECIFIED","141.3",""
"SURVEY","2016","YEAR","","COUNTY","NEBRASKA","31","SOUTHEAST","90","NEMAHA","127","","","00000000","","CORN","CORN, GRAIN - YIELD, MEASURED IN BU / ACRE","TOTAL","NOT SPECIFIED","148.7",""
"SURVEY","2016","YEAR","","COUNTY","NEBRASKA","31","SOUTHEAST","90","NUCKOLLS","129","","","00000000","","CORN","CORN, GRAIN - YIELD, MEASURED IN BU / ACRE","TOTAL","NOT SPECIFIED","169.6",""
"SURVEY","2016","YEAR","","COUNTY","NEBRASKA","31","SOUTHEAST","90","OTOE","131","","","00000000","","CORN","CORN, GRAIN - YIELD, MEASURED IN BU / ACRE","TOTAL","NOT SPECIFIED","164.3",""
"SURVEY","2016","YEAR","","COUNTY","NEBRASKA","31","SOUTHEAST","90","PAWNEE","133","","","00000000","","CORN","CORN, GRAIN - YIELD, MEASURED IN BU / ACRE","TOTAL","NOT SPECIFIED","141.6",""
"SURVEY","2016","YEAR","","COUNTY","NEBRASKA","31","SOUTHEAST","90","RICHARDSON","147","","","00000000","","CORN","CORN, GRAIN - YIELD, MEASURED IN BU / ACRE","TOTAL","NOT SPECIFIED","156.9",""
"SURVEY","2016","YEAR","","COUNTY","NEBRASKA","31","SOUTHEAST","90","SALINE","151","","","00000000","","CORN","CORN, GRAIN - YIELD, MEASURED IN BU / ACRE","TOTAL","NOT SPECIFIED","171.5",""
"SURVEY","2016","YEAR","","COUNTY","NEBRASKA","31","SOUTHEAST","90","THAYER","169","","","00000000","","CORN","CORN, GRAIN - YIELD, MEASURED IN BU / ACRE","TOTAL","NOT SPECIFIED","179.8",""
"SURVEY","2016","YEAR","","COUNTY","NEBRASKA","31","SOUTHWEST","70","CHASE","029","","","00000000","","CORN","CORN, GRAIN - YIELD, MEASURED IN BU / ACRE","TOTAL","NOT SPECIFIED","173.7",""
"SURVEY","2016","YEAR","","COUNTY","NEBRASKA","31","SOUTHWEST","70","DUNDY","057","","","00000000","","CORN","CORN, GRAIN - YIELD, MEASURED IN BU / ACRE","TOTAL","NOT SPECIFIED","147.1",""
"SURVEY","2016","YEAR","","COUNTY","NEBRASKA","31","SOUTHWEST","70","FRONTIER","063","","","00000000","","CORN","CORN, GRAIN - YIELD, MEASURED IN BU / ACRE","TOTAL","NOT SPECIFIED","151.4",""
"SURVEY","2016","YEAR","","COUNTY","NEBRASKA","31","SOUTHWEST","70","HAYES","085","","","00000000","","CORN","CORN, GRAIN - YIELD, MEASURED IN BU / ACRE","TOTAL","NOT SPECIFIED","145.5",""
"SURVEY","2016","YEAR","","COUNTY","NEBRASKA","31","SOUTHWEST","70","HITCHCOCK","087","","","00000000","","CORN","CORN, GRAIN - YIELD, MEASURED IN BU / ACRE","TOTAL","NOT SPECIFIED","131.3",""
"SURVEY","2016","YEAR","","COUNTY","NEBRASKA","31","SOUTHWEST","70","KEITH","101","","","00000000","","CORN","CORN, GRAIN - YIELD, MEASURED IN BU / ACRE","TOTAL","NOT SPECIFIED","161.7",""
"SURVEY","2016","YEAR","","COUNTY","NEBRASKA","31","SOUTHWEST","70","LINCOLN","111","","","00000000","","CORN","CORN, GRAIN - YIELD, MEASURED IN BU / ACRE","TOTAL","NOT SPECIFIED","168.1",""
"SURVEY","2016","YEAR","","COUNTY","NEBRASKA","31","SOUTHWEST","70","PERKINS","135","","","00000000","","CORN","CORN, GRAIN - YIELD, MEASURED IN BU / ACRE","TOTAL","NOT SPECIFIED","141.4",""
"SURVEY","2016","YEAR","","COUNTY","NEBRASKA","31","SOUTHWEST","70","RED WILLOW","145","","","00000000","","CORN","CORN, GRAIN - YIELD, MEASURED IN BU / ACRE","TOTAL","NOT SPECIFIED","141.8",""
"SURVEY","2015","YEAR","","COUNTY","IOWA","19","CENTRAL","50","BOONE","015","","","00000000","","CORN","CORN, GRAIN - YIELD, MEASURED IN BU / ACRE","TOTAL","NOT SPECIFIED","192.3",""
"SURVEY","2015","YEAR","","COUNTY","IOWA","19","CENTRAL","50","DALLAS","049","","","00000000","","CORN","CORN, GRAIN - YIELD, MEASURED IN BU / ACRE","TOTAL","NOT SPECIFIED","182.4",""
"SURVEY","2015","YEAR","","COUNTY","IOWA","19","CENTRAL","50","GRUNDY","075","","","00000000","","CORN","CORN, GRAIN - YIELD, MEASURED IN BU / ACRE","TOTAL","NOT SPECIFIED","199.9",""
"SURVEY","2015","YEAR","","COUNTY","IOWA","19","CENTRAL","50","HAMILTON","079","","","00000000","","CORN","CORN, GRAIN - YIELD, MEASURED IN BU / ACRE","TOTAL","NOT SPECIFIED","198.1",""
"SURVEY","2015","YEAR","","COUNTY","IOWA","19","CENTRAL","50","HARDIN","083","","","00000000","","CORN","CORN, GRAIN - YIELD, MEASURED IN BU / ACRE","TOTAL","NOT SPECIFIED","199.3",""
"SURVEY","2015","YEAR","","COUNTY","IOWA","19","CENTRAL","50","JASPER","099","","","00000000","","CORN","CORN, GRAIN - YIELD, MEASURED IN BU / ACRE","TOTAL","NOT SPECIFIED","198.9",""
"SURVEY","2015","YEAR","","COUNTY","IOWA","19","CENTRAL","50","MARSHALL","127","","","00000000","","CORN","CORN, GRAIN - YIELD, MEASURED IN BU / ACRE","TOTAL","NOT SPECIFIED","194.9",""
"SURVEY","2015","YEAR","","COUNTY","IOWA","19","CENTRAL","50","POLK","153","","","00000000","","CORN","CORN, GRAIN - YIELD, MEASURED IN BU / ACRE","TOTAL","NOT SPECIFIED","187",""
"SURVEY","2015","YEAR","","COUNTY","IOWA","19","CENTRAL","50","POWESHIEK","157","","","00000000","","CORN","CORN, GRAIN - YIELD, MEASURED IN BU / ACRE","TOTAL","NOT SPECIFIED","197.8",""
"SURVEY","2015","YEAR","","COUNTY","IOWA","19","CENTRAL","50","STORY","169","","","00000000","","CORN","CORN, GRAIN - YIELD, MEASURED IN BU / ACRE","TOTAL","NOT SPECIFIED","188",""
"SURVEY","2015","YEAR","","COUNTY","IOWA","19","CENTRAL","50","TAMA","171","","","00000000","","CORN","CORN, GRAIN - YIELD, MEASURED IN BU / ACRE","TOTAL","NOT SPECIFIED","189.5",""
"SURVEY","2015","YEAR","","COUNTY","IOWA","19","CENTRAL","50","WEBSTER","187","","","00000000","","CORN","CORN, GRAIN - YIELD, MEASURED IN BU / ACRE","TOTAL","NOT SPECIFIED","201",""
"SURVEY","2015","YEAR","","COUNTY","IOWA","19","EAST CENTRAL","60","BENTON","011","","","00000000","","CORN","CORN, GRAIN - YIELD, MEASURED IN BU / ACRE","TOTAL","NOT SPECIFIED","187.5",""
"SURVEY","2015","YEAR","","COUNTY","IOWA","19","EAST CENTRAL","60","CEDAR","031","","","00000000","","CORN","CORN, GRAIN - YIELD, MEASURED IN BU / ACRE","TOTAL","NOT SPECIFIED","188.8",""
"SURVEY","2015","YEAR","","COUNTY","IOWA","19","EAST CENTRAL","60","CLINTON","045","","","00000000","","CORN","CORN, GRAIN - YIELD, MEASURED IN BU / ACRE","TOTAL","NOT SPECIFIED","188.2",""
"SURVEY","2015","YEAR","","COUNTY","IOWA","19","EAST CENTRAL","60","IOWA","095","","","00000000","","CORN","CORN, GRAIN - YIELD, MEASURED IN BU / ACRE","TOTAL","NOT SPECIFIED","199.3",""
"SURVEY","2015","YEAR","","COUNTY","IOWA","19","EAST CENTRAL","60","JACKSON","097","","","00000000","","CORN","CORN, GRAIN - YIELD, MEASURED IN BU / ACRE","TOTAL","NOT SPECIFIED","190.6",""
"SURVEY","2015","YEAR","","COUNTY","IOWA","19","EAST CENTRAL","60","JOHNSON","103","","","00000000","","CORN","CORN, GRAIN - YIELD, MEASURED IN BU / ACRE","TOTAL","NOT SPECIFIED","187.1",""
"SURVEY","2015","YEAR","","COUNTY","IOWA","19","EAST CENTRAL","60","JONES","105","","","00000000","","CORN","CORN, GRAIN - YIELD, MEASURED IN BU / ACRE","TOTAL","NOT SPECIFIED","186.6",""
"SURVEY","2015","YEAR","","COUNTY","IOWA","19","EAST CENTRAL","60","LINN","113","","","00000000","","CORN","CORN, GRAIN - YIELD, MEASURED IN BU / ACRE","TOTAL","NOT SPECIFIED","189.2",""
"SURVEY","2015","YEAR","","COUNTY","IOWA","19","EAST CENTRAL","60","MUSCATINE","139","","","00000000","","CORN","CORN, GRAIN - YIELD, MEASURED IN BU / ACRE","TOTAL","NOT SPECIFIED","177.7",""
"SURVEY","2015","YEAR","","COUNTY","IOWA","19","EAST CENTRAL","60","SCOTT","163","","","00000000","","CORN","CORN, GRAIN - YIELD, MEASURED IN BU / ACRE","TOTAL","NOT SPECIFIED","195.9",""
"SURVEY","2015","YEAR","","COUNTY","IOWA","19","NORTH CENTRAL","20","BUTLER","023","","","00000000","","CORN","CORN, GRAIN - YIELD, MEASURED IN BU / ACRE","TOTAL","NOT SPECIFIED","193.3",""
"SURVEY","2015","YEAR","","COUNTY","IOWA","19","NORTH CENTRAL","20","CERRO GORDO","033","","","00000000","","CORN","CORN, GRAIN - YIELD, MEASURED IN BU / ACRE","TOTAL","NOT SPECIFIED","196.9",""
"SURVEY","2015","YEAR","","COUNTY","IOWA","19","NORTH CENTRAL","20","FLOYD","067","","","00000000","","CORN","CORN, GRAIN - YIELD, MEASURED IN BU / ACRE","TOTAL","NOT SPECIFIED","196.5",""
"SURVEY","2015","YEAR","","COUNTY","IOWA","19","NORTH CENTRAL","20","FRANKLIN","069","","","00000000","","CORN","CORN, GRAIN - YIELD, MEASURED IN BU / ACRE","TOTAL","NOT SPECIFIED","200.2",""
"SURVEY","2015","YEAR","","COUNTY","IOWA","19","NORTH CENTRAL","20","HANCOCK","081","","","00000000","","CORN","CORN, GRAIN - YIELD, MEASURED IN BU / ACRE","TOTAL","NOT SPECIFIED","201.2",""
"SURVEY","2015","YEAR","","COUNTY","IOWA","19","NORTH CENTRAL","20","HUMBOLDT","091","","","00000000","","CORN","CORN, GRAIN - YIELD, MEASURED IN BU / ACRE","TOTAL","NOT SPECIFIED","194.8",""
"SURVEY","2015","YEAR","","COUNTY","IOWA","19","NORTH CENTRAL","20","KOSSUTH","109","","","00000000","","CORN","CORN, GRAIN - YIELD, MEASURED IN BU / ACRE","TOTAL","NOT SPECIFIED","199",""
"SURVEY","2015","YEAR","","COUNTY","IOWA","19","NORTH CENTRAL","20","MITCHELL","131","","","00000000","","CORN","CORN, GRAIN - YIELD, MEASURED IN BU / ACRE","TOTAL","NOT SPECIFIED","202.1",""
"SURVEY","2015","YEAR","","COUNTY","IOWA","19","NORTH CENTRAL","20","WINNEBAGO","189","","","00000000","","CORN","CORN, GRAIN - YIELD, MEASURED IN BU / ACRE","TOTAL","NOT SPECIFIED","203.6",""
"SURVEY","2015","YEAR","","COUNTY","IOWA","19","NORTH CENTRAL","20","WORTH","195","","","00000000","","CORN","CORN, GRAIN - YIELD, MEASURED IN BU / ACRE","TOTAL","NOT SPECIFIED","202.1",""
"SURVEY","2015","YEAR","","COUNTY","IOWA","19","NORTH CENTRAL","20","WRIGHT","197","","","00000000","","CORN","CORN, GRAIN - YIELD, MEASURED IN BU / ACRE","TOTAL","NOT SPECIFIED","198.4",""
"SURVEY","2015","YEAR","","COUNTY","IOWA","19","NORTHEAST","30","ALLAMAKEE","005","","","00000000","","CORN","CORN, GRAIN - YIELD, MEASURED IN BU / ACRE","TOTAL","NOT SPECIFIED","175.4",""
"SURVEY","2015","YEAR","","COUNTY","IOWA","19","NORTHEAST","30","BLACK HAWK","013","","","00000000","","CORN","CORN, GRAIN - YIELD, MEASURED IN BU / ACRE","TOTAL","NOT SPECIFIED","192.9",""
"SURVEY","2015","YEAR","","COUNTY","IOWA","19","NORTHEAST","30","BREMER","017","","","00000000","","CORN","CORN, GRAIN - YIELD, MEASURED IN BU / ACRE","TOTAL","NOT SPECIFIED","203.1",""
"SURVEY","2015","YEAR","","COUNTY","IOWA","19","NORTHEAST","30","BUCHANAN","019","","","00000000","","CORN","CORN, GRAIN - YIELD, MEASURED IN BU / ACRE","TOTAL","NOT SPECIFIED","191.6",""
"SURVEY","2015","YEAR","","COUNTY","IOWA","19","NORTHEAST","30","CHICKASAW","037","","","00000000","","CORN","CORN, GRAIN - YIELD, MEASURED IN BU / ACRE","TOTAL","NOT SPECIFIED","202.8",""
"SURVEY","2015","YEAR","","COUNTY","IOWA","19","NORTHEAST","30","CLAYTON","043","","","00000000","","CORN","CORN, GRAIN - YIELD, MEASURED IN BU / ACRE","TOTAL","NOT SPECIFIED","193.2",""
"SURVEY","2015","YEAR","","COUNTY","IOWA","19","NORTHEAST","30","DELAWARE","055","","","00000000","","CORN","CORN, GRAIN - YIELD, MEASURED IN BU / ACRE","TOTAL","NOT SPECIFIED","195.8",""
"SURVEY","2015","YEAR","","COUNTY","IOWA","19","NORTHEAST","30","DUBUQUE","061","","","00000000","","CORN","CORN, GRAIN - YIELD, MEASURED IN BU / ACRE","TOTAL","NOT SPECIFIED","197",""
"SURVEY","2015","YEAR","","COUNTY","IOWA","19","NORTHEAST","30","FAYETTE","065","","","00000000","","CORN","CORN, GRAIN - YIELD, MEASURED IN BU / ACRE","TOTAL","NOT SPECIFIED","191.8",""
"SURVEY","2015","YEAR","","COUNTY","IOWA","19","NORTHEAST","30","HOWARD","089","","","00000000","","CORN","CORN, GRAIN - YIELD, MEASURED IN BU / ACRE","TOTAL","NOT SPECIFIED","202.1",""
"SURVEY","2015","YEAR","","COUNTY","IOWA","19","NORTHEAST","30","WINNESHIEK","191","","","00000000","","CORN","CORN, GRAIN - YIELD, MEASURED IN BU / ACRE","TOTAL","NOT SPECIFIED","185.6",""
"SURVEY","2015","YEAR","","COUNTY","IOWA","19","NORTHWEST","10","BUENA VISTA","021","","","00000000","","CORN","CORN, GRAIN - YIELD, MEASURED IN BU / ACRE","TOTAL","NOT SPECIFIED","202.7",""
"SURVEY","2015","YEAR","","COUNTY","IOWA","19","NORTHWEST","10","CHEROKEE","035","","","00000000","","CORN","CORN, GRAIN - YIELD, MEASURED IN BU / ACRE","TOTAL","NOT SPECIFIED","209.6",""
"SURVEY","2015","YEAR","","COUNTY","IOWA","19","NORTHWEST","10","CLAY","041","","","00000000","","CORN","CORN, GRAIN - YIELD, MEASURED IN BU / ACRE","TOTAL","NOT SPECIFIED","202.8",""
"SURVEY","2015","YEAR","","COUNTY","IOWA","19","NORTHWEST","10","DICKINSON","059","","","00000000","","CORN","CORN, GRAIN - YIELD, MEASURED IN BU / ACRE","TOTAL","NOT SPECIFIED","194.5",""
"SURVEY","2015","YEAR","","COUNTY","IOWA","19","NORTHWEST","10","EMMET","063","","","00000000","","CORN","CORN, GRAIN - YIELD, MEASURED IN BU / ACRE","TOTAL","NOT SPECIFIED","203.3",""
"SURVEY","2015","YEAR","","COUNTY","IOWA","19","NORTHWEST","10","LYON","119","","","00000000","","CORN","CORN, GRAIN - YIELD, MEASURED IN BU / ACRE","TOTAL","NOT SPECIFIED","196",""
"SURVEY","2015","YEAR","","COUNTY","IOWA","19","NORTHWEST","10","O BRIEN","141","","","00000000","","CORN","CORN, GRAIN - YIELD, MEASURED IN BU / ACRE","TOTAL","NOT SPECIFIED","205.2",""
"SURVEY","2015","YEAR","","COUNTY","IOWA","19","NORTHWEST","10","OSCEOLA","143","","","00000000","","CORN","CORN, GRAIN - YIELD, MEASURED IN BU / ACRE","TOTAL","NOT SPECIFIED","204.7",""
"SURVEY","2015","YEAR","","COUNTY","IOWA","19","NORTHWEST","10","PALO ALTO","147","","","00000000","","CORN","CORN, GRAIN - YIELD, MEASURED IN BU / ACRE","TOTAL","NOT SPECIFIED","197.5",""
"SURVEY","2015","YEAR","","COUNTY","IOWA","19","NORTHWEST","10","PLYMOUTH","149","","","00000000","","CORN","CORN, GRAIN - YIELD, MEASURED IN BU / ACRE","TOTAL","NOT SPECIFIED","203.6",""
"SURVEY","2015","YEAR","","COUNTY","IOWA","19","NORTHWEST","10","POCAHONTAS","151","","","00000000","","CORN","CORN, GRAIN - YIELD, MEASURED IN BU / ACRE","TOTAL","NOT SPECIFIED","205.5",""
"SURVEY","2015","YEAR","","COUNTY","IOWA","19","NORTHWEST","10","SIOUX","167","","","00000000","","CORN","CORN, GRAIN - YIELD, MEASURED IN BU / ACRE","TOTAL","NOT SPECIFIED","201.9",""
"SURVEY","2015","YEAR","","COUNTY","IOWA","19","SOUTH CENTRAL","80","APPANOOSE","007","","","00000000","","CORN","CORN, GRAIN - YIELD, MEASURED IN BU / ACRE","TOTAL","NOT SPECIFIED","154.3",""
"SURVEY","2015","YEAR","","COUNTY","IOWA","19","SOUTH CENTRAL","80","CLARKE","039","","","00000000","","CORN","CORN, GRAIN - YIELD, MEASURED IN BU / ACRE","TOTAL","NOT SPECIFIED","152.4",""
"SURVEY","2015","YEAR","","COUNTY","IOWA","19","SOUTH CENTRAL","80","DECATUR","053","","","00000000","","CORN","CORN, GRAIN - YIELD, MEASURED IN BU / ACRE","TOTAL","NOT SPECIFIED","162.7",""
"SURVEY","2015","YEAR","","COUNTY","IOWA","19","SOUTH CENTRAL","80","LUCAS","117","","","00000000","","CORN","CORN, GRAIN - YIELD, MEASURED IN BU / ACRE","TOTAL","NOT SPECIFIED","154.8",""
"SURVEY","2015","YEAR","","COUNTY","IOWA","19","SOUTH CENTRAL","80","MADISON","121","","","00000000","","CORN","CORN, GRAIN - YIELD, MEASURED IN BU / ACRE","TOTAL","NOT SPECIFIED","169.6",""
"SURVEY","2015","YEAR","","COUNTY","IOWA","19","SOUTH CENTRAL","80","MARION","125","","","00000000","","CORN","CORN, GRAIN - YIELD, MEASURED IN BU / ACRE","TOTAL","NOT SPECIFIED","178.1",""
"SURVEY","2015","YEAR","","COUNTY","IOWA","19","SOUTH CENTRAL","80","OTHER (COMBINED) COUNTIES","","","","00000000","","CORN","CORN, GRAIN - YIELD, MEASURED IN BU / ACRE","TOTAL","NOT SPECIFIED","164",""
"SURVEY","2015","YEAR","","COUNTY","IOWA","19","SOUTH CENTRAL","80","RINGGOLD","159","","","00000000","","CORN","CORN, GRAIN - YIELD, MEASURED IN BU / ACRE","TOTAL","NOT SPECIFIED","147.8",""
"SURVEY","2015","YEAR","","COUNTY","IOWA","19","SOUTH CENTRAL","80","WARREN","181","","","00000000","","CORN","CORN, GRAIN - YIELD, MEASURED IN BU / ACRE","TOTAL","NOT SPECIFIED","170.3",""
"SURVEY","2015","YEAR","","COUNTY","IOWA","19","SOUTH CENTRAL","80","WAYNE","185","","","00000000","","CORN","CORN, GRAIN - YIELD, MEASURED IN BU / ACRE","TOTAL","NOT SPECIFIED","158",""
"SURVEY","2015","YEAR","","COUNTY","IOWA","19","SOUTHEAST","90","DAVIS","051","","","00000000","","CORN","CORN, GRAIN - YIELD, MEASURED IN BU / ACRE","TOTAL","NOT SPECIFIED","142.4",""
"SURVEY","2015","YEAR","","COUNTY","IOWA","19","SOUTHEAST","90","DES MOINES","057","","","00000000","","CORN","CORN, GRAIN - YIELD, MEASURED IN BU / ACRE","TOTAL","NOT SPECIFIED","176",""
"SURVEY","2015","YEAR","","COUNTY","IOWA","19","SOUTHEAST","90","HENRY","087","","","00000000","","CORN","CORN, GRAIN - YIELD, MEASURED IN BU / ACRE","TOTAL","NOT SPECIFIED","178.4",""
"SURVEY","2015","YEAR","","COUNTY","IOWA","19","SOUTHEAST","90","JEFFERSON","101","","","00000000","","CORN","CORN, GRAIN - YIELD, MEASURED IN BU / ACRE","TOTAL","NOT SPECIFIED","168.2",""
"SURVEY","2015","YEAR","","COUNTY","IOWA","19","SOUTHEAST","90","KEOKUK","107","","","00000000","","CORN","CORN, GRAIN - YIELD, MEASURED IN BU / ACRE","TOTAL","NOT SPECIFIED","181",""
"SURVEY","2015","YEAR","","COUNTY","IOWA","19","SOUTHEAST","90","LEE","111","","","00000000","","CORN","CORN, GRAIN - YIELD, MEASURED IN BU / ACRE","TOTAL","NOT SPECIFIED","145.1",""
"SURVEY","2015","YEAR","","COUNTY","IOWA","19","SOUTHEAST","90","LOUISA","115","","","00000000","","CORN","CORN, GRAIN - YIELD, MEASURED IN BU / ACRE","TOTAL","NOT SPECIFIED","181.7",""
"SURVEY","2015","YEAR","","COUNTY","IOWA","19","SOUTHEAST","90","MAHASKA","123","","","00000000","","CORN","CORN, GRAIN - YIELD, MEASURED IN BU / ACRE","TOTAL","NOT SPECIFIED","190.3",""
"SURVEY","2015","YEAR","","COUNTY","IOWA","19","SOUTHEAST","90","VAN BUREN","177","","","00000000","","CORN","CORN, GRAIN - YIELD, MEASURED IN BU / ACRE","TOTAL","NOT SPECIFIED","158.3",""
"SURVEY","2015","YEAR","","COUNTY","IOWA","19","SOUTHEAST","90","WAPELLO","179","","","00000000","","CORN","CORN, GRAIN - YIELD, MEASURED IN BU / ACRE","TOTAL","NOT SPECIFIED","159.3",""
"SURVEY","2015","YEAR","","COUNTY","IOWA","19","SOUTHEAST","90","WASHINGTON","183","","","00000000","","CORN","CORN, GRAIN - YIELD, MEASURED IN BU / ACRE","TOTAL","NOT SPECIFIED","195",""
"SURVEY","2015","YEAR","","COUNTY","IOWA","19","SOUTHWEST","70","ADAIR","001","","","00000000","","CORN","CORN, GRAIN - YIELD, MEASURED IN BU / ACRE","TOTAL","NOT SPECIFIED","176.5",""
"SURVEY","2015","YEAR","","COUNTY","IOWA","19","SOUTHWEST","70","ADAMS","003","","","00000000","","CORN","CORN, GRAIN - YIELD, MEASURED IN BU / ACRE","TOTAL","NOT SPECIFIED","169.6",""
"SURVEY","2015","YEAR","","COUNTY","IOWA","19","SOUTHWEST","70","CASS","029","","","00000000","","CORN","CORN, GRAIN - YIELD, MEASURED IN BU / ACRE","TOTAL","NOT SPECIFIED","193.7",""
"SURVEY","2015","YEAR","","COUNTY","IOWA","19","SOUTHWEST","70","FREMONT","071","","","00000000","","CORN","CORN, GRAIN - YIELD, MEASURED IN BU / ACRE","TOTAL","NOT SPECIFIED","179.9",""
"SURVEY","2015","YEAR","","COUNTY","IOWA","19","SOUTHWEST","70","MONTGOMERY","137","","","00000000","","CORN","CORN, GRAIN - YIELD, MEASURED IN BU / ACRE","TOTAL","NOT SPECIFIED","185.2",""
"SURVEY","2015","YEAR","","COUNTY","IOWA","19","SOUTHWEST","70","OTHER (COMBINED) COUNTIES","","","","00000000","","CORN","CORN, GRAIN - YIELD, MEASURED IN BU / ACRE","TOTAL","NOT SPECIFIED","172.4",""
"SURVEY","2015","YEAR","","COUNTY","IOWA","19","SOUTHWEST","70","PAGE","145","","","00000000","","CORN","CORN, GRAIN - YIELD, MEASURED IN BU / ACRE","TOTAL","NOT SPECIFIED","165.8",""
"SURVEY","2015","YEAR","","COUNTY","IOWA","19","SOUTHWEST","70","POTTAWATTAMIE","155","","","00000000","","CORN","CORN, GRAIN - YIELD, MEASURED IN BU / ACRE","TOTAL","NOT SPECIFIED","204",""
"SURVEY","2015","YEAR","","COUNTY","IOWA","19","WEST CENTRAL","40","AUDUBON","009","","","00000000","","CORN","CORN, GRAIN - YIELD, MEASURED IN BU / ACRE","TOTAL","NOT SPECIFIED","189.8",""
"SURVEY","2015","YEAR","","COUNTY","IOWA","19","WEST CENTRAL","40","CALHOUN","025","","","00000000","","CORN","CORN, GRAIN - YIELD, MEASURED IN BU / ACRE","TOTAL","NOT SPECIFIED","194.7",""
"SURVEY","2015","YEAR","","COUNTY","IOWA","19","WEST CENTRAL","40","CARROLL","027","","","00000000","","CORN","CORN, GRAIN - YIELD, MEASURED IN BU / ACRE","TOTAL","NOT SPECIFIED","195.4",""
"SURVEY","2015","YEAR","","COUNTY","IOWA","19","WEST CENTRAL","40","CRAWFORD","047","","","00000000","","CORN","CORN, GRAIN - YIELD, MEASURED IN BU / ACRE","TOTAL","NOT SPECIFIED","199.1",""
"SURVEY","2015","YEAR","","COUNTY","IOWA","19","WEST CENTRAL","40","GREENE","073","","","00000000","","CORN","CORN, GRAIN - YIELD, MEASURED IN BU / ACRE","TOTAL","NOT SPECIFIED","189",""
"SURVEY","2015","YEAR","","COUNTY","IOWA","19","WEST CENTRAL","40","GUTHRIE","077","","","00000000","","CORN","CORN, GRAIN - YIELD, MEASURED IN BU / ACRE","TOTAL","NOT SPECIFIED","179.2",""
"SURVEY","2015","YEAR","","COUNTY","IOWA","19","WEST CENTRAL","40","HARRISON","085","","","00000000","","CORN","CORN, GRAIN - YIELD, MEASURED IN BU / ACRE","TOTAL","NOT SPECIFIED","189.5",""
"SURVEY","2015","YEAR","","COUNTY","IOWA","19","WEST CENTRAL","40","IDA","093","","","00000000","","CORN","CORN, GRAIN - YIELD, MEASURED IN BU / ACRE","TOTAL","NOT SPECIFIED","203.1",""
"SURVEY","2015","YEAR","","COUNTY","IOWA","19","WEST CENTRAL","40","MONONA","133","","","00000000","","CORN","CORN, GRAIN - YIELD, MEASURED IN BU / ACRE","TOTAL","NOT SPECIFIED","169",""
"SURVEY","2015","YEAR","","COUNTY","IOWA","19","WEST CENTRAL","40","SAC","161","","","00000000","","CORN","CORN, GRAIN - YIELD, MEASURED IN BU / ACRE","TOTAL","NOT SPECIFIED","204.8",""
"SURVEY","2015","YEAR","","COUNTY","IOWA","19","WEST CENTRAL","40","SHELBY","165","","","00000000","","CORN","CORN, GRAIN - YIELD, MEASURED IN BU / ACRE","TOTAL","NOT SPECIFIED","195.3",""
"SURVEY","2015","YEAR","","COUNTY","IOWA","19","WEST CENTRAL","40","WOODBURY","193","","","00000000","","CORN","CORN, GRAIN - YIELD, MEASURED IN BU / ACRE","TOTAL","NOT SPECIFIED","202.3",""
"SURVEY","2015","YEAR","","COUNTY","NEBRASKA","31","CENTRAL","50","BUFFALO","019","","","00000000","","CORN","CORN, GRAIN - YIELD, MEASURED IN BU / ACRE","TOTAL","NOT SPECIFIED","202",""
"SURVEY","2015","YEAR","","COUNTY","NEBRASKA","31","CENTRAL","50","CUSTER","041","","","00000000","","CORN","CORN, GRAIN - YIELD, MEASURED IN BU / ACRE","TOTAL","NOT SPECIFIED","188.2",""
"SURVEY","2015","YEAR","","COUNTY","NEBRASKA","31","CENTRAL","50","DAWSON","047","","","00000000","","CORN","CORN, GRAIN - YIELD, MEASURED IN BU / ACRE","TOTAL","NOT SPECIFIED","212",""
"SURVEY","2015","YEAR","","COUNTY","NEBRASKA","31","CENTRAL","50","GREELEY","077","","","00000000","","CORN","CORN, GRAIN - YIELD, MEASURED IN BU / ACRE","TOTAL","NOT SPECIFIED","181.1",""
"SURVEY","2015","YEAR","","COUNTY","NEBRASKA","31","CENTRAL","50","HALL","079","","","00000000","","CORN","CORN, GRAIN - YIELD, MEASURED IN BU / ACRE","TOTAL","NOT SPECIFIED","200.3",""
"SURVEY","2015","YEAR","","COUNTY","NEBRASKA","31","CENTRAL","50","HOWARD","093","","","00000000","","CORN","CORN, GRAIN - YIELD, MEASURED IN BU / ACRE","TOTAL","NOT SPECIFIED","183.2",""
"SURVEY","2015","YEAR","","COUNTY","NEBRASKA","31","CENTRAL","50","SHERMAN","163","","","00000000","","CORN","CORN, GRAIN - YIELD, MEASURED IN BU / ACRE","TOTAL","NOT SPECIFIED","172",""
"SURVEY","2015","YEAR","","COUNTY","NEBRASKA","31","CENTRAL","50","VALLEY","175","","","00000000","","CORN","CORN, GRAIN - YIELD, MEASURED IN BU / ACRE","TOTAL","NOT SPECIFIED","187.8",""
"SURVEY","2015","YEAR","","COUNTY","NEBRASKA","31","EAST","60","BUTLER","023","","","00000000","","CORN","CORN, GRAIN - YIELD, MEASURED IN BU / ACRE","TOTAL","NOT SPECIFIED","193.4",""
"SURVEY","2015","YEAR","","COUNTY","NEBRASKA","31","EAST","60","CASS","025","","","00000000","","CORN","CORN, GRAIN - YIELD, MEASURED IN BU / ACRE","TOTAL","NOT SPECIFIED","182",""
"SURVEY","2015","YEAR","","COUNTY","NEBRASKA","31","EAST","60","COLFAX","037","","","00000000","","CORN","CORN, GRAIN - YIELD, MEASURED IN BU / ACRE","TOTAL","NOT SPECIFIED","204.8",""
"SURVEY","2015","YEAR","","COUNTY","NEBRASKA","31","EAST","60","DODGE","053","","","00000000","","CORN","CORN, GRAIN - YIELD, MEASURED IN BU / ACRE","TOTAL","NOT SPECIFIED","194.8",""
"SURVEY","2015","YEAR","","COUNTY","NEBRASKA","31","EAST","60","HAMILTON","081","","","00000000","","CORN","CORN, GRAIN - YIELD, MEASURED IN BU / ACRE","TOTAL","NOT SPECIFIED","212.9",""
"SURVEY","2015","YEAR","","COUNTY","NEBRASKA","31","EAST","60","LANCASTER","109","","","00000000","","CORN","CORN, GRAIN - YIELD, MEASURED IN BU / ACRE","TOTAL","NOT SPECIFIED","157.2",""
"SURVEY","2015","YEAR","","COUNTY","NEBRASKA","31","EAST","60","MERRICK","121","","","00000000","","CORN","CORN, GRAIN - YIELD, MEASURED IN BU / ACRE","TOTAL","NOT SPECIFIED","191",""
"SURVEY","2015","YEAR","","COUNTY","NEBRASKA","31","EAST","60","NANCE","125","","","00000000","","CORN","CORN, GRAIN - YIELD, MEASURED IN BU / ACRE","TOTAL","NOT SPECIFIED","185.6",""
"SURVEY","2015","YEAR","","COUNTY","NEBRASKA","31","EAST","60","OTHER (COMBINED) COUNTIES","","","","00000000","","CORN","CORN, GRAIN - YIELD, MEASURED IN BU / ACRE","TOTAL","NOT SPECIFIED","191.7",""
"SURVEY","2015","YEAR","","COUNTY","NEBRASKA","31","EAST","60","PLATTE","141","","","00000000","","CORN","CORN, GRAIN - YIELD, MEASURED IN BU / ACRE","TOTAL","NOT SPECIFIED","203",""
"SURVEY","2015","YEAR","","COUNTY","NEBRASKA","31","EAST","60","POLK","143","","","00000000","","CORN","CORN, GRAIN - YIELD, MEASURED IN BU / ACRE","TOTAL","NOT SPECIFIED","203.1",""
"SURVEY","2015","YEAR","","COUNTY","NEBRASKA","31","EAST","60","SAUNDERS","155","","","00000000","","CORN","CORN, GRAIN - YIELD, MEASURED IN BU / ACRE","TOTAL","NOT SPECIFIED","186.3",""
"SURVEY","2015","YEAR","","COUNTY","NEBRASKA","31","EAST","60","SEWARD","159","","","00000000","","CORN","CORN, GRAIN - YIELD, MEASURED IN BU / ACRE","TOTAL","NOT SPECIFIED","176.3",""
"SURVEY","2015","YEAR","","COUNTY","NEBRASKA","31","EAST","60","WASHINGTON","177","","","00000000","","CORN","CORN, GRAIN - YIELD, MEASURED IN BU / ACRE","TOTAL","NOT SPECIFIED","187.6",""
"SURVEY","2015","YEAR","","COUNTY","NEBRASKA","31","EAST","60","YORK","185","","","00000000","","CORN","CORN, GRAIN - YIELD, MEASURED IN BU / ACRE","TOTAL","NOT SPECIFIED","214.8",""
"SURVEY","2015","YEAR","","COUNTY","NEBRASKA","31","NORTH","20","BLAINE","009","","","00000000","","CORN","CORN, GRAIN - YIELD, MEASURED IN BU / ACRE","TOTAL","NOT SPECIFIED","167.2",""
"SURVEY","2015","YEAR","","COUNTY","NEBRASKA","31","NORTH","20","BOYD","015","","","00000000","","CORN","CORN, GRAIN - YIELD, MEASURED IN BU / ACRE","TOTAL","NOT SPECIFIED","149.3",""
"SURVEY","2015","YEAR","","COUNTY","NEBRASKA","31","NORTH","20","CHERRY","031","","","00000000","","CORN","CORN, GRAIN - YIELD, MEASURED IN BU / ACRE","TOTAL","NOT SPECIFIED","174.9",""
"SURVEY","2015","YEAR","","COUNTY","NEBRASKA","31","NORTH","20","GARFIELD","071","","","00000000","","CORN","CORN, GRAIN - YIELD, MEASURED IN BU / ACRE","TOTAL","NOT SPECIFIED","177.2",""
"SURVEY","2015","YEAR","","COUNTY","NEBRASKA","31","NORTH","20","HOLT","089","","","00000000","","CORN","CORN, GRAIN - YIELD, MEASURED IN BU / ACRE","TOTAL","NOT SPECIFIED","201.6",""
"SURVEY","2015","YEAR","","COUNTY","NEBRASKA","31","NORTH","20","KEYA PAHA","103","","","00000000","","CORN","CORN, GRAIN - YIELD, MEASURED IN BU / ACRE","TOTAL","NOT SPECIFIED","190.1",""
"SURVEY","2015","YEAR","","COUNTY","NEBRASKA","31","NORTH","20","LOGAN","113","","","00000000","","CORN","CORN, GRAIN - YIELD, MEASURED IN BU / ACRE","TOTAL","NOT SPECIFIED","179.7",""
"SURVEY","2015","YEAR","","COUNTY","NEBRASKA","31","NORTH","20","LOUP","115","","","00000000","","CORN","CORN, GRAIN - YIELD, MEASURED IN BU / ACRE","TOTAL","NOT SPECIFIED","174.4",""
"SURVEY","2015","YEAR","","COUNTY","NEBRASKA","31","NORTH","20","OTHER (COMBINED) COUNTIES","","","","00000000","","CORN","CORN, GRAIN - YIELD, MEASURED IN BU / ACRE","TOTAL","NOT SPECIFIED","197.6",""
"SURVEY","2015","YEAR","","COUNTY","NEBRASKA","31","NORTH","20","THOMAS","171","","","00000000","","CORN","CORN, GRAIN - YIELD, MEASURED IN BU / ACRE","TOTAL","NOT SPECIFIED","183.8",""
"SURVEY","2015","YEAR","","COUNTY","NEBRASKA","31","NORTHEAST","30","ANTELOPE","003","","","00000000","","CORN","CORN, GRAIN - YIELD, MEASURED IN BU / ACRE","TOTAL","NOT SPECIFIED","198.6",""
"SURVEY","2015","YEAR","","COUNTY","NEBRASKA","31","NORTHEAST","30","BOONE","011","","","00000000","","CORN","CORN, GRAIN - YIELD, MEASURED IN BU / ACRE","TOTAL","NOT SPECIFIED","190.6",""
"SURVEY","2015","YEAR","","COUNTY","NEBRASKA","31","NORTHEAST","30","BURT","021","","","00000000","","CORN","CORN, GRAIN - YIELD, MEASURED IN BU / ACRE","TOTAL","NOT SPECIFIED","193.2",""
"SURVEY","2015","YEAR","","COUNTY","NEBRASKA","31","NORTHEAST","30","CEDAR","027","","","00000000","","CORN","CORN, GRAIN - YIELD, MEASURED IN BU / ACRE","TOTAL","NOT SPECIFIED","195.8",""
"SURVEY","2015","YEAR","","COUNTY","NEBRASKA","31","NORTHEAST","30","CUMING","039","","","00000000","","CORN","CORN, GRAIN - YIELD, MEASURED IN BU / ACRE","TOTAL","NOT SPECIFIED","200.1",""
"SURVEY","2015","YEAR","","COUNTY","NEBRASKA","31","NORTHEAST","30","DIXON","051","","","00000000","","CORN","CORN, GRAIN - YIELD, MEASURED IN BU / ACRE","TOTAL","NOT SPECIFIED","189.9",""
"SURVEY","2015","YEAR","","COUNTY","NEBRASKA","31","NORTHEAST","30","KNOX","107","","","00000000","","CORN","CORN, GRAIN - YIELD, MEASURED IN BU / ACRE","TOTAL","NOT SPECIFIED","189.2",""
"SURVEY","2015","YEAR","","COUNTY","NEBRASKA","31","NORTHEAST","30","MADISON","119","","","00000000","","CORN","CORN, GRAIN - YIELD, MEASURED IN BU / ACRE","TOTAL","NOT SPECIFIED","195.2",""
"SURVEY","2015","YEAR","","COUNTY","NEBRASKA","31","NORTHEAST","30","OTHER (COMBINED) COUNTIES","","","","00000000","","CORN","CORN, GRAIN - YIELD, MEASURED IN BU / ACRE","TOTAL","NOT SPECIFIED","198.2",""
"SURVEY","2015","YEAR","","COUNTY","NEBRASKA","31","NORTHEAST","30","PIERCE","139","","","00000000","","CORN","CORN, GRAIN - YIELD, MEASURED IN BU / ACRE","TOTAL","NOT SPECIFIED","190.3",""
"SURVEY","2015","YEAR","","COUNTY","NEBRASKA","31","NORTHEAST","30","STANTON","167","","","00000000","","CORN","CORN, GRAIN - YIELD, MEASURED IN BU / ACRE","TOTAL","NOT SPECIFIED","194.7",""
"SURVEY","2015","YEAR","","COUNTY","NEBRASKA","31","NORTHEAST","30","WAYNE","179","","","00000000","","CORN","CORN, GRAIN - YIELD, MEASURED IN BU / ACRE","TOTAL","NOT SPECIFIED","203.1",""
"SURVEY","2015","YEAR","","COUNTY","NEBRASKA","31","NORTHWEST","10","BOX BUTTE","013","","","00000000","","CORN","CORN, GRAIN - YIELD, MEASURED IN BU / ACRE","TOTAL","NOT SPECIFIED","147.3",""
"SURVEY","2015","YEAR","","COUNTY","NEBRASKA","31","NORTHWEST","10","DAWES","045","","","00000000","","CORN","CORN, GRAIN - YIELD, MEASURED IN BU / ACRE","TOTAL","NOT SPECIFIED","173.5",""
"SURVEY","2015","YEAR","","COUNTY","NEBRASKA","31","NORTHWEST","10","KIMBALL","105","","","00000000","","CORN","CORN, GRAIN - YIELD, MEASURED IN BU / ACRE","TOTAL","NOT SPECIFIED","116.4",""
"SURVEY","2015","YEAR","","COUNTY","NEBRASKA","31","NORTHWEST","10","MORRILL","123","","","00000000","","CORN","CORN, GRAIN - YIELD, MEASURED IN BU / ACRE","TOTAL","NOT SPECIFIED","168",""
"SURVEY","2015","YEAR","","COUNTY","NEBRASKA","31","NORTHWEST","10","OTHER (COMBINED) COUNTIES","","","","00000000","","CORN","CORN, GRAIN - YIELD, MEASURED IN BU / ACRE","TOTAL","NOT SPECIFIED","130.9",""
"SURVEY","2015","YEAR","","COUNTY","NEBRASKA","31","NORTHWEST","10","SCOTTS BLUFF","157","","","00000000","","CORN","CORN, GRAIN - YIELD, MEASURED IN BU / ACRE","TOTAL","NOT SPECIFIED","165.3",""
"SURVEY","2015","YEAR","","COUNTY","NEBRASKA","31","NORTHWEST","10","SHERIDAN","161","","","00000000","","CORN","CORN, GRAIN - YIELD, MEASURED IN BU / ACRE","TOTAL","NOT SPECIFIED","154.5",""
"SURVEY","2015","YEAR","","COUNTY","NEBRASKA","31","NORTHWEST","10","SIOUX","165","","","00000000","","CORN","CORN, GRAIN - YIELD, MEASURED IN BU / ACRE","TOTAL","NOT SPECIFIED","150.3",""
"SURVEY","2015","YEAR","","COUNTY","NEBRASKA","31","SOUTH","80","ADAMS","001","","","00000000","","CORN","CORN, GRAIN - YIELD, MEASURED IN BU / ACRE","TOTAL","NOT SPECIFIED","208.8",""
"SURVEY","2015","YEAR","","COUNTY","NEBRASKA","31","SOUTH","80","FRANKLIN","061","","","00000000","","CORN","CORN, GRAIN - YIELD, MEASURED IN BU / ACRE","TOTAL","NOT SPECIFIED","186",""
"SURVEY","2015","YEAR","","COUNTY","NEBRASKA","31","SOUTH","80","FURNAS","065","","","00000000","","CORN","CORN, GRAIN - YIELD, MEASURED IN BU / ACRE","TOTAL","NOT SPECIFIED","153.8",""
"SURVEY","2015","YEAR","","COUNTY","NEBRASKA","31","SOUTH","80","GOSPER","073","","","00000000","","CORN","CORN, GRAIN - YIELD, MEASURED IN BU / ACRE","TOTAL","NOT SPECIFIED","186.3",""
"SURVEY","2015","YEAR","","COUNTY","NEBRASKA","31","SOUTH","80","HARLAN","083","","","00000000","","CORN","CORN, GRAIN - YIELD, MEASURED IN BU / ACRE","TOTAL","NOT SPECIFIED","180.9",""
"SURVEY","2015","YEAR","","COUNTY","NEBRASKA","31","SOUTH","80","KEARNEY","099","","","00000000","","CORN","CORN, GRAIN - YIELD, MEASURED IN BU / ACRE","TOTAL","NOT SPECIFIED","210.7",""
"SURVEY","2015","YEAR","","COUNTY","NEBRASKA","31","SOUTH","80","PHELPS","137","","","00000000","","CORN","CORN, GRAIN - YIELD, MEASURED IN BU / ACRE","TOTAL","NOT SPECIFIED","224",""
"SURVEY","2015","YEAR","","COUNTY","NEBRASKA","31","SOUTH","80","WEBSTER","181","","","00000000","","CORN","CORN, GRAIN - YIELD, MEASURED IN BU / ACRE","TOTAL","NOT SPECIFIED","159.7",""
"SURVEY","2015","YEAR","","COUNTY","NEBRASKA","31","SOUTHEAST","90","CLAY","035","","","00000000","","CORN","CORN, GRAIN - YIELD, MEASURED IN BU / ACRE","TOTAL","NOT SPECIFIED","202.1",""
"SURVEY","2015","YEAR","","COUNTY","NEBRASKA","31","SOUTHEAST","90","FILLMORE","059","","","00000000","","CORN","CORN, GRAIN - YIELD, MEASURED IN BU / ACRE","TOTAL","NOT SPECIFIED","199.4",""
"SURVEY","2015","YEAR","","COUNTY","NEBRASKA","31","SOUTHEAST","90","GAGE","067","","","00000000","","CORN","CORN, GRAIN - YIELD, MEASURED IN BU / ACRE","TOTAL","NOT SPECIFIED","152.6",""
"SURVEY","2015","YEAR","","COUNTY","NEBRASKA","31","SOUTHEAST","90","JEFFERSON","095","","","00000000","","CORN","CORN, GRAIN - YIELD, MEASURED IN BU / ACRE","TOTAL","NOT SPECIFIED","167.6",""
"SURVEY","2015","YEAR","","COUNTY","NEBRASKA","31","SOUTHEAST","90","JOHNSON","097","","","00000000","","CORN","CORN, GRAIN - YIELD, MEASURED IN BU / ACRE","TOTAL","NOT SPECIFIED","147",""
"SURVEY","2015","YEAR","","COUNTY","NEBRASKA","31","SOUTHEAST","90","NEMAHA","127","","","00000000","","CORN","CORN, GRAIN - YIELD, MEASURED IN BU / ACRE","TOTAL","NOT SPECIFIED","169.8",""
"SURVEY","2015","YEAR","","COUNTY","NEBRASKA","31","SOUTHEAST","90","NUCKOLLS","129","","","00000000","","CORN","CORN, GRAIN - YIELD, MEASURED IN BU / ACRE","TOTAL","NOT SPECIFIED","166.5",""
"SURVEY","2015","YEAR","","COUNTY","NEBRASKA","31","SOUTHEAST","90","OTOE","131","","","00000000","","CORN","CORN, GRAIN - YIELD, MEASURED IN BU / ACRE","TOTAL","NOT SPECIFIED","156.7",""
"SURVEY","2015","YEAR","","COUNTY","NEBRASKA","31","SOUTHEAST","90","PAWNEE","133","","","00000000","","CORN","CORN, GRAIN - YIELD, MEASURED IN BU / ACRE","TOTAL","NOT SPECIFIED","151.6",""
"SURVEY","2015","YEAR","","COUNTY","NEBRASKA","31","SOUTHEAST","90","RICHARDSON","147","","","00000000","","CORN","CORN, GRAIN - YIELD, MEASURED IN BU / ACRE","TOTAL","NOT SPECIFIED","160",""
"SURVEY","2015","YEAR","","COUNTY","NEBRASKA","31","SOUTHEAST","90","SALINE","151","","","00000000","","CORN","CORN, GRAIN - YIELD, MEASURED IN BU / ACRE","TOTAL","NOT SPECIFIED","160.8",""
"SURVEY","2015","YEAR","","COUNTY","NEBRASKA","31","SOUTHEAST","90","THAYER","169","","","00000000","","CORN","CORN, GRAIN - YIELD, MEASURED IN BU / ACRE","TOTAL","NOT SPECIFIED","185.4",""
"SURVEY","2015","YEAR","","COUNTY","NEBRASKA","31","SOUTHWEST","70","CHASE","029","","","00000000","","CORN","CORN, GRAIN - YIELD, MEASURED IN BU / ACRE","TOTAL","NOT SPECIFIED","178.4",""
"SURVEY","2015","YEAR","","COUNTY","NEBRASKA","31","SOUTHWEST","70","DUNDY","057","","","00000000","","CORN","CORN, GRAIN - YIELD, MEASURED IN BU / ACRE","TOTAL","NOT SPECIFIED","153.8",""
"SURVEY","2015","YEAR","","COUNTY","NEBRASKA","31","SOUTHWEST","70","FRONTIER","063","","","00000000","","CORN","CORN, GRAIN - YIELD, MEASURED IN BU / ACRE","TOTAL","NOT SPECIFIED","151.9",""
"SURVEY","2015","YEAR","","COUNTY","NEBRASKA","31","SOUTHWEST","70","HAYES","085","","","00000000","","CORN","CORN, GRAIN - YIELD, MEASURED IN BU / ACRE","TOTAL","NOT SPECIFIED","149.3",""
"SURVEY","2015","YEAR","","COUNTY","NEBRASKA","31","SOUTHWEST","70","HITCHCOCK","087","","","00000000","","CORN","CORN, GRAIN - YIELD, MEASURED IN BU / ACRE","TOTAL","NOT SPECIFIED","122.2",""
"SURVEY","2015","YEAR","","COUNTY","NEBRASKA","31","SOUTHWEST","70","KEITH","101","","","00000000","","CORN","CORN, GRAIN - YIELD, MEASURED IN BU / ACRE","TOTAL","NOT SPECIFIED","158.3",""
"SURVEY","2015","YEAR","","COUNTY","NEBRASKA","31","SOUTHWEST","70","LINCOLN","111","","","00000000","","CORN","CORN, GRAIN - YIELD, MEASURED IN BU / ACRE","TOTAL","NOT SPECIFIED","185",""
"SURVEY","2015","YEAR","","COUNTY","NEBRASKA","31","SOUTHWEST","70","PERKINS","135","","","00000000","","CORN","CORN, GRAIN - YIELD, MEASURED IN BU / ACRE","TOTAL","NOT SPECIFIED","144.6",""
"SURVEY","2015","YEAR","","COUNTY","NEBRASKA","31","SOUTHWEST","70","RED WILLOW","145","","","00000000","","CORN","CORN, GRAIN - YIELD, MEASURED IN BU / ACRE","TOTAL","NOT SPECIFIED","145.5",""
"SURVEY","2014","YEAR","","COUNTY","IOWA","19","CENTRAL","50","BOONE","015","","","00000000","","CORN","CORN, GRAIN - YIELD, MEASURED IN BU / ACRE","TOTAL","NOT SPECIFIED","180.9",""
"SURVEY","2014","YEAR","","COUNTY","IOWA","19","CENTRAL","50","DALLAS","049","","","00000000","","CORN","CORN, GRAIN - YIELD, MEASURED IN BU / ACRE","TOTAL","NOT SPECIFIED","195.5",""
"SURVEY","2014","YEAR","","COUNTY","IOWA","19","CENTRAL","50","GRUNDY","075","","","00000000","","CORN","CORN, GRAIN - YIELD, MEASURED IN BU / ACRE","TOTAL","NOT SPECIFIED","182.4",""
"SURVEY","2014","YEAR","","COUNTY","IOWA","19","CENTRAL","50","HAMILTON","079","","","00000000","","CORN","CORN, GRAIN - YIELD, MEASURED IN BU / ACRE","TOTAL","NOT SPECIFIED","173.1",""
"SURVEY","2014","YEAR","","COUNTY","IOWA","19","CENTRAL","50","HARDIN","083","","","00000000","","CORN","CORN, GRAIN - YIELD, MEASURED IN BU / ACRE","TOTAL","NOT SPECIFIED","166.3",""
"SURVEY","2014","YEAR","","COUNTY","IOWA","19","CENTRAL","50","JASPER","099","","","00000000","","CORN","CORN, GRAIN - YIELD, MEASURED IN BU / ACRE","TOTAL","NOT SPECIFIED","191.5",""
"SURVEY","2014","YEAR","","COUNTY","IOWA","19","CENTRAL","50","MARSHALL","127","","","00000000","","CORN","CORN, GRAIN - YIELD, MEASURED IN BU / ACRE","TOTAL","NOT SPECIFIED","190.5",""
"SURVEY","2014","YEAR","","COUNTY","IOWA","19","CENTRAL","50","POLK","153","","","00000000","","CORN","CORN, GRAIN - YIELD, MEASURED IN BU / ACRE","TOTAL","NOT SPECIFIED","181.4",""
"SURVEY","2014","YEAR","","COUNTY","IOWA","19","CENTRAL","50","POWESHIEK","157","","","00000000","","CORN","CORN, GRAIN - YIELD, MEASURED IN BU / ACRE","TOTAL","NOT SPECIFIED","188.4",""
"SURVEY","2014","YEAR","","COUNTY","IOWA","19","CENTRAL","50","STORY","169","","","00000000","","CORN","CORN, GRAIN - YIELD, MEASURED IN BU / ACRE","TOTAL","NOT SPECIFIED","169.9",""
"SURVEY","2014","YEAR","","COUNTY","IOWA","19","CENTRAL","50","TAMA","171","","","00000000","","CORN","CORN, GRAIN - YIELD, MEASURED IN BU / ACRE","TOTAL","NOT SPECIFIED","182.7",""
"SURVEY","2014","YEAR","","COUNTY","IOWA","19","CENTRAL","50","WEBSTER","187","","","00000000","","CORN","CORN, GRAIN - YIELD, MEASURED IN BU / ACRE","TOTAL","NOT SPECIFIED","190",""
"SURVEY","2014","YEAR","","COUNTY","IOWA","19","EAST CENTRAL","60","BENTON","011","","","00000000","","CORN","CORN, GRAIN - YIELD, MEASURED IN BU / ACRE","TOTAL","NOT SPECIFIED","185.4",""
"SURVEY","2014","YEAR","","COUNTY","IOWA","19","EAST CENTRAL","60","CEDAR","031","","","00000000","","CORN","CORN, GRAIN - YIELD, MEASURED IN BU / ACRE","TOTAL","NOT SPECIFIED","184.1",""
"SURVEY","2014","YEAR","","COUNTY","IOWA","19","EAST CENTRAL","60","CLINTON","045","","","00000000","","CORN","CORN, GRAIN - YIELD, MEASURED IN BU / ACRE","TOTAL","NOT SPECIFIED","197",""
"SURVEY","2014","YEAR","","COUNTY","IOWA","19","EAST CENTRAL","60","IOWA","095","","","00000000","","CORN","CORN, GRAIN - YIELD, MEASURED IN BU / ACRE","TOTAL","NOT SPECIFIED","192.1",""
"SURVEY","2014","YEAR","","COUNTY","IOWA","19","EAST CENTRAL","60","JACKSON","097","","","00000000","","CORN","CORN, GRAIN - YIELD, MEASURED IN BU / ACRE","TOTAL","NOT SPECIFIED","188.9",""
"SURVEY","2014","YEAR","","COUNTY","IOWA","19","EAST CENTRAL","60","JOHNSON","103","","","00000000","","CORN","CORN, GRAIN - YIELD, MEASURED IN BU / ACRE","TOTAL","NOT SPECIFIED","184.6",""
"SURVEY","2014","YEAR","","COUNTY","IOWA","19","EAST CENTRAL","60","JONES","105","","","00000000","","CORN","CORN, GRAIN - YIELD, MEASURED IN BU / ACRE","TOTAL","NOT SPECIFIED","180.1",""
"SURVEY","2014","YEAR","","COUNTY","IOWA","19","EAST CENTRAL","60","LINN","113","","","00000000","","CORN","CORN, GRAIN - YIELD, MEASURED IN BU / ACRE","TOTAL","NOT SPECIFIED","176.1",""
"SURVEY","2014","YEAR","","COUNTY","IOWA","19","EAST CENTRAL","60","MUSCATINE","139","","","00000000","","CORN","CORN, GRAIN - YIELD, MEASURED IN BU / ACRE","TOTAL","NOT SPECIFIED","188.1",""
"SURVEY","2014","YEAR","","COUNTY","IOWA","19","EAST CENTRAL","60","SCOTT","163","","","00000000","","CORN","CORN, GRAIN - YIELD, MEASURED IN BU / ACRE","TOTAL","NOT SPECIFIED","194.5",""
"SURVEY","2014","YEAR","","COUNTY","IOWA","19","NORTH CENTRAL","20","BUTLER","023","","","00000000","","CORN","CORN, GRAIN - YIELD, MEASURED IN BU / ACRE","TOTAL","NOT SPECIFIED","167.7",""
"SURVEY","2014","YEAR","","COUNTY","IOWA","19","NORTH CENTRAL","20","CERRO GORDO","033","","","00000000","","CORN","CORN, GRAIN - YIELD, MEASURED IN BU / ACRE","TOTAL","NOT SPECIFIED","168.3",""
"SURVEY","2014","YEAR","","COUNTY","IOWA","19","NORTH CENTRAL","20","FLOYD","067","","","00000000","","CORN","CORN, GRAIN - YIELD, MEASURED IN BU / ACRE","TOTAL","NOT SPECIFIED","162.8",""
"SURVEY","2014","YEAR","","COUNTY","IOWA","19","NORTH CENTRAL","20","FRANKLIN","069","","","00000000","","CORN","CORN, GRAIN - YIELD, MEASURED IN BU / ACRE","TOTAL","NOT SPECIFIED","165.8",""
"SURVEY","2014","YEAR","","COUNTY","IOWA","19","NORTH CENTRAL","20","HANCOCK","081","","","00000000","","CORN","CORN, GRAIN - YIELD, MEASURED IN BU / ACRE","TOTAL","NOT SPECIFIED","173.9",""
"SURVEY","2014","YEAR","","COUNTY","IOWA","19","NORTH CENTRAL","20","HUMBOLDT","091","","","00000000","","CORN","CORN, GRAIN - YIELD, MEASURED IN BU / ACRE","TOTAL","NOT SPECIFIED","176.9",""
"SURVEY","2014","YEAR","","COUNTY","IOWA","19","NORTH CENTRAL","20","KOSSUTH","109","","","00000000","","CORN","CORN, GRAIN - YIELD, MEASURED IN BU / ACRE","TOTAL","NOT SPECIFIED","176.6",""
"SURVEY","2014","YEAR","","COUNTY","IOWA","19","NORTH CENTRAL","20","MITCHELL","131","","","00000000","","CORN","CORN, GRAIN - YIELD, MEASURED IN BU / ACRE","TOTAL","NOT SPECIFIED","175.1",""
"SURVEY","2014","YEAR","","COUNTY","IOWA","19","NORTH CENTRAL","20","WINNEBAGO","189","","","00000000","","CORN","CORN, GRAIN - YIELD, MEASURED IN BU / ACRE","TOTAL","NOT SPECIFIED","172.7",""
"SURVEY","2014","YEAR","","COUNTY","IOWA","19","NORTH CENTRAL","20","WORTH","195","","","00000000","","CORN","CORN, GRAIN - YIELD, MEASURED IN BU / ACRE","TOTAL","NOT SPECIFIED","181.5",""
"SURVEY","2014","YEAR","","COUNTY","IOWA","19","NORTH CENTRAL","20","WRIGHT","197","","","00000000","","CORN","CORN, GRAIN - YIELD, MEASURED IN BU / ACRE","TOTAL","NOT SPECIFIED","169.4",""
"SURVEY","2014","YEAR","","COUNTY","IOWA","19","NORTHEAST","30","ALLAMAKEE","005","","","00000000","","CORN","CORN, GRAIN - YIELD, MEASURED IN BU / ACRE","TOTAL","NOT SPECIFIED","175.6",""
"SURVEY","2014","YEAR","","COUNTY","IOWA","19","NORTHEAST","30","BLACK HAWK","013","","","00000000","","CORN","CORN, GRAIN - YIELD, MEASURED IN BU / ACRE","TOTAL","NOT SPECIFIED","165.2",""
"SURVEY","2014","YEAR","","COUNTY","IOWA","19","NORTHEAST","30","BREMER","017","","","00000000","","CORN","CORN, GRAIN - YIELD, MEASURED IN BU / ACRE","TOTAL","NOT SPECIFIED","159",""
"SURVEY","2014","YEAR","","COUNTY","IOWA","19","NORTHEAST","30","BUCHANAN","019","","","00000000","","CORN","CORN, GRAIN - YIELD, MEASURED IN BU / ACRE","TOTAL","NOT SPECIFIED","169.3",""
"SURVEY","2014","YEAR","","COUNTY","IOWA","19","NORTHEAST","30","CHICKASAW","037","","","00000000","","CORN","CORN, GRAIN - YIELD, MEASURED IN BU / ACRE","TOTAL","NOT SPECIFIED","157.6",""
"SURVEY","2014","YEAR","","COUNTY","IOWA","19","NORTHEAST","30","CLAYTON","043","","","00000000","","CORN","CORN, GRAIN - YIELD, MEASURED IN BU / ACRE","TOTAL","NOT SPECIFIED","176.7",""
"SURVEY","2014","YEAR","","COUNTY","IOWA","19","NORTHEAST","30","DELAWARE","055","","","00000000","","CORN","CORN, GRAIN - YIELD, MEASURED IN BU / ACRE","TOTAL","NOT SPECIFIED","174.9",""
"SURVEY","2014","YEAR","","COUNTY","IOWA","19","NORTHEAST","30","DUBUQUE","061","","","00000000","","CORN","CORN, GRAIN - YIELD, MEASURED IN BU / ACRE","TOTAL","NOT SPECIFIED","184.9",""
"SURVEY","2014","YEAR","","COUNTY","IOWA","19","NORTHEAST","30","FAYETTE","065","","","00000000","","CORN","CORN, GRAIN - YIELD, MEASURED IN BU / ACRE","TOTAL","NOT SPECIFIED","170.9",""
"SURVEY","2014","YEAR","","COUNTY","IOWA","19","NORTHEAST","30","HOWARD","089","","","00000000","","CORN","CORN, GRAIN - YIELD, MEASURED IN BU / ACRE","TOTAL","NOT SPECIFIED","164.4",""
"SURVEY","2014","YEAR","","COUNTY","IOWA","19","NORTHEAST","30","WINNESHIEK","191","","","00000000","","CORN","CORN, GRAIN - YIELD, MEASURED IN BU / ACRE","TOTAL","NOT SPECIFIED","174",""
"SURVEY","2014","YEAR","","COUNTY","IOWA","19","NORTHWEST","10","BUENA VISTA","021","","","00000000","","CORN","CORN, GRAIN - YIELD, MEASURED IN BU / ACRE","TOTAL","NOT SPECIFIED","172.1",""
"SURVEY","2014","YEAR","","COUNTY","IOWA","19","NORTHWEST","10","CHEROKEE","035","","","00000000","","CORN","CORN, GRAIN - YIELD, MEASURED IN BU / ACRE","TOTAL","NOT SPECIFIED","183.6",""
"SURVEY","2014","YEAR","","COUNTY","IOWA","19","NORTHWEST","10","CLAY","041","","","00000000","","CORN","CORN, GRAIN - YIELD, MEASURED IN BU / ACRE","TOTAL","NOT SPECIFIED","166.3",""
"SURVEY","2014","YEAR","","COUNTY","IOWA","19","NORTHWEST","10","DICKINSON","059","","","00000000","","CORN","CORN, GRAIN - YIELD, MEASURED IN BU / ACRE","TOTAL","NOT SPECIFIED","157.9",""
"SURVEY","2014","YEAR","","COUNTY","IOWA","19","NORTHWEST","10","EMMET","063","","","00000000","","CORN","CORN, GRAIN - YIELD, MEASURED IN BU / ACRE","TOTAL","NOT SPECIFIED","165",""
"SURVEY","2014","YEAR","","COUNTY","IOWA","19","NORTHWEST","10","LYON","119","","","00000000","","CORN","CORN, GRAIN - YIELD, MEASURED IN BU / ACRE","TOTAL","NOT SPECIFIED","172.9",""
"SURVEY","2014","YEAR","","COUNTY","IOWA","19","NORTHWEST","10","O BRIEN","141","","","00000000","","CORN","CORN, GRAIN - YIELD, MEASURED IN BU / ACRE","TOTAL","NOT SPECIFIED","180.3",""
"SURVEY","2014","YEAR","","COUNTY","IOWA","19","NORTHWEST","10","OSCEOLA","143","","","00000000","","CORN","CORN, GRAIN - YIELD, MEASURED IN BU / ACRE","TOTAL","NOT SPECIFIED","175.4",""
"SURVEY","2014","YEAR","","COUNTY","IOWA","19","NORTHWEST","10","PALO ALTO","147","","","00000000","","CORN","CORN, GRAIN - YIELD, MEASURED IN BU / ACRE","TOTAL","NOT SPECIFIED","164.6",""
"SURVEY","2014","YEAR","","COUNTY","IOWA","19","NORTHWEST","10","PLYMOUTH","149","","","00000000","","CORN","CORN, GRAIN - YIELD, MEASURED IN BU / ACRE","TOTAL","NOT SPECIFIED","187.3",""
"SURVEY","2014","YEAR","","COUNTY","IOWA","19","NORTHWEST","10","POCAHONTAS","151","","","00000000","","CORN","CORN, GRAIN - YIELD, MEASURED IN BU / ACRE","TOTAL","NOT SPECIFIED","174.8",""
"SURVEY","2014","YEAR","","COUNTY","IOWA","19","NORTHWEST","10","SIOUX","167","","","00000000","","CORN","CORN, GRAIN - YIELD, MEASURED IN BU / ACRE","TOTAL","NOT SPECIFIED","187.4",""
"SURVEY","2014","YEAR","","COUNTY","IOWA","19","SOUTH CENTRAL","80","APPANOOSE","007","","","00000000","","CORN","CORN, GRAIN - YIELD, MEASURED IN BU / ACRE","TOTAL","NOT SPECIFIED","170.9",""
"SURVEY","2014","YEAR","","COUNTY","IOWA","19","SOUTH CENTRAL","80","CLARKE","039","","","00000000","","CORN","CORN, GRAIN - YIELD, MEASURED IN BU / ACRE","TOTAL","NOT SPECIFIED","162.2",""
"SURVEY","2014","YEAR","","COUNTY","IOWA","19","SOUTH CENTRAL","80","DECATUR","053","","","00000000","","CORN","CORN, GRAIN - YIELD, MEASURED IN BU / ACRE","TOTAL","NOT SPECIFIED","164",""
"SURVEY","2014","YEAR","","COUNTY","IOWA","19","SOUTH CENTRAL","80","LUCAS","117","","","00000000","","CORN","CORN, GRAIN - YIELD, MEASURED IN BU / ACRE","TOTAL","NOT SPECIFIED","153.7",""
"SURVEY","2014","YEAR","","COUNTY","IOWA","19","SOUTH CENTRAL","80","MADISON","121","","","00000000","","CORN","CORN, GRAIN - YIELD, MEASURED IN BU / ACRE","TOTAL","NOT SPECIFIED","171.4",""
"SURVEY","2014","YEAR","","COUNTY","IOWA","19","SOUTH CENTRAL","80","MARION","125","","","00000000","","CORN","CORN, GRAIN - YIELD, MEASURED IN BU / ACRE","TOTAL","NOT SPECIFIED","171.6",""
"SURVEY","2014","YEAR","","COUNTY","IOWA","19","SOUTH CENTRAL","80","MONROE","135","","","00000000","","CORN","CORN, GRAIN - YIELD, MEASURED IN BU / ACRE","TOTAL","NOT SPECIFIED","175.7",""
"SURVEY","2014","YEAR","","COUNTY","IOWA","19","SOUTH CENTRAL","80","RINGGOLD","159","","","00000000","","CORN","CORN, GRAIN - YIELD, MEASURED IN BU / ACRE","TOTAL","NOT SPECIFIED","166.4",""
"SURVEY","2014","YEAR","","COUNTY","IOWA","19","SOUTH CENTRAL","80","UNION","175","","","00000000","","CORN","CORN, GRAIN - YIELD, MEASURED IN BU / ACRE","TOTAL","NOT SPECIFIED","176.1",""
"SURVEY","2014","YEAR","","COUNTY","IOWA","19","SOUTH CENTRAL","80","WARREN","181","","","00000000","","CORN","CORN, GRAIN - YIELD, MEASURED IN BU / ACRE","TOTAL","NOT SPECIFIED","169.9",""
"SURVEY","2014","YEAR","","COUNTY","IOWA","19","SOUTH CENTRAL","80","WAYNE","185","","","00000000","","CORN","CORN, GRAIN - YIELD, MEASURED IN BU / ACRE","TOTAL","NOT SPECIFIED","171.9",""
"SURVEY","2014","YEAR","","COUNTY","IOWA","19","SOUTHEAST","90","DAVIS","051","","","00000000","","CORN","CORN, GRAIN - YIELD, MEASURED IN BU / ACRE","TOTAL","NOT SPECIFIED","184.2",""
"SURVEY","2014","YEAR","","COUNTY","IOWA","19","SOUTHEAST","90","DES MOINES","057","","","00000000","","CORN","CORN, GRAIN - YIELD, MEASURED IN BU / ACRE","TOTAL","NOT SPECIFIED","199",""
"SURVEY","2014","YEAR","","COUNTY","IOWA","19","SOUTHEAST","90","HENRY","087","","","00000000","","CORN","CORN, GRAIN - YIELD, MEASURED IN BU / ACRE","TOTAL","NOT SPECIFIED","196.6",""
"SURVEY","2014","YEAR","","COUNTY","IOWA","19","SOUTHEAST","90","JEFFERSON","101","","","00000000","","CORN","CORN, GRAIN - YIELD, MEASURED IN BU / ACRE","TOTAL","NOT SPECIFIED","200.9",""
"SURVEY","2014","YEAR","","COUNTY","IOWA","19","SOUTHEAST","90","KEOKUK","107","","","00000000","","CORN","CORN, GRAIN - YIELD, MEASURED IN BU / ACRE","TOTAL","NOT SPECIFIED","193.2",""
"SURVEY","2014","YEAR","","COUNTY","IOWA","19","SOUTHEAST","90","LEE","111","","","00000000","","CORN","CORN, GRAIN - YIELD, MEASURED IN BU / ACRE","TOTAL","NOT SPECIFIED","200.6",""
"SURVEY","2014","YEAR","","COUNTY","IOWA","19","SOUTHEAST","90","LOUISA","115","","","00000000","","CORN","CORN, GRAIN - YIELD, MEASURED IN BU / ACRE","TOTAL","NOT SPECIFIED","188.2",""
"SURVEY","2014","YEAR","","COUNTY","IOWA","19","SOUTHEAST","90","MAHASKA","123","","","00000000","","CORN","CORN, GRAIN - YIELD, MEASURED IN BU / ACRE","TOTAL","NOT SPECIFIED","189.9",""
"SURVEY","2014","YEAR","","COUNTY","IOWA","19","SOUTHEAST","90","VAN BUREN","177","","","00000000","","CORN","CORN, GRAIN - YIELD, MEASURED IN BU / ACRE","TOTAL","NOT SPECIFIED","192.2",""
"SURVEY","2014","YEAR","","COUNTY","IOWA","19","SOUTHEAST","90","WAPELLO","179","","","00000000","","CORN","CORN, GRAIN - YIELD, MEASURED IN BU / ACRE","TOTAL","NOT SPECIFIED","195.2",""
"SURVEY","2014","YEAR","","COUNTY","IOWA","19","SOUTHEAST","90","WASHINGTON","183","","","00000000","","CORN","CORN, GRAIN - YIELD, MEASURED IN BU / ACRE","TOTAL","NOT SPECIFIED","191.3",""
"SURVEY","2014","YEAR","","COUNTY","IOWA","19","SOUTHWEST","70","ADAIR","001","","","00000000","","CORN","CORN, GRAIN - YIELD, MEASURED IN BU / ACRE","TOTAL","NOT SPECIFIED","169.3",""
"SURVEY","2014","YEAR","","COUNTY","IOWA","19","SOUTHWEST","70","ADAMS","003","","","00000000","","CORN","CORN, GRAIN - YIELD, MEASURED IN BU / ACRE","TOTAL","NOT SPECIFIED","169.9",""
"SURVEY","2014","YEAR","","COUNTY","IOWA","19","SOUTHWEST","70","CASS","029","","","00000000","","CORN","CORN, GRAIN - YIELD, MEASURED IN BU / ACRE","TOTAL","NOT SPECIFIED","173.7",""
"SURVEY","2014","YEAR","","COUNTY","IOWA","19","SOUTHWEST","70","FREMONT","071","","","00000000","","CORN","CORN, GRAIN - YIELD, MEASURED IN BU / ACRE","TOTAL","NOT SPECIFIED","191.5",""
"SURVEY","2014","YEAR","","COUNTY","IOWA","19","SOUTHWEST","70","MILLS","129","","","00000000","","CORN","CORN, GRAIN - YIELD, MEASURED IN BU / ACRE","TOTAL","NOT SPECIFIED","184.9",""
"SURVEY","2014","YEAR","","COUNTY","IOWA","19","SOUTHWEST","70","MONTGOMERY","137","","","00000000","","CORN","CORN, GRAIN - YIELD, MEASURED IN BU / ACRE","TOTAL","NOT SPECIFIED","163.1",""
"SURVEY","2014","YEAR","","COUNTY","IOWA","19","SOUTHWEST","70","PAGE","145","","","00000000","","CORN","CORN, GRAIN - YIELD, MEASURED IN BU / ACRE","TOTAL","NOT SPECIFIED","182.4",""
"SURVEY","2014","YEAR","","COUNTY","IOWA","19","SOUTHWEST","70","POTTAWATTAMIE","155","","","00000000","","CORN","CORN, GRAIN - YIELD, MEASURED IN BU / ACRE","TOTAL","NOT SPECIFIED","169.1",""
"SURVEY","2014","YEAR","","COUNTY","IOWA","19","SOUTHWEST","70","TAYLOR","173","","","00000000","","CORN","CORN, GRAIN - YIELD, MEASURED IN BU / ACRE","TOTAL","NOT SPECIFIED","178.8",""
"SURVEY","2014","YEAR","","COUNTY","IOWA","19","WEST CENTRAL","40","AUDUBON","009","","","00000000","","CORN","CORN, GRAIN - YIELD, MEASURED IN BU / ACRE","TOTAL","NOT SPECIFIED","185.5",""
"SURVEY","2014","YEAR","","COUNTY","IOWA","19","WEST CENTRAL","40","CALHOUN","025","","","00000000","","CORN","CORN, GRAIN - YIELD, MEASURED IN BU / ACRE","TOTAL","NOT SPECIFIED","189.6",""
"SURVEY","2014","YEAR","","COUNTY","IOWA","19","WEST CENTRAL","40","CARROLL","027","","","00000000","","CORN","CORN, GRAIN - YIELD, MEASURED IN BU / ACRE","TOTAL","NOT SPECIFIED","188.6",""
"SURVEY","2014","YEAR","","COUNTY","IOWA","19","WEST CENTRAL","40","CRAWFORD","047","","","00000000","","CORN","CORN, GRAIN - YIELD, MEASURED IN BU / ACRE","TOTAL","NOT SPECIFIED","183",""
"SURVEY","2014","YEAR","","COUNTY","IOWA","19","WEST CENTRAL","40","GREENE","073","","","00000000","","CORN","CORN, GRAIN - YIELD, MEASURED IN BU / ACRE","TOTAL","NOT SPECIFIED","181.2",""
"SURVEY","2014","YEAR","","COUNTY","IOWA","19","WEST CENTRAL","40","GUTHRIE","077","","","00000000","","CORN","CORN, GRAIN - YIELD, MEASURED IN BU / ACRE","TOTAL","NOT SPECIFIED","176.1",""
"SURVEY","2014","YEAR","","COUNTY","IOWA","19","WEST CENTRAL","40","HARRISON","085","","","00000000","","CORN","CORN, GRAIN - YIELD, MEASURED IN BU / ACRE","TOTAL","NOT SPECIFIED","161.1",""
"SURVEY","2014","YEAR","","COUNTY","IOWA","19","WEST CENTRAL","40","IDA","093","","","00000000","","CORN","CORN, GRAIN - YIELD, MEASURED IN BU / ACRE","TOTAL","NOT SPECIFIED","189.9",""
"SURVEY","2014","YEAR","","COUNTY","IOWA","19","WEST CENTRAL","40","MONONA","133","","","00000000","","CORN","CORN, GRAIN - YIELD, MEASURED IN BU / ACRE","TOTAL","NOT SPECIFIED","156.6",""
"SURVEY","2014","YEAR","","COUNTY","IOWA","19","WEST CENTRAL","40","SAC","161","","","00000000","","CORN","CORN, GRAIN - YIELD, MEASURED IN BU / ACRE","TOTAL","NOT SPECIFIED","179.8",""
"SURVEY","2014","YEAR","","COUNTY","IOWA","19","WEST CENTRAL","40","SHELBY","165","","","00000000","","CORN","CORN, GRAIN - YIELD, MEASURED IN BU / ACRE","TOTAL","NOT SPECIFIED","185.2",""
"SURVEY","2014","YEAR","","COUNTY","IOWA","19","WEST CENTRAL","40","WOODBURY","193","","","00000000","","CORN","CORN, GRAIN - YIELD, MEASURED IN BU / ACRE","TOTAL","NOT SPECIFIED","177.5",""
"SURVEY","2014","YEAR","","COUNTY","NEBRASKA","31","CENTRAL","50","BUFFALO","019","","","00000000","","CORN","CORN, GRAIN - YIELD, MEASURED IN BU / ACRE","TOTAL","NOT SPECIFIED","190.8",""
"SURVEY","2014","YEAR","","COUNTY","NEBRASKA","31","CENTRAL","50","CUSTER","041","","","00000000","","CORN","CORN, GRAIN - YIELD, MEASURED IN BU / ACRE","TOTAL","NOT SPECIFIED","176.6",""
"SURVEY","2014","YEAR","","COUNTY","NEBRASKA","31","CENTRAL","50","DAWSON","047","","","00000000","","CORN","CORN, GRAIN - YIELD, MEASURED IN BU / ACRE","TOTAL","NOT SPECIFIED","205.4",""
"SURVEY","2014","YEAR","","COUNTY","NEBRASKA","31","CENTRAL","50","GREELEY","077","","","00000000","","CORN","CORN, GRAIN - YIELD, MEASURED IN BU / ACRE","TOTAL","NOT SPECIFIED","176.5",""
"SURVEY","2014","YEAR","","COUNTY","NEBRASKA","31","CENTRAL","50","HALL","079","","","00000000","","CORN","CORN, GRAIN - YIELD, MEASURED IN BU / ACRE","TOTAL","NOT SPECIFIED","204.8",""
"SURVEY","2014","YEAR","","COUNTY","NEBRASKA","31","CENTRAL","50","HOWARD","093","","","00000000","","CORN","CORN, GRAIN - YIELD, MEASURED IN BU / ACRE","TOTAL","NOT SPECIFIED","176.2",""
"SURVEY","2014","YEAR","","COUNTY","NEBRASKA","31","CENTRAL","50","SHERMAN","163","","","00000000","","CORN","CORN, GRAIN - YIELD, MEASURED IN BU / ACRE","TOTAL","NOT SPECIFIED","154.9",""
"SURVEY","2014","YEAR","","COUNTY","NEBRASKA","31","CENTRAL","50","VALLEY","175","","","00000000","","CORN","CORN, GRAIN - YIELD, MEASURED IN BU / ACRE","TOTAL","NOT SPECIFIED","169",""
"SURVEY","2014","YEAR","","COUNTY","NEBRASKA","31","EAST","60","BUTLER","023","","","00000000","","CORN","CORN, GRAIN - YIELD, MEASURED IN BU / ACRE","TOTAL","NOT SPECIFIED","182.6",""
"SURVEY","2014","YEAR","","COUNTY","NEBRASKA","31","EAST","60","CASS","025","","","00000000","","CORN","CORN, GRAIN - YIELD, MEASURED IN BU / ACRE","TOTAL","NOT SPECIFIED","170.2",""
"SURVEY","2014","YEAR","","COUNTY","NEBRASKA","31","EAST","60","COLFAX","037","","","00000000","","CORN","CORN, GRAIN - YIELD, MEASURED IN BU / ACRE","TOTAL","NOT SPECIFIED","202",""
"SURVEY","2014","YEAR","","COUNTY","NEBRASKA","31","EAST","60","DODGE","053","","","00000000","","CORN","CORN, GRAIN - YIELD, MEASURED IN BU / ACRE","TOTAL","NOT SPECIFIED","177.5",""
"SURVEY","2014","YEAR","","COUNTY","NEBRASKA","31","EAST","60","DOUGLAS","055","","","00000000","","CORN","CORN, GRAIN - YIELD, MEASURED IN BU / ACRE","TOTAL","NOT SPECIFIED","182.9",""
"SURVEY","2014","YEAR","","COUNTY","NEBRASKA","31","EAST","60","HAMILTON","081","","","00000000","","CORN","CORN, GRAIN - YIELD, MEASURED IN BU / ACRE","TOTAL","NOT SPECIFIED","209",""
"SURVEY","2014","YEAR","","COUNTY","NEBRASKA","31","EAST","60","LANCASTER","109","","","00000000","","CORN","CORN, GRAIN - YIELD, MEASURED IN BU / ACRE","TOTAL","NOT SPECIFIED","155.7",""
"SURVEY","2014","YEAR","","COUNTY","NEBRASKA","31","EAST","60","MERRICK","121","","","00000000","","CORN","CORN, GRAIN - YIELD, MEASURED IN BU / ACRE","TOTAL","NOT SPECIFIED","183.4",""
"SURVEY","2014","YEAR","","COUNTY","NEBRASKA","31","EAST","60","NANCE","125","","","00000000","","CORN","CORN, GRAIN - YIELD, MEASURED IN BU / ACRE","TOTAL","NOT SPECIFIED","178.1",""
"SURVEY","2014","YEAR","","COUNTY","NEBRASKA","31","EAST","60","PLATTE","141","","","00000000","","CORN","CORN, GRAIN - YIELD, MEASURED IN BU / ACRE","TOTAL","NOT SPECIFIED","195.4",""
"SURVEY","2014","YEAR","","COUNTY","NEBRASKA","31","EAST","60","POLK","143","","","00000000","","CORN","CORN, GRAIN - YIELD, MEASURED IN BU / ACRE","TOTAL","NOT SPECIFIED","190.1",""
"SURVEY","2014","YEAR","","COUNTY","NEBRASKA","31","EAST","60","SARPY","153","","","00000000","","CORN","CORN, GRAIN - YIELD, MEASURED IN BU / ACRE","TOTAL","NOT SPECIFIED","197.5",""
"SURVEY","2014","YEAR","","COUNTY","NEBRASKA","31","EAST","60","SAUNDERS","155","","","00000000","","CORN","CORN, GRAIN - YIELD, MEASURED IN BU / ACRE","TOTAL","NOT SPECIFIED","185.6",""
"SURVEY","2014","YEAR","","COUNTY","NEBRASKA","31","EAST","60","SEWARD","159","","","00000000","","CORN","CORN, GRAIN - YIELD, MEASURED IN BU / ACRE","TOTAL","NOT SPECIFIED","194.2",""
"SURVEY","2014","YEAR","","COUNTY","NEBRASKA","31","EAST","60","WASHINGTON","177","","","00000000","","CORN","CORN, GRAIN - YIELD, MEASURED IN BU / ACRE","TOTAL","NOT SPECIFIED","159.4",""
"SURVEY","2014","YEAR","","COUNTY","NEBRASKA","31","EAST","60","YORK","185","","","00000000","","CORN","CORN, GRAIN - YIELD, MEASURED IN BU / ACRE","TOTAL","NOT SPECIFIED","197.7",""
"SURVEY","2014","YEAR","","COUNTY","NEBRASKA","31","NORTH","20","BLAINE","009","","","00000000","","CORN","CORN, GRAIN - YIELD, MEASURED IN BU / ACRE","TOTAL","NOT SPECIFIED","154.3",""
"SURVEY","2014","YEAR","","COUNTY","NEBRASKA","31","NORTH","20","BROWN","017","","","00000000","","CORN","CORN, GRAIN - YIELD, MEASURED IN BU / ACRE","TOTAL","NOT SPECIFIED","193.2",""
"SURVEY","2014","YEAR","","COUNTY","NEBRASKA","31","NORTH","20","GARFIELD","071","","","00000000","","CORN","CORN, GRAIN - YIELD, MEASURED IN BU / ACRE","TOTAL","NOT SPECIFIED","137.4",""
"SURVEY","2014","YEAR","","COUNTY","NEBRASKA","31","NORTH","20","HOLT","089","","","00000000","","CORN","CORN, GRAIN - YIELD, MEASURED IN BU / ACRE","TOTAL","NOT SPECIFIED","169.6",""
"SURVEY","2014","YEAR","","COUNTY","NEBRASKA","31","NORTH","20","KEYA PAHA","103","","","00000000","","CORN","CORN, GRAIN - YIELD, MEASURED IN BU / ACRE","TOTAL","NOT SPECIFIED","156.4",""
"SURVEY","2014","YEAR","","COUNTY","NEBRASKA","31","NORTH","20","LOGAN","113","","","00000000","","CORN","CORN, GRAIN - YIELD, MEASURED IN BU / ACRE","TOTAL","NOT SPECIFIED","154.7",""
"SURVEY","2014","YEAR","","COUNTY","NEBRASKA","31","NORTH","20","OTHER (COMBINED) COUNTIES","","","","00000000","","CORN","CORN, GRAIN - YIELD, MEASURED IN BU / ACRE","TOTAL","NOT SPECIFIED","141.2",""
"SURVEY","2014","YEAR","","COUNTY","NEBRASKA","31","NORTH","20","ROCK","149","","","00000000","","CORN","CORN, GRAIN - YIELD, MEASURED IN BU / ACRE","TOTAL","NOT SPECIFIED","176",""
"SURVEY","2014","YEAR","","COUNTY","NEBRASKA","31","NORTH","20","WHEELER","183","","","00000000","","CORN","CORN, GRAIN - YIELD, MEASURED IN BU / ACRE","TOTAL","NOT SPECIFIED","197.6",""
"SURVEY","2014","YEAR","","COUNTY","NEBRASKA","31","NORTHEAST","30","ANTELOPE","003","","","00000000","","CORN","CORN, GRAIN - YIELD, MEASURED IN BU / ACRE","TOTAL","NOT SPECIFIED","185.9",""
"SURVEY","2014","YEAR","","COUNTY","NEBRASKA","31","NORTHEAST","30","BOONE","011","","","00000000","","CORN","CORN, GRAIN - YIELD, MEASURED IN BU / ACRE","TOTAL","NOT SPECIFIED","193.6",""
"SURVEY","2014","YEAR","","COUNTY","NEBRASKA","31","NORTHEAST","30","BURT","021","","","00000000","","CORN","CORN, GRAIN - YIELD, MEASURED IN BU / ACRE","TOTAL","NOT SPECIFIED","171.5",""
"SURVEY","2014","YEAR","","COUNTY","NEBRASKA","31","NORTHEAST","30","CEDAR","027","","","00000000","","CORN","CORN, GRAIN - YIELD, MEASURED IN BU / ACRE","TOTAL","NOT SPECIFIED","184.8",""
"SURVEY","2014","YEAR","","COUNTY","NEBRASKA","31","NORTHEAST","30","CUMING","039","","","00000000","","CORN","CORN, GRAIN - YIELD, MEASURED IN BU / ACRE","TOTAL","NOT SPECIFIED","181.1",""
"SURVEY","2014","YEAR","","COUNTY","NEBRASKA","31","NORTHEAST","30","DAKOTA","043","","","00000000","","CORN","CORN, GRAIN - YIELD, MEASURED IN BU / ACRE","TOTAL","NOT SPECIFIED","186.8",""
"SURVEY","2014","YEAR","","COUNTY","NEBRASKA","31","NORTHEAST","30","DIXON","051","","","00000000","","CORN","CORN, GRAIN - YIELD, MEASURED IN BU / ACRE","TOTAL","NOT SPECIFIED","181",""
"SURVEY","2014","YEAR","","COUNTY","NEBRASKA","31","NORTHEAST","30","KNOX","107","","","00000000","","CORN","CORN, GRAIN - YIELD, MEASURED IN BU / ACRE","TOTAL","NOT SPECIFIED","183.4",""
"SURVEY","2014","YEAR","","COUNTY","NEBRASKA","31","NORTHEAST","30","MADISON","119","","","00000000","","CORN","CORN, GRAIN - YIELD, MEASURED IN BU / ACRE","TOTAL","NOT SPECIFIED","182.8",""
"SURVEY","2014","YEAR","","COUNTY","NEBRASKA","31","NORTHEAST","30","PIERCE","139","","","00000000","","CORN","CORN, GRAIN - YIELD, MEASURED IN BU / ACRE","TOTAL","NOT SPECIFIED","176.9",""
"SURVEY","2014","YEAR","","COUNTY","NEBRASKA","31","NORTHEAST","30","STANTON","167","","","00000000","","CORN","CORN, GRAIN - YIELD, MEASURED IN BU / ACRE","TOTAL","NOT SPECIFIED","178.6",""
"SURVEY","2014","YEAR","","COUNTY","NEBRASKA","31","NORTHEAST","30","THURSTON","173","","","00000000","","CORN","CORN, GRAIN - YIELD, MEASURED IN BU / ACRE","TOTAL","NOT SPECIFIED","181.3",""
"SURVEY","2014","YEAR","","COUNTY","NEBRASKA","31","NORTHEAST","30","WAYNE","179","","","00000000","","CORN","CORN, GRAIN - YIELD, MEASURED IN BU / ACRE","TOTAL","NOT SPECIFIED","188.5",""
"SURVEY","2014","YEAR","","COUNTY","NEBRASKA","31","NORTHWEST","10","BANNER","007","","","00000000","","CORN","CORN, GRAIN - YIELD, MEASURED IN BU / ACRE","TOTAL","NOT SPECIFIED","90.3",""
"SURVEY","2014","YEAR","","COUNTY","NEBRASKA","31","NORTHWEST","10","BOX BUTTE","013","","","00000000","","CORN","CORN, GRAIN - YIELD, MEASURED IN BU / ACRE","TOTAL","NOT SPECIFIED","160",""
"SURVEY","2014","YEAR","","COUNTY","NEBRASKA","31","NORTHWEST","10","CHEYENNE","033","","","00000000","","CORN","CORN, GRAIN - YIELD, MEASURED IN BU / ACRE","TOTAL","NOT SPECIFIED","139.7",""
"SURVEY","2014","YEAR","","COUNTY","NEBRASKA","31","NORTHWEST","10","DAWES","045","","","00000000","","CORN","CORN, GRAIN - YIELD, MEASURED IN BU / ACRE","TOTAL","NOT SPECIFIED","108.2",""
"SURVEY","2014","YEAR","","COUNTY","NEBRASKA","31","NORTHWEST","10","GARDEN","069","","","00000000","","CORN","CORN, GRAIN - YIELD, MEASURED IN BU / ACRE","TOTAL","NOT SPECIFIED","143.9",""
"SURVEY","2014","YEAR","","COUNTY","NEBRASKA","31","NORTHWEST","10","MORRILL","123","","","00000000","","CORN","CORN, GRAIN - YIELD, MEASURED IN BU / ACRE","TOTAL","NOT SPECIFIED","176.4",""
"SURVEY","2014","YEAR","","COUNTY","NEBRASKA","31","NORTHWEST","10","OTHER (COMBINED) COUNTIES","","","","00000000","","CORN","CORN, GRAIN - YIELD, MEASURED IN BU / ACRE","TOTAL","NOT SPECIFIED","110.4",""
"SURVEY","2014","YEAR","","COUNTY","NEBRASKA","31","NORTHWEST","10","SCOTTS BLUFF","157","","","00000000","","CORN","CORN, GRAIN - YIELD, MEASURED IN BU / ACRE","TOTAL","NOT SPECIFIED","177.5",""
"SURVEY","2014","YEAR","","COUNTY","NEBRASKA","31","NORTHWEST","10","SHERIDAN","161","","","00000000","","CORN","CORN, GRAIN - YIELD, MEASURED IN BU / ACRE","TOTAL","NOT SPECIFIED","168.7",""
"SURVEY","2014","YEAR","","COUNTY","NEBRASKA","31","NORTHWEST","10","SIOUX","165","","","00000000","","CORN","CORN, GRAIN - YIELD, MEASURED IN BU / ACRE","TOTAL","NOT SPECIFIED","178",""
"SURVEY","2014","YEAR","","COUNTY","NEBRASKA","31","SOUTH","80","ADAMS","001","","","00000000","","CORN","CORN, GRAIN - YIELD, MEASURED IN BU / ACRE","TOTAL","NOT SPECIFIED","183.3",""
"SURVEY","2014","YEAR","","COUNTY","NEBRASKA","31","SOUTH","80","FRANKLIN","061","","","00000000","","CORN","CORN, GRAIN - YIELD, MEASURED IN BU / ACRE","TOTAL","NOT SPECIFIED","169.7",""
"SURVEY","2014","YEAR","","COUNTY","NEBRASKA","31","SOUTH","80","FURNAS","065","","","00000000","","CORN","CORN, GRAIN - YIELD, MEASURED IN BU / ACRE","TOTAL","NOT SPECIFIED","122.4",""
"SURVEY","2014","YEAR","","COUNTY","NEBRASKA","31","SOUTH","80","GOSPER","073","","","00000000","","CORN","CORN, GRAIN - YIELD, MEASURED IN BU / ACRE","TOTAL","NOT SPECIFIED","187.1",""
"SURVEY","2014","YEAR","","COUNTY","NEBRASKA","31","SOUTH","80","HARLAN","083","","","00000000","","CORN","CORN, GRAIN - YIELD, MEASURED IN BU / ACRE","TOTAL","NOT SPECIFIED","163.8",""
"SURVEY","2014","YEAR","","COUNTY","NEBRASKA","31","SOUTH","80","KEARNEY","099","","","00000000","","CORN","CORN, GRAIN - YIELD, MEASURED IN BU / ACRE","TOTAL","NOT SPECIFIED","203.4",""
"SURVEY","2014","YEAR","","COUNTY","NEBRASKA","31","SOUTH","80","PHELPS","137","","","00000000","","CORN","CORN, GRAIN - YIELD, MEASURED IN BU / ACRE","TOTAL","NOT SPECIFIED","222.7",""
"SURVEY","2014","YEAR","","COUNTY","NEBRASKA","31","SOUTH","80","WEBSTER","181","","","00000000","","CORN","CORN, GRAIN - YIELD, MEASURED IN BU / ACRE","TOTAL","NOT SPECIFIED","140.9",""
"SURVEY","2014","YEAR","","COUNTY","NEBRASKA","31","SOUTHEAST","90","CLAY","035","","","00000000","","CORN","CORN, GRAIN - YIELD, MEASURED IN BU / ACRE","TOTAL","NOT SPECIFIED","203",""
"SURVEY","2014","YEAR","","COUNTY","NEBRASKA","31","SOUTHEAST","90","FILLMORE","059","","","00000000","","CORN","CORN, GRAIN - YIELD, MEASURED IN BU / ACRE","TOTAL","NOT SPECIFIED","198.7",""
"SURVEY","2014","YEAR","","COUNTY","NEBRASKA","31","SOUTHEAST","90","GAGE","067","","","00000000","","CORN","CORN, GRAIN - YIELD, MEASURED IN BU / ACRE","TOTAL","NOT SPECIFIED","169.7",""
"SURVEY","2014","YEAR","","COUNTY","NEBRASKA","31","SOUTHEAST","90","JEFFERSON","095","","","00000000","","CORN","CORN, GRAIN - YIELD, MEASURED IN BU / ACRE","TOTAL","NOT SPECIFIED","185.3",""
"SURVEY","2014","YEAR","","COUNTY","NEBRASKA","31","SOUTHEAST","90","JOHNSON","097","","","00000000","","CORN","CORN, GRAIN - YIELD, MEASURED IN BU / ACRE","TOTAL","NOT SPECIFIED","160.3",""
"SURVEY","2014","YEAR","","COUNTY","NEBRASKA","31","SOUTHEAST","90","NEMAHA","127","","","00000000","","CORN","CORN, GRAIN - YIELD, MEASURED IN BU / ACRE","TOTAL","NOT SPECIFIED","177.2",""
"SURVEY","2014","YEAR","","COUNTY","NEBRASKA","31","SOUTHEAST","90","NUCKOLLS","129","","","00000000","","CORN","CORN, GRAIN - YIELD, MEASURED IN BU / ACRE","TOTAL","NOT SPECIFIED","175.3",""
"SURVEY","2014","YEAR","","COUNTY","NEBRASKA","31","SOUTHEAST","90","OTOE","131","","","00000000","","CORN","CORN, GRAIN - YIELD, MEASURED IN BU / ACRE","TOTAL","NOT SPECIFIED","158.8",""
"SURVEY","2014","YEAR","","COUNTY","NEBRASKA","31","SOUTHEAST","90","PAWNEE","133","","","00000000","","CORN","CORN, GRAIN - YIELD, MEASURED IN BU / ACRE","TOTAL","NOT SPECIFIED","150.3",""
"SURVEY","2014","YEAR","","COUNTY","NEBRASKA","31","SOUTHEAST","90","RICHARDSON","147","","","00000000","","CORN","CORN, GRAIN - YIELD, MEASURED IN BU / ACRE","TOTAL","NOT SPECIFIED","181.1",""
"SURVEY","2014","YEAR","","COUNTY","NEBRASKA","31","SOUTHEAST","90","SALINE","151","","","00000000","","CORN","CORN, GRAIN - YIELD, MEASURED IN BU / ACRE","TOTAL","NOT SPECIFIED","176.9",""
"SURVEY","2014","YEAR","","COUNTY","NEBRASKA","31","SOUTHEAST","90","THAYER","169","","","00000000","","CORN","CORN, GRAIN - YIELD, MEASURED IN BU / ACRE","TOTAL","NOT SPECIFIED","196.6",""
"SURVEY","2014","YEAR","","COUNTY","NEBRASKA","31","SOUTHWEST","70","CHASE","029","","","00000000","","CORN","CORN, GRAIN - YIELD, MEASURED IN BU / ACRE","TOTAL","NOT SPECIFIED","186.3",""
"SURVEY","2014","YEAR","","COUNTY","NEBRASKA","31","SOUTHWEST","70","DUNDY","057","","","00000000","","CORN","CORN, GRAIN - YIELD, MEASURED IN BU / ACRE","TOTAL","NOT SPECIFIED","160.7",""
"SURVEY","2014","YEAR","","COUNTY","NEBRASKA","31","SOUTHWEST","70","FRONTIER","063","","","00000000","","CORN","CORN, GRAIN - YIELD, MEASURED IN BU / ACRE","TOTAL","NOT SPECIFIED","131.5",""
"SURVEY","2014","YEAR","","COUNTY","NEBRASKA","31","SOUTHWEST","70","HAYES","085","","","00000000","","CORN","CORN, GRAIN - YIELD, MEASURED IN BU / ACRE","TOTAL","NOT SPECIFIED","149.9",""
"SURVEY","2014","YEAR","","COUNTY","NEBRASKA","31","SOUTHWEST","70","HITCHCOCK","087","","","00000000","","CORN","CORN, GRAIN - YIELD, MEASURED IN BU / ACRE","TOTAL","NOT SPECIFIED","107",""
"SURVEY","2014","YEAR","","COUNTY","NEBRASKA","31","SOUTHWEST","70","KEITH","101","","","00000000","","CORN","CORN, GRAIN - YIELD, MEASURED IN BU / ACRE","TOTAL","NOT SPECIFIED","167.9",""
"SURVEY","2014","YEAR","","COUNTY","NEBRASKA","31","SOUTHWEST","70","LINCOLN","111","","","00000000","","CORN","CORN, GRAIN - YIELD, MEASURED IN BU / ACRE","TOTAL","NOT SPECIFIED","178.7",""
"SURVEY","2014","YEAR","","COUNTY","NEBRASKA","31","SOUTHWEST","70","PERKINS","135","","","00000000","","CORN","CORN, GRAIN - YIELD, MEASURED IN BU / ACRE","TOTAL","NOT SPECIFIED","150.8",""
"SURVEY","2014","YEAR","","COUNTY","NEBRASKA","31","SOUTHWEST","70","RED WILLOW","145","","","00000000","","CORN","CORN, GRAIN - YIELD, MEASURED IN BU / ACRE","TOTAL","NOT SPECIFIED","122.5",""
"SURVEY","2013","YEAR","","COUNTY","IOWA","19","CENTRAL","50","BOONE","015","","","00000000","","CORN","CORN, GRAIN - YIELD, MEASURED IN BU / ACRE","TOTAL","NOT SPECIFIED","154.2",""
"SURVEY","2013","YEAR","","COUNTY","IOWA","19","CENTRAL","50","DALLAS","049","","","00000000","","CORN","CORN, GRAIN - YIELD, MEASURED IN BU / ACRE","TOTAL","NOT SPECIFIED","145.3",""
"SURVEY","2013","YEAR","","COUNTY","IOWA","19","CENTRAL","50","GRUNDY","075","","","00000000","","CORN","CORN, GRAIN - YIELD, MEASURED IN BU / ACRE","TOTAL","NOT SPECIFIED","180.8",""
"SURVEY","2013","YEAR","","COUNTY","IOWA","19","CENTRAL","50","HAMILTON","079","","","00000000","","CORN","CORN, GRAIN - YIELD, MEASURED IN BU / ACRE","TOTAL","NOT SPECIFIED","135",""
"SURVEY","2013","YEAR","","COUNTY","IOWA","19","CENTRAL","50","HARDIN","083","","","00000000","","CORN","CORN, GRAIN - YIELD, MEASURED IN BU / ACRE","TOTAL","NOT SPECIFIED","156.6",""
"SURVEY","2013","YEAR","","COUNTY","IOWA","19","CENTRAL","50","JASPER","099","","","00000000","","CORN","CORN, GRAIN - YIELD, MEASURED IN BU / ACRE","TOTAL","NOT SPECIFIED","158.8",""
"SURVEY","2013","YEAR","","COUNTY","IOWA","19","CENTRAL","50","MARSHALL","127","","","00000000","","CORN","CORN, GRAIN - YIELD, MEASURED IN BU / ACRE","TOTAL","NOT SPECIFIED","163.2",""
"SURVEY","2013","YEAR","","COUNTY","IOWA","19","CENTRAL","50","POLK","153","","","00000000","","CORN","CORN, GRAIN - YIELD, MEASURED IN BU / ACRE","TOTAL","NOT SPECIFIED","143.6",""
"SURVEY","2013","YEAR","","COUNTY","IOWA","19","CENTRAL","50","POWESHIEK","157","","","00000000","","CORN","CORN, GRAIN - YIELD, MEASURED IN BU / ACRE","TOTAL","NOT SPECIFIED","158.5",""
"SURVEY","2013","YEAR","","COUNTY","IOWA","19","CENTRAL","50","STORY","169","","","00000000","","CORN","CORN, GRAIN - YIELD, MEASURED IN BU / ACRE","TOTAL","NOT SPECIFIED","137.2",""
"SURVEY","2013","YEAR","","COUNTY","IOWA","19","CENTRAL","50","TAMA","171","","","00000000","","CORN","CORN, GRAIN - YIELD, MEASURED IN BU / ACRE","TOTAL","NOT SPECIFIED","158.7",""
"SURVEY","2013","YEAR","","COUNTY","IOWA","19","CENTRAL","50","WEBSTER","187","","","00000000","","CORN","CORN, GRAIN - YIELD, MEASURED IN BU / ACRE","TOTAL","NOT SPECIFIED","137.6",""
"SURVEY","2013","YEAR","","COUNTY","IOWA","19","EAST CENTRAL","60","BENTON","011","","","00000000","","CORN","CORN, GRAIN - YIELD, MEASURED IN BU / ACRE","TOTAL","NOT SPECIFIED","163.7",""
"SURVEY","2013","YEAR","","COUNTY","IOWA","19","EAST CENTRAL","60","CEDAR","031","","","00000000","","CORN","CORN, GRAIN - YIELD, MEASURED IN BU / ACRE","TOTAL","NOT SPECIFIED","169.7",""
"SURVEY","2013","YEAR","","COUNTY","IOWA","19","EAST CENTRAL","60","CLINTON","045","","","00000000","","CORN","CORN, GRAIN - YIELD, MEASURED IN BU / ACRE","TOTAL","NOT SPECIFIED","185.6",""
"SURVEY","2013","YEAR","","COUNTY","IOWA","19","EAST CENTRAL","60","IOWA","095","","","00000000","","CORN","CORN, GRAIN - YIELD, MEASURED IN BU / ACRE","TOTAL","NOT SPECIFIED","165.9",""
"SURVEY","2013","YEAR","","COUNTY","IOWA","19","EAST CENTRAL","60","JACKSON","097","","","00000000","","CORN","CORN, GRAIN - YIELD, MEASURED IN BU / ACRE","TOTAL","NOT SPECIFIED","173.2",""
"SURVEY","2013","YEAR","","COUNTY","IOWA","19","EAST CENTRAL","60","JOHNSON","103","","","00000000","","CORN","CORN, GRAIN - YIELD, MEASURED IN BU / ACRE","TOTAL","NOT SPECIFIED","181.1",""
"SURVEY","2013","YEAR","","COUNTY","IOWA","19","EAST CENTRAL","60","JONES","105","","","00000000","","CORN","CORN, GRAIN - YIELD, MEASURED IN BU / ACRE","TOTAL","NOT SPECIFIED","179.3",""
"SURVEY","2013","YEAR","","COUNTY","IOWA","19","EAST CENTRAL","60","LINN","113","","","00000000","","CORN","CORN, GRAIN - YIELD, MEASURED IN BU / ACRE","TOTAL","NOT SPECIFIED","178.6",""
"SURVEY","2013","YEAR","","COUNTY","IOWA","19","EAST CENTRAL","60","MUSCATINE","139","","","00000000","","CORN","CORN, GRAIN - YIELD, MEASURED IN BU / ACRE","TOTAL","NOT SPECIFIED","158.3",""
"SURVEY","2013","YEAR","","COUNTY","IOWA","19","EAST CENTRAL","60","SCOTT","163","","","00000000","","CORN","CORN, GRAIN - YIELD, MEASURED IN BU / ACRE","TOTAL","NOT SPECIFIED","167.8",""
"SURVEY","2013","YEAR","","COUNTY","IOWA","19","NORTH CENTRAL","20","BUTLER","023","","","00000000","","CORN","CORN, GRAIN - YIELD, MEASURED IN BU / ACRE","TOTAL","NOT SPECIFIED","179.2",""
"SURVEY","2013","YEAR","","COUNTY","IOWA","19","NORTH CENTRAL","20","CERRO GORDO","033","","","00000000","","CORN","CORN, GRAIN - YIELD, MEASURED IN BU / ACRE","TOTAL","NOT SPECIFIED","163.1",""
"SURVEY","2013","YEAR","","COUNTY","IOWA","19","NORTH CENTRAL","20","FLOYD","067","","","00000000","","CORN","CORN, GRAIN - YIELD, MEASURED IN BU / ACRE","TOTAL","NOT SPECIFIED","170",""
"SURVEY","2013","YEAR","","COUNTY","IOWA","19","NORTH CENTRAL","20","FRANKLIN","069","","","00000000","","CORN","CORN, GRAIN - YIELD, MEASURED IN BU / ACRE","TOTAL","NOT SPECIFIED","179.6",""
"SURVEY","2013","YEAR","","COUNTY","IOWA","19","NORTH CENTRAL","20","HANCOCK","081","","","00000000","","CORN","CORN, GRAIN - YIELD, MEASURED IN BU / ACRE","TOTAL","NOT SPECIFIED","169.9",""
"SURVEY","2013","YEAR","","COUNTY","IOWA","19","NORTH CENTRAL","20","HUMBOLDT","091","","","00000000","","CORN","CORN, GRAIN - YIELD, MEASURED IN BU / ACRE","TOTAL","NOT SPECIFIED","155.4",""
"SURVEY","2013","YEAR","","COUNTY","IOWA","19","NORTH CENTRAL","20","KOSSUTH","109","","","00000000","","CORN","CORN, GRAIN - YIELD, MEASURED IN BU / ACRE","TOTAL","NOT SPECIFIED","167.7",""
"SURVEY","2013","YEAR","","COUNTY","IOWA","19","NORTH CENTRAL","20","MITCHELL","131","","","00000000","","CORN","CORN, GRAIN - YIELD, MEASURED IN BU / ACRE","TOTAL","NOT SPECIFIED","164.1",""
"SURVEY","2013","YEAR","","COUNTY","IOWA","19","NORTH CENTRAL","20","WINNEBAGO","189","","","00000000","","CORN","CORN, GRAIN - YIELD, MEASURED IN BU / ACRE","TOTAL","NOT SPECIFIED","149.1",""
"SURVEY","2013","YEAR","","COUNTY","IOWA","19","NORTH CENTRAL","20","WORTH","195","","","00000000","","CORN","CORN, GRAIN - YIELD, MEASURED IN BU / ACRE","TOTAL","NOT SPECIFIED","150.7",""
"SURVEY","2013","YEAR","","COUNTY","IOWA","19","NORTH CENTRAL","20","WRIGHT","197","","","00000000","","CORN","CORN, GRAIN - YIELD, MEASURED IN BU / ACRE","TOTAL","NOT SPECIFIED","168.8",""
"SURVEY","2013","YEAR","","COUNTY","IOWA","19","NORTHEAST","30","ALLAMAKEE","005","","","00000000","","CORN","CORN, GRAIN - YIELD, MEASURED IN BU / ACRE","TOTAL","NOT SPECIFIED","162.1",""
"SURVEY","2013","YEAR","","COUNTY","IOWA","19","NORTHEAST","30","BLACK HAWK","013","","","00000000","","CORN","CORN, GRAIN - YIELD, MEASURED IN BU / ACRE","TOTAL","NOT SPECIFIED","166.1",""
"SURVEY","2013","YEAR","","COUNTY","IOWA","19","NORTHEAST","30","BREMER","017","","","00000000","","CORN","CORN, GRAIN - YIELD, MEASURED IN BU / ACRE","TOTAL","NOT SPECIFIED","175.1",""
"SURVEY","2013","YEAR","","COUNTY","IOWA","19","NORTHEAST","30","BUCHANAN","019","","","00000000","","CORN","CORN, GRAIN - YIELD, MEASURED IN BU / ACRE","TOTAL","NOT SPECIFIED","168.8",""
"SURVEY","2013","YEAR","","COUNTY","IOWA","19","NORTHEAST","30","CHICKASAW","037","","","00000000","","CORN","CORN, GRAIN - YIELD, MEASURED IN BU / ACRE","TOTAL","NOT SPECIFIED","171.8",""
"SURVEY","2013","YEAR","","COUNTY","IOWA","19","NORTHEAST","30","CLAYTON","043","","","00000000","","CORN","CORN, GRAIN - YIELD, MEASURED IN BU / ACRE","TOTAL","NOT SPECIFIED","181.2",""
"SURVEY","2013","YEAR","","COUNTY","IOWA","19","NORTHEAST","30","DELAWARE","055","","","00000000","","CORN","CORN, GRAIN - YIELD, MEASURED IN BU / ACRE","TOTAL","NOT SPECIFIED","184.7",""
"SURVEY","2013","YEAR","","COUNTY","IOWA","19","NORTHEAST","30","DUBUQUE","061","","","00000000","","CORN","CORN, GRAIN - YIELD, MEASURED IN BU / ACRE","TOTAL","NOT SPECIFIED","196",""
"SURVEY","2013","YEAR","","COUNTY","IOWA","19","NORTHEAST","30","FAYETTE","065","","","00000000","","CORN","CORN, GRAIN - YIELD, MEASURED IN BU / ACRE","TOTAL","NOT SPECIFIED","181.2",""
"SURVEY","2013","YEAR","","COUNTY","IOWA","19","NORTHEAST","30","HOWARD","089","","","00000000","","CORN","CORN, GRAIN - YIELD, MEASURED IN BU / ACRE","TOTAL","NOT SPECIFIED","159.1",""
"SURVEY","2013","YEAR","","COUNTY","IOWA","19","NORTHEAST","30","WINNESHIEK","191","","","00000000","","CORN","CORN, GRAIN - YIELD, MEASURED IN BU / ACRE","TOTAL","NOT SPECIFIED","181.8",""
"SURVEY","2013","YEAR","","COUNTY","IOWA","19","NORTHWEST","10","BUENA VISTA","021","","","00000000","","CORN","CORN, GRAIN - YIELD, MEASURED IN BU / ACRE","TOTAL","NOT SPECIFIED","160.5",""
"SURVEY","2013","YEAR","","COUNTY","IOWA","19","NORTHWEST","10","CHEROKEE","035","","","00000000","","CORN","CORN, GRAIN - YIELD, MEASURED IN BU / ACRE","TOTAL","NOT SPECIFIED","185.1",""
"SURVEY","2013","YEAR","","COUNTY","IOWA","19","NORTHWEST","10","CLAY","041","","","00000000","","CORN","CORN, GRAIN - YIELD, MEASURED IN BU / ACRE","TOTAL","NOT SPECIFIED","167.2",""
"SURVEY","2013","YEAR","","COUNTY","IOWA","19","NORTHWEST","10","DICKINSON","059","","","00000000","","CORN","CORN, GRAIN - YIELD, MEASURED IN BU / ACRE","TOTAL","NOT SPECIFIED","162.4",""
"SURVEY","2013","YEAR","","COUNTY","IOWA","19","NORTHWEST","10","EMMET","063","","","00000000","","CORN","CORN, GRAIN - YIELD, MEASURED IN BU / ACRE","TOTAL","NOT SPECIFIED","166.4",""
"SURVEY","2013","YEAR","","COUNTY","IOWA","19","NORTHWEST","10","LYON","119","","","00000000","","CORN","CORN, GRAIN - YIELD, MEASURED IN BU / ACRE","TOTAL","NOT SPECIFIED","190.5",""
"SURVEY","2013","YEAR","","COUNTY","IOWA","19","NORTHWEST","10","O BRIEN","141","","","00000000","","CORN","CORN, GRAIN - YIELD, MEASURED IN BU / ACRE","TOTAL","NOT SPECIFIED","195.3",""
"SURVEY","2013","YEAR","","COUNTY","IOWA","19","NORTHWEST","10","OSCEOLA","143","","","00000000","","CORN","CORN, GRAIN - YIELD, MEASURED IN BU / ACRE","TOTAL","NOT SPECIFIED","182",""
"SURVEY","2013","YEAR","","COUNTY","IOWA","19","NORTHWEST","10","PALO ALTO","147","","","00000000","","CORN","CORN, GRAIN - YIELD, MEASURED IN BU / ACRE","TOTAL","NOT SPECIFIED","168.8",""
"SURVEY","2013","YEAR","","COUNTY","IOWA","19","NORTHWEST","10","PLYMOUTH","149","","","00000000","","CORN","CORN, GRAIN - YIELD, MEASURED IN BU / ACRE","TOTAL","NOT SPECIFIED","188.9",""
"SURVEY","2013","YEAR","","COUNTY","IOWA","19","NORTHWEST","10","POCAHONTAS","151","","","00000000","","CORN","CORN, GRAIN - YIELD, MEASURED IN BU / ACRE","TOTAL","NOT SPECIFIED","163.8",""
"SURVEY","2013","YEAR","","COUNTY","IOWA","19","NORTHWEST","10","SIOUX","167","","","00000000","","CORN","CORN, GRAIN - YIELD, MEASURED IN BU / ACRE","TOTAL","NOT SPECIFIED","194.1",""
"SURVEY","2013","YEAR","","COUNTY","IOWA","19","SOUTH CENTRAL","80","APPANOOSE","007","","","00000000","","CORN","CORN, GRAIN - YIELD, MEASURED IN BU / ACRE","TOTAL","NOT SPECIFIED","109.1",""
"SURVEY","2013","YEAR","","COUNTY","IOWA","19","SOUTH CENTRAL","80","CLARKE","039","","","00000000","","CORN","CORN, GRAIN - YIELD, MEASURED IN BU / ACRE","TOTAL","NOT SPECIFIED","126.5",""
"SURVEY","2013","YEAR","","COUNTY","IOWA","19","SOUTH CENTRAL","80","DECATUR","053","","","00000000","","CORN","CORN, GRAIN - YIELD, MEASURED IN BU / ACRE","TOTAL","NOT SPECIFIED","131.2",""
"SURVEY","2013","YEAR","","COUNTY","IOWA","19","SOUTH CENTRAL","80","LUCAS","117","","","00000000","","CORN","CORN, GRAIN - YIELD, MEASURED IN BU / ACRE","TOTAL","NOT SPECIFIED","117.9",""
"SURVEY","2013","YEAR","","COUNTY","IOWA","19","SOUTH CENTRAL","80","MADISON","121","","","00000000","","CORN","CORN, GRAIN - YIELD, MEASURED IN BU / ACRE","TOTAL","NOT SPECIFIED","140.9",""
"SURVEY","2013","YEAR","","COUNTY","IOWA","19","SOUTH CENTRAL","80","MARION","125","","","00000000","","CORN","CORN, GRAIN - YIELD, MEASURED IN BU / ACRE","TOTAL","NOT SPECIFIED","156.4",""
"SURVEY","2013","YEAR","","COUNTY","IOWA","19","SOUTH CENTRAL","80","MONROE","135","","","00000000","","CORN","CORN, GRAIN - YIELD, MEASURED IN BU / ACRE","TOTAL","NOT SPECIFIED","115.3",""
"SURVEY","2013","YEAR","","COUNTY","IOWA","19","SOUTH CENTRAL","80","RINGGOLD","159","","","00000000","","CORN","CORN, GRAIN - YIELD, MEASURED IN BU / ACRE","TOTAL","NOT SPECIFIED","121.1",""
"SURVEY","2013","YEAR","","COUNTY","IOWA","19","SOUTH CENTRAL","80","UNION","175","","","00000000","","CORN","CORN, GRAIN - YIELD, MEASURED IN BU / ACRE","TOTAL","NOT SPECIFIED","137",""
"SURVEY","2013","YEAR","","COUNTY","IOWA","19","SOUTH CENTRAL","80","WARREN","181","","","00000000","","CORN","CORN, GRAIN - YIELD, MEASURED IN BU / ACRE","TOTAL","NOT SPECIFIED","146.7",""
"SURVEY","2013","YEAR","","COUNTY","IOWA","19","SOUTH CENTRAL","80","WAYNE","185","","","00000000","","CORN","CORN, GRAIN - YIELD, MEASURED IN BU / ACRE","TOTAL","NOT SPECIFIED","125.1",""
"SURVEY","2013","YEAR","","COUNTY","IOWA","19","SOUTHEAST","90","DAVIS","051","","","00000000","","CORN","CORN, GRAIN - YIELD, MEASURED IN BU / ACRE","TOTAL","NOT SPECIFIED","146.7",""
"SURVEY","2013","YEAR","","COUNTY","IOWA","19","SOUTHEAST","90","DES MOINES","057","","","00000000","","CORN","CORN, GRAIN - YIELD, MEASURED IN BU / ACRE","TOTAL","NOT SPECIFIED","165.4",""
"SURVEY","2013","YEAR","","COUNTY","IOWA","19","SOUTHEAST","90","HENRY","087","","","00000000","","CORN","CORN, GRAIN - YIELD, MEASURED IN BU / ACRE","TOTAL","NOT SPECIFIED","160.4",""
"SURVEY","2013","YEAR","","COUNTY","IOWA","19","SOUTHEAST","90","JEFFERSON","101","","","00000000","","CORN","CORN, GRAIN - YIELD, MEASURED IN BU / ACRE","TOTAL","NOT SPECIFIED","145.5",""
"SURVEY","2013","YEAR","","COUNTY","IOWA","19","SOUTHEAST","90","KEOKUK","107","","","00000000","","CORN","CORN, GRAIN - YIELD, MEASURED IN BU / ACRE","TOTAL","NOT SPECIFIED","156.7",""
"SURVEY","2013","YEAR","","COUNTY","IOWA","19","SOUTHEAST","90","LEE","111","","","00000000","","CORN","CORN, GRAIN - YIELD, MEASURED IN BU / ACRE","TOTAL","NOT SPECIFIED","144.1",""
"SURVEY","2013","YEAR","","COUNTY","IOWA","19","SOUTHEAST","90","LOUISA","115","","","00000000","","CORN","CORN, GRAIN - YIELD, MEASURED IN BU / ACRE","TOTAL","NOT SPECIFIED","158.5",""
"SURVEY","2013","YEAR","","COUNTY","IOWA","19","SOUTHEAST","90","MAHASKA","123","","","00000000","","CORN","CORN, GRAIN - YIELD, MEASURED IN BU / ACRE","TOTAL","NOT SPECIFIED","168.6",""
"SURVEY","2013","YEAR","","COUNTY","IOWA","19","SOUTHEAST","90","VAN BUREN","177","","","00000000","","CORN","CORN, GRAIN - YIELD, MEASURED IN BU / ACRE","TOTAL","NOT SPECIFIED","144.1",""
"SURVEY","2013","YEAR","","COUNTY","IOWA","19","SOUTHEAST","90","WAPELLO","179","","","00000000","","CORN","CORN, GRAIN - YIELD, MEASURED IN BU / ACRE","TOTAL","NOT SPECIFIED","150.4",""
"SURVEY","2013","YEAR","","COUNTY","IOWA","19","SOUTHEAST","90","WASHINGTON","183","","","00000000","","CORN","CORN, GRAIN - YIELD, MEASURED IN BU / ACRE","TOTAL","NOT SPECIFIED","159",""
"SURVEY","2013","YEAR","","COUNTY","IOWA","19","SOUTHWEST","70","ADAIR","001","","","00000000","","CORN","CORN, GRAIN - YIELD, MEASURED IN BU / ACRE","TOTAL","NOT SPECIFIED","137.8",""
"SURVEY","2013","YEAR","","COUNTY","IOWA","19","SOUTHWEST","70","ADAMS","003","","","00000000","","CORN","CORN, GRAIN - YIELD, MEASURED IN BU / ACRE","TOTAL","NOT SPECIFIED","147.6",""
"SURVEY","2013","YEAR","","COUNTY","IOWA","19","SOUTHWEST","70","CASS","029","","","00000000","","CORN","CORN, GRAIN - YIELD, MEASURED IN BU / ACRE","TOTAL","NOT SPECIFIED","159.5",""
"SURVEY","2013","YEAR","","COUNTY","IOWA","19","SOUTHWEST","70","FREMONT","071","","","00000000","","CORN","CORN, GRAIN - YIELD, MEASURED IN BU / ACRE","TOTAL","NOT SPECIFIED","159.9",""
"SURVEY","2013","YEAR","","COUNTY","IOWA","19","SOUTHWEST","70","MILLS","129","","","00000000","","CORN","CORN, GRAIN - YIELD, MEASURED IN BU / ACRE","TOTAL","NOT SPECIFIED","171",""
"SURVEY","2013","YEAR","","COUNTY","IOWA","19","SOUTHWEST","70","MONTGOMERY","137","","","00000000","","CORN","CORN, GRAIN - YIELD, MEASURED IN BU / ACRE","TOTAL","NOT SPECIFIED","154",""
"SURVEY","2013","YEAR","","COUNTY","IOWA","19","SOUTHWEST","70","PAGE","145","","","00000000","","CORN","CORN, GRAIN - YIELD, MEASURED IN BU / ACRE","TOTAL","NOT SPECIFIED","154.5",""
"SURVEY","2013","YEAR","","COUNTY","IOWA","19","SOUTHWEST","70","POTTAWATTAMIE","155","","","00000000","","CORN","CORN, GRAIN - YIELD, MEASURED IN BU / ACRE","TOTAL","NOT SPECIFIED","179.4",""
"SURVEY","2013","YEAR","","COUNTY","IOWA","19","SOUTHWEST","70","TAYLOR","173","","","00000000","","CORN","CORN, GRAIN - YIELD, MEASURED IN BU / ACRE","TOTAL","NOT SPECIFIED","136.2",""
"SURVEY","2013","YEAR","","COUNTY","IOWA","19","WEST CENTRAL","40","AUDUBON","009","","","00000000","","CORN","CORN, GRAIN - YIELD, MEASURED IN BU / ACRE","TOTAL","NOT SPECIFIED","157.1",""
"SURVEY","2013","YEAR","","COUNTY","IOWA","19","WEST CENTRAL","40","CALHOUN","025","","","00000000","","CORN","CORN, GRAIN - YIELD, MEASURED IN BU / ACRE","TOTAL","NOT SPECIFIED","132.6",""
"SURVEY","2013","YEAR","","COUNTY","IOWA","19","WEST CENTRAL","40","CARROLL","027","","","00000000","","CORN","CORN, GRAIN - YIELD, MEASURED IN BU / ACRE","TOTAL","NOT SPECIFIED","136.5",""
"SURVEY","2013","YEAR","","COUNTY","IOWA","19","WEST CENTRAL","40","CRAWFORD","047","","","00000000","","CORN","CORN, GRAIN - YIELD, MEASURED IN BU / ACRE","TOTAL","NOT SPECIFIED","157.8",""
"SURVEY","2013","YEAR","","COUNTY","IOWA","19","WEST CENTRAL","40","GREENE","073","","","00000000","","CORN","CORN, GRAIN - YIELD, MEASURED IN BU / ACRE","TOTAL","NOT SPECIFIED","137.9",""
"SURVEY","2013","YEAR","","COUNTY","IOWA","19","WEST CENTRAL","40","GUTHRIE","077","","","00000000","","CORN","CORN, GRAIN - YIELD, MEASURED IN BU / ACRE","TOTAL","NOT SPECIFIED","130.1",""
"SURVEY","2013","YEAR","","COUNTY","IOWA","19","WEST CENTRAL","40","HARRISON","085","","","00000000","","CORN","CORN, GRAIN - YIELD, MEASURED IN BU / ACRE","TOTAL","NOT SPECIFIED","177.1",""
"SURVEY","2013","YEAR","","COUNTY","IOWA","19","WEST CENTRAL","40","IDA","093","","","00000000","","CORN","CORN, GRAIN - YIELD, MEASURED IN BU / ACRE","TOTAL","NOT SPECIFIED","177.7",""
"SURVEY","2013","YEAR","","COUNTY","IOWA","19","WEST CENTRAL","40","MONONA","133","","","00000000","","CORN","CORN, GRAIN - YIELD, MEASURED IN BU / ACRE","TOTAL","NOT SPECIFIED","175.2",""
"SURVEY","2013","YEAR","","COUNTY","IOWA","19","WEST CENTRAL","40","SAC","161","","","00000000","","CORN","CORN, GRAIN - YIELD, MEASURED IN BU / ACRE","TOTAL","NOT SPECIFIED","142.6",""
"SURVEY","2013","YEAR","","COUNTY","IOWA","19","WEST CENTRAL","40","SHELBY","165","","","00000000","","CORN","CORN, GRAIN - YIELD, MEASURED IN BU / ACRE","TOTAL","NOT SPECIFIED","182.6",""
"SURVEY","2013","YEAR","","COUNTY","IOWA","19","WEST CENTRAL","40","WOODBURY","193","","","00000000","","CORN","CORN, GRAIN - YIELD, MEASURED IN BU / ACRE","TOTAL","NOT SPECIFIED","164.2",""
"SURVEY","2013","YEAR","","COUNTY","NEBRASKA","31","CENTRAL","50","BUFFALO","019","","","00000000","","CORN","CORN, GRAIN - YIELD, MEASURED IN BU / ACRE","TOTAL","NOT SPECIFIED","178.2",""
"SURVEY","2013","YEAR","","COUNTY","NEBRASKA","31","CENTRAL","50","CUSTER","041","","","00000000","","CORN","CORN, GRAIN - YIELD, MEASURED IN BU / ACRE","TOTAL","NOT SPECIFIED","168.3",""
"SURVEY","2013","YEAR","","COUNTY","NEBRASKA","31","CENTRAL","50","DAWSON","047","","","00000000","","CORN","CORN, GRAIN - YIELD, MEASURED IN BU / ACRE","TOTAL","NOT SPECIFIED","194.3",""
"SURVEY","2013","YEAR","","COUNTY","NEBRASKA","31","CENTRAL","50","GREELEY","077","","","00000000","","CORN","CORN, GRAIN - YIELD, MEASURED IN BU / ACRE","TOTAL","NOT SPECIFIED","180.8",""
"SURVEY","2013","YEAR","","COUNTY","NEBRASKA","31","CENTRAL","50","HALL","079","","","00000000","","CORN","CORN, GRAIN - YIELD, MEASURED IN BU / ACRE","TOTAL","NOT SPECIFIED","202.1",""
"SURVEY","2013","YEAR","","COUNTY","NEBRASKA","31","CENTRAL","50","HOWARD","093","","","00000000","","CORN","CORN, GRAIN - YIELD, MEASURED IN BU / ACRE","TOTAL","NOT SPECIFIED","172.3",""
"SURVEY","2013","YEAR","","COUNTY","NEBRASKA","31","CENTRAL","50","SHERMAN","163","","","00000000","","CORN","CORN, GRAIN - YIELD, MEASURED IN BU / ACRE","TOTAL","NOT SPECIFIED","169",""
"SURVEY","2013","YEAR","","COUNTY","NEBRASKA","31","CENTRAL","50","VALLEY","175","","","00000000","","CORN","CORN, GRAIN - YIELD, MEASURED IN BU / ACRE","TOTAL","NOT SPECIFIED","165.9",""
"SURVEY","2013","YEAR","","COUNTY","NEBRASKA","31","EAST","60","BUTLER","023","","","00000000","","CORN","CORN, GRAIN - YIELD, MEASURED IN BU / ACRE","TOTAL","NOT SPECIFIED","174.7",""
"SURVEY","2013","YEAR","","COUNTY","NEBRASKA","31","EAST","60","CASS","025","","","00000000","","CORN","CORN, GRAIN - YIELD, MEASURED IN BU / ACRE","TOTAL","NOT SPECIFIED","150.3",""
"SURVEY","2013","YEAR","","COUNTY","NEBRASKA","31","EAST","60","COLFAX","037","","","00000000","","CORN","CORN, GRAIN - YIELD, MEASURED IN BU / ACRE","TOTAL","NOT SPECIFIED","183.1",""
"SURVEY","2013","YEAR","","COUNTY","NEBRASKA","31","EAST","60","DODGE","053","","","00000000","","CORN","CORN, GRAIN - YIELD, MEASURED IN BU / ACRE","TOTAL","NOT SPECIFIED","191.8",""
"SURVEY","2013","YEAR","","COUNTY","NEBRASKA","31","EAST","60","DOUGLAS","055","","","00000000","","CORN","CORN, GRAIN - YIELD, MEASURED IN BU / ACRE","TOTAL","NOT SPECIFIED","177.4",""
"SURVEY","2013","YEAR","","COUNTY","NEBRASKA","31","EAST","60","HAMILTON","081","","","00000000","","CORN","CORN, GRAIN - YIELD, MEASURED IN BU / ACRE","TOTAL","NOT SPECIFIED","201.2",""
"SURVEY","2013","YEAR","","COUNTY","NEBRASKA","31","EAST","60","LANCASTER","109","","","00000000","","CORN","CORN, GRAIN - YIELD, MEASURED IN BU / ACRE","TOTAL","NOT SPECIFIED","146",""
"SURVEY","2013","YEAR","","COUNTY","NEBRASKA","31","EAST","60","MERRICK","121","","","00000000","","CORN","CORN, GRAIN - YIELD, MEASURED IN BU / ACRE","TOTAL","NOT SPECIFIED","192.9",""
"SURVEY","2013","YEAR","","COUNTY","NEBRASKA","31","EAST","60","NANCE","125","","","00000000","","CORN","CORN, GRAIN - YIELD, MEASURED IN BU / ACRE","TOTAL","NOT SPECIFIED","171.2",""
"SURVEY","2013","YEAR","","COUNTY","NEBRASKA","31","EAST","60","PLATTE","141","","","00000000","","CORN","CORN, GRAIN - YIELD, MEASURED IN BU / ACRE","TOTAL","NOT SPECIFIED","196.8",""
"SURVEY","2013","YEAR","","COUNTY","NEBRASKA","31","EAST","60","POLK","143","","","00000000","","CORN","CORN, GRAIN - YIELD, MEASURED IN BU / ACRE","TOTAL","NOT SPECIFIED","183.4",""
"SURVEY","2013","YEAR","","COUNTY","NEBRASKA","31","EAST","60","SARPY","153","","","00000000","","CORN","CORN, GRAIN - YIELD, MEASURED IN BU / ACRE","TOTAL","NOT SPECIFIED","168.1",""
"SURVEY","2013","YEAR","","COUNTY","NEBRASKA","31","EAST","60","SAUNDERS","155","","","00000000","","CORN","CORN, GRAIN - YIELD, MEASURED IN BU / ACRE","TOTAL","NOT SPECIFIED","171.7",""
"SURVEY","2013","YEAR","","COUNTY","NEBRASKA","31","EAST","60","SEWARD","159","","","00000000","","CORN","CORN, GRAIN - YIELD, MEASURED IN BU / ACRE","TOTAL","NOT SPECIFIED","169.3",""
"SURVEY","2013","YEAR","","COUNTY","NEBRASKA","31","EAST","60","WASHINGTON","177","","","00000000","","CORN","CORN, GRAIN - YIELD, MEASURED IN BU / ACRE","TOTAL","NOT SPECIFIED","169.4",""
"SURVEY","2013","YEAR","","COUNTY","NEBRASKA","31","EAST","60","YORK","185","","","00000000","","CORN","CORN, GRAIN - YIELD, MEASURED IN BU / ACRE","TOTAL","NOT SPECIFIED","201.5",""
"SURVEY","2013","YEAR","","COUNTY","NEBRASKA","31","NORTH","20","BROWN","017","","","00000000","","CORN","CORN, GRAIN - YIELD, MEASURED IN BU / ACRE","TOTAL","NOT SPECIFIED","177.3",""
"SURVEY","2013","YEAR","","COUNTY","NEBRASKA","31","NORTH","20","CHERRY","031","","","00000000","","CORN","CORN, GRAIN - YIELD, MEASURED IN BU / ACRE","TOTAL","NOT SPECIFIED","172.3",""
"SURVEY","2013","YEAR","","COUNTY","NEBRASKA","31","NORTH","20","GARFIELD","071","","","00000000","","CORN","CORN, GRAIN - YIELD, MEASURED IN BU / ACRE","TOTAL","NOT SPECIFIED","167.5",""
"SURVEY","2013","YEAR","","COUNTY","NEBRASKA","31","NORTH","20","HOLT","089","","","00000000","","CORN","CORN, GRAIN - YIELD, MEASURED IN BU / ACRE","TOTAL","NOT SPECIFIED","190.6",""
"SURVEY","2013","YEAR","","COUNTY","NEBRASKA","31","NORTH","20","KEYA PAHA","103","","","00000000","","CORN","CORN, GRAIN - YIELD, MEASURED IN BU / ACRE","TOTAL","NOT SPECIFIED","177.3",""
"SURVEY","2013","YEAR","","COUNTY","NEBRASKA","31","NORTH","20","LOGAN","113","","","00000000","","CORN","CORN, GRAIN - YIELD, MEASURED IN BU / ACRE","TOTAL","NOT SPECIFIED","169.4",""
"SURVEY","2013","YEAR","","COUNTY","NEBRASKA","31","NORTH","20","OTHER (COMBINED) COUNTIES","","","","00000000","","CORN","CORN, GRAIN - YIELD, MEASURED IN BU / ACRE","TOTAL","NOT SPECIFIED","166.5",""
"SURVEY","2013","YEAR","","COUNTY","NEBRASKA","31","NORTHEAST","30","ANTELOPE","003","","","00000000","","CORN","CORN, GRAIN - YIELD, MEASURED IN BU / ACRE","TOTAL","NOT SPECIFIED","186.1",""
"SURVEY","2013","YEAR","","COUNTY","NEBRASKA","31","NORTHEAST","30","BOONE","011","","","00000000","","CORN","CORN, GRAIN - YIELD, MEASURED IN BU / ACRE","TOTAL","NOT SPECIFIED","181.5",""
"SURVEY","2013","YEAR","","COUNTY","NEBRASKA","31","NORTHEAST","30","BURT","021","","","00000000","","CORN","CORN, GRAIN - YIELD, MEASURED IN BU / ACRE","TOTAL","NOT SPECIFIED","190",""
"SURVEY","2013","YEAR","","COUNTY","NEBRASKA","31","NORTHEAST","30","CEDAR","027","","","00000000","","CORN","CORN, GRAIN - YIELD, MEASURED IN BU / ACRE","TOTAL","NOT SPECIFIED","183.3",""
"SURVEY","2013","YEAR","","COUNTY","NEBRASKA","31","NORTHEAST","30","CUMING","039","","","00000000","","CORN","CORN, GRAIN - YIELD, MEASURED IN BU / ACRE","TOTAL","NOT SPECIFIED","192.8",""
"SURVEY","2013","YEAR","","COUNTY","NEBRASKA","31","NORTHEAST","30","DAKOTA","043","","","00000000","","CORN","CORN, GRAIN - YIELD, MEASURED IN BU / ACRE","TOTAL","NOT SPECIFIED","188.4",""
"SURVEY","2013","YEAR","","COUNTY","NEBRASKA","31","NORTHEAST","30","DIXON","051","","","00000000","","CORN","CORN, GRAIN - YIELD, MEASURED IN BU / ACRE","TOTAL","NOT SPECIFIED","176.7",""
"SURVEY","2013","YEAR","","COUNTY","NEBRASKA","31","NORTHEAST","30","KNOX","107","","","00000000","","CORN","CORN, GRAIN - YIELD, MEASURED IN BU / ACRE","TOTAL","NOT SPECIFIED","168.2",""
"SURVEY","2013","YEAR","","COUNTY","NEBRASKA","31","NORTHEAST","30","MADISON","119","","","00000000","","CORN","CORN, GRAIN - YIELD, MEASURED IN BU / ACRE","TOTAL","NOT SPECIFIED","175.4",""
"SURVEY","2013","YEAR","","COUNTY","NEBRASKA","31","NORTHEAST","30","PIERCE","139","","","00000000","","CORN","CORN, GRAIN - YIELD, MEASURED IN BU / ACRE","TOTAL","NOT SPECIFIED","178.9",""
"SURVEY","2013","YEAR","","COUNTY","NEBRASKA","31","NORTHEAST","30","STANTON","167","","","00000000","","CORN","CORN, GRAIN - YIELD, MEASURED IN BU / ACRE","TOTAL","NOT SPECIFIED","183.1",""
"SURVEY","2013","YEAR","","COUNTY","NEBRASKA","31","NORTHEAST","30","THURSTON","173","","","00000000","","CORN","CORN, GRAIN - YIELD, MEASURED IN BU / ACRE","TOTAL","NOT SPECIFIED","185.5",""
"SURVEY","2013","YEAR","","COUNTY","NEBRASKA","31","NORTHEAST","30","WAYNE","179","","","00000000","","CORN","CORN, GRAIN - YIELD, MEASURED IN BU / ACRE","TOTAL","NOT SPECIFIED","186.4",""
"SURVEY","2013","YEAR","","COUNTY","NEBRASKA","31","NORTHWEST","10","BOX BUTTE","013","","","00000000","","CORN","CORN, GRAIN - YIELD, MEASURED IN BU / ACRE","TOTAL","NOT SPECIFIED","147",""
"SURVEY","2013","YEAR","","COUNTY","NEBRASKA","31","NORTHWEST","10","DAWES","045","","","00000000","","CORN","CORN, GRAIN - YIELD, MEASURED IN BU / ACRE","TOTAL","NOT SPECIFIED","74.9",""
"SURVEY","2013","YEAR","","COUNTY","NEBRASKA","31","NORTHWEST","10","DEUEL","049","","","00000000","","CORN","CORN, GRAIN - YIELD, MEASURED IN BU / ACRE","TOTAL","NOT SPECIFIED","104.8",""
"SURVEY","2013","YEAR","","COUNTY","NEBRASKA","31","NORTHWEST","10","GARDEN","069","","","00000000","","CORN","CORN, GRAIN - YIELD, MEASURED IN BU / ACRE","TOTAL","NOT SPECIFIED","116.3",""
"SURVEY","2013","YEAR","","COUNTY","NEBRASKA","31","NORTHWEST","10","KIMBALL","105","","","00000000","","CORN","CORN, GRAIN - YIELD, MEASURED IN BU / ACRE","TOTAL","NOT SPECIFIED","111.8",""
"SURVEY","2013","YEAR","","COUNTY","NEBRASKA","31","NORTHWEST","10","MORRILL","123","","","00000000","","CORN","CORN, GRAIN - YIELD, MEASURED IN BU / ACRE","TOTAL","NOT SPECIFIED","163.4",""
"SURVEY","2013","YEAR","","COUNTY","NEBRASKA","31","NORTHWEST","10","OTHER (COMBINED) COUNTIES","","","","00000000","","CORN","CORN, GRAIN - YIELD, MEASURED IN BU / ACRE","TOTAL","NOT SPECIFIED","107.5",""
"SURVEY","2013","YEAR","","COUNTY","NEBRASKA","31","NORTHWEST","10","SCOTTS BLUFF","157","","","00000000","","CORN","CORN, GRAIN - YIELD, MEASURED IN BU / ACRE","TOTAL","NOT SPECIFIED","153.5",""
"SURVEY","2013","YEAR","","COUNTY","NEBRASKA","31","NORTHWEST","10","SHERIDAN","161","","","00000000","","CORN","CORN, GRAIN - YIELD, MEASURED IN BU / ACRE","TOTAL","NOT SPECIFIED","136.5",""
"SURVEY","2013","YEAR","","COUNTY","NEBRASKA","31","NORTHWEST","10","SIOUX","165","","","00000000","","CORN","CORN, GRAIN - YIELD, MEASURED IN BU / ACRE","TOTAL","NOT SPECIFIED","171",""
"SURVEY","2013","YEAR","","COUNTY","NEBRASKA","31","SOUTH","80","ADAMS","001","","","00000000","","CORN","CORN, GRAIN - YIELD, MEASURED IN BU / ACRE","TOTAL","NOT SPECIFIED","184.5",""
"SURVEY","2013","YEAR","","COUNTY","NEBRASKA","31","SOUTH","80","FRANKLIN","061","","","00000000","","CORN","CORN, GRAIN - YIELD, MEASURED IN BU / ACRE","TOTAL","NOT SPECIFIED","153.9",""
"SURVEY","2013","YEAR","","COUNTY","NEBRASKA","31","SOUTH","80","FURNAS","065","","","00000000","","CORN","CORN, GRAIN - YIELD, MEASURED IN BU / ACRE","TOTAL","NOT SPECIFIED","69.4",""
"SURVEY","2013","YEAR","","COUNTY","NEBRASKA","31","SOUTH","80","GOSPER","073","","","00000000","","CORN","CORN, GRAIN - YIELD, MEASURED IN BU / ACRE","TOTAL","NOT SPECIFIED","166.7",""
"SURVEY","2013","YEAR","","COUNTY","NEBRASKA","31","SOUTH","80","HARLAN","083","","","00000000","","CORN","CORN, GRAIN - YIELD, MEASURED IN BU / ACRE","TOTAL","NOT SPECIFIED","133.6",""
"SURVEY","2013","YEAR","","COUNTY","NEBRASKA","31","SOUTH","80","KEARNEY","099","","","00000000","","CORN","CORN, GRAIN - YIELD, MEASURED IN BU / ACRE","TOTAL","NOT SPECIFIED","191.1",""
"SURVEY","2013","YEAR","","COUNTY","NEBRASKA","31","SOUTH","80","PHELPS","137","","","00000000","","CORN","CORN, GRAIN - YIELD, MEASURED IN BU / ACRE","TOTAL","NOT SPECIFIED","199.5",""
"SURVEY","2013","YEAR","","COUNTY","NEBRASKA","31","SOUTH","80","WEBSTER","181","","","00000000","","CORN","CORN, GRAIN - YIELD, MEASURED IN BU / ACRE","TOTAL","NOT SPECIFIED","135.7",""
"SURVEY","2013","YEAR","","COUNTY","NEBRASKA","31","SOUTHEAST","90","CLAY","035","","","00000000","","CORN","CORN, GRAIN - YIELD, MEASURED IN BU / ACRE","TOTAL","NOT SPECIFIED","151.2",""
"SURVEY","2013","YEAR","","COUNTY","NEBRASKA","31","SOUTHEAST","90","FILLMORE","059","","","00000000","","CORN","CORN, GRAIN - YIELD, MEASURED IN BU / ACRE","TOTAL","NOT SPECIFIED","187.3",""
"SURVEY","2013","YEAR","","COUNTY","NEBRASKA","31","SOUTHEAST","90","GAGE","067","","","00000000","","CORN","CORN, GRAIN - YIELD, MEASURED IN BU / ACRE","TOTAL","NOT SPECIFIED","150.6",""
"SURVEY","2013","YEAR","","COUNTY","NEBRASKA","31","SOUTHEAST","90","JEFFERSON","095","","","00000000","","CORN","CORN, GRAIN - YIELD, MEASURED IN BU / ACRE","TOTAL","NOT SPECIFIED","164.9",""
"SURVEY","2013","YEAR","","COUNTY","NEBRASKA","31","SOUTHEAST","90","JOHNSON","097","","","00000000","","CORN","CORN, GRAIN - YIELD, MEASURED IN BU / ACRE","TOTAL","NOT SPECIFIED","149.2",""
"SURVEY","2013","YEAR","","COUNTY","NEBRASKA","31","SOUTHEAST","90","NEMAHA","127","","","00000000","","CORN","CORN, GRAIN - YIELD, MEASURED IN BU / ACRE","TOTAL","NOT SPECIFIED","160.1",""
"SURVEY","2013","YEAR","","COUNTY","NEBRASKA","31","SOUTHEAST","90","NUCKOLLS","129","","","00000000","","CORN","CORN, GRAIN - YIELD, MEASURED IN BU / ACRE","TOTAL","NOT SPECIFIED","155.9",""
"SURVEY","2013","YEAR","","COUNTY","NEBRASKA","31","SOUTHEAST","90","OTOE","131","","","00000000","","CORN","CORN, GRAIN - YIELD, MEASURED IN BU / ACRE","TOTAL","NOT SPECIFIED","131.6",""
"SURVEY","2013","YEAR","","COUNTY","NEBRASKA","31","SOUTHEAST","90","PAWNEE","133","","","00000000","","CORN","CORN, GRAIN - YIELD, MEASURED IN BU / ACRE","TOTAL","NOT SPECIFIED","140.6",""
"SURVEY","2013","YEAR","","COUNTY","NEBRASKA","31","SOUTHEAST","90","RICHARDSON","147","","","00000000","","CORN","CORN, GRAIN - YIELD, MEASURED IN BU / ACRE","TOTAL","NOT SPECIFIED","162.3",""
"SURVEY","2013","YEAR","","COUNTY","NEBRASKA","31","SOUTHEAST","90","SALINE","151","","","00000000","","CORN","CORN, GRAIN - YIELD, MEASURED IN BU / ACRE","TOTAL","NOT SPECIFIED","163.7",""
"SURVEY","2013","YEAR","","COUNTY","NEBRASKA","31","SOUTHEAST","90","THAYER","169","","","00000000","","CORN","CORN, GRAIN - YIELD, MEASURED IN BU / ACRE","TOTAL","NOT SPECIFIED","176.8",""
"SURVEY","2013","YEAR","","COUNTY","NEBRASKA","31","SOUTHWEST","70","CHASE","029","","","00000000","","CORN","CORN, GRAIN - YIELD, MEASURED IN BU / ACRE","TOTAL","NOT SPECIFIED","169.3",""
"SURVEY","2013","YEAR","","COUNTY","NEBRASKA","31","SOUTHWEST","70","DUNDY","057","","","00000000","","CORN","CORN, GRAIN - YIELD, MEASURED IN BU / ACRE","TOTAL","NOT SPECIFIED","135",""
"SURVEY","2013","YEAR","","COUNTY","NEBRASKA","31","SOUTHWEST","70","FRONTIER","063","","","00000000","","CORN","CORN, GRAIN - YIELD, MEASURED IN BU / ACRE","TOTAL","NOT SPECIFIED","98.3",""
"SURVEY","2013","YEAR","","COUNTY","NEBRASKA","31","SOUTHWEST","70","HAYES","085","","","00000000","","CORN","CORN, GRAIN - YIELD, MEASURED IN BU / ACRE","TOTAL","NOT SPECIFIED","113.9",""
"SURVEY","2013","YEAR","","COUNTY","NEBRASKA","31","SOUTHWEST","70","HITCHCOCK","087","","","00000000","","CORN","CORN, GRAIN - YIELD, MEASURED IN BU / ACRE","TOTAL","NOT SPECIFIED","74.6",""
"SURVEY","2013","YEAR","","COUNTY","NEBRASKA","31","SOUTHWEST","70","KEITH","101","","","00000000","","CORN","CORN, GRAIN - YIELD, MEASURED IN BU / ACRE","TOTAL","NOT SPECIFIED","147.5",""
"SURVEY","2013","YEAR","","COUNTY","NEBRASKA","31","SOUTHWEST","70","LINCOLN","111","","","00000000","","CORN","CORN, GRAIN - YIELD, MEASURED IN BU / ACRE","TOTAL","NOT SPECIFIED","157.5",""
"SURVEY","2013","YEAR","","COUNTY","NEBRASKA","31","SOUTHWEST","70","PERKINS","135","","","00000000","","CORN","CORN, GRAIN - YIELD, MEASURED IN BU / ACRE","TOTAL","NOT SPECIFIED","114.1",""
"SURVEY","2013","YEAR","","COUNTY","NEBRASKA","31","SOUTHWEST","70","RED WILLOW","145","","","00000000","","CORN","CORN, GRAIN - YIELD, MEASURED IN BU / ACRE","TOTAL","NOT SPECIFIED","77",""
"SURVEY","2012","YEAR","","COUNTY","IOWA","19","CENTRAL","50","BOONE","015","","","00000000","","CORN","CORN, GRAIN - YIELD, MEASURED IN BU / ACRE","TOTAL","NOT SPECIFIED","147.1",""
"SURVEY","2012","YEAR","","COUNTY","IOWA","19","CENTRAL","50","DALLAS","049","","","00000000","","CORN","CORN, GRAIN - YIELD, MEASURED IN BU / ACRE","TOTAL","NOT SPECIFIED","129",""
"SURVEY","2012","YEAR","","COUNTY","IOWA","19","CENTRAL","50","GRUNDY","075","","","00000000","","CORN","CORN, GRAIN - YIELD, MEASURED IN BU / ACRE","TOTAL","NOT SPECIFIED","161.5",""
"SURVEY","2012","YEAR","","COUNTY","IOWA","19","CENTRAL","50","HAMILTON","079","","","00000000","","CORN","CORN, GRAIN - YIELD, MEASURED IN BU / ACRE","TOTAL","NOT SPECIFIED","138",""
"SURVEY","2012","YEAR","","COUNTY","IOWA","19","CENTRAL","50","HARDIN","083","","","00000000","","CORN","CORN, GRAIN - YIELD, MEASURED IN BU / ACRE","TOTAL","NOT SPECIFIED","163.6",""
"SURVEY","2012","YEAR","","COUNTY","IOWA","19","CENTRAL","50","JASPER","099","","","00000000","","CORN","CORN, GRAIN - YIELD, MEASURED IN BU / ACRE","TOTAL","NOT SPECIFIED","150.9",""
"SURVEY","2012","YEAR","","COUNTY","IOWA","19","CENTRAL","50","MARSHALL","127","","","00000000","","CORN","CORN, GRAIN - YIELD, MEASURED IN BU / ACRE","TOTAL","NOT SPECIFIED","157.6",""
"SURVEY","2012","YEAR","","COUNTY","IOWA","19","CENTRAL","50","POLK","153","","","00000000","","CORN","CORN, GRAIN - YIELD, MEASURED IN BU / ACRE","TOTAL","NOT SPECIFIED","149.1",""
"SURVEY","2012","YEAR","","COUNTY","IOWA","19","CENTRAL","50","POWESHIEK","157","","","00000000","","CORN","CORN, GRAIN - YIELD, MEASURED IN BU / ACRE","TOTAL","NOT SPECIFIED","152.3",""
"SURVEY","2012","YEAR","","COUNTY","IOWA","19","CENTRAL","50","STORY","169","","","00000000","","CORN","CORN, GRAIN - YIELD, MEASURED IN BU / ACRE","TOTAL","NOT SPECIFIED","157.6",""
"SURVEY","2012","YEAR","","COUNTY","IOWA","19","CENTRAL","50","TAMA","171","","","00000000","","CORN","CORN, GRAIN - YIELD, MEASURED IN BU / ACRE","TOTAL","NOT SPECIFIED","160.2",""
"SURVEY","2012","YEAR","","COUNTY","IOWA","19","CENTRAL","50","WEBSTER","187","","","00000000","","CORN","CORN, GRAIN - YIELD, MEASURED IN BU / ACRE","TOTAL","NOT SPECIFIED","149.2",""
"SURVEY","2012","YEAR","","COUNTY","IOWA","19","EAST CENTRAL","60","BENTON","011","","","00000000","","CORN","CORN, GRAIN - YIELD, MEASURED IN BU / ACRE","TOTAL","NOT SPECIFIED","129.3",""
"SURVEY","2012","YEAR","","COUNTY","IOWA","19","EAST CENTRAL","60","CEDAR","031","","","00000000","","CORN","CORN, GRAIN - YIELD, MEASURED IN BU / ACRE","TOTAL","NOT SPECIFIED","158.9",""
"SURVEY","2012","YEAR","","COUNTY","IOWA","19","EAST CENTRAL","60","CLINTON","045","","","00000000","","CORN","CORN, GRAIN - YIELD, MEASURED IN BU / ACRE","TOTAL","NOT SPECIFIED","139.6",""
"SURVEY","2012","YEAR","","COUNTY","IOWA","19","EAST CENTRAL","60","IOWA","095","","","00000000","","CORN","CORN, GRAIN - YIELD, MEASURED IN BU / ACRE","TOTAL","NOT SPECIFIED","135.7",""
"SURVEY","2012","YEAR","","COUNTY","IOWA","19","EAST CENTRAL","60","JACKSON","097","","","00000000","","CORN","CORN, GRAIN - YIELD, MEASURED IN BU / ACRE","TOTAL","NOT SPECIFIED","114.6",""
"SURVEY","2012","YEAR","","COUNTY","IOWA","19","EAST CENTRAL","60","JOHNSON","103","","","00000000","","CORN","CORN, GRAIN - YIELD, MEASURED IN BU / ACRE","TOTAL","NOT SPECIFIED","132.4",""
"SURVEY","2012","YEAR","","COUNTY","IOWA","19","EAST CENTRAL","60","JONES","105","","","00000000","","CORN","CORN, GRAIN - YIELD, MEASURED IN BU / ACRE","TOTAL","NOT SPECIFIED","127.3",""
"SURVEY","2012","YEAR","","COUNTY","IOWA","19","EAST CENTRAL","60","LINN","113","","","00000000","","CORN","CORN, GRAIN - YIELD, MEASURED IN BU / ACRE","TOTAL","NOT SPECIFIED","124.2",""
"SURVEY","2012","YEAR","","COUNTY","IOWA","19","EAST CENTRAL","60","MUSCATINE","139","","","00000000","","CORN","CORN, GRAIN - YIELD, MEASURED IN BU / ACRE","TOTAL","NOT SPECIFIED","152.6",""
"SURVEY","2012","YEAR","","COUNTY","IOWA","19","EAST CENTRAL","60","SCOTT","163","","","00000000","","CORN","CORN, GRAIN - YIELD, MEASURED IN BU / ACRE","TOTAL","NOT SPECIFIED","131.7",""
"SURVEY","2012","YEAR","","COUNTY","IOWA","19","NORTH CENTRAL","20","BUTLER","023","","","00000000","","CORN","CORN, GRAIN - YIELD, MEASURED IN BU / ACRE","TOTAL","NOT SPECIFIED","122",""
"SURVEY","2012","YEAR","","COUNTY","IOWA","19","NORTH CENTRAL","20","CERRO GORDO","033","","","00000000","","CORN","CORN, GRAIN - YIELD, MEASURED IN BU / ACRE","TOTAL","NOT SPECIFIED","124.8",""
"SURVEY","2012","YEAR","","COUNTY","IOWA","19","NORTH CENTRAL","20","FLOYD","067","","","00000000","","CORN","CORN, GRAIN - YIELD, MEASURED IN BU / ACRE","TOTAL","NOT SPECIFIED","123.2",""
"SURVEY","2012","YEAR","","COUNTY","IOWA","19","NORTH CENTRAL","20","FRANKLIN","069","","","00000000","","CORN","CORN, GRAIN - YIELD, MEASURED IN BU / ACRE","TOTAL","NOT SPECIFIED","150",""
"SURVEY","2012","YEAR","","COUNTY","IOWA","19","NORTH CENTRAL","20","HANCOCK","081","","","00000000","","CORN","CORN, GRAIN - YIELD, MEASURED IN BU / ACRE","TOTAL","NOT SPECIFIED","143.3",""
"SURVEY","2012","YEAR","","COUNTY","IOWA","19","NORTH CENTRAL","20","HUMBOLDT","091","","","00000000","","CORN","CORN, GRAIN - YIELD, MEASURED IN BU / ACRE","TOTAL","NOT SPECIFIED","146.1",""
"SURVEY","2012","YEAR","","COUNTY","IOWA","19","NORTH CENTRAL","20","KOSSUTH","109","","","00000000","","CORN","CORN, GRAIN - YIELD, MEASURED IN BU / ACRE","TOTAL","NOT SPECIFIED","164.6",""
"SURVEY","2012","YEAR","","COUNTY","IOWA","19","NORTH CENTRAL","20","MITCHELL","131","","","00000000","","CORN","CORN, GRAIN - YIELD, MEASURED IN BU / ACRE","TOTAL","NOT SPECIFIED","131.4",""
"SURVEY","2012","YEAR","","COUNTY","IOWA","19","NORTH CENTRAL","20","WINNEBAGO","189","","","00000000","","CORN","CORN, GRAIN - YIELD, MEASURED IN BU / ACRE","TOTAL","NOT SPECIFIED","161.1",""
"SURVEY","2012","YEAR","","COUNTY","IOWA","19","NORTH CENTRAL","20","WORTH","195","","","00000000","","CORN","CORN, GRAIN - YIELD, MEASURED IN BU / ACRE","TOTAL","NOT SPECIFIED","143.1",""
"SURVEY","2012","YEAR","","COUNTY","IOWA","19","NORTH CENTRAL","20","WRIGHT","197","","","00000000","","CORN","CORN, GRAIN - YIELD, MEASURED IN BU / ACRE","TOTAL","NOT SPECIFIED","153.7",""
"SURVEY","2012","YEAR","","COUNTY","IOWA","19","NORTHEAST","30","ALLAMAKEE","005","","","00000000","","CORN","CORN, GRAIN - YIELD, MEASURED IN BU / ACRE","TOTAL","NOT SPECIFIED","153.6",""
"SURVEY","2012","YEAR","","COUNTY","IOWA","19","NORTHEAST","30","BLACK HAWK","013","","","00000000","","CORN","CORN, GRAIN - YIELD, MEASURED IN BU / ACRE","TOTAL","NOT SPECIFIED","126.4",""
"SURVEY","2012","YEAR","","COUNTY","IOWA","19","NORTHEAST","30","BREMER","017","","","00000000","","CORN","CORN, GRAIN - YIELD, MEASURED IN BU / ACRE","TOTAL","NOT SPECIFIED","133.3",""
"SURVEY","2012","YEAR","","COUNTY","IOWA","19","NORTHEAST","30","BUCHANAN","019","","","00000000","","CORN","CORN, GRAIN - YIELD, MEASURED IN BU / ACRE","TOTAL","NOT SPECIFIED","140.4",""
"SURVEY","2012","YEAR","","COUNTY","IOWA","19","NORTHEAST","30","CHICKASAW","037","","","00000000","","CORN","CORN, GRAIN - YIELD, MEASURED IN BU / ACRE","TOTAL","NOT SPECIFIED","125.8",""
"SURVEY","2012","YEAR","","COUNTY","IOWA","19","NORTHEAST","30","CLAYTON","043","","","00000000","","CORN","CORN, GRAIN - YIELD, MEASURED IN BU / ACRE","TOTAL","NOT SPECIFIED","152.9",""
"SURVEY","2012","YEAR","","COUNTY","IOWA","19","NORTHEAST","30","DELAWARE","055","","","00000000","","CORN","CORN, GRAIN - YIELD, MEASURED IN BU / ACRE","TOTAL","NOT SPECIFIED","129.8",""
"SURVEY","2012","YEAR","","COUNTY","IOWA","19","NORTHEAST","30","DUBUQUE","061","","","00000000","","CORN","CORN, GRAIN - YIELD, MEASURED IN BU / ACRE","TOTAL","NOT SPECIFIED","149.4",""
"SURVEY","2012","YEAR","","COUNTY","IOWA","19","NORTHEAST","30","FAYETTE","065","","","00000000","","CORN","CORN, GRAIN - YIELD, MEASURED IN BU / ACRE","TOTAL","NOT SPECIFIED","151",""
"SURVEY","2012","YEAR","","COUNTY","IOWA","19","NORTHEAST","30","HOWARD","089","","","00000000","","CORN","CORN, GRAIN - YIELD, MEASURED IN BU / ACRE","TOTAL","NOT SPECIFIED","137.8",""
"SURVEY","2012","YEAR","","COUNTY","IOWA","19","NORTHEAST","30","WINNESHIEK","191","","","00000000","","CORN","CORN, GRAIN - YIELD, MEASURED IN BU / ACRE","TOTAL","NOT SPECIFIED","140.6",""
"SURVEY","2012","YEAR","","COUNTY","IOWA","19","NORTHWEST","10","BUENA VISTA","021","","","00000000","","CORN","CORN, GRAIN - YIELD, MEASURED IN BU / ACRE","TOTAL","NOT SPECIFIED","148.2",""
"SURVEY","2012","YEAR","","COUNTY","IOWA","19","NORTHWEST","10","CHEROKEE","035","","","00000000","","CORN","CORN, GRAIN - YIELD, MEASURED IN BU / ACRE","TOTAL","NOT SPECIFIED","158.7",""
"SURVEY","2012","YEAR","","COUNTY","IOWA","19","NORTHWEST","10","CLAY","041","","","00000000","","CORN","CORN, GRAIN - YIELD, MEASURED IN BU / ACRE","TOTAL","NOT SPECIFIED","170.1",""
"SURVEY","2012","YEAR","","COUNTY","IOWA","19","NORTHWEST","10","DICKINSON","059","","","00000000","","CORN","CORN, GRAIN - YIELD, MEASURED IN BU / ACRE","TOTAL","NOT SPECIFIED","160.9",""
"SURVEY","2012","YEAR","","COUNTY","IOWA","19","NORTHWEST","10","EMMET","063","","","00000000","","CORN","CORN, GRAIN - YIELD, MEASURED IN BU / ACRE","TOTAL","NOT SPECIFIED","166.6",""
"SURVEY","2012","YEAR","","COUNTY","IOWA","19","NORTHWEST","10","LYON","119","","","00000000","","CORN","CORN, GRAIN - YIELD, MEASURED IN BU / ACRE","TOTAL","NOT SPECIFIED","161.6",""
"SURVEY","2012","YEAR","","COUNTY","IOWA","19","NORTHWEST","10","O BRIEN","141","","","00000000","","CORN","CORN, GRAIN - YIELD, MEASURED IN BU / ACRE","TOTAL","NOT SPECIFIED","159.8",""
"SURVEY","2012","YEAR","","COUNTY","IOWA","19","NORTHWEST","10","OSCEOLA","143","","","00000000","","CORN","CORN, GRAIN - YIELD, MEASURED IN BU / ACRE","TOTAL","NOT SPECIFIED","169.6",""
"SURVEY","2012","YEAR","","COUNTY","IOWA","19","NORTHWEST","10","PALO ALTO","147","","","00000000","","CORN","CORN, GRAIN - YIELD, MEASURED IN BU / ACRE","TOTAL","NOT SPECIFIED","170.6",""
"SURVEY","2012","YEAR","","COUNTY","IOWA","19","NORTHWEST","10","PLYMOUTH","149","","","00000000","","CORN","CORN, GRAIN - YIELD, MEASURED IN BU / ACRE","TOTAL","NOT SPECIFIED","110.1",""
"SURVEY","2012","YEAR","","COUNTY","IOWA","19","NORTHWEST","10","POCAHONTAS","151","","","00000000","","CORN","CORN, GRAIN - YIELD, MEASURED IN BU / ACRE","TOTAL","NOT SPECIFIED","165.3",""
"SURVEY","2012","YEAR","","COUNTY","IOWA","19","NORTHWEST","10","SIOUX","167","","","00000000","","CORN","CORN, GRAIN - YIELD, MEASURED IN BU / ACRE","TOTAL","NOT SPECIFIED","143.2",""
"SURVEY","2012","YEAR","","COUNTY","IOWA","19","SOUTH CENTRAL","80","APPANOOSE","007","","","00000000","","CORN","CORN, GRAIN - YIELD, MEASURED IN BU / ACRE","TOTAL","NOT SPECIFIED","44.5",""
"SURVEY","2012","YEAR","","COUNTY","IOWA","19","SOUTH CENTRAL","80","CLARKE","039","","","00000000","","CORN","CORN, GRAIN - YIELD, MEASURED IN BU / ACRE","TOTAL","NOT SPECIFIED","76.7",""
"SURVEY","2012","YEAR","","COUNTY","IOWA","19","SOUTH CENTRAL","80","DECATUR","053","","","00000000","","CORN","CORN, GRAIN - YIELD, MEASURED IN BU / ACRE","TOTAL","NOT SPECIFIED","61.2",""
"SURVEY","2012","YEAR","","COUNTY","IOWA","19","SOUTH CENTRAL","80","LUCAS","117","","","00000000","","CORN","CORN, GRAIN - YIELD, MEASURED IN BU / ACRE","TOTAL","NOT SPECIFIED","85.3",""
"SURVEY","2012","YEAR","","COUNTY","IOWA","19","SOUTH CENTRAL","80","MADISON","121","","","00000000","","CORN","CORN, GRAIN - YIELD, MEASURED IN BU / ACRE","TOTAL","NOT SPECIFIED","101.4",""
"SURVEY","2012","YEAR","","COUNTY","IOWA","19","SOUTH CENTRAL","80","MARION","125","","","00000000","","CORN","CORN, GRAIN - YIELD, MEASURED IN BU / ACRE","TOTAL","NOT SPECIFIED","115.1",""
"SURVEY","2012","YEAR","","COUNTY","IOWA","19","SOUTH CENTRAL","80","MONROE","135","","","00000000","","CORN","CORN, GRAIN - YIELD, MEASURED IN BU / ACRE","TOTAL","NOT SPECIFIED","67.3",""
"SURVEY","2012","YEAR","","COUNTY","IOWA","19","SOUTH CENTRAL","80","RINGGOLD","159","","","00000000","","CORN","CORN, GRAIN - YIELD, MEASURED IN BU / ACRE","TOTAL","NOT SPECIFIED","71.6",""
"SURVEY","2012","YEAR","","COUNTY","IOWA","19","SOUTH CENTRAL","80","UNION","175","","","00000000","","CORN","CORN, GRAIN - YIELD, MEASURED IN BU / ACRE","TOTAL","NOT SPECIFIED","87.3",""
"SURVEY","2012","YEAR","","COUNTY","IOWA","19","SOUTH CENTRAL","80","WARREN","181","","","00000000","","CORN","CORN, GRAIN - YIELD, MEASURED IN BU / ACRE","TOTAL","NOT SPECIFIED","103.5",""
"SURVEY","2012","YEAR","","COUNTY","IOWA","19","SOUTH CENTRAL","80","WAYNE","185","","","00000000","","CORN","CORN, GRAIN - YIELD, MEASURED IN BU / ACRE","TOTAL","NOT SPECIFIED","55.7",""
"SURVEY","2012","YEAR","","COUNTY","IOWA","19","SOUTHEAST","90","DAVIS","051","","","00000000","","CORN","CORN, GRAIN - YIELD, MEASURED IN BU / ACRE","TOTAL","NOT SPECIFIED","52.4",""
"SURVEY","2012","YEAR","","COUNTY","IOWA","19","SOUTHEAST","90","DES MOINES","057","","","00000000","","CORN","CORN, GRAIN - YIELD, MEASURED IN BU / ACRE","TOTAL","NOT SPECIFIED","143.7",""
"SURVEY","2012","YEAR","","COUNTY","IOWA","19","SOUTHEAST","90","HENRY","087","","","00000000","","CORN","CORN, GRAIN - YIELD, MEASURED IN BU / ACRE","TOTAL","NOT SPECIFIED","132",""
"SURVEY","2012","YEAR","","COUNTY","IOWA","19","SOUTHEAST","90","JEFFERSON","101","","","00000000","","CORN","CORN, GRAIN - YIELD, MEASURED IN BU / ACRE","TOTAL","NOT SPECIFIED","102.8",""
"SURVEY","2012","YEAR","","COUNTY","IOWA","19","SOUTHEAST","90","KEOKUK","107","","","00000000","","CORN","CORN, GRAIN - YIELD, MEASURED IN BU / ACRE","TOTAL","NOT SPECIFIED","113",""
"SURVEY","2012","YEAR","","COUNTY","IOWA","19","SOUTHEAST","90","LEE","111","","","00000000","","CORN","CORN, GRAIN - YIELD, MEASURED IN BU / ACRE","TOTAL","NOT SPECIFIED","116",""
"SURVEY","2012","YEAR","","COUNTY","IOWA","19","SOUTHEAST","90","LOUISA","115","","","00000000","","CORN","CORN, GRAIN - YIELD, MEASURED IN BU / ACRE","TOTAL","NOT SPECIFIED","162.9",""
"SURVEY","2012","YEAR","","COUNTY","IOWA","19","SOUTHEAST","90","MAHASKA","123","","","00000000","","CORN","CORN, GRAIN - YIELD, MEASURED IN BU / ACRE","TOTAL","NOT SPECIFIED","133",""
"SURVEY","2012","YEAR","","COUNTY","IOWA","19","SOUTHEAST","90","VAN BUREN","177","","","00000000","","CORN","CORN, GRAIN - YIELD, MEASURED IN BU / ACRE","TOTAL","NOT SPECIFIED","110.3",""
"SURVEY","2012","YEAR","","COUNTY","IOWA","19","SOUTHEAST","90","WAPELLO","179","","","00000000","","CORN","CORN, GRAIN - YIELD, MEASURED IN BU / ACRE","TOTAL","NOT SPECIFIED","92.6",""
"SURVEY","2012","YEAR","","COUNTY","IOWA","19","SOUTHEAST","90","WASHINGTON","183","","","00000000","","CORN","CORN, GRAIN - YIELD, MEASURED IN BU / ACRE","TOTAL","NOT SPECIFIED","132.1",""
"SURVEY","2012","YEAR","","COUNTY","IOWA","19","SOUTHWEST","70","ADAIR","001","","","00000000","","CORN","CORN, GRAIN - YIELD, MEASURED IN BU / ACRE","TOTAL","NOT SPECIFIED","104.4",""
"SURVEY","2012","YEAR","","COUNTY","IOWA","19","SOUTHWEST","70","ADAMS","003","","","00000000","","CORN","CORN, GRAIN - YIELD, MEASURED IN BU / ACRE","TOTAL","NOT SPECIFIED","109.8",""
"SURVEY","2012","YEAR","","COUNTY","IOWA","19","SOUTHWEST","70","CASS","029","","","00000000","","CORN","CORN, GRAIN - YIELD, MEASURED IN BU / ACRE","TOTAL","NOT SPECIFIED","120.4",""
"SURVEY","2012","YEAR","","COUNTY","IOWA","19","SOUTHWEST","70","FREMONT","071","","","00000000","","CORN","CORN, GRAIN - YIELD, MEASURED IN BU / ACRE","TOTAL","NOT SPECIFIED","131.2",""
"SURVEY","2012","YEAR","","COUNTY","IOWA","19","SOUTHWEST","70","MILLS","129","","","00000000","","CORN","CORN, GRAIN - YIELD, MEASURED IN BU / ACRE","TOTAL","NOT SPECIFIED","128.8",""
"SURVEY","2012","YEAR","","COUNTY","IOWA","19","SOUTHWEST","70","MONTGOMERY","137","","","00000000","","CORN","CORN, GRAIN - YIELD, MEASURED IN BU / ACRE","TOTAL","NOT SPECIFIED","132",""
"SURVEY","2012","YEAR","","COUNTY","IOWA","19","SOUTHWEST","70","PAGE","145","","","00000000","","CORN","CORN, GRAIN - YIELD, MEASURED IN BU / ACRE","TOTAL","NOT SPECIFIED","116.2",""
"SURVEY","2012","YEAR","","COUNTY","IOWA","19","SOUTHWEST","70","POTTAWATTAMIE","155","","","00000000","","CORN","CORN, GRAIN - YIELD, MEASURED IN BU / ACRE","TOTAL","NOT SPECIFIED","131.9",""
"SURVEY","2012","YEAR","","COUNTY","IOWA","19","SOUTHWEST","70","TAYLOR","173","","","00000000","","CORN","CORN, GRAIN - YIELD, MEASURED IN BU / ACRE","TOTAL","NOT SPECIFIED","91.7",""
"SURVEY","2012","YEAR","","COUNTY","IOWA","19","WEST CENTRAL","40","AUDUBON","009","","","00000000","","CORN","CORN, GRAIN - YIELD, MEASURED IN BU / ACRE","TOTAL","NOT SPECIFIED","114.8",""
"SURVEY","2012","YEAR","","COUNTY","IOWA","19","WEST CENTRAL","40","CALHOUN","025","","","00000000","","CORN","CORN, GRAIN - YIELD, MEASURED IN BU / ACRE","TOTAL","NOT SPECIFIED","134.8",""
"SURVEY","2012","YEAR","","COUNTY","IOWA","19","WEST CENTRAL","40","CARROLL","027","","","00000000","","CORN","CORN, GRAIN - YIELD, MEASURED IN BU / ACRE","TOTAL","NOT SPECIFIED","105.3",""
"SURVEY","2012","YEAR","","COUNTY","IOWA","19","WEST CENTRAL","40","CRAWFORD","047","","","00000000","","CORN","CORN, GRAIN - YIELD, MEASURED IN BU / ACRE","TOTAL","NOT SPECIFIED","131.3",""
"SURVEY","2012","YEAR","","COUNTY","IOWA","19","WEST CENTRAL","40","GREENE","073","","","00000000","","CORN","CORN, GRAIN - YIELD, MEASURED IN BU / ACRE","TOTAL","NOT SPECIFIED","124.6",""
"SURVEY","2012","YEAR","","COUNTY","IOWA","19","WEST CENTRAL","40","GUTHRIE","077","","","00000000","","CORN","CORN, GRAIN - YIELD, MEASURED IN BU / ACRE","TOTAL","NOT SPECIFIED","113.4",""
"SURVEY","2012","YEAR","","COUNTY","IOWA","19","WEST CENTRAL","40","HARRISON","085","","","00000000","","CORN","CORN, GRAIN - YIELD, MEASURED IN BU / ACRE","TOTAL","NOT SPECIFIED","130.9",""
"SURVEY","2012","YEAR","","COUNTY","IOWA","19","WEST CENTRAL","40","IDA","093","","","00000000","","CORN","CORN, GRAIN - YIELD, MEASURED IN BU / ACRE","TOTAL","NOT SPECIFIED","151.4",""
"SURVEY","2012","YEAR","","COUNTY","IOWA","19","WEST CENTRAL","40","MONONA","133","","","00000000","","CORN","CORN, GRAIN - YIELD, MEASURED IN BU / ACRE","TOTAL","NOT SPECIFIED","115.1",""
"SURVEY","2012","YEAR","","COUNTY","IOWA","19","WEST CENTRAL","40","SAC","161","","","00000000","","CORN","CORN, GRAIN - YIELD, MEASURED IN BU / ACRE","TOTAL","NOT SPECIFIED","130.7",""
"SURVEY","2012","YEAR","","COUNTY","IOWA","19","WEST CENTRAL","40","SHELBY","165","","","00000000","","CORN","CORN, GRAIN - YIELD, MEASURED IN BU / ACRE","TOTAL","NOT SPECIFIED","137.8",""
"SURVEY","2012","YEAR","","COUNTY","IOWA","19","WEST CENTRAL","40","WOODBURY","193","","","00000000","","CORN","CORN, GRAIN - YIELD, MEASURED IN BU / ACRE","TOTAL","NOT SPECIFIED","134.8",""
"SURVEY","2012","YEAR","","COUNTY","NEBRASKA","31","CENTRAL","50","BUFFALO","019","","","00000000","","CORN","CORN, GRAIN - YIELD, MEASURED IN BU / ACRE","TOTAL","NOT SPECIFIED","190.6",""
"SURVEY","2012","YEAR","","COUNTY","NEBRASKA","31","CENTRAL","50","CUSTER","041","","","00000000","","CORN","CORN, GRAIN - YIELD, MEASURED IN BU / ACRE","TOTAL","NOT SPECIFIED","165.3",""
"SURVEY","2012","YEAR","","COUNTY","NEBRASKA","31","CENTRAL","50","DAWSON","047","","","00000000","","CORN","CORN, GRAIN - YIELD, MEASURED IN BU / ACRE","TOTAL","NOT SPECIFIED","186.3",""
"SURVEY","2012","YEAR","","COUNTY","NEBRASKA","31","CENTRAL","50","GREELEY","077","","","00000000","","CORN","CORN, GRAIN - YIELD, MEASURED IN BU / ACRE","TOTAL","NOT SPECIFIED","161.6",""
"SURVEY","2012","YEAR","","COUNTY","NEBRASKA","31","CENTRAL","50","HALL","079","","","00000000","","CORN","CORN, GRAIN - YIELD, MEASURED IN BU / ACRE","TOTAL","NOT SPECIFIED","184.9",""
"SURVEY","2012","YEAR","","COUNTY","NEBRASKA","31","CENTRAL","50","HOWARD","093","","","00000000","","CORN","CORN, GRAIN - YIELD, MEASURED IN BU / ACRE","TOTAL","NOT SPECIFIED","149.6",""
"SURVEY","2012","YEAR","","COUNTY","NEBRASKA","31","CENTRAL","50","SHERMAN","163","","","00000000","","CORN","CORN, GRAIN - YIELD, MEASURED IN BU / ACRE","TOTAL","NOT SPECIFIED","154.8",""
"SURVEY","2012","YEAR","","COUNTY","NEBRASKA","31","CENTRAL","50","VALLEY","175","","","00000000","","CORN","CORN, GRAIN - YIELD, MEASURED IN BU / ACRE","TOTAL","NOT SPECIFIED","162.3",""
"SURVEY","2012","YEAR","","COUNTY","NEBRASKA","31","EAST","60","BUTLER","023","","","00000000","","CORN","CORN, GRAIN - YIELD, MEASURED IN BU / ACRE","TOTAL","NOT SPECIFIED","141.2",""
"SURVEY","2012","YEAR","","COUNTY","NEBRASKA","31","EAST","60","CASS","025","","","00000000","","CORN","CORN, GRAIN - YIELD, MEASURED IN BU / ACRE","TOTAL","NOT SPECIFIED","84.3",""
"SURVEY","2012","YEAR","","COUNTY","NEBRASKA","31","EAST","60","COLFAX","037","","","00000000","","CORN","CORN, GRAIN - YIELD, MEASURED IN BU / ACRE","TOTAL","NOT SPECIFIED","109.6",""
"SURVEY","2012","YEAR","","COUNTY","NEBRASKA","31","EAST","60","DODGE","053","","","00000000","","CORN","CORN, GRAIN - YIELD, MEASURED IN BU / ACRE","TOTAL","NOT SPECIFIED","142.9",""
"SURVEY","2012","YEAR","","COUNTY","NEBRASKA","31","EAST","60","DOUGLAS","055","","","00000000","","CORN","CORN, GRAIN - YIELD, MEASURED IN BU / ACRE","TOTAL","NOT SPECIFIED","122.4",""
"SURVEY","2012","YEAR","","COUNTY","NEBRASKA","31","EAST","60","HAMILTON","081","","","00000000","","CORN","CORN, GRAIN - YIELD, MEASURED IN BU / ACRE","TOTAL","NOT SPECIFIED","196",""
"SURVEY","2012","YEAR","","COUNTY","NEBRASKA","31","EAST","60","LANCASTER","109","","","00000000","","CORN","CORN, GRAIN - YIELD, MEASURED IN BU / ACRE","TOTAL","NOT SPECIFIED","81.3",""
"SURVEY","2012","YEAR","","COUNTY","NEBRASKA","31","EAST","60","MERRICK","121","","","00000000","","CORN","CORN, GRAIN - YIELD, MEASURED IN BU / ACRE","TOTAL","NOT SPECIFIED","158.2",""
"SURVEY","2012","YEAR","","COUNTY","NEBRASKA","31","EAST","60","NANCE","125","","","00000000","","CORN","CORN, GRAIN - YIELD, MEASURED IN BU / ACRE","TOTAL","NOT SPECIFIED","128",""
"SURVEY","2012","YEAR","","COUNTY","NEBRASKA","31","EAST","60","PLATTE","141","","","00000000","","CORN","CORN, GRAIN - YIELD, MEASURED IN BU / ACRE","TOTAL","NOT SPECIFIED","154.3",""
"SURVEY","2012","YEAR","","COUNTY","NEBRASKA","31","EAST","60","POLK","143","","","00000000","","CORN","CORN, GRAIN - YIELD, MEASURED IN BU / ACRE","TOTAL","NOT SPECIFIED","160.4",""
"SURVEY","2012","YEAR","","COUNTY","NEBRASKA","31","EAST","60","SARPY","153","","","00000000","","CORN","CORN, GRAIN - YIELD, MEASURED IN BU / ACRE","TOTAL","NOT SPECIFIED","110.1",""
"SURVEY","2012","YEAR","","COUNTY","NEBRASKA","31","EAST","60","SAUNDERS","155","","","00000000","","CORN","CORN, GRAIN - YIELD, MEASURED IN BU / ACRE","TOTAL","NOT SPECIFIED","118.1",""
"SURVEY","2012","YEAR","","COUNTY","NEBRASKA","31","EAST","60","SEWARD","159","","","00000000","","CORN","CORN, GRAIN - YIELD, MEASURED IN BU / ACRE","TOTAL","NOT SPECIFIED","147.6",""
"SURVEY","2012","YEAR","","COUNTY","NEBRASKA","31","EAST","60","WASHINGTON","177","","","00000000","","CORN","CORN, GRAIN - YIELD, MEASURED IN BU / ACRE","TOTAL","NOT SPECIFIED","99.3",""
"SURVEY","2012","YEAR","","COUNTY","NEBRASKA","31","EAST","60","YORK","185","","","00000000","","CORN","CORN, GRAIN - YIELD, MEASURED IN BU / ACRE","TOTAL","NOT SPECIFIED","193.2",""
"SURVEY","2012","YEAR","","COUNTY","NEBRASKA","31","NORTH","20","BOYD","015","","","00000000","","CORN","CORN, GRAIN - YIELD, MEASURED IN BU / ACRE","TOTAL","NOT SPECIFIED","72.2",""
"SURVEY","2012","YEAR","","COUNTY","NEBRASKA","31","NORTH","20","BROWN","017","","","00000000","","CORN","CORN, GRAIN - YIELD, MEASURED IN BU / ACRE","TOTAL","NOT SPECIFIED","162.8",""
"SURVEY","2012","YEAR","","COUNTY","NEBRASKA","31","NORTH","20","CHERRY","031","","","00000000","","CORN","CORN, GRAIN - YIELD, MEASURED IN BU / ACRE","TOTAL","NOT SPECIFIED","177.8",""
"SURVEY","2012","YEAR","","COUNTY","NEBRASKA","31","NORTH","20","GARFIELD","071","","","00000000","","CORN","CORN, GRAIN - YIELD, MEASURED IN BU / ACRE","TOTAL","NOT SPECIFIED","161.1",""
"SURVEY","2012","YEAR","","COUNTY","NEBRASKA","31","NORTH","20","HOLT","089","","","00000000","","CORN","CORN, GRAIN - YIELD, MEASURED IN BU / ACRE","TOTAL","NOT SPECIFIED","186.5",""
"SURVEY","2012","YEAR","","COUNTY","NEBRASKA","31","NORTH","20","KEYA PAHA","103","","","00000000","","CORN","CORN, GRAIN - YIELD, MEASURED IN BU / ACRE","TOTAL","NOT SPECIFIED","183.9",""
"SURVEY","2012","YEAR","","COUNTY","NEBRASKA","31","NORTH","20","LOGAN","113","","","00000000","","CORN","CORN, GRAIN - YIELD, MEASURED IN BU / ACRE","TOTAL","NOT SPECIFIED","171.1",""
"SURVEY","2012","YEAR","","COUNTY","NEBRASKA","31","NORTH","20","LOUP","115","","","00000000","","CORN","CORN, GRAIN - YIELD, MEASURED IN BU / ACRE","TOTAL","NOT SPECIFIED","141.6",""
"SURVEY","2012","YEAR","","COUNTY","NEBRASKA","31","NORTH","20","OTHER (COMBINED) COUNTIES","","","","00000000","","CORN","CORN, GRAIN - YIELD, MEASURED IN BU / ACRE","TOTAL","NOT SPECIFIED","160",""
"SURVEY","2012","YEAR","","COUNTY","NEBRASKA","31","NORTHEAST","30","ANTELOPE","003","","","00000000","","CORN","CORN, GRAIN - YIELD, MEASURED IN BU / ACRE","TOTAL","NOT SPECIFIED","174.9",""
"SURVEY","2012","YEAR","","COUNTY","NEBRASKA","31","NORTHEAST","30","BOONE","011","","","00000000","","CORN","CORN, GRAIN - YIELD, MEASURED IN BU / ACRE","TOTAL","NOT SPECIFIED","141.8",""
"SURVEY","2012","YEAR","","COUNTY","NEBRASKA","31","NORTHEAST","30","BURT","021","","","00000000","","CORN","CORN, GRAIN - YIELD, MEASURED IN BU / ACRE","TOTAL","NOT SPECIFIED","125.7",""
"SURVEY","2012","YEAR","","COUNTY","NEBRASKA","31","NORTHEAST","30","CEDAR","027","","","00000000","","CORN","CORN, GRAIN - YIELD, MEASURED IN BU / ACRE","TOTAL","NOT SPECIFIED","99.1",""
"SURVEY","2012","YEAR","","COUNTY","NEBRASKA","31","NORTHEAST","30","CUMING","039","","","00000000","","CORN","CORN, GRAIN - YIELD, MEASURED IN BU / ACRE","TOTAL","NOT SPECIFIED","95.7",""
"SURVEY","2012","YEAR","","COUNTY","NEBRASKA","31","NORTHEAST","30","DAKOTA","043","","","00000000","","CORN","CORN, GRAIN - YIELD, MEASURED IN BU / ACRE","TOTAL","NOT SPECIFIED","91.7",""
"SURVEY","2012","YEAR","","COUNTY","NEBRASKA","31","NORTHEAST","30","DIXON","051","","","00000000","","CORN","CORN, GRAIN - YIELD, MEASURED IN BU / ACRE","TOTAL","NOT SPECIFIED","77.4",""
"SURVEY","2012","YEAR","","COUNTY","NEBRASKA","31","NORTHEAST","30","KNOX","107","","","00000000","","CORN","CORN, GRAIN - YIELD, MEASURED IN BU / ACRE","TOTAL","NOT SPECIFIED","96.8",""
"SURVEY","2012","YEAR","","COUNTY","NEBRASKA","31","NORTHEAST","30","MADISON","119","","","00000000","","CORN","CORN, GRAIN - YIELD, MEASURED IN BU / ACRE","TOTAL","NOT SPECIFIED","112.6",""
"SURVEY","2012","YEAR","","COUNTY","NEBRASKA","31","NORTHEAST","30","PIERCE","139","","","00000000","","CORN","CORN, GRAIN - YIELD, MEASURED IN BU / ACRE","TOTAL","NOT SPECIFIED","139.8",""
"SURVEY","2012","YEAR","","COUNTY","NEBRASKA","31","NORTHEAST","30","STANTON","167","","","00000000","","CORN","CORN, GRAIN - YIELD, MEASURED IN BU / ACRE","TOTAL","NOT SPECIFIED","69",""
"SURVEY","2012","YEAR","","COUNTY","NEBRASKA","31","NORTHEAST","30","THURSTON","173","","","00000000","","CORN","CORN, GRAIN - YIELD, MEASURED IN BU / ACRE","TOTAL","NOT SPECIFIED","81.1",""
"SURVEY","2012","YEAR","","COUNTY","NEBRASKA","31","NORTHEAST","30","WAYNE","179","","","00000000","","CORN","CORN, GRAIN - YIELD, MEASURED IN BU / ACRE","TOTAL","NOT SPECIFIED","76.9",""
"SURVEY","2012","YEAR","","COUNTY","NEBRASKA","31","NORTHWEST","10","BANNER","007","","","00000000","","CORN","CORN, GRAIN - YIELD, MEASURED IN BU / ACRE","TOTAL","NOT SPECIFIED","75.1",""
"SURVEY","2012","YEAR","","COUNTY","NEBRASKA","31","NORTHWEST","10","BOX BUTTE","013","","","00000000","","CORN","CORN, GRAIN - YIELD, MEASURED IN BU / ACRE","TOTAL","NOT SPECIFIED","141.7",""
"SURVEY","2012","YEAR","","COUNTY","NEBRASKA","31","NORTHWEST","10","CHEYENNE","033","","","00000000","","CORN","CORN, GRAIN - YIELD, MEASURED IN BU / ACRE","TOTAL","NOT SPECIFIED","94.8",""
"SURVEY","2012","YEAR","","COUNTY","NEBRASKA","31","NORTHWEST","10","DAWES","045","","","00000000","","CORN","CORN, GRAIN - YIELD, MEASURED IN BU / ACRE","TOTAL","NOT SPECIFIED","134.9",""
"SURVEY","2012","YEAR","","COUNTY","NEBRASKA","31","NORTHWEST","10","DEUEL","049","","","00000000","","CORN","CORN, GRAIN - YIELD, MEASURED IN BU / ACRE","TOTAL","NOT SPECIFIED","103.8",""
"SURVEY","2012","YEAR","","COUNTY","NEBRASKA","31","NORTHWEST","10","GARDEN","069","","","00000000","","CORN","CORN, GRAIN - YIELD, MEASURED IN BU / ACRE","TOTAL","NOT SPECIFIED","120.1",""
"SURVEY","2012","YEAR","","COUNTY","NEBRASKA","31","NORTHWEST","10","KIMBALL","105","","","00000000","","CORN","CORN, GRAIN - YIELD, MEASURED IN BU / ACRE","TOTAL","NOT SPECIFIED","108.2",""
"SURVEY","2012","YEAR","","COUNTY","NEBRASKA","31","NORTHWEST","10","MORRILL","123","","","00000000","","CORN","CORN, GRAIN - YIELD, MEASURED IN BU / ACRE","TOTAL","NOT SPECIFIED","151.4",""
"SURVEY","2012","YEAR","","COUNTY","NEBRASKA","31","NORTHWEST","10","SCOTTS BLUFF","157","","","00000000","","CORN","CORN, GRAIN - YIELD, MEASURED IN BU / ACRE","TOTAL","NOT SPECIFIED","149",""
"SURVEY","2012","YEAR","","COUNTY","NEBRASKA","31","NORTHWEST","10","SHERIDAN","161","","","00000000","","CORN","CORN, GRAIN - YIELD, MEASURED IN BU / ACRE","TOTAL","NOT SPECIFIED","159.8",""
"SURVEY","2012","YEAR","","COUNTY","NEBRASKA","31","NORTHWEST","10","SIOUX","165","","","00000000","","CORN","CORN, GRAIN - YIELD, MEASURED IN BU / ACRE","TOTAL","NOT SPECIFIED","168.7",""
"SURVEY","2012","YEAR","","COUNTY","NEBRASKA","31","SOUTH","80","ADAMS","001","","","00000000","","CORN","CORN, GRAIN - YIELD, MEASURED IN BU / ACRE","TOTAL","NOT SPECIFIED","185.8",""
"SURVEY","2012","YEAR","","COUNTY","NEBRASKA","31","SOUTH","80","FRANKLIN","061","","","00000000","","CORN","CORN, GRAIN - YIELD, MEASURED IN BU / ACRE","TOTAL","NOT SPECIFIED","171.1",""
"SURVEY","2012","YEAR","","COUNTY","NEBRASKA","31","SOUTH","80","FURNAS","065","","","00000000","","CORN","CORN, GRAIN - YIELD, MEASURED IN BU / ACRE","TOTAL","NOT SPECIFIED","81.2",""
"SURVEY","2012","YEAR","","COUNTY","NEBRASKA","31","SOUTH","80","GOSPER","073","","","00000000","","CORN","CORN, GRAIN - YIELD, MEASURED IN BU / ACRE","TOTAL","NOT SPECIFIED","156.6",""
"SURVEY","2012","YEAR","","COUNTY","NEBRASKA","31","SOUTH","80","HARLAN","083","","","00000000","","CORN","CORN, GRAIN - YIELD, MEASURED IN BU / ACRE","TOTAL","NOT SPECIFIED","144.3",""
"SURVEY","2012","YEAR","","COUNTY","NEBRASKA","31","SOUTH","80","KEARNEY","099","","","00000000","","CORN","CORN, GRAIN - YIELD, MEASURED IN BU / ACRE","TOTAL","NOT SPECIFIED","201",""
"SURVEY","2012","YEAR","","COUNTY","NEBRASKA","31","SOUTH","80","PHELPS","137","","","00000000","","CORN","CORN, GRAIN - YIELD, MEASURED IN BU / ACRE","TOTAL","NOT SPECIFIED","206.6",""
"SURVEY","2012","YEAR","","COUNTY","NEBRASKA","31","SOUTH","80","WEBSTER","181","","","00000000","","CORN","CORN, GRAIN - YIELD, MEASURED IN BU / ACRE","TOTAL","NOT SPECIFIED","127.7",""
"SURVEY","2012","YEAR","","COUNTY","NEBRASKA","31","SOUTHEAST","90","CLAY","035","","","00000000","","CORN","CORN, GRAIN - YIELD, MEASURED IN BU / ACRE","TOTAL","NOT SPECIFIED","165.9",""
"SURVEY","2012","YEAR","","COUNTY","NEBRASKA","31","SOUTHEAST","90","FILLMORE","059","","","00000000","","CORN","CORN, GRAIN - YIELD, MEASURED IN BU / ACRE","TOTAL","NOT SPECIFIED","174.7",""
"SURVEY","2012","YEAR","","COUNTY","NEBRASKA","31","SOUTHEAST","90","GAGE","067","","","00000000","","CORN","CORN, GRAIN - YIELD, MEASURED IN BU / ACRE","TOTAL","NOT SPECIFIED","89.7",""
"SURVEY","2012","YEAR","","COUNTY","NEBRASKA","31","SOUTHEAST","90","JEFFERSON","095","","","00000000","","CORN","CORN, GRAIN - YIELD, MEASURED IN BU / ACRE","TOTAL","NOT SPECIFIED","123.5",""
"SURVEY","2012","YEAR","","COUNTY","NEBRASKA","31","SOUTHEAST","90","JOHNSON","097","","","00000000","","CORN","CORN, GRAIN - YIELD, MEASURED IN BU / ACRE","TOTAL","NOT SPECIFIED","86.7",""
"SURVEY","2012","YEAR","","COUNTY","NEBRASKA","31","SOUTHEAST","90","NEMAHA","127","","","00000000","","CORN","CORN, GRAIN - YIELD, MEASURED IN BU / ACRE","TOTAL","NOT SPECIFIED","107.1",""
"SURVEY","2012","YEAR","","COUNTY","NEBRASKA","31","SOUTHEAST","90","NUCKOLLS","129","","","00000000","","CORN","CORN, GRAIN - YIELD, MEASURED IN BU / ACRE","TOTAL","NOT SPECIFIED","141",""
"SURVEY","2012","YEAR","","COUNTY","NEBRASKA","31","SOUTHEAST","90","OTOE","131","","","00000000","","CORN","CORN, GRAIN - YIELD, MEASURED IN BU / ACRE","TOTAL","NOT SPECIFIED","81.3",""
"SURVEY","2012","YEAR","","COUNTY","NEBRASKA","31","SOUTHEAST","90","PAWNEE","133","","","00000000","","CORN","CORN, GRAIN - YIELD, MEASURED IN BU / ACRE","TOTAL","NOT SPECIFIED","68.1",""
"SURVEY","2012","YEAR","","COUNTY","NEBRASKA","31","SOUTHEAST","90","RICHARDSON","147","","","00000000","","CORN","CORN, GRAIN - YIELD, MEASURED IN BU / ACRE","TOTAL","NOT SPECIFIED","102.9",""
"SURVEY","2012","YEAR","","COUNTY","NEBRASKA","31","SOUTHEAST","90","SALINE","151","","","00000000","","CORN","CORN, GRAIN - YIELD, MEASURED IN BU / ACRE","TOTAL","NOT SPECIFIED","123.2",""
"SURVEY","2012","YEAR","","COUNTY","NEBRASKA","31","SOUTHEAST","90","THAYER","169","","","00000000","","CORN","CORN, GRAIN - YIELD, MEASURED IN BU / ACRE","TOTAL","NOT SPECIFIED","167.7",""
"SURVEY","2012","YEAR","","COUNTY","NEBRASKA","31","SOUTHWEST","70","CHASE","029","","","00000000","","CORN","CORN, GRAIN - YIELD, MEASURED IN BU / ACRE","TOTAL","NOT SPECIFIED","173",""
"SURVEY","2012","YEAR","","COUNTY","NEBRASKA","31","SOUTHWEST","70","DUNDY","057","","","00000000","","CORN","CORN, GRAIN - YIELD, MEASURED IN BU / ACRE","TOTAL","NOT SPECIFIED","137.1",""
"SURVEY","2012","YEAR","","COUNTY","NEBRASKA","31","SOUTHWEST","70","FRONTIER","063","","","00000000","","CORN","CORN, GRAIN - YIELD, MEASURED IN BU / ACRE","TOTAL","NOT SPECIFIED","116.8",""
"SURVEY","2012","YEAR","","COUNTY","NEBRASKA","31","SOUTHWEST","70","HAYES","085","","","00000000","","CORN","CORN, GRAIN - YIELD, MEASURED IN BU / ACRE","TOTAL","NOT SPECIFIED","130.2",""
"SURVEY","2012","YEAR","","COUNTY","NEBRASKA","31","SOUTHWEST","70","HITCHCOCK","087","","","00000000","","CORN","CORN, GRAIN - YIELD, MEASURED IN BU / ACRE","TOTAL","NOT SPECIFIED","72.4",""
"SURVEY","2012","YEAR","","COUNTY","NEBRASKA","31","SOUTHWEST","70","KEITH","101","","","00000000","","CORN","CORN, GRAIN - YIELD, MEASURED IN BU / ACRE","TOTAL","NOT SPECIFIED","142.4",""
"SURVEY","2012","YEAR","","COUNTY","NEBRASKA","31","SOUTHWEST","70","LINCOLN","111","","","00000000","","CORN","CORN, GRAIN - YIELD, MEASURED IN BU / ACRE","TOTAL","NOT SPECIFIED","171.3",""
"SURVEY","2012","YEAR","","COUNTY","NEBRASKA","31","SOUTHWEST","70","PERKINS","135","","","00000000","","CORN","CORN, GRAIN - YIELD, MEASURED IN BU / ACRE","TOTAL","NOT SPECIFIED","112.2",""
"SURVEY","2012","YEAR","","COUNTY","NEBRASKA","31","SOUTHWEST","70","RED WILLOW","145","","","00000000","","CORN","CORN, GRAIN - YIELD, MEASURED IN BU / ACRE","TOTAL","NOT SPECIFIED","102.9",""
"SURVEY","2011","YEAR","","COUNTY","IOWA","19","CENTRAL","50","BOONE","015","","","00000000","","CORN","CORN, GRAIN - YIELD, MEASURED IN BU / ACRE","TOTAL","NOT SPECIFIED","182.5",""
"SURVEY","2011","YEAR","","COUNTY","IOWA","19","CENTRAL","50","DALLAS","049","","","00000000","","CORN","CORN, GRAIN - YIELD, MEASURED IN BU / ACRE","TOTAL","NOT SPECIFIED","172.1",""
"SURVEY","2011","YEAR","","COUNTY","IOWA","19","CENTRAL","50","GRUNDY","075","","","00000000","","CORN","CORN, GRAIN - YIELD, MEASURED IN BU / ACRE","TOTAL","NOT SPECIFIED","172.8",""
"SURVEY","2011","YEAR","","COUNTY","IOWA","19","CENTRAL","50","HAMILTON","079","","","00000000","","CORN","CORN, GRAIN - YIELD, MEASURED IN BU / ACRE","TOTAL","NOT SPECIFIED","180.6",""
"SURVEY","2011","YEAR","","COUNTY","IOWA","19","CENTRAL","50","HARDIN","083","","","00000000","","CORN","CORN, GRAIN - YIELD, MEASURED IN BU / ACRE","TOTAL","NOT SPECIFIED","186.7",""
"SURVEY","2011","YEAR","","COUNTY","IOWA","19","CENTRAL","50","JASPER","099","","","00000000","","CORN","CORN, GRAIN - YIELD, MEASURED IN BU / ACRE","TOTAL","NOT SPECIFIED","171.1",""
"SURVEY","2011","YEAR","","COUNTY","IOWA","19","CENTRAL","50","MARSHALL","127","","","00000000","","CORN","CORN, GRAIN - YIELD, MEASURED IN BU / ACRE","TOTAL","NOT SPECIFIED","166.3",""
"SURVEY","2011","YEAR","","COUNTY","IOWA","19","CENTRAL","50","POLK","153","","","00000000","","CORN","CORN, GRAIN - YIELD, MEASURED IN BU / ACRE","TOTAL","NOT SPECIFIED","160.6",""
"SURVEY","2011","YEAR","","COUNTY","IOWA","19","CENTRAL","50","POWESHIEK","157","","","00000000","","CORN","CORN, GRAIN - YIELD, MEASURED IN BU / ACRE","TOTAL","NOT SPECIFIED","179",""
"SURVEY","2011","YEAR","","COUNTY","IOWA","19","CENTRAL","50","STORY","169","","","00000000","","CORN","CORN, GRAIN - YIELD, MEASURED IN BU / ACRE","TOTAL","NOT SPECIFIED","163.2",""
"SURVEY","2011","YEAR","","COUNTY","IOWA","19","CENTRAL","50","TAMA","171","","","00000000","","CORN","CORN, GRAIN - YIELD, MEASURED IN BU / ACRE","TOTAL","NOT SPECIFIED","162",""
"SURVEY","2011","YEAR","","COUNTY","IOWA","19","CENTRAL","50","WEBSTER","187","","","00000000","","CORN","CORN, GRAIN - YIELD, MEASURED IN BU / ACRE","TOTAL","NOT SPECIFIED","190.6",""
"SURVEY","2011","YEAR","","COUNTY","IOWA","19","EAST CENTRAL","60","BENTON","011","","","00000000","","CORN","CORN, GRAIN - YIELD, MEASURED IN BU / ACRE","TOTAL","NOT SPECIFIED","157.2",""
"SURVEY","2011","YEAR","","COUNTY","IOWA","19","EAST CENTRAL","60","CEDAR","031","","","00000000","","CORN","CORN, GRAIN - YIELD, MEASURED IN BU / ACRE","TOTAL","NOT SPECIFIED","184.9",""
"SURVEY","2011","YEAR","","COUNTY","IOWA","19","EAST CENTRAL","60","CLINTON","045","","","00000000","","CORN","CORN, GRAIN - YIELD, MEASURED IN BU / ACRE","TOTAL","NOT SPECIFIED","180",""
"SURVEY","2011","YEAR","","COUNTY","IOWA","19","EAST CENTRAL","60","IOWA","095","","","00000000","","CORN","CORN, GRAIN - YIELD, MEASURED IN BU / ACRE","TOTAL","NOT SPECIFIED","171.6",""
"SURVEY","2011","YEAR","","COUNTY","IOWA","19","EAST CENTRAL","60","JACKSON","097","","","00000000","","CORN","CORN, GRAIN - YIELD, MEASURED IN BU / ACRE","TOTAL","NOT SPECIFIED","178.3",""
"SURVEY","2011","YEAR","","COUNTY","IOWA","19","EAST CENTRAL","60","JOHNSON","103","","","00000000","","CORN","CORN, GRAIN - YIELD, MEASURED IN BU / ACRE","TOTAL","NOT SPECIFIED","171.9",""
"SURVEY","2011","YEAR","","COUNTY","IOWA","19","EAST CENTRAL","60","JONES","105","","","00000000","","CORN","CORN, GRAIN - YIELD, MEASURED IN BU / ACRE","TOTAL","NOT SPECIFIED","171.4",""
"SURVEY","2011","YEAR","","COUNTY","IOWA","19","EAST CENTRAL","60","LINN","113","","","00000000","","CORN","CORN, GRAIN - YIELD, MEASURED IN BU / ACRE","TOTAL","NOT SPECIFIED","169.1",""
"SURVEY","2011","YEAR","","COUNTY","IOWA","19","EAST CENTRAL","60","MUSCATINE","139","","","00000000","","CORN","CORN, GRAIN - YIELD, MEASURED IN BU / ACRE","TOTAL","NOT SPECIFIED","164.6",""
"SURVEY","2011","YEAR","","COUNTY","IOWA","19","EAST CENTRAL","60","SCOTT","163","","","00000000","","CORN","CORN, GRAIN - YIELD, MEASURED IN BU / ACRE","TOTAL","NOT SPECIFIED","174.2",""
"SURVEY","2011","YEAR","","COUNTY","IOWA","19","NORTH CENTRAL","20","BUTLER","023","","","00000000","","CORN","CORN, GRAIN - YIELD, MEASURED IN BU / ACRE","TOTAL","NOT SPECIFIED","186.7",""
"SURVEY","2011","YEAR","","COUNTY","IOWA","19","NORTH CENTRAL","20","CERRO GORDO","033","","","00000000","","CORN","CORN, GRAIN - YIELD, MEASURED IN BU / ACRE","TOTAL","NOT SPECIFIED","169.3",""
"SURVEY","2011","YEAR","","COUNTY","IOWA","19","NORTH CENTRAL","20","FLOYD","067","","","00000000","","CORN","CORN, GRAIN - YIELD, MEASURED IN BU / ACRE","TOTAL","NOT SPECIFIED","181.1",""
"SURVEY","2011","YEAR","","COUNTY","IOWA","19","NORTH CENTRAL","20","FRANKLIN","069","","","00000000","","CORN","CORN, GRAIN - YIELD, MEASURED IN BU / ACRE","TOTAL","NOT SPECIFIED","189.7",""
"SURVEY","2011","YEAR","","COUNTY","IOWA","19","NORTH CENTRAL","20","HANCOCK","081","","","00000000","","CORN","CORN, GRAIN - YIELD, MEASURED IN BU / ACRE","TOTAL","NOT SPECIFIED","179.8",""
"SURVEY","2011","YEAR","","COUNTY","IOWA","19","NORTH CENTRAL","20","HUMBOLDT","091","","","00000000","","CORN","CORN, GRAIN - YIELD, MEASURED IN BU / ACRE","TOTAL","NOT SPECIFIED","185.5",""
"SURVEY","2011","YEAR","","COUNTY","IOWA","19","NORTH CENTRAL","20","KOSSUTH","109","","","00000000","","CORN","CORN, GRAIN - YIELD, MEASURED IN BU / ACRE","TOTAL","NOT SPECIFIED","179.9",""
"SURVEY","2011","YEAR","","COUNTY","IOWA","19","NORTH CENTRAL","20","MITCHELL","131","","","00000000","","CORN","CORN, GRAIN - YIELD, MEASURED IN BU / ACRE","TOTAL","NOT SPECIFIED","180.1",""
"SURVEY","2011","YEAR","","COUNTY","IOWA","19","NORTH CENTRAL","20","WINNEBAGO","189","","","00000000","","CORN","CORN, GRAIN - YIELD, MEASURED IN BU / ACRE","TOTAL","NOT SPECIFIED","176.6",""
"SURVEY","2011","YEAR","","COUNTY","IOWA","19","NORTH CENTRAL","20","WORTH","195","","","00000000","","CORN","CORN, GRAIN - YIELD, MEASURED IN BU / ACRE","TOTAL","NOT SPECIFIED","173",""
"SURVEY","2011","YEAR","","COUNTY","IOWA","19","NORTH CENTRAL","20","WRIGHT","197","","","00000000","","CORN","CORN, GRAIN - YIELD, MEASURED IN BU / ACRE","TOTAL","NOT SPECIFIED","189.9",""
"SURVEY","2011","YEAR","","COUNTY","IOWA","19","NORTHEAST","30","ALLAMAKEE","005","","","00000000","","CORN","CORN, GRAIN - YIELD, MEASURED IN BU / ACRE","TOTAL","NOT SPECIFIED","173.3",""
"SURVEY","2011","YEAR","","COUNTY","IOWA","19","NORTHEAST","30","BLACK HAWK","013","","","00000000","","CORN","CORN, GRAIN - YIELD, MEASURED IN BU / ACRE","TOTAL","NOT SPECIFIED","186.1",""
"SURVEY","2011","YEAR","","COUNTY","IOWA","19","NORTHEAST","30","BREMER","017","","","00000000","","CORN","CORN, GRAIN - YIELD, MEASURED IN BU / ACRE","TOTAL","NOT SPECIFIED","196.5",""
"SURVEY","2011","YEAR","","COUNTY","IOWA","19","NORTHEAST","30","BUCHANAN","019","","","00000000","","CORN","CORN, GRAIN - YIELD, MEASURED IN BU / ACRE","TOTAL","NOT SPECIFIED","187",""
"SURVEY","2011","YEAR","","COUNTY","IOWA","19","NORTHEAST","30","CHICKASAW","037","","","00000000","","CORN","CORN, GRAIN - YIELD, MEASURED IN BU / ACRE","TOTAL","NOT SPECIFIED","188.8",""
"SURVEY","2011","YEAR","","COUNTY","IOWA","19","NORTHEAST","30","CLAYTON","043","","","00000000","","CORN","CORN, GRAIN - YIELD, MEASURED IN BU / ACRE","TOTAL","NOT SPECIFIED","186.8",""
"SURVEY","2011","YEAR","","COUNTY","IOWA","19","NORTHEAST","30","DELAWARE","055","","","00000000","","CORN","CORN, GRAIN - YIELD, MEASURED IN BU / ACRE","TOTAL","NOT SPECIFIED","186.5",""
"SURVEY","2011","YEAR","","COUNTY","IOWA","19","NORTHEAST","30","DUBUQUE","061","","","00000000","","CORN","CORN, GRAIN - YIELD, MEASURED IN BU / ACRE","TOTAL","NOT SPECIFIED","185.1",""
"SURVEY","2011","YEAR","","COUNTY","IOWA","19","NORTHEAST","30","FAYETTE","065","","","00000000","","CORN","CORN, GRAIN - YIELD, MEASURED IN BU / ACRE","TOTAL","NOT SPECIFIED","186.6",""
"SURVEY","2011","YEAR","","COUNTY","IOWA","19","NORTHEAST","30","HOWARD","089","","","00000000","","CORN","CORN, GRAIN - YIELD, MEASURED IN BU / ACRE","TOTAL","NOT SPECIFIED","185.8",""
"SURVEY","2011","YEAR","","COUNTY","IOWA","19","NORTHEAST","30","WINNESHIEK","191","","","00000000","","CORN","CORN, GRAIN - YIELD, MEASURED IN BU / ACRE","TOTAL","NOT SPECIFIED","186.2",""
"SURVEY","2011","YEAR","","COUNTY","IOWA","19","NORTHWEST","10","BUENA VISTA","021","","","00000000","","CORN","CORN, GRAIN - YIELD, MEASURED IN BU / ACRE","TOTAL","NOT SPECIFIED","180.2",""
"SURVEY","2011","YEAR","","COUNTY","IOWA","19","NORTHWEST","10","CHEROKEE","035","","","00000000","","CORN","CORN, GRAIN - YIELD, MEASURED IN BU / ACRE","TOTAL","NOT SPECIFIED","176.7",""
"SURVEY","2011","YEAR","","COUNTY","IOWA","19","NORTHWEST","10","CLAY","041","","","00000000","","CORN","CORN, GRAIN - YIELD, MEASURED IN BU / ACRE","TOTAL","NOT SPECIFIED","185.4",""
"SURVEY","2011","YEAR","","COUNTY","IOWA","19","NORTHWEST","10","DICKINSON","059","","","00000000","","CORN","CORN, GRAIN - YIELD, MEASURED IN BU / ACRE","TOTAL","NOT SPECIFIED","169.3",""
"SURVEY","2011","YEAR","","COUNTY","IOWA","19","NORTHWEST","10","EMMET","063","","","00000000","","CORN","CORN, GRAIN - YIELD, MEASURED IN BU / ACRE","TOTAL","NOT SPECIFIED","169.6",""
"SURVEY","2011","YEAR","","COUNTY","IOWA","19","NORTHWEST","10","LYON","119","","","00000000","","CORN","CORN, GRAIN - YIELD, MEASURED IN BU / ACRE","TOTAL","NOT SPECIFIED","185.4",""
"SURVEY","2011","YEAR","","COUNTY","IOWA","19","NORTHWEST","10","O BRIEN","141","","","00000000","","CORN","CORN, GRAIN - YIELD, MEASURED IN BU / ACRE","TOTAL","NOT SPECIFIED","185.1",""
"SURVEY","2011","YEAR","","COUNTY","IOWA","19","NORTHWEST","10","OSCEOLA","143","","","00000000","","CORN","CORN, GRAIN - YIELD, MEASURED IN BU / ACRE","TOTAL","NOT SPECIFIED","184.4",""
"SURVEY","2011","YEAR","","COUNTY","IOWA","19","NORTHWEST","10","PALO ALTO","147","","","00000000","","CORN","CORN, GRAIN - YIELD, MEASURED IN BU / ACRE","TOTAL","NOT SPECIFIED","174.6",""
"SURVEY","2011","YEAR","","COUNTY","IOWA","19","NORTHWEST","10","PLYMOUTH","149","","","00000000","","CORN","CORN, GRAIN - YIELD, MEASURED IN BU / ACRE","TOTAL","NOT SPECIFIED","164.5",""
"SURVEY","2011","YEAR","","COUNTY","IOWA","19","NORTHWEST","10","POCAHONTAS","151","","","00000000","","CORN","CORN, GRAIN - YIELD, MEASURED IN BU / ACRE","TOTAL","NOT SPECIFIED","181.2",""
"SURVEY","2011","YEAR","","COUNTY","IOWA","19","NORTHWEST","10","SIOUX","167","","","00000000","","CORN","CORN, GRAIN - YIELD, MEASURED IN BU / ACRE","TOTAL","NOT SPECIFIED","177.6",""
"SURVEY","2011","YEAR","","COUNTY","IOWA","19","SOUTH CENTRAL","80","APPANOOSE","007","","","00000000","","CORN","CORN, GRAIN - YIELD, MEASURED IN BU / ACRE","TOTAL","NOT SPECIFIED","120.1",""
"SURVEY","2011","YEAR","","COUNTY","IOWA","19","SOUTH CENTRAL","80","CLARKE","039","","","00000000","","CORN","CORN, GRAIN - YIELD, MEASURED IN BU / ACRE","TOTAL","NOT SPECIFIED","107.7",""
"SURVEY","2011","YEAR","","COUNTY","IOWA","19","SOUTH CENTRAL","80","DECATUR","053","","","00000000","","CORN","CORN, GRAIN - YIELD, MEASURED IN BU / ACRE","TOTAL","NOT SPECIFIED","126.1",""
"SURVEY","2011","YEAR","","COUNTY","IOWA","19","SOUTH CENTRAL","80","LUCAS","117","","","00000000","","CORN","CORN, GRAIN - YIELD, MEASURED IN BU / ACRE","TOTAL","NOT SPECIFIED","114.9",""
"SURVEY","2011","YEAR","","COUNTY","IOWA","19","SOUTH CENTRAL","80","MADISON","121","","","00000000","","CORN","CORN, GRAIN - YIELD, MEASURED IN BU / ACRE","TOTAL","NOT SPECIFIED","145.1",""
"SURVEY","2011","YEAR","","COUNTY","IOWA","19","SOUTH CENTRAL","80","MARION","125","","","00000000","","CORN","CORN, GRAIN - YIELD, MEASURED IN BU / ACRE","TOTAL","NOT SPECIFIED","152.6",""
"SURVEY","2011","YEAR","","COUNTY","IOWA","19","SOUTH CENTRAL","80","MONROE","135","","","00000000","","CORN","CORN, GRAIN - YIELD, MEASURED IN BU / ACRE","TOTAL","NOT SPECIFIED","112.5",""
"SURVEY","2011","YEAR","","COUNTY","IOWA","19","SOUTH CENTRAL","80","RINGGOLD","159","","","00000000","","CORN","CORN, GRAIN - YIELD, MEASURED IN BU / ACRE","TOTAL","NOT SPECIFIED","118.7",""
"SURVEY","2011","YEAR","","COUNTY","IOWA","19","SOUTH CENTRAL","80","UNION","175","","","00000000","","CORN","CORN, GRAIN - YIELD, MEASURED IN BU / ACRE","TOTAL","NOT SPECIFIED","132.6",""
"SURVEY","2011","YEAR","","COUNTY","IOWA","19","SOUTH CENTRAL","80","WARREN","181","","","00000000","","CORN","CORN, GRAIN - YIELD, MEASURED IN BU / ACRE","TOTAL","NOT SPECIFIED","129.1",""
"SURVEY","2011","YEAR","","COUNTY","IOWA","19","SOUTH CENTRAL","80","WAYNE","185","","","00000000","","CORN","CORN, GRAIN - YIELD, MEASURED IN BU / ACRE","TOTAL","NOT SPECIFIED","126",""
"SURVEY","2011","YEAR","","COUNTY","IOWA","19","SOUTHEAST","90","DAVIS","051","","","00000000","","CORN","CORN, GRAIN - YIELD, MEASURED IN BU / ACRE","TOTAL","NOT SPECIFIED","97.8",""
"SURVEY","2011","YEAR","","COUNTY","IOWA","19","SOUTHEAST","90","DES MOINES","057","","","00000000","","CORN","CORN, GRAIN - YIELD, MEASURED IN BU / ACRE","TOTAL","NOT SPECIFIED","146.6",""
"SURVEY","2011","YEAR","","COUNTY","IOWA","19","SOUTHEAST","90","HENRY","087","","","00000000","","CORN","CORN, GRAIN - YIELD, MEASURED IN BU / ACRE","TOTAL","NOT SPECIFIED","123.2",""
"SURVEY","2011","YEAR","","COUNTY","IOWA","19","SOUTHEAST","90","JEFFERSON","101","","","00000000","","CORN","CORN, GRAIN - YIELD, MEASURED IN BU / ACRE","TOTAL","NOT SPECIFIED","112.4",""
"SURVEY","2011","YEAR","","COUNTY","IOWA","19","SOUTHEAST","90","KEOKUK","107","","","00000000","","CORN","CORN, GRAIN - YIELD, MEASURED IN BU / ACRE","TOTAL","NOT SPECIFIED","152.4",""
"SURVEY","2011","YEAR","","COUNTY","IOWA","19","SOUTHEAST","90","LEE","111","","","00000000","","CORN","CORN, GRAIN - YIELD, MEASURED IN BU / ACRE","TOTAL","NOT SPECIFIED","105.2",""
"SURVEY","2011","YEAR","","COUNTY","IOWA","19","SOUTHEAST","90","LOUISA","115","","","00000000","","CORN","CORN, GRAIN - YIELD, MEASURED IN BU / ACRE","TOTAL","NOT SPECIFIED","148.9",""
"SURVEY","2011","YEAR","","COUNTY","IOWA","19","SOUTHEAST","90","MAHASKA","123","","","00000000","","CORN","CORN, GRAIN - YIELD, MEASURED IN BU / ACRE","TOTAL","NOT SPECIFIED","165",""
"SURVEY","2011","YEAR","","COUNTY","IOWA","19","SOUTHEAST","90","VAN BUREN","177","","","00000000","","CORN","CORN, GRAIN - YIELD, MEASURED IN BU / ACRE","TOTAL","NOT SPECIFIED","100.9",""
"SURVEY","2011","YEAR","","COUNTY","IOWA","19","SOUTHEAST","90","WAPELLO","179","","","00000000","","CORN","CORN, GRAIN - YIELD, MEASURED IN BU / ACRE","TOTAL","NOT SPECIFIED","127.3",""
"SURVEY","2011","YEAR","","COUNTY","IOWA","19","SOUTHEAST","90","WASHINGTON","183","","","00000000","","CORN","CORN, GRAIN - YIELD, MEASURED IN BU / ACRE","TOTAL","NOT SPECIFIED","156.3",""
"SURVEY","2011","YEAR","","COUNTY","IOWA","19","SOUTHWEST","70","ADAIR","001","","","00000000","","CORN","CORN, GRAIN - YIELD, MEASURED IN BU / ACRE","TOTAL","NOT SPECIFIED","152.8",""
"SURVEY","2011","YEAR","","COUNTY","IOWA","19","SOUTHWEST","70","ADAMS","003","","","00000000","","CORN","CORN, GRAIN - YIELD, MEASURED IN BU / ACRE","TOTAL","NOT SPECIFIED","151.7",""
"SURVEY","2011","YEAR","","COUNTY","IOWA","19","SOUTHWEST","70","CASS","029","","","00000000","","CORN","CORN, GRAIN - YIELD, MEASURED IN BU / ACRE","TOTAL","NOT SPECIFIED","175.2",""
"SURVEY","2011","YEAR","","COUNTY","IOWA","19","SOUTHWEST","70","FREMONT","071","","","00000000","","CORN","CORN, GRAIN - YIELD, MEASURED IN BU / ACRE","TOTAL","NOT SPECIFIED","155.6",""
"SURVEY","2011","YEAR","","COUNTY","IOWA","19","SOUTHWEST","70","MILLS","129","","","00000000","","CORN","CORN, GRAIN - YIELD, MEASURED IN BU / ACRE","TOTAL","NOT SPECIFIED","155",""
"SURVEY","2011","YEAR","","COUNTY","IOWA","19","SOUTHWEST","70","MONTGOMERY","137","","","00000000","","CORN","CORN, GRAIN - YIELD, MEASURED IN BU / ACRE","TOTAL","NOT SPECIFIED","153.2",""
"SURVEY","2011","YEAR","","COUNTY","IOWA","19","SOUTHWEST","70","PAGE","145","","","00000000","","CORN","CORN, GRAIN - YIELD, MEASURED IN BU / ACRE","TOTAL","NOT SPECIFIED","136.2",""
"SURVEY","2011","YEAR","","COUNTY","IOWA","19","SOUTHWEST","70","POTTAWATTAMIE","155","","","00000000","","CORN","CORN, GRAIN - YIELD, MEASURED IN BU / ACRE","TOTAL","NOT SPECIFIED","170.9",""
"SURVEY","2011","YEAR","","COUNTY","IOWA","19","SOUTHWEST","70","TAYLOR","173","","","00000000","","CORN","CORN, GRAIN - YIELD, MEASURED IN BU / ACRE","TOTAL","NOT SPECIFIED","140.5",""
"SURVEY","2011","YEAR","","COUNTY","IOWA","19","WEST CENTRAL","40","AUDUBON","009","","","00000000","","CORN","CORN, GRAIN - YIELD, MEASURED IN BU / ACRE","TOTAL","NOT SPECIFIED","176.6",""
"SURVEY","2011","YEAR","","COUNTY","IOWA","19","WEST CENTRAL","40","CALHOUN","025","","","00000000","","CORN","CORN, GRAIN - YIELD, MEASURED IN BU / ACRE","TOTAL","NOT SPECIFIED","181.9",""
"SURVEY","2011","YEAR","","COUNTY","IOWA","19","WEST CENTRAL","40","CARROLL","027","","","00000000","","CORN","CORN, GRAIN - YIELD, MEASURED IN BU / ACRE","TOTAL","NOT SPECIFIED","180.2",""
"SURVEY","2011","YEAR","","COUNTY","IOWA","19","WEST CENTRAL","40","CRAWFORD","047","","","00000000","","CORN","CORN, GRAIN - YIELD, MEASURED IN BU / ACRE","TOTAL","NOT SPECIFIED","181.8",""
"SURVEY","2011","YEAR","","COUNTY","IOWA","19","WEST CENTRAL","40","GREENE","073","","","00000000","","CORN","CORN, GRAIN - YIELD, MEASURED IN BU / ACRE","TOTAL","NOT SPECIFIED","183.4",""
"SURVEY","2011","YEAR","","COUNTY","IOWA","19","WEST CENTRAL","40","GUTHRIE","077","","","00000000","","CORN","CORN, GRAIN - YIELD, MEASURED IN BU / ACRE","TOTAL","NOT SPECIFIED","169.4",""
"SURVEY","2011","YEAR","","COUNTY","IOWA","19","WEST CENTRAL","40","HARRISON","085","","","00000000","","CORN","CORN, GRAIN - YIELD, MEASURED IN BU / ACRE","TOTAL","NOT SPECIFIED","169.9",""
"SURVEY","2011","YEAR","","COUNTY","IOWA","19","WEST CENTRAL","40","IDA","093","","","00000000","","CORN","CORN, GRAIN - YIELD, MEASURED IN BU / ACRE","TOTAL","NOT SPECIFIED","182.9",""
"SURVEY","2011","YEAR","","COUNTY","IOWA","19","WEST CENTRAL","40","MONONA","133","","","00000000","","CORN","CORN, GRAIN - YIELD, MEASURED IN BU / ACRE","TOTAL","NOT SPECIFIED","158.3",""
"SURVEY","2011","YEAR","","COUNTY","IOWA","19","WEST CENTRAL","40","SAC","161","","","00000000","","CORN","CORN, GRAIN - YIELD, MEASURED IN BU / ACRE","TOTAL","NOT SPECIFIED","183.4",""
"SURVEY","2011","YEAR","","COUNTY","IOWA","19","WEST CENTRAL","40","SHELBY","165","","","00000000","","CORN","CORN, GRAIN - YIELD, MEASURED IN BU / ACRE","TOTAL","NOT SPECIFIED","173.6",""
"SURVEY","2011","YEAR","","COUNTY","IOWA","19","WEST CENTRAL","40","WOODBURY","193","","","00000000","","CORN","CORN, GRAIN - YIELD, MEASURED IN BU / ACRE","TOTAL","NOT SPECIFIED","173.3",""
"SURVEY","2011","YEAR","","COUNTY","NEBRASKA","31","CENTRAL","50","BUFFALO","019","","","00000000","","CORN","CORN, GRAIN - YIELD, MEASURED IN BU / ACRE","TOTAL","NOT SPECIFIED","170.7",""
"SURVEY","2011","YEAR","","COUNTY","NEBRASKA","31","CENTRAL","50","CUSTER","041","","","00000000","","CORN","CORN, GRAIN - YIELD, MEASURED IN BU / ACRE","TOTAL","NOT SPECIFIED","165.3",""
"SURVEY","2011","YEAR","","COUNTY","NEBRASKA","31","CENTRAL","50","DAWSON","047","","","00000000","","CORN","CORN, GRAIN - YIELD, MEASURED IN BU / ACRE","TOTAL","NOT SPECIFIED","180.9",""
"SURVEY","2011","YEAR","","COUNTY","NEBRASKA","31","CENTRAL","50","GREELEY","077","","","00000000","","CORN","CORN, GRAIN - YIELD, MEASURED IN BU / ACRE","TOTAL","NOT SPECIFIED","145.3",""
"SURVEY","2011","YEAR","","COUNTY","NEBRASKA","31","CENTRAL","50","HALL","079","","","00000000","","CORN","CORN, GRAIN - YIELD, MEASURED IN BU / ACRE","TOTAL","NOT SPECIFIED","180.6",""
"SURVEY","2011","YEAR","","COUNTY","NEBRASKA","31","CENTRAL","50","HOWARD","093","","","00000000","","CORN","CORN, GRAIN - YIELD, MEASURED IN BU / ACRE","TOTAL","NOT SPECIFIED","160",""
"SURVEY","2011","YEAR","","COUNTY","NEBRASKA","31","CENTRAL","50","SHERMAN","163","","","00000000","","CORN","CORN, GRAIN - YIELD, MEASURED IN BU / ACRE","TOTAL","NOT SPECIFIED","153.9",""
"SURVEY","2011","YEAR","","COUNTY","NEBRASKA","31","CENTRAL","50","VALLEY","175","","","00000000","","CORN","CORN, GRAIN - YIELD, MEASURED IN BU / ACRE","TOTAL","NOT SPECIFIED","166.9",""
"SURVEY","2011","YEAR","","COUNTY","NEBRASKA","31","EAST","60","BUTLER","023","","","00000000","","CORN","CORN, GRAIN - YIELD, MEASURED IN BU / ACRE","TOTAL","NOT SPECIFIED","178.5",""
"SURVEY","2011","YEAR","","COUNTY","NEBRASKA","31","EAST","60","CASS","025","","","00000000","","CORN","CORN, GRAIN - YIELD, MEASURED IN BU / ACRE","TOTAL","NOT SPECIFIED","157.4",""
"SURVEY","2011","YEAR","","COUNTY","NEBRASKA","31","EAST","60","COLFAX","037","","","00000000","","CORN","CORN, GRAIN - YIELD, MEASURED IN BU / ACRE","TOTAL","NOT SPECIFIED","162.9",""
"SURVEY","2011","YEAR","","COUNTY","NEBRASKA","31","EAST","60","DODGE","053","","","00000000","","CORN","CORN, GRAIN - YIELD, MEASURED IN BU / ACRE","TOTAL","NOT SPECIFIED","173.3",""
"SURVEY","2011","YEAR","","COUNTY","NEBRASKA","31","EAST","60","DOUGLAS","055","","","00000000","","CORN","CORN, GRAIN - YIELD, MEASURED IN BU / ACRE","TOTAL","NOT SPECIFIED","161",""
"SURVEY","2011","YEAR","","COUNTY","NEBRASKA","31","EAST","60","HAMILTON","081","","","00000000","","CORN","CORN, GRAIN - YIELD, MEASURED IN BU / ACRE","TOTAL","NOT SPECIFIED","198.2",""
"SURVEY","2011","YEAR","","COUNTY","NEBRASKA","31","EAST","60","LANCASTER","109","","","00000000","","CORN","CORN, GRAIN - YIELD, MEASURED IN BU / ACRE","TOTAL","NOT SPECIFIED","145.1",""
"SURVEY","2011","YEAR","","COUNTY","NEBRASKA","31","EAST","60","MERRICK","121","","","00000000","","CORN","CORN, GRAIN - YIELD, MEASURED IN BU / ACRE","TOTAL","NOT SPECIFIED","158.3",""
"SURVEY","2011","YEAR","","COUNTY","NEBRASKA","31","EAST","60","NANCE","125","","","00000000","","CORN","CORN, GRAIN - YIELD, MEASURED IN BU / ACRE","TOTAL","NOT SPECIFIED","163.2",""
"SURVEY","2011","YEAR","","COUNTY","NEBRASKA","31","EAST","60","PLATTE","141","","","00000000","","CORN","CORN, GRAIN - YIELD, MEASURED IN BU / ACRE","TOTAL","NOT SPECIFIED","170.8",""
"SURVEY","2011","YEAR","","COUNTY","NEBRASKA","31","EAST","60","POLK","143","","","00000000","","CORN","CORN, GRAIN - YIELD, MEASURED IN BU / ACRE","TOTAL","NOT SPECIFIED","167.8",""
"SURVEY","2011","YEAR","","COUNTY","NEBRASKA","31","EAST","60","SARPY","153","","","00000000","","CORN","CORN, GRAIN - YIELD, MEASURED IN BU / ACRE","TOTAL","NOT SPECIFIED","155.6",""
"SURVEY","2011","YEAR","","COUNTY","NEBRASKA","31","EAST","60","SAUNDERS","155","","","00000000","","CORN","CORN, GRAIN - YIELD, MEASURED IN BU / ACRE","TOTAL","NOT SPECIFIED","163.7",""
"SURVEY","2011","YEAR","","COUNTY","NEBRASKA","31","EAST","60","SEWARD","159","","","00000000","","CORN","CORN, GRAIN - YIELD, MEASURED IN BU / ACRE","TOTAL","NOT SPECIFIED","160.3",""
"SURVEY","2011","YEAR","","COUNTY","NEBRASKA","31","EAST","60","WASHINGTON","177","","","00000000","","CORN","CORN, GRAIN - YIELD, MEASURED IN BU / ACRE","TOTAL","NOT SPECIFIED","166.8",""
"SURVEY","2011","YEAR","","COUNTY","NEBRASKA","31","EAST","60","YORK","185","","","00000000","","CORN","CORN, GRAIN - YIELD, MEASURED IN BU / ACRE","TOTAL","NOT SPECIFIED","181.7",""
"SURVEY","2011","YEAR","","COUNTY","NEBRASKA","31","NORTH","20","BOYD","015","","","00000000","","CORN","CORN, GRAIN - YIELD, MEASURED IN BU / ACRE","TOTAL","NOT SPECIFIED","127.8",""
"SURVEY","2011","YEAR","","COUNTY","NEBRASKA","31","NORTH","20","BROWN","017","","","00000000","","CORN","CORN, GRAIN - YIELD, MEASURED IN BU / ACRE","TOTAL","NOT SPECIFIED","174.8",""
"SURVEY","2011","YEAR","","COUNTY","NEBRASKA","31","NORTH","20","CHERRY","031","","","00000000","","CORN","CORN, GRAIN - YIELD, MEASURED IN BU / ACRE","TOTAL","NOT SPECIFIED","155.2",""
"SURVEY","2011","YEAR","","COUNTY","NEBRASKA","31","NORTH","20","GARFIELD","071","","","00000000","","CORN","CORN, GRAIN - YIELD, MEASURED IN BU / ACRE","TOTAL","NOT SPECIFIED","168.2",""
"SURVEY","2011","YEAR","","COUNTY","NEBRASKA","31","NORTH","20","HOLT","089","","","00000000","","CORN","CORN, GRAIN - YIELD, MEASURED IN BU / ACRE","TOTAL","NOT SPECIFIED","177.5",""
"SURVEY","2011","YEAR","","COUNTY","NEBRASKA","31","NORTH","20","KEYA PAHA","103","","","00000000","","CORN","CORN, GRAIN - YIELD, MEASURED IN BU / ACRE","TOTAL","NOT SPECIFIED","168.6",""
"SURVEY","2011","YEAR","","COUNTY","NEBRASKA","31","NORTH","20","LOGAN","113","","","00000000","","CORN","CORN, GRAIN - YIELD, MEASURED IN BU / ACRE","TOTAL","NOT SPECIFIED","150.7",""
"SURVEY","2011","YEAR","","COUNTY","NEBRASKA","31","NORTH","20","MCPHERSON","117","","","00000000","","CORN","CORN, GRAIN - YIELD, MEASURED IN BU / ACRE","TOTAL","NOT SPECIFIED","189",""
"SURVEY","2011","YEAR","","COUNTY","NEBRASKA","31","NORTH","20","OTHER (COMBINED) COUNTIES","","","","00000000","","CORN","CORN, GRAIN - YIELD, MEASURED IN BU / ACRE","TOTAL","NOT SPECIFIED","155.3",""
"SURVEY","2011","YEAR","","COUNTY","NEBRASKA","31","NORTH","20","ROCK","149","","","00000000","","CORN","CORN, GRAIN - YIELD, MEASURED IN BU / ACRE","TOTAL","NOT SPECIFIED","168.6",""
"SURVEY","2011","YEAR","","COUNTY","NEBRASKA","31","NORTH","20","WHEELER","183","","","00000000","","CORN","CORN, GRAIN - YIELD, MEASURED IN BU / ACRE","TOTAL","NOT SPECIFIED","172.9",""
"SURVEY","2011","YEAR","","COUNTY","NEBRASKA","31","NORTHEAST","30","ANTELOPE","003","","","00000000","","CORN","CORN, GRAIN - YIELD, MEASURED IN BU / ACRE","TOTAL","NOT SPECIFIED","174.6",""
"SURVEY","2011","YEAR","","COUNTY","NEBRASKA","31","NORTHEAST","30","BOONE","011","","","00000000","","CORN","CORN, GRAIN - YIELD, MEASURED IN BU / ACRE","TOTAL","NOT SPECIFIED","157.4",""
"SURVEY","2011","YEAR","","COUNTY","NEBRASKA","31","NORTHEAST","30","BURT","021","","","00000000","","CORN","CORN, GRAIN - YIELD, MEASURED IN BU / ACRE","TOTAL","NOT SPECIFIED","167.4",""
"SURVEY","2011","YEAR","","COUNTY","NEBRASKA","31","NORTHEAST","30","CEDAR","027","","","00000000","","CORN","CORN, GRAIN - YIELD, MEASURED IN BU / ACRE","TOTAL","NOT SPECIFIED","164.9",""
"SURVEY","2011","YEAR","","COUNTY","NEBRASKA","31","NORTHEAST","30","CUMING","039","","","00000000","","CORN","CORN, GRAIN - YIELD, MEASURED IN BU / ACRE","TOTAL","NOT SPECIFIED","177.2",""
"SURVEY","2011","YEAR","","COUNTY","NEBRASKA","31","NORTHEAST","30","DAKOTA","043","","","00000000","","CORN","CORN, GRAIN - YIELD, MEASURED IN BU / ACRE","TOTAL","NOT SPECIFIED","157.1",""
"SURVEY","2011","YEAR","","COUNTY","NEBRASKA","31","NORTHEAST","30","DIXON","051","","","00000000","","CORN","CORN, GRAIN - YIELD, MEASURED IN BU / ACRE","TOTAL","NOT SPECIFIED","136.6",""
"SURVEY","2011","YEAR","","COUNTY","NEBRASKA","31","NORTHEAST","30","KNOX","107","","","00000000","","CORN","CORN, GRAIN - YIELD, MEASURED IN BU / ACRE","TOTAL","NOT SPECIFIED","157.2",""
"SURVEY","2011","YEAR","","COUNTY","NEBRASKA","31","NORTHEAST","30","MADISON","119","","","00000000","","CORN","CORN, GRAIN - YIELD, MEASURED IN BU / ACRE","TOTAL","NOT SPECIFIED","159",""
"SURVEY","2011","YEAR","","COUNTY","NEBRASKA","31","NORTHEAST","30","PIERCE","139","","","00000000","","CORN","CORN, GRAIN - YIELD, MEASURED IN BU / ACRE","TOTAL","NOT SPECIFIED","161.2",""
"SURVEY","2011","YEAR","","COUNTY","NEBRASKA","31","NORTHEAST","30","STANTON","167","","","00000000","","CORN","CORN, GRAIN - YIELD, MEASURED IN BU / ACRE","TOTAL","NOT SPECIFIED","168.3",""
"SURVEY","2011","YEAR","","COUNTY","NEBRASKA","31","NORTHEAST","30","THURSTON","173","","","00000000","","CORN","CORN, GRAIN - YIELD, MEASURED IN BU / ACRE","TOTAL","NOT SPECIFIED","170.1",""
"SURVEY","2011","YEAR","","COUNTY","NEBRASKA","31","NORTHEAST","30","WAYNE","179","","","00000000","","CORN","CORN, GRAIN - YIELD, MEASURED IN BU / ACRE","TOTAL","NOT SPECIFIED","166.4",""
"SURVEY","2011","YEAR","","COUNTY","NEBRASKA","31","NORTHWEST","10","BANNER","007","","","00000000","","CORN","CORN, GRAIN - YIELD, MEASURED IN BU / ACRE","TOTAL","NOT SPECIFIED","88.4",""
"SURVEY","2011","YEAR","","COUNTY","NEBRASKA","31","NORTHWEST","10","BOX BUTTE","013","","","00000000","","CORN","CORN, GRAIN - YIELD, MEASURED IN BU / ACRE","TOTAL","NOT SPECIFIED","151",""
"SURVEY","2011","YEAR","","COUNTY","NEBRASKA","31","NORTHWEST","10","CHEYENNE","033","","","00000000","","CORN","CORN, GRAIN - YIELD, MEASURED IN BU / ACRE","TOTAL","NOT SPECIFIED","109.7",""
"SURVEY","2011","YEAR","","COUNTY","NEBRASKA","31","NORTHWEST","10","DAWES","045","","","00000000","","CORN","CORN, GRAIN - YIELD, MEASURED IN BU / ACRE","TOTAL","NOT SPECIFIED","95.4",""
"SURVEY","2011","YEAR","","COUNTY","NEBRASKA","31","NORTHWEST","10","DEUEL","049","","","00000000","","CORN","CORN, GRAIN - YIELD, MEASURED IN BU / ACRE","TOTAL","NOT SPECIFIED","118.1",""
"SURVEY","2011","YEAR","","COUNTY","NEBRASKA","31","NORTHWEST","10","GARDEN","069","","","00000000","","CORN","CORN, GRAIN - YIELD, MEASURED IN BU / ACRE","TOTAL","NOT SPECIFIED","144.6",""
"SURVEY","2011","YEAR","","COUNTY","NEBRASKA","31","NORTHWEST","10","KIMBALL","105","","","00000000","","CORN","CORN, GRAIN - YIELD, MEASURED IN BU / ACRE","TOTAL","NOT SPECIFIED","114.9",""
"SURVEY","2011","YEAR","","COUNTY","NEBRASKA","31","NORTHWEST","10","MORRILL","123","","","00000000","","CORN","CORN, GRAIN - YIELD, MEASURED IN BU / ACRE","TOTAL","NOT SPECIFIED","169",""
"SURVEY","2011","YEAR","","COUNTY","NEBRASKA","31","NORTHWEST","10","SCOTTS BLUFF","157","","","00000000","","CORN","CORN, GRAIN - YIELD, MEASURED IN BU / ACRE","TOTAL","NOT SPECIFIED","148.2",""
"SURVEY","2011","YEAR","","COUNTY","NEBRASKA","31","NORTHWEST","10","SHERIDAN","161","","","00000000","","CORN","CORN, GRAIN - YIELD, MEASURED IN BU / ACRE","TOTAL","NOT SPECIFIED","141.8",""
"SURVEY","2011","YEAR","","COUNTY","NEBRASKA","31","NORTHWEST","10","SIOUX","165","","","00000000","","CORN","CORN, GRAIN - YIELD, MEASURED IN BU / ACRE","TOTAL","NOT SPECIFIED","162.2",""
"SURVEY","2011","YEAR","","COUNTY","NEBRASKA","31","SOUTH","80","ADAMS","001","","","00000000","","CORN","CORN, GRAIN - YIELD, MEASURED IN BU / ACRE","TOTAL","NOT SPECIFIED","195.1",""
"SURVEY","2011","YEAR","","COUNTY","NEBRASKA","31","SOUTH","80","FRANKLIN","061","","","00000000","","CORN","CORN, GRAIN - YIELD, MEASURED IN BU / ACRE","TOTAL","NOT SPECIFIED","175.2",""
"SURVEY","2011","YEAR","","COUNTY","NEBRASKA","31","SOUTH","80","FURNAS","065","","","00000000","","CORN","CORN, GRAIN - YIELD, MEASURED IN BU / ACRE","TOTAL","NOT SPECIFIED","127.8",""
"SURVEY","2011","YEAR","","COUNTY","NEBRASKA","31","SOUTH","80","GOSPER","073","","","00000000","","CORN","CORN, GRAIN - YIELD, MEASURED IN BU / ACRE","TOTAL","NOT SPECIFIED","167.6",""
"SURVEY","2011","YEAR","","COUNTY","NEBRASKA","31","SOUTH","80","HARLAN","083","","","00000000","","CORN","CORN, GRAIN - YIELD, MEASURED IN BU / ACRE","TOTAL","NOT SPECIFIED","170.8",""
"SURVEY","2011","YEAR","","COUNTY","NEBRASKA","31","SOUTH","80","KEARNEY","099","","","00000000","","CORN","CORN, GRAIN - YIELD, MEASURED IN BU / ACRE","TOTAL","NOT SPECIFIED","186.1",""
"SURVEY","2011","YEAR","","COUNTY","NEBRASKA","31","SOUTH","80","PHELPS","137","","","00000000","","CORN","CORN, GRAIN - YIELD, MEASURED IN BU / ACRE","TOTAL","NOT SPECIFIED","183.2",""
"SURVEY","2011","YEAR","","COUNTY","NEBRASKA","31","SOUTH","80","WEBSTER","181","","","00000000","","CORN","CORN, GRAIN - YIELD, MEASURED IN BU / ACRE","TOTAL","NOT SPECIFIED","157.4",""
"SURVEY","2011","YEAR","","COUNTY","NEBRASKA","31","SOUTHEAST","90","CLAY","035","","","00000000","","CORN","CORN, GRAIN - YIELD, MEASURED IN BU / ACRE","TOTAL","NOT SPECIFIED","184.9",""
"SURVEY","2011","YEAR","","COUNTY","NEBRASKA","31","SOUTHEAST","90","FILLMORE","059","","","00000000","","CORN","CORN, GRAIN - YIELD, MEASURED IN BU / ACRE","TOTAL","NOT SPECIFIED","183.7",""
"SURVEY","2011","YEAR","","COUNTY","NEBRASKA","31","SOUTHEAST","90","GAGE","067","","","00000000","","CORN","CORN, GRAIN - YIELD, MEASURED IN BU / ACRE","TOTAL","NOT SPECIFIED","136.5",""
"SURVEY","2011","YEAR","","COUNTY","NEBRASKA","31","SOUTHEAST","90","JEFFERSON","095","","","00000000","","CORN","CORN, GRAIN - YIELD, MEASURED IN BU / ACRE","TOTAL","NOT SPECIFIED","149.4",""
"SURVEY","2011","YEAR","","COUNTY","NEBRASKA","31","SOUTHEAST","90","JOHNSON","097","","","00000000","","CORN","CORN, GRAIN - YIELD, MEASURED IN BU / ACRE","TOTAL","NOT SPECIFIED","122.3",""
"SURVEY","2011","YEAR","","COUNTY","NEBRASKA","31","SOUTHEAST","90","NEMAHA","127","","","00000000","","CORN","CORN, GRAIN - YIELD, MEASURED IN BU / ACRE","TOTAL","NOT SPECIFIED","153",""
"SURVEY","2011","YEAR","","COUNTY","NEBRASKA","31","SOUTHEAST","90","NUCKOLLS","129","","","00000000","","CORN","CORN, GRAIN - YIELD, MEASURED IN BU / ACRE","TOTAL","NOT SPECIFIED","154.3",""
"SURVEY","2011","YEAR","","COUNTY","NEBRASKA","31","SOUTHEAST","90","OTOE","131","","","00000000","","CORN","CORN, GRAIN - YIELD, MEASURED IN BU / ACRE","TOTAL","NOT SPECIFIED","138.3",""
"SURVEY","2011","YEAR","","COUNTY","NEBRASKA","31","SOUTHEAST","90","PAWNEE","133","","","00000000","","CORN","CORN, GRAIN - YIELD, MEASURED IN BU / ACRE","TOTAL","NOT SPECIFIED","111.4",""
"SURVEY","2011","YEAR","","COUNTY","NEBRASKA","31","SOUTHEAST","90","RICHARDSON","147","","","00000000","","CORN","CORN, GRAIN - YIELD, MEASURED IN BU / ACRE","TOTAL","NOT SPECIFIED","147.9",""
"SURVEY","2011","YEAR","","COUNTY","NEBRASKA","31","SOUTHEAST","90","SALINE","151","","","00000000","","CORN","CORN, GRAIN - YIELD, MEASURED IN BU / ACRE","TOTAL","NOT SPECIFIED","154.5",""
"SURVEY","2011","YEAR","","COUNTY","NEBRASKA","31","SOUTHEAST","90","THAYER","169","","","00000000","","CORN","CORN, GRAIN - YIELD, MEASURED IN BU / ACRE","TOTAL","NOT SPECIFIED","169.9",""
"SURVEY","2011","YEAR","","COUNTY","NEBRASKA","31","SOUTHWEST","70","CHASE","029","","","00000000","","CORN","CORN, GRAIN - YIELD, MEASURED IN BU / ACRE","TOTAL","NOT SPECIFIED","111.2",""
"SURVEY","2011","YEAR","","COUNTY","NEBRASKA","31","SOUTHWEST","70","DUNDY","057","","","00000000","","CORN","CORN, GRAIN - YIELD, MEASURED IN BU / ACRE","TOTAL","NOT SPECIFIED","121.3",""
"SURVEY","2011","YEAR","","COUNTY","NEBRASKA","31","SOUTHWEST","70","FRONTIER","063","","","00000000","","CORN","CORN, GRAIN - YIELD, MEASURED IN BU / ACRE","TOTAL","NOT SPECIFIED","129",""
"SURVEY","2011","YEAR","","COUNTY","NEBRASKA","31","SOUTHWEST","70","HAYES","085","","","00000000","","CORN","CORN, GRAIN - YIELD, MEASURED IN BU / ACRE","TOTAL","NOT SPECIFIED","120",""
"SURVEY","2011","YEAR","","COUNTY","NEBRASKA","31","SOUTHWEST","70","HITCHCOCK","087","","","00000000","","CORN","CORN, GRAIN - YIELD, MEASURED IN BU / ACRE","TOTAL","NOT SPECIFIED","105.3",""
"SURVEY","2011","YEAR","","COUNTY","NEBRASKA","31","SOUTHWEST","70","KEITH","101","","","00000000","","CORN","CORN, GRAIN - YIELD, MEASURED IN BU / ACRE","TOTAL","NOT SPECIFIED","139.7",""
"SURVEY","2011","YEAR","","COUNTY","NEBRASKA","31","SOUTHWEST","70","LINCOLN","111","","","00000000","","CORN","CORN, GRAIN - YIELD, MEASURED IN BU / ACRE","TOTAL","NOT SPECIFIED","157.7",""
"SURVEY","2011","YEAR","","COUNTY","NEBRASKA","31","SOUTHWEST","70","PERKINS","135","","","00000000","","CORN","CORN, GRAIN - YIELD, MEASURED IN BU / ACRE","TOTAL","NOT SPECIFIED","117.3",""
"SURVEY","2011","YEAR","","COUNTY","NEBRASKA","31","SOUTHWEST","70","RED WILLOW","145","","","00000000","","CORN","CORN, GRAIN - YIELD, MEASURED IN BU / ACRE","TOTAL","NOT SPECIFIED","119",""
"SURVEY","2010","YEAR","","COUNTY","IOWA","19","CENTRAL","50","BOONE","015","","","00000000","","CORN","CORN, GRAIN - YIELD, MEASURED IN BU / ACRE","TOTAL","NOT SPECIFIED","162.5",""
"SURVEY","2010","YEAR","","COUNTY","IOWA","19","CENTRAL","50","DALLAS","049","","","00000000","","CORN","CORN, GRAIN - YIELD, MEASURED IN BU / ACRE","TOTAL","NOT SPECIFIED","141.9",""
"SURVEY","2010","YEAR","","COUNTY","IOWA","19","CENTRAL","50","GRUNDY","075","","","00000000","","CORN","CORN, GRAIN - YIELD, MEASURED IN BU / ACRE","TOTAL","NOT SPECIFIED","192.9",""
"SURVEY","2010","YEAR","","COUNTY","IOWA","19","CENTRAL","50","HAMILTON","079","","","00000000","","CORN","CORN, GRAIN - YIELD, MEASURED IN BU / ACRE","TOTAL","NOT SPECIFIED","169.6",""
"SURVEY","2010","YEAR","","COUNTY","IOWA","19","CENTRAL","50","HARDIN","083","","","00000000","","CORN","CORN, GRAIN - YIELD, MEASURED IN BU / ACRE","TOTAL","NOT SPECIFIED","185.8",""
"SURVEY","2010","YEAR","","COUNTY","IOWA","19","CENTRAL","50","JASPER","099","","","00000000","","CORN","CORN, GRAIN - YIELD, MEASURED IN BU / ACRE","TOTAL","NOT SPECIFIED","152.7",""
"SURVEY","2010","YEAR","","COUNTY","IOWA","19","CENTRAL","50","MARSHALL","127","","","00000000","","CORN","CORN, GRAIN - YIELD, MEASURED IN BU / ACRE","TOTAL","NOT SPECIFIED","183.3",""
"SURVEY","2010","YEAR","","COUNTY","IOWA","19","CENTRAL","50","POLK","153","","","00000000","","CORN","CORN, GRAIN - YIELD, MEASURED IN BU / ACRE","TOTAL","NOT SPECIFIED","139.4",""
"SURVEY","2010","YEAR","","COUNTY","IOWA","19","CENTRAL","50","POWESHIEK","157","","","00000000","","CORN","CORN, GRAIN - YIELD, MEASURED IN BU / ACRE","TOTAL","NOT SPECIFIED","153.2",""
"SURVEY","2010","YEAR","","COUNTY","IOWA","19","CENTRAL","50","STORY","169","","","00000000","","CORN","CORN, GRAIN - YIELD, MEASURED IN BU / ACRE","TOTAL","NOT SPECIFIED","163.9",""
"SURVEY","2010","YEAR","","COUNTY","IOWA","19","CENTRAL","50","TAMA","171","","","00000000","","CORN","CORN, GRAIN - YIELD, MEASURED IN BU / ACRE","TOTAL","NOT SPECIFIED","176.7",""
"SURVEY","2010","YEAR","","COUNTY","IOWA","19","CENTRAL","50","WEBSTER","187","","","00000000","","CORN","CORN, GRAIN - YIELD, MEASURED IN BU / ACRE","TOTAL","NOT SPECIFIED","168.4",""
"SURVEY","2010","YEAR","","COUNTY","IOWA","19","EAST CENTRAL","60","BENTON","011","","","00000000","","CORN","CORN, GRAIN - YIELD, MEASURED IN BU / ACRE","TOTAL","NOT SPECIFIED","179",""
"SURVEY","2010","YEAR","","COUNTY","IOWA","19","EAST CENTRAL","60","CEDAR","031","","","00000000","","CORN","CORN, GRAIN - YIELD, MEASURED IN BU / ACRE","TOTAL","NOT SPECIFIED","174.4",""
"SURVEY","2010","YEAR","","COUNTY","IOWA","19","EAST CENTRAL","60","CLINTON","045","","","00000000","","CORN","CORN, GRAIN - YIELD, MEASURED IN BU / ACRE","TOTAL","NOT SPECIFIED","171.2",""
"SURVEY","2010","YEAR","","COUNTY","IOWA","19","EAST CENTRAL","60","IOWA","095","","","00000000","","CORN","CORN, GRAIN - YIELD, MEASURED IN BU / ACRE","TOTAL","NOT SPECIFIED","158.5",""
"SURVEY","2010","YEAR","","COUNTY","IOWA","19","EAST CENTRAL","60","JACKSON","097","","","00000000","","CORN","CORN, GRAIN - YIELD, MEASURED IN BU / ACRE","TOTAL","NOT SPECIFIED","157.2",""
"SURVEY","2010","YEAR","","COUNTY","IOWA","19","EAST CENTRAL","60","JOHNSON","103","","","00000000","","CORN","CORN, GRAIN - YIELD, MEASURED IN BU / ACRE","TOTAL","NOT SPECIFIED","150.9",""
"SURVEY","2010","YEAR","","COUNTY","IOWA","19","EAST CENTRAL","60","JONES","105","","","00000000","","CORN","CORN, GRAIN - YIELD, MEASURED IN BU / ACRE","TOTAL","NOT SPECIFIED","168.9",""
"SURVEY","2010","YEAR","","COUNTY","IOWA","19","EAST CENTRAL","60","LINN","113","","","00000000","","CORN","CORN, GRAIN - YIELD, MEASURED IN BU / ACRE","TOTAL","NOT SPECIFIED","170.3",""
"SURVEY","2010","YEAR","","COUNTY","IOWA","19","EAST CENTRAL","60","MUSCATINE","139","","","00000000","","CORN","CORN, GRAIN - YIELD, MEASURED IN BU / ACRE","TOTAL","NOT SPECIFIED","144.8",""
"SURVEY","2010","YEAR","","COUNTY","IOWA","19","EAST CENTRAL","60","SCOTT","163","","","00000000","","CORN","CORN, GRAIN - YIELD, MEASURED IN BU / ACRE","TOTAL","NOT SPECIFIED","151.9",""
"SURVEY","2010","YEAR","","COUNTY","IOWA","19","NORTH CENTRAL","20","BUTLER","023","","","00000000","","CORN","CORN, GRAIN - YIELD, MEASURED IN BU / ACRE","TOTAL","NOT SPECIFIED","180.5",""
"SURVEY","2010","YEAR","","COUNTY","IOWA","19","NORTH CENTRAL","20","CERRO GORDO","033","","","00000000","","CORN","CORN, GRAIN - YIELD, MEASURED IN BU / ACRE","TOTAL","NOT SPECIFIED","173",""
"SURVEY","2010","YEAR","","COUNTY","IOWA","19","NORTH CENTRAL","20","FLOYD","067","","","00000000","","CORN","CORN, GRAIN - YIELD, MEASURED IN BU / ACRE","TOTAL","NOT SPECIFIED","177.8",""
"SURVEY","2010","YEAR","","COUNTY","IOWA","19","NORTH CENTRAL","20","FRANKLIN","069","","","00000000","","CORN","CORN, GRAIN - YIELD, MEASURED IN BU / ACRE","TOTAL","NOT SPECIFIED","168",""
"SURVEY","2010","YEAR","","COUNTY","IOWA","19","NORTH CENTRAL","20","HANCOCK","081","","","00000000","","CORN","CORN, GRAIN - YIELD, MEASURED IN BU / ACRE","TOTAL","NOT SPECIFIED","176.9",""
"SURVEY","2010","YEAR","","COUNTY","IOWA","19","NORTH CENTRAL","20","HUMBOLDT","091","","","00000000","","CORN","CORN, GRAIN - YIELD, MEASURED IN BU / ACRE","TOTAL","NOT SPECIFIED","153.2",""
"SURVEY","2010","YEAR","","COUNTY","IOWA","19","NORTH CENTRAL","20","KOSSUTH","109","","","00000000","","CORN","CORN, GRAIN - YIELD, MEASURED IN BU / ACRE","TOTAL","NOT SPECIFIED","184",""
"SURVEY","2010","YEAR","","COUNTY","IOWA","19","NORTH CENTRAL","20","MITCHELL","131","","","00000000","","CORN","CORN, GRAIN - YIELD, MEASURED IN BU / ACRE","TOTAL","NOT SPECIFIED","190.5",""
"SURVEY","2010","YEAR","","COUNTY","IOWA","19","NORTH CENTRAL","20","WINNEBAGO","189","","","00000000","","CORN","CORN, GRAIN - YIELD, MEASURED IN BU / ACRE","TOTAL","NOT SPECIFIED","184.1",""
"SURVEY","2010","YEAR","","COUNTY","IOWA","19","NORTH CENTRAL","20","WORTH","195","","","00000000","","CORN","CORN, GRAIN - YIELD, MEASURED IN BU / ACRE","TOTAL","NOT SPECIFIED","193.2",""
"SURVEY","2010","YEAR","","COUNTY","IOWA","19","NORTH CENTRAL","20","WRIGHT","197","","","00000000","","CORN","CORN, GRAIN - YIELD, MEASURED IN BU / ACRE","TOTAL","NOT SPECIFIED","150",""
"SURVEY","2010","YEAR","","COUNTY","IOWA","19","NORTHEAST","30","ALLAMAKEE","005","","","00000000","","CORN","CORN, GRAIN - YIELD, MEASURED IN BU / ACRE","TOTAL","NOT SPECIFIED","175.8",""
"SURVEY","2010","YEAR","","COUNTY","IOWA","19","NORTHEAST","30","BLACK HAWK","013","","","00000000","","CORN","CORN, GRAIN - YIELD, MEASURED IN BU / ACRE","TOTAL","NOT SPECIFIED","170.4",""
"SURVEY","2010","YEAR","","COUNTY","IOWA","19","NORTHEAST","30","BREMER","017","","","00000000","","CORN","CORN, GRAIN - YIELD, MEASURED IN BU / ACRE","TOTAL","NOT SPECIFIED","174.6",""
"SURVEY","2010","YEAR","","COUNTY","IOWA","19","NORTHEAST","30","BUCHANAN","019","","","00000000","","CORN","CORN, GRAIN - YIELD, MEASURED IN BU / ACRE","TOTAL","NOT SPECIFIED","167.5",""
"SURVEY","2010","YEAR","","COUNTY","IOWA","19","NORTHEAST","30","CHICKASAW","037","","","00000000","","CORN","CORN, GRAIN - YIELD, MEASURED IN BU / ACRE","TOTAL","NOT SPECIFIED","182",""
"SURVEY","2010","YEAR","","COUNTY","IOWA","19","NORTHEAST","30","CLAYTON","043","","","00000000","","CORN","CORN, GRAIN - YIELD, MEASURED IN BU / ACRE","TOTAL","NOT SPECIFIED","176.9",""
"SURVEY","2010","YEAR","","COUNTY","IOWA","19","NORTHEAST","30","DELAWARE","055","","","00000000","","CORN","CORN, GRAIN - YIELD, MEASURED IN BU / ACRE","TOTAL","NOT SPECIFIED","175.8",""
"SURVEY","2010","YEAR","","COUNTY","IOWA","19","NORTHEAST","30","DUBUQUE","061","","","00000000","","CORN","CORN, GRAIN - YIELD, MEASURED IN BU / ACRE","TOTAL","NOT SPECIFIED","170.4",""
"SURVEY","2010","YEAR","","COUNTY","IOWA","19","NORTHEAST","30","FAYETTE","065","","","00000000","","CORN","CORN, GRAIN - YIELD, MEASURED IN BU / ACRE","TOTAL","NOT SPECIFIED","166.5",""
"SURVEY","2010","YEAR","","COUNTY","IOWA","19","NORTHEAST","30","HOWARD","089","","","00000000","","CORN","CORN, GRAIN - YIELD, MEASURED IN BU / ACRE","TOTAL","NOT SPECIFIED","191.4",""
"SURVEY","2010","YEAR","","COUNTY","IOWA","19","NORTHEAST","30","WINNESHIEK","191","","","00000000","","CORN","CORN, GRAIN - YIELD, MEASURED IN BU / ACRE","TOTAL","NOT SPECIFIED","190.5",""
"SURVEY","2010","YEAR","","COUNTY","IOWA","19","NORTHWEST","10","BUENA VISTA","021","","","00000000","","CORN","CORN, GRAIN - YIELD, MEASURED IN BU / ACRE","TOTAL","NOT SPECIFIED","178.3",""
"SURVEY","2010","YEAR","","COUNTY","IOWA","19","NORTHWEST","10","CHEROKEE","035","","","00000000","","CORN","CORN, GRAIN - YIELD, MEASURED IN BU / ACRE","TOTAL","NOT SPECIFIED","186.9",""
"SURVEY","2010","YEAR","","COUNTY","IOWA","19","NORTHWEST","10","CLAY","041","","","00000000","","CORN","CORN, GRAIN - YIELD, MEASURED IN BU / ACRE","TOTAL","NOT SPECIFIED","177.6",""
"SURVEY","2010","YEAR","","COUNTY","IOWA","19","NORTHWEST","10","DICKINSON","059","","","00000000","","CORN","CORN, GRAIN - YIELD, MEASURED IN BU / ACRE","TOTAL","NOT SPECIFIED","181",""
"SURVEY","2010","YEAR","","COUNTY","IOWA","19","NORTHWEST","10","EMMET","063","","","00000000","","CORN","CORN, GRAIN - YIELD, MEASURED IN BU / ACRE","TOTAL","NOT SPECIFIED","183.1",""
"SURVEY","2010","YEAR","","COUNTY","IOWA","19","NORTHWEST","10","LYON","119","","","00000000","","CORN","CORN, GRAIN - YIELD, MEASURED IN BU / ACRE","TOTAL","NOT SPECIFIED","195.2",""
"SURVEY","2010","YEAR","","COUNTY","IOWA","19","NORTHWEST","10","O BRIEN","141","","","00000000","","CORN","CORN, GRAIN - YIELD, MEASURED IN BU / ACRE","TOTAL","NOT SPECIFIED","190.7",""
"SURVEY","2010","YEAR","","COUNTY","IOWA","19","NORTHWEST","10","OSCEOLA","143","","","00000000","","CORN","CORN, GRAIN - YIELD, MEASURED IN BU / ACRE","TOTAL","NOT SPECIFIED","192.7",""
"SURVEY","2010","YEAR","","COUNTY","IOWA","19","NORTHWEST","10","PALO ALTO","147","","","00000000","","CORN","CORN, GRAIN - YIELD, MEASURED IN BU / ACRE","TOTAL","NOT SPECIFIED","174",""
"SURVEY","2010","YEAR","","COUNTY","IOWA","19","NORTHWEST","10","PLYMOUTH","149","","","00000000","","CORN","CORN, GRAIN - YIELD, MEASURED IN BU / ACRE","TOTAL","NOT SPECIFIED","184.7",""
"SURVEY","2010","YEAR","","COUNTY","IOWA","19","NORTHWEST","10","POCAHONTAS","151","","","00000000","","CORN","CORN, GRAIN - YIELD, MEASURED IN BU / ACRE","TOTAL","NOT SPECIFIED","172.6",""
"SURVEY","2010","YEAR","","COUNTY","IOWA","19","NORTHWEST","10","SIOUX","167","","","00000000","","CORN","CORN, GRAIN - YIELD, MEASURED IN BU / ACRE","TOTAL","NOT SPECIFIED","196.5",""
"SURVEY","2010","YEAR","","COUNTY","IOWA","19","SOUTH CENTRAL","80","APPANOOSE","007","","","00000000","","CORN","CORN, GRAIN - YIELD, MEASURED IN BU / ACRE","TOTAL","NOT SPECIFIED","75.2",""
"SURVEY","2010","YEAR","","COUNTY","IOWA","19","SOUTH CENTRAL","80","CLARKE","039","","","00000000","","CORN","CORN, GRAIN - YIELD, MEASURED IN BU / ACRE","TOTAL","NOT SPECIFIED","84.5",""
"SURVEY","2010","YEAR","","COUNTY","IOWA","19","SOUTH CENTRAL","80","DECATUR","053","","","00000000","","CORN","CORN, GRAIN - YIELD, MEASURED IN BU / ACRE","TOTAL","NOT SPECIFIED","94.3",""
"SURVEY","2010","YEAR","","COUNTY","IOWA","19","SOUTH CENTRAL","80","LUCAS","117","","","00000000","","CORN","CORN, GRAIN - YIELD, MEASURED IN BU / ACRE","TOTAL","NOT SPECIFIED","71.2",""
"SURVEY","2010","YEAR","","COUNTY","IOWA","19","SOUTH CENTRAL","80","MADISON","121","","","00000000","","CORN","CORN, GRAIN - YIELD, MEASURED IN BU / ACRE","TOTAL","NOT SPECIFIED","124.6",""
"SURVEY","2010","YEAR","","COUNTY","IOWA","19","SOUTH CENTRAL","80","MARION","125","","","00000000","","CORN","CORN, GRAIN - YIELD, MEASURED IN BU / ACRE","TOTAL","NOT SPECIFIED","112.7",""
"SURVEY","2010","YEAR","","COUNTY","IOWA","19","SOUTH CENTRAL","80","MONROE","135","","","00000000","","CORN","CORN, GRAIN - YIELD, MEASURED IN BU / ACRE","TOTAL","NOT SPECIFIED","77.4",""
"SURVEY","2010","YEAR","","COUNTY","IOWA","19","SOUTH CENTRAL","80","RINGGOLD","159","","","00000000","","CORN","CORN, GRAIN - YIELD, MEASURED IN BU / ACRE","TOTAL","NOT SPECIFIED","94.1",""
"SURVEY","2010","YEAR","","COUNTY","IOWA","19","SOUTH CENTRAL","80","UNION","175","","","00000000","","CORN","CORN, GRAIN - YIELD, MEASURED IN BU / ACRE","TOTAL","NOT SPECIFIED","113.2",""
"SURVEY","2010","YEAR","","COUNTY","IOWA","19","SOUTH CENTRAL","80","WARREN","181","","","00000000","","CORN","CORN, GRAIN - YIELD, MEASURED IN BU / ACRE","TOTAL","NOT SPECIFIED","102.4",""
"SURVEY","2010","YEAR","","COUNTY","IOWA","19","SOUTH CENTRAL","80","WAYNE","185","","","00000000","","CORN","CORN, GRAIN - YIELD, MEASURED IN BU / ACRE","TOTAL","NOT SPECIFIED","73.1",""
"SURVEY","2010","YEAR","","COUNTY","IOWA","19","SOUTHEAST","90","DAVIS","051","","","00000000","","CORN","CORN, GRAIN - YIELD, MEASURED IN BU / ACRE","TOTAL","NOT SPECIFIED","84",""
"SURVEY","2010","YEAR","","COUNTY","IOWA","19","SOUTHEAST","90","DES MOINES","057","","","00000000","","CORN","CORN, GRAIN - YIELD, MEASURED IN BU / ACRE","TOTAL","NOT SPECIFIED","112.1",""
"SURVEY","2010","YEAR","","COUNTY","IOWA","19","SOUTHEAST","90","HENRY","087","","","00000000","","CORN","CORN, GRAIN - YIELD, MEASURED IN BU / ACRE","TOTAL","NOT SPECIFIED","109",""
"SURVEY","2010","YEAR","","COUNTY","IOWA","19","SOUTHEAST","90","JEFFERSON","101","","","00000000","","CORN","CORN, GRAIN - YIELD, MEASURED IN BU / ACRE","TOTAL","NOT SPECIFIED","98.5",""
"SURVEY","2010","YEAR","","COUNTY","IOWA","19","SOUTHEAST","90","KEOKUK","107","","","00000000","","CORN","CORN, GRAIN - YIELD, MEASURED IN BU / ACRE","TOTAL","NOT SPECIFIED","111.2",""
"SURVEY","2010","YEAR","","COUNTY","IOWA","19","SOUTHEAST","90","LEE","111","","","00000000","","CORN","CORN, GRAIN - YIELD, MEASURED IN BU / ACRE","TOTAL","NOT SPECIFIED","103.2",""
"SURVEY","2010","YEAR","","COUNTY","IOWA","19","SOUTHEAST","90","LOUISA","115","","","00000000","","CORN","CORN, GRAIN - YIELD, MEASURED IN BU / ACRE","TOTAL","NOT SPECIFIED","125.1",""
"SURVEY","2010","YEAR","","COUNTY","IOWA","19","SOUTHEAST","90","MAHASKA","123","","","00000000","","CORN","CORN, GRAIN - YIELD, MEASURED IN BU / ACRE","TOTAL","NOT SPECIFIED","116.6",""
"SURVEY","2010","YEAR","","COUNTY","IOWA","19","SOUTHEAST","90","VAN BUREN","177","","","00000000","","CORN","CORN, GRAIN - YIELD, MEASURED IN BU / ACRE","TOTAL","NOT SPECIFIED","90.8",""
"SURVEY","2010","YEAR","","COUNTY","IOWA","19","SOUTHEAST","90","WAPELLO","179","","","00000000","","CORN","CORN, GRAIN - YIELD, MEASURED IN BU / ACRE","TOTAL","NOT SPECIFIED","100.2",""
"SURVEY","2010","YEAR","","COUNTY","IOWA","19","SOUTHEAST","90","WASHINGTON","183","","","00000000","","CORN","CORN, GRAIN - YIELD, MEASURED IN BU / ACRE","TOTAL","NOT SPECIFIED","132.5",""
"SURVEY","2010","YEAR","","COUNTY","IOWA","19","SOUTHWEST","70","ADAIR","001","","","00000000","","CORN","CORN, GRAIN - YIELD, MEASURED IN BU / ACRE","TOTAL","NOT SPECIFIED","139.1",""
"SURVEY","2010","YEAR","","COUNTY","IOWA","19","SOUTHWEST","70","ADAMS","003","","","00000000","","CORN","CORN, GRAIN - YIELD, MEASURED IN BU / ACRE","TOTAL","NOT SPECIFIED","139.3",""
"SURVEY","2010","YEAR","","COUNTY","IOWA","19","SOUTHWEST","70","CASS","029","","","00000000","","CORN","CORN, GRAIN - YIELD, MEASURED IN BU / ACRE","TOTAL","NOT SPECIFIED","155.1",""
"SURVEY","2010","YEAR","","COUNTY","IOWA","19","SOUTHWEST","70","FREMONT","071","","","00000000","","CORN","CORN, GRAIN - YIELD, MEASURED IN BU / ACRE","TOTAL","NOT SPECIFIED","152.7",""
"SURVEY","2010","YEAR","","COUNTY","IOWA","19","SOUTHWEST","70","MILLS","129","","","00000000","","CORN","CORN, GRAIN - YIELD, MEASURED IN BU / ACRE","TOTAL","NOT SPECIFIED","160.2",""
"SURVEY","2010","YEAR","","COUNTY","IOWA","19","SOUTHWEST","70","MONTGOMERY","137","","","00000000","","CORN","CORN, GRAIN - YIELD, MEASURED IN BU / ACRE","TOTAL","NOT SPECIFIED","157",""
"SURVEY","2010","YEAR","","COUNTY","IOWA","19","SOUTHWEST","70","PAGE","145","","","00000000","","CORN","CORN, GRAIN - YIELD, MEASURED IN BU / ACRE","TOTAL","NOT SPECIFIED","150.1",""
"SURVEY","2010","YEAR","","COUNTY","IOWA","19","SOUTHWEST","70","POTTAWATTAMIE","155","","","00000000","","CORN","CORN, GRAIN - YIELD, MEASURED IN BU / ACRE","TOTAL","NOT SPECIFIED","164.8",""
"SURVEY","2010","YEAR","","COUNTY","IOWA","19","SOUTHWEST","70","TAYLOR","173","","","00000000","","CORN","CORN, GRAIN - YIELD, MEASURED IN BU / ACRE","TOTAL","NOT SPECIFIED","122.2",""
"SURVEY","2010","YEAR","","COUNTY","IOWA","19","WEST CENTRAL","40","AUDUBON","009","","","00000000","","CORN","CORN, GRAIN - YIELD, MEASURED IN BU / ACRE","TOTAL","NOT SPECIFIED","160.3",""
"SURVEY","2010","YEAR","","COUNTY","IOWA","19","WEST CENTRAL","40","CALHOUN","025","","","00000000","","CORN","CORN, GRAIN - YIELD, MEASURED IN BU / ACRE","TOTAL","NOT SPECIFIED","173.3",""
"SURVEY","2010","YEAR","","COUNTY","IOWA","19","WEST CENTRAL","40","CARROLL","027","","","00000000","","CORN","CORN, GRAIN - YIELD, MEASURED IN BU / ACRE","TOTAL","NOT SPECIFIED","182",""
"SURVEY","2010","YEAR","","COUNTY","IOWA","19","WEST CENTRAL","40","CRAWFORD","047","","","00000000","","CORN","CORN, GRAIN - YIELD, MEASURED IN BU / ACRE","TOTAL","NOT SPECIFIED","185.8",""
"SURVEY","2010","YEAR","","COUNTY","IOWA","19","WEST CENTRAL","40","GREENE","073","","","00000000","","CORN","CORN, GRAIN - YIELD, MEASURED IN BU / ACRE","TOTAL","NOT SPECIFIED","167.3",""
"SURVEY","2010","YEAR","","COUNTY","IOWA","19","WEST CENTRAL","40","GUTHRIE","077","","","00000000","","CORN","CORN, GRAIN - YIELD, MEASURED IN BU / ACRE","TOTAL","NOT SPECIFIED","141.3",""
"SURVEY","2010","YEAR","","COUNTY","IOWA","19","WEST CENTRAL","40","HARRISON","085","","","00000000","","CORN","CORN, GRAIN - YIELD, MEASURED IN BU / ACRE","TOTAL","NOT SPECIFIED","159.4",""
"SURVEY","2010","YEAR","","COUNTY","IOWA","19","WEST CENTRAL","40","IDA","093","","","00000000","","CORN","CORN, GRAIN - YIELD, MEASURED IN BU / ACRE","TOTAL","NOT SPECIFIED","191.8",""
"SURVEY","2010","YEAR","","COUNTY","IOWA","19","WEST CENTRAL","40","MONONA","133","","","00000000","","CORN","CORN, GRAIN - YIELD, MEASURED IN BU / ACRE","TOTAL","NOT SPECIFIED","168.7",""
"SURVEY","2010","YEAR","","COUNTY","IOWA","19","WEST CENTRAL","40","SAC","161","","","00000000","","CORN","CORN, GRAIN - YIELD, MEASURED IN BU / ACRE","TOTAL","NOT SPECIFIED","189.7",""
"SURVEY","2010","YEAR","","COUNTY","IOWA","19","WEST CENTRAL","40","SHELBY","165","","","00000000","","CORN","CORN, GRAIN - YIELD, MEASURED IN BU / ACRE","TOTAL","NOT SPECIFIED","171.6",""
"SURVEY","2010","YEAR","","COUNTY","IOWA","19","WEST CENTRAL","40","WOODBURY","193","","","00000000","","CORN","CORN, GRAIN - YIELD, MEASURED IN BU / ACRE","TOTAL","NOT SPECIFIED","164.3",""
"SURVEY","2010","YEAR","","COUNTY","NEBRASKA","31","CENTRAL","50","BUFFALO","019","","","00000000","","CORN","CORN, GRAIN - YIELD, MEASURED IN BU / ACRE","TOTAL","NOT SPECIFIED","180.8",""
"SURVEY","2010","YEAR","","COUNTY","NEBRASKA","31","CENTRAL","50","CUSTER","041","","","00000000","","CORN","CORN, GRAIN - YIELD, MEASURED IN BU / ACRE","TOTAL","NOT SPECIFIED","171.9",""
"SURVEY","2010","YEAR","","COUNTY","NEBRASKA","31","CENTRAL","50","DAWSON","047","","","00000000","","CORN","CORN, GRAIN - YIELD, MEASURED IN BU / ACRE","TOTAL","NOT SPECIFIED","175.6",""
"SURVEY","2010","YEAR","","COUNTY","NEBRASKA","31","CENTRAL","50","GREELEY","077","","","00000000","","CORN","CORN, GRAIN - YIELD, MEASURED IN BU / ACRE","TOTAL","NOT SPECIFIED","163.7",""
"SURVEY","2010","YEAR","","COUNTY","NEBRASKA","31","CENTRAL","50","HALL","079","","","00000000","","CORN","CORN, GRAIN - YIELD, MEASURED IN BU / ACRE","TOTAL","NOT SPECIFIED","180.6",""
"SURVEY","2010","YEAR","","COUNTY","NEBRASKA","31","CENTRAL","50","HOWARD","093","","","00000000","","CORN","CORN, GRAIN - YIELD, MEASURED IN BU / ACRE","TOTAL","NOT SPECIFIED","171.9",""
"SURVEY","2010","YEAR","","COUNTY","NEBRASKA","31","CENTRAL","50","SHERMAN","163","","","00000000","","CORN","CORN, GRAIN - YIELD, MEASURED IN BU / ACRE","TOTAL","NOT SPECIFIED","171.7",""
"SURVEY","2010","YEAR","","COUNTY","NEBRASKA","31","CENTRAL","50","VALLEY","175","","","00000000","","CORN","CORN, GRAIN - YIELD, MEASURED IN BU / ACRE","TOTAL","NOT SPECIFIED","173.1",""
"SURVEY","2010","YEAR","","COUNTY","NEBRASKA","31","EAST","60","BUTLER","023","","","00000000","","CORN","CORN, GRAIN - YIELD, MEASURED IN BU / ACRE","TOTAL","NOT SPECIFIED","168.6",""
"SURVEY","2010","YEAR","","COUNTY","NEBRASKA","31","EAST","60","CASS","025","","","00000000","","CORN","CORN, GRAIN - YIELD, MEASURED IN BU / ACRE","TOTAL","NOT SPECIFIED","146.5",""
"SURVEY","2010","YEAR","","COUNTY","NEBRASKA","31","EAST","60","COLFAX","037","","","00000000","","CORN","CORN, GRAIN - YIELD, MEASURED IN BU / ACRE","TOTAL","NOT SPECIFIED","158.1",""
"SURVEY","2010","YEAR","","COUNTY","NEBRASKA","31","EAST","60","DODGE","053","","","00000000","","CORN","CORN, GRAIN - YIELD, MEASURED IN BU / ACRE","TOTAL","NOT SPECIFIED","156.4",""
"SURVEY","2010","YEAR","","COUNTY","NEBRASKA","31","EAST","60","DOUGLAS","055","","","00000000","","CORN","CORN, GRAIN - YIELD, MEASURED IN BU / ACRE","TOTAL","NOT SPECIFIED","140.3",""
"SURVEY","2010","YEAR","","COUNTY","NEBRASKA","31","EAST","60","HAMILTON","081","","","00000000","","CORN","CORN, GRAIN - YIELD, MEASURED IN BU / ACRE","TOTAL","NOT SPECIFIED","189.2",""
"SURVEY","2010","YEAR","","COUNTY","NEBRASKA","31","EAST","60","LANCASTER","109","","","00000000","","CORN","CORN, GRAIN - YIELD, MEASURED IN BU / ACRE","TOTAL","NOT SPECIFIED","145.8",""
"SURVEY","2010","YEAR","","COUNTY","NEBRASKA","31","EAST","60","MERRICK","121","","","00000000","","CORN","CORN, GRAIN - YIELD, MEASURED IN BU / ACRE","TOTAL","NOT SPECIFIED","169.2",""
"SURVEY","2010","YEAR","","COUNTY","NEBRASKA","31","EAST","60","NANCE","125","","","00000000","","CORN","CORN, GRAIN - YIELD, MEASURED IN BU / ACRE","TOTAL","NOT SPECIFIED","160.2",""
"SURVEY","2010","YEAR","","COUNTY","NEBRASKA","31","EAST","60","PLATTE","141","","","00000000","","CORN","CORN, GRAIN - YIELD, MEASURED IN BU / ACRE","TOTAL","NOT SPECIFIED","176.6",""
"SURVEY","2010","YEAR","","COUNTY","NEBRASKA","31","EAST","60","POLK","143","","","00000000","","CORN","CORN, GRAIN - YIELD, MEASURED IN BU / ACRE","TOTAL","NOT SPECIFIED","170.1",""
"SURVEY","2010","YEAR","","COUNTY","NEBRASKA","31","EAST","60","SARPY","153","","","00000000","","CORN","CORN, GRAIN - YIELD, MEASURED IN BU / ACRE","TOTAL","NOT SPECIFIED","152.9",""
"SURVEY","2010","YEAR","","COUNTY","NEBRASKA","31","EAST","60","SAUNDERS","155","","","00000000","","CORN","CORN, GRAIN - YIELD, MEASURED IN BU / ACRE","TOTAL","NOT SPECIFIED","158.1",""
"SURVEY","2010","YEAR","","COUNTY","NEBRASKA","31","EAST","60","SEWARD","159","","","00000000","","CORN","CORN, GRAIN - YIELD, MEASURED IN BU / ACRE","TOTAL","NOT SPECIFIED","162.3",""
"SURVEY","2010","YEAR","","COUNTY","NEBRASKA","31","EAST","60","WASHINGTON","177","","","00000000","","CORN","CORN, GRAIN - YIELD, MEASURED IN BU / ACRE","TOTAL","NOT SPECIFIED","163.3",""
"SURVEY","2010","YEAR","","COUNTY","NEBRASKA","31","EAST","60","YORK","185","","","00000000","","CORN","CORN, GRAIN - YIELD, MEASURED IN BU / ACRE","TOTAL","NOT SPECIFIED","187.7",""
"SURVEY","2010","YEAR","","COUNTY","NEBRASKA","31","NORTH","20","BOYD","015","","","00000000","","CORN","CORN, GRAIN - YIELD, MEASURED IN BU / ACRE","TOTAL","NOT SPECIFIED","140.5",""
"SURVEY","2010","YEAR","","COUNTY","NEBRASKA","31","NORTH","20","BROWN","017","","","00000000","","CORN","CORN, GRAIN - YIELD, MEASURED IN BU / ACRE","TOTAL","NOT SPECIFIED","188.8",""
"SURVEY","2010","YEAR","","COUNTY","NEBRASKA","31","NORTH","20","CHERRY","031","","","00000000","","CORN","CORN, GRAIN - YIELD, MEASURED IN BU / ACRE","TOTAL","NOT SPECIFIED","164.3",""
"SURVEY","2010","YEAR","","COUNTY","NEBRASKA","31","NORTH","20","GARFIELD","071","","","00000000","","CORN","CORN, GRAIN - YIELD, MEASURED IN BU / ACRE","TOTAL","NOT SPECIFIED","154.2",""
"SURVEY","2010","YEAR","","COUNTY","NEBRASKA","31","NORTH","20","HOLT","089","","","00000000","","CORN","CORN, GRAIN - YIELD, MEASURED IN BU / ACRE","TOTAL","NOT SPECIFIED","158.5",""
"SURVEY","2010","YEAR","","COUNTY","NEBRASKA","31","NORTH","20","KEYA PAHA","103","","","00000000","","CORN","CORN, GRAIN - YIELD, MEASURED IN BU / ACRE","TOTAL","NOT SPECIFIED","170.9",""
"SURVEY","2010","YEAR","","COUNTY","NEBRASKA","31","NORTH","20","LOGAN","113","","","00000000","","CORN","CORN, GRAIN - YIELD, MEASURED IN BU / ACRE","TOTAL","NOT SPECIFIED","153.4",""
"SURVEY","2010","YEAR","","COUNTY","NEBRASKA","31","NORTH","20","LOUP","115","","","00000000","","CORN","CORN, GRAIN - YIELD, MEASURED IN BU / ACRE","TOTAL","NOT SPECIFIED","142.6",""
"SURVEY","2010","YEAR","","COUNTY","NEBRASKA","31","NORTH","20","OTHER (COMBINED) COUNTIES","","","","00000000","","CORN","CORN, GRAIN - YIELD, MEASURED IN BU / ACRE","TOTAL","NOT SPECIFIED","155.6",""
"SURVEY","2010","YEAR","","COUNTY","NEBRASKA","31","NORTH","20","ROCK","149","","","00000000","","CORN","CORN, GRAIN - YIELD, MEASURED IN BU / ACRE","TOTAL","NOT SPECIFIED","173.2",""
"SURVEY","2010","YEAR","","COUNTY","NEBRASKA","31","NORTH","20","WHEELER","183","","","00000000","","CORN","CORN, GRAIN - YIELD, MEASURED IN BU / ACRE","TOTAL","NOT SPECIFIED","152.7",""
"SURVEY","2010","YEAR","","COUNTY","NEBRASKA","31","NORTHEAST","30","ANTELOPE","003","","","00000000","","CORN","CORN, GRAIN - YIELD, MEASURED IN BU / ACRE","TOTAL","NOT SPECIFIED","180.5",""
"SURVEY","2010","YEAR","","COUNTY","NEBRASKA","31","NORTHEAST","30","BOONE","011","","","00000000","","CORN","CORN, GRAIN - YIELD, MEASURED IN BU / ACRE","TOTAL","NOT SPECIFIED","170.9",""
"SURVEY","2010","YEAR","","COUNTY","NEBRASKA","31","NORTHEAST","30","BURT","021","","","00000000","","CORN","CORN, GRAIN - YIELD, MEASURED IN BU / ACRE","TOTAL","NOT SPECIFIED","160",""
"SURVEY","2010","YEAR","","COUNTY","NEBRASKA","31","NORTHEAST","30","CEDAR","027","","","00000000","","CORN","CORN, GRAIN - YIELD, MEASURED IN BU / ACRE","TOTAL","NOT SPECIFIED","178.6",""
"SURVEY","2010","YEAR","","COUNTY","NEBRASKA","31","NORTHEAST","30","CUMING","039","","","00000000","","CORN","CORN, GRAIN - YIELD, MEASURED IN BU / ACRE","TOTAL","NOT SPECIFIED","183.8",""
"SURVEY","2010","YEAR","","COUNTY","NEBRASKA","31","NORTHEAST","30","DAKOTA","043","","","00000000","","CORN","CORN, GRAIN - YIELD, MEASURED IN BU / ACRE","TOTAL","NOT SPECIFIED","179.8",""
"SURVEY","2010","YEAR","","COUNTY","NEBRASKA","31","NORTHEAST","30","DIXON","051","","","00000000","","CORN","CORN, GRAIN - YIELD, MEASURED IN BU / ACRE","TOTAL","NOT SPECIFIED","183.4",""
"SURVEY","2010","YEAR","","COUNTY","NEBRASKA","31","NORTHEAST","30","KNOX","107","","","00000000","","CORN","CORN, GRAIN - YIELD, MEASURED IN BU / ACRE","TOTAL","NOT SPECIFIED","164.7",""
"SURVEY","2010","YEAR","","COUNTY","NEBRASKA","31","NORTHEAST","30","MADISON","119","","","00000000","","CORN","CORN, GRAIN - YIELD, MEASURED IN BU / ACRE","TOTAL","NOT SPECIFIED","168.6",""
"SURVEY","2010","YEAR","","COUNTY","NEBRASKA","31","NORTHEAST","30","PIERCE","139","","","00000000","","CORN","CORN, GRAIN - YIELD, MEASURED IN BU / ACRE","TOTAL","NOT SPECIFIED","176.2",""
"SURVEY","2010","YEAR","","COUNTY","NEBRASKA","31","NORTHEAST","30","STANTON","167","","","00000000","","CORN","CORN, GRAIN - YIELD, MEASURED IN BU / ACRE","TOTAL","NOT SPECIFIED","173",""
"SURVEY","2010","YEAR","","COUNTY","NEBRASKA","31","NORTHEAST","30","THURSTON","173","","","00000000","","CORN","CORN, GRAIN - YIELD, MEASURED IN BU / ACRE","TOTAL","NOT SPECIFIED","174.1",""
"SURVEY","2010","YEAR","","COUNTY","NEBRASKA","31","NORTHEAST","30","WAYNE","179","","","00000000","","CORN","CORN, GRAIN - YIELD, MEASURED IN BU / ACRE","TOTAL","NOT SPECIFIED","183",""
"SURVEY","2010","YEAR","","COUNTY","NEBRASKA","31","NORTHWEST","10","BANNER","007","","","00000000","","CORN","CORN, GRAIN - YIELD, MEASURED IN BU / ACRE","TOTAL","NOT SPECIFIED","100",""
"SURVEY","2010","YEAR","","COUNTY","NEBRASKA","31","NORTHWEST","10","BOX BUTTE","013","","","00000000","","CORN","CORN, GRAIN - YIELD, MEASURED IN BU / ACRE","TOTAL","NOT SPECIFIED","152",""
"SURVEY","2010","YEAR","","COUNTY","NEBRASKA","31","NORTHWEST","10","CHEYENNE","033","","","00000000","","CORN","CORN, GRAIN - YIELD, MEASURED IN BU / ACRE","TOTAL","NOT SPECIFIED","130.5",""
"SURVEY","2010","YEAR","","COUNTY","NEBRASKA","31","NORTHWEST","10","DAWES","045","","","00000000","","CORN","CORN, GRAIN - YIELD, MEASURED IN BU / ACRE","TOTAL","NOT SPECIFIED","121.6",""
"SURVEY","2010","YEAR","","COUNTY","NEBRASKA","31","NORTHWEST","10","DEUEL","049","","","00000000","","CORN","CORN, GRAIN - YIELD, MEASURED IN BU / ACRE","TOTAL","NOT SPECIFIED","144.7",""
"SURVEY","2010","YEAR","","COUNTY","NEBRASKA","31","NORTHWEST","10","GARDEN","069","","","00000000","","CORN","CORN, GRAIN - YIELD, MEASURED IN BU / ACRE","TOTAL","NOT SPECIFIED","142.6",""
"SURVEY","2010","YEAR","","COUNTY","NEBRASKA","31","NORTHWEST","10","KIMBALL","105","","","00000000","","CORN","CORN, GRAIN - YIELD, MEASURED IN BU / ACRE","TOTAL","NOT SPECIFIED","101.3",""
"SURVEY","2010","YEAR","","COUNTY","NEBRASKA","31","NORTHWEST","10","MORRILL","123","","","00000000","","CORN","CORN, GRAIN - YIELD, MEASURED IN BU / ACRE","TOTAL","NOT SPECIFIED","155.4",""
"SURVEY","2010","YEAR","","COUNTY","NEBRASKA","31","NORTHWEST","10","SCOTTS BLUFF","157","","","00000000","","CORN","CORN, GRAIN - YIELD, MEASURED IN BU / ACRE","TOTAL","NOT SPECIFIED","159.8",""
"SURVEY","2010","YEAR","","COUNTY","NEBRASKA","31","NORTHWEST","10","SHERIDAN","161","","","00000000","","CORN","CORN, GRAIN - YIELD, MEASURED IN BU / ACRE","TOTAL","NOT SPECIFIED","143.3",""
"SURVEY","2010","YEAR","","COUNTY","NEBRASKA","31","NORTHWEST","10","SIOUX","165","","","00000000","","CORN","CORN, GRAIN - YIELD, MEASURED IN BU / ACRE","TOTAL","NOT SPECIFIED","152.5",""
"SURVEY","2010","YEAR","","COUNTY","NEBRASKA","31","SOUTH","80","ADAMS","001","","","00000000","","CORN","CORN, GRAIN - YIELD, MEASURED IN BU / ACRE","TOTAL","NOT SPECIFIED","186",""
"SURVEY","2010","YEAR","","COUNTY","NEBRASKA","31","SOUTH","80","FRANKLIN","061","","","00000000","","CORN","CORN, GRAIN - YIELD, MEASURED IN BU / ACRE","TOTAL","NOT SPECIFIED","183.1",""
"SURVEY","2010","YEAR","","COUNTY","NEBRASKA","31","SOUTH","80","FURNAS","065","","","00000000","","CORN","CORN, GRAIN - YIELD, MEASURED IN BU / ACRE","TOTAL","NOT SPECIFIED","135.8",""
"SURVEY","2010","YEAR","","COUNTY","NEBRASKA","31","SOUTH","80","GOSPER","073","","","00000000","","CORN","CORN, GRAIN - YIELD, MEASURED IN BU / ACRE","TOTAL","NOT SPECIFIED","180.5",""
"SURVEY","2010","YEAR","","COUNTY","NEBRASKA","31","SOUTH","80","HARLAN","083","","","00000000","","CORN","CORN, GRAIN - YIELD, MEASURED IN BU / ACRE","TOTAL","NOT SPECIFIED","168.5",""
"SURVEY","2010","YEAR","","COUNTY","NEBRASKA","31","SOUTH","80","KEARNEY","099","","","00000000","","CORN","CORN, GRAIN - YIELD, MEASURED IN BU / ACRE","TOTAL","NOT SPECIFIED","189.4",""
"SURVEY","2010","YEAR","","COUNTY","NEBRASKA","31","SOUTH","80","PHELPS","137","","","00000000","","CORN","CORN, GRAIN - YIELD, MEASURED IN BU / ACRE","TOTAL","NOT SPECIFIED","202.4",""
"SURVEY","2010","YEAR","","COUNTY","NEBRASKA","31","SOUTH","80","WEBSTER","181","","","00000000","","CORN","CORN, GRAIN - YIELD, MEASURED IN BU / ACRE","TOTAL","NOT SPECIFIED","158",""
"SURVEY","2010","YEAR","","COUNTY","NEBRASKA","31","SOUTHEAST","90","CLAY","035","","","00000000","","CORN","CORN, GRAIN - YIELD, MEASURED IN BU / ACRE","TOTAL","NOT SPECIFIED","177.5",""
"SURVEY","2010","YEAR","","COUNTY","NEBRASKA","31","SOUTHEAST","90","FILLMORE","059","","","00000000","","CORN","CORN, GRAIN - YIELD, MEASURED IN BU / ACRE","TOTAL","NOT SPECIFIED","179.4",""
"SURVEY","2010","YEAR","","COUNTY","NEBRASKA","31","SOUTHEAST","90","GAGE","067","","","00000000","","CORN","CORN, GRAIN - YIELD, MEASURED IN BU / ACRE","TOTAL","NOT SPECIFIED","134.7",""
"SURVEY","2010","YEAR","","COUNTY","NEBRASKA","31","SOUTHEAST","90","JEFFERSON","095","","","00000000","","CORN","CORN, GRAIN - YIELD, MEASURED IN BU / ACRE","TOTAL","NOT SPECIFIED","151.6",""
"SURVEY","2010","YEAR","","COUNTY","NEBRASKA","31","SOUTHEAST","90","JOHNSON","097","","","00000000","","CORN","CORN, GRAIN - YIELD, MEASURED IN BU / ACRE","TOTAL","NOT SPECIFIED","132.7",""
"SURVEY","2010","YEAR","","COUNTY","NEBRASKA","31","SOUTHEAST","90","NEMAHA","127","","","00000000","","CORN","CORN, GRAIN - YIELD, MEASURED IN BU / ACRE","TOTAL","NOT SPECIFIED","142",""
"SURVEY","2010","YEAR","","COUNTY","NEBRASKA","31","SOUTHEAST","90","NUCKOLLS","129","","","00000000","","CORN","CORN, GRAIN - YIELD, MEASURED IN BU / ACRE","TOTAL","NOT SPECIFIED","146.7",""
"SURVEY","2010","YEAR","","COUNTY","NEBRASKA","31","SOUTHEAST","90","OTOE","131","","","00000000","","CORN","CORN, GRAIN - YIELD, MEASURED IN BU / ACRE","TOTAL","NOT SPECIFIED","131.6",""
"SURVEY","2010","YEAR","","COUNTY","NEBRASKA","31","SOUTHEAST","90","PAWNEE","133","","","00000000","","CORN","CORN, GRAIN - YIELD, MEASURED IN BU / ACRE","TOTAL","NOT SPECIFIED","120.2",""
"SURVEY","2010","YEAR","","COUNTY","NEBRASKA","31","SOUTHEAST","90","RICHARDSON","147","","","00000000","","CORN","CORN, GRAIN - YIELD, MEASURED IN BU / ACRE","TOTAL","NOT SPECIFIED","148.7",""
"SURVEY","2010","YEAR","","COUNTY","NEBRASKA","31","SOUTHEAST","90","SALINE","151","","","00000000","","CORN","CORN, GRAIN - YIELD, MEASURED IN BU / ACRE","TOTAL","NOT SPECIFIED","149.3",""
"SURVEY","2010","YEAR","","COUNTY","NEBRASKA","31","SOUTHEAST","90","THAYER","169","","","00000000","","CORN","CORN, GRAIN - YIELD, MEASURED IN BU / ACRE","TOTAL","NOT SPECIFIED","165.7",""
"SURVEY","2010","YEAR","","COUNTY","NEBRASKA","31","SOUTHWEST","70","CHASE","029","","","00000000","","CORN","CORN, GRAIN - YIELD, MEASURED IN BU / ACRE","TOTAL","NOT SPECIFIED","176.1",""
"SURVEY","2010","YEAR","","COUNTY","NEBRASKA","31","SOUTHWEST","70","DUNDY","057","","","00000000","","CORN","CORN, GRAIN - YIELD, MEASURED IN BU / ACRE","TOTAL","NOT SPECIFIED","167.3",""
"SURVEY","2010","YEAR","","COUNTY","NEBRASKA","31","SOUTHWEST","70","FRONTIER","063","","","00000000","","CORN","CORN, GRAIN - YIELD, MEASURED IN BU / ACRE","TOTAL","NOT SPECIFIED","146.8",""
"SURVEY","2010","YEAR","","COUNTY","NEBRASKA","31","SOUTHWEST","70","HAYES","085","","","00000000","","CORN","CORN, GRAIN - YIELD, MEASURED IN BU / ACRE","TOTAL","NOT SPECIFIED","157.7",""
"SURVEY","2010","YEAR","","COUNTY","NEBRASKA","31","SOUTHWEST","70","HITCHCOCK","087","","","00000000","","CORN","CORN, GRAIN - YIELD, MEASURED IN BU / ACRE","TOTAL","NOT SPECIFIED","127.8",""
"SURVEY","2010","YEAR","","COUNTY","NEBRASKA","31","SOUTHWEST","70","KEITH","101","","","00000000","","CORN","CORN, GRAIN - YIELD, MEASURED IN BU / ACRE","TOTAL","NOT SPECIFIED","149.4",""
"SURVEY","2010","YEAR","","COUNTY","NEBRASKA","31","SOUTHWEST","70","LINCOLN","111","","","00000000","","CORN","CORN, GRAIN - YIELD, MEASURED IN BU / ACRE","TOTAL","NOT SPECIFIED","171.6",""
"SURVEY","2010","YEAR","","COUNTY","NEBRASKA","31","SOUTHWEST","70","PERKINS","135","","","00000000","","CORN","CORN, GRAIN - YIELD, MEASURED IN BU / ACRE","TOTAL","NOT SPECIFIED","129.8",""
"SURVEY","2010","YEAR","","COUNTY","NEBRASKA","31","SOUTHWEST","70","RED WILLOW","145","","","00000000","","CORN","CORN, GRAIN - YIELD, MEASURED IN BU / ACRE","TOTAL","NOT SPECIFIED","145.5",""
"SURVEY","2009","YEAR","","COUNTY","IOWA","19","CENTRAL","50","BOONE","015","","","00000000","","CORN","CORN, GRAIN - YIELD, MEASURED IN BU / ACRE","TOTAL","NOT SPECIFIED","183.4",""
"SURVEY","2009","YEAR","","COUNTY","IOWA","19","CENTRAL","50","DALLAS","049","","","00000000","","CORN","CORN, GRAIN - YIELD, MEASURED IN BU / ACRE","TOTAL","NOT SPECIFIED","183.7",""
"SURVEY","2009","YEAR","","COUNTY","IOWA","19","CENTRAL","50","GRUNDY","075","","","00000000","","CORN","CORN, GRAIN - YIELD, MEASURED IN BU / ACRE","TOTAL","NOT SPECIFIED","178",""
"SURVEY","2009","YEAR","","COUNTY","IOWA","19","CENTRAL","50","HAMILTON","079","","","00000000","","CORN","CORN, GRAIN - YIELD, MEASURED IN BU / ACRE","TOTAL","NOT SPECIFIED","167.5",""
"SURVEY","2009","YEAR","","COUNTY","IOWA","19","CENTRAL","50","HARDIN","083","","","00000000","","CORN","CORN, GRAIN - YIELD, MEASURED IN BU / ACRE","TOTAL","NOT SPECIFIED","162.9",""
"SURVEY","2009","YEAR","","COUNTY","IOWA","19","CENTRAL","50","JASPER","099","","","00000000","","CORN","CORN, GRAIN - YIELD, MEASURED IN BU / ACRE","TOTAL","NOT SPECIFIED","181.4",""
"SURVEY","2009","YEAR","","COUNTY","IOWA","19","CENTRAL","50","MARSHALL","127","","","00000000","","CORN","CORN, GRAIN - YIELD, MEASURED IN BU / ACRE","TOTAL","NOT SPECIFIED","178.5",""
"SURVEY","2009","YEAR","","COUNTY","IOWA","19","CENTRAL","50","POLK","153","","","00000000","","CORN","CORN, GRAIN - YIELD, MEASURED IN BU / ACRE","TOTAL","NOT SPECIFIED","178.6",""
"SURVEY","2009","YEAR","","COUNTY","IOWA","19","CENTRAL","50","POWESHIEK","157","","","00000000","","CORN","CORN, GRAIN - YIELD, MEASURED IN BU / ACRE","TOTAL","NOT SPECIFIED","184.5",""
"SURVEY","2009","YEAR","","COUNTY","IOWA","19","CENTRAL","50","STORY","169","","","00000000","","CORN","CORN, GRAIN - YIELD, MEASURED IN BU / ACRE","TOTAL","NOT SPECIFIED","174.7",""
"SURVEY","2009","YEAR","","COUNTY","IOWA","19","CENTRAL","50","TAMA","171","","","00000000","","CORN","CORN, GRAIN - YIELD, MEASURED IN BU / ACRE","TOTAL","NOT SPECIFIED","182.3",""
"SURVEY","2009","YEAR","","COUNTY","IOWA","19","CENTRAL","50","WEBSTER","187","","","00000000","","CORN","CORN, GRAIN - YIELD, MEASURED IN BU / ACRE","TOTAL","NOT SPECIFIED","177.3",""
"SURVEY","2009","YEAR","","COUNTY","IOWA","19","EAST CENTRAL","60","BENTON","011","","","00000000","","CORN","CORN, GRAIN - YIELD, MEASURED IN BU / ACRE","TOTAL","NOT SPECIFIED","184.7",""
"SURVEY","2009","YEAR","","COUNTY","IOWA","19","EAST CENTRAL","60","CEDAR","031","","","00000000","","CORN","CORN, GRAIN - YIELD, MEASURED IN BU / ACRE","TOTAL","NOT SPECIFIED","191.5",""
"SURVEY","2009","YEAR","","COUNTY","IOWA","19","EAST CENTRAL","60","CLINTON","045","","","00000000","","CORN","CORN, GRAIN - YIELD, MEASURED IN BU / ACRE","TOTAL","NOT SPECIFIED","190.4",""
"SURVEY","2009","YEAR","","COUNTY","IOWA","19","EAST CENTRAL","60","IOWA","095","","","00000000","","CORN","CORN, GRAIN - YIELD, MEASURED IN BU / ACRE","TOTAL","NOT SPECIFIED","180.2",""
"SURVEY","2009","YEAR","","COUNTY","IOWA","19","EAST CENTRAL","60","JACKSON","097","","","00000000","","CORN","CORN, GRAIN - YIELD, MEASURED IN BU / ACRE","TOTAL","NOT SPECIFIED","169.6",""
"SURVEY","2009","YEAR","","COUNTY","IOWA","19","EAST CENTRAL","60","JOHNSON","103","","","00000000","","CORN","CORN, GRAIN - YIELD, MEASURED IN BU / ACRE","TOTAL","NOT SPECIFIED","178.8",""
"SURVEY","2009","YEAR","","COUNTY","IOWA","19","EAST CENTRAL","60","JONES","105","","","00000000","","CORN","CORN, GRAIN - YIELD, MEASURED IN BU / ACRE","TOTAL","NOT SPECIFIED","190.1",""
"SURVEY","2009","YEAR","","COUNTY","IOWA","19","EAST CENTRAL","60","LINN","113","","","00000000","","CORN","CORN, GRAIN - YIELD, MEASURED IN BU / ACRE","TOTAL","NOT SPECIFIED","189.7",""
"SURVEY","2009","YEAR","","COUNTY","IOWA","19","EAST CENTRAL","60","MUSCATINE","139","","","00000000","","CORN","CORN, GRAIN - YIELD, MEASURED IN BU / ACRE","TOTAL","NOT SPECIFIED","166.6",""
"SURVEY","2009","YEAR","","COUNTY","IOWA","19","EAST CENTRAL","60","SCOTT","163","","","00000000","","CORN","CORN, GRAIN - YIELD, MEASURED IN BU / ACRE","TOTAL","NOT SPECIFIED","184.1",""
"SURVEY","2009","YEAR","","COUNTY","IOWA","19","NORTH CENTRAL","20","BUTLER","023","","","00000000","","CORN","CORN, GRAIN - YIELD, MEASURED IN BU / ACRE","TOTAL","NOT SPECIFIED","181.8",""
"SURVEY","2009","YEAR","","COUNTY","IOWA","19","NORTH CENTRAL","20","CERRO GORDO","033","","","00000000","","CORN","CORN, GRAIN - YIELD, MEASURED IN BU / ACRE","TOTAL","NOT SPECIFIED","169.8",""
"SURVEY","2009","YEAR","","COUNTY","IOWA","19","NORTH CENTRAL","20","FLOYD","067","","","00000000","","CORN","CORN, GRAIN - YIELD, MEASURED IN BU / ACRE","TOTAL","NOT SPECIFIED","174",""
"SURVEY","2009","YEAR","","COUNTY","IOWA","19","NORTH CENTRAL","20","FRANKLIN","069","","","00000000","","CORN","CORN, GRAIN - YIELD, MEASURED IN BU / ACRE","TOTAL","NOT SPECIFIED","167",""
"SURVEY","2009","YEAR","","COUNTY","IOWA","19","NORTH CENTRAL","20","HANCOCK","081","","","00000000","","CORN","CORN, GRAIN - YIELD, MEASURED IN BU / ACRE","TOTAL","NOT SPECIFIED","178.5",""
"SURVEY","2009","YEAR","","COUNTY","IOWA","19","NORTH CENTRAL","20","HUMBOLDT","091","","","00000000","","CORN","CORN, GRAIN - YIELD, MEASURED IN BU / ACRE","TOTAL","NOT SPECIFIED","191",""
"SURVEY","2009","YEAR","","COUNTY","IOWA","19","NORTH CENTRAL","20","KOSSUTH","109","","","00000000","","CORN","CORN, GRAIN - YIELD, MEASURED IN BU / ACRE","TOTAL","NOT SPECIFIED","191.6",""
"SURVEY","2009","YEAR","","COUNTY","IOWA","19","NORTH CENTRAL","20","MITCHELL","131","","","00000000","","CORN","CORN, GRAIN - YIELD, MEASURED IN BU / ACRE","TOTAL","NOT SPECIFIED","177.2",""
"SURVEY","2009","YEAR","","COUNTY","IOWA","19","NORTH CENTRAL","20","WINNEBAGO","189","","","00000000","","CORN","CORN, GRAIN - YIELD, MEASURED IN BU / ACRE","TOTAL","NOT SPECIFIED","180.4",""
"SURVEY","2009","YEAR","","COUNTY","IOWA","19","NORTH CENTRAL","20","WORTH","195","","","00000000","","CORN","CORN, GRAIN - YIELD, MEASURED IN BU / ACRE","TOTAL","NOT SPECIFIED","180.9",""
"SURVEY","2009","YEAR","","COUNTY","IOWA","19","NORTH CENTRAL","20","WRIGHT","197","","","00000000","","CORN","CORN, GRAIN - YIELD, MEASURED IN BU / ACRE","TOTAL","NOT SPECIFIED","179",""
"SURVEY","2009","YEAR","","COUNTY","IOWA","19","NORTHEAST","30","ALLAMAKEE","005","","","00000000","","CORN","CORN, GRAIN - YIELD, MEASURED IN BU / ACRE","TOTAL","NOT SPECIFIED","179.6",""
"SURVEY","2009","YEAR","","COUNTY","IOWA","19","NORTHEAST","30","BLACK HAWK","013","","","00000000","","CORN","CORN, GRAIN - YIELD, MEASURED IN BU / ACRE","TOTAL","NOT SPECIFIED","173.2",""
"SURVEY","2009","YEAR","","COUNTY","IOWA","19","NORTHEAST","30","BREMER","017","","","00000000","","CORN","CORN, GRAIN - YIELD, MEASURED IN BU / ACRE","TOTAL","NOT SPECIFIED","188.9",""
"SURVEY","2009","YEAR","","COUNTY","IOWA","19","NORTHEAST","30","BUCHANAN","019","","","00000000","","CORN","CORN, GRAIN - YIELD, MEASURED IN BU / ACRE","TOTAL","NOT SPECIFIED","170.5",""
"SURVEY","2009","YEAR","","COUNTY","IOWA","19","NORTHEAST","30","CHICKASAW","037","","","00000000","","CORN","CORN, GRAIN - YIELD, MEASURED IN BU / ACRE","TOTAL","NOT SPECIFIED","169.3",""
"SURVEY","2009","YEAR","","COUNTY","IOWA","19","NORTHEAST","30","CLAYTON","043","","","00000000","","CORN","CORN, GRAIN - YIELD, MEASURED IN BU / ACRE","TOTAL","NOT SPECIFIED","172.1",""
"SURVEY","2009","YEAR","","COUNTY","IOWA","19","NORTHEAST","30","DELAWARE","055","","","00000000","","CORN","CORN, GRAIN - YIELD, MEASURED IN BU / ACRE","TOTAL","NOT SPECIFIED","176.3",""
"SURVEY","2009","YEAR","","COUNTY","IOWA","19","NORTHEAST","30","DUBUQUE","061","","","00000000","","CORN","CORN, GRAIN - YIELD, MEASURED IN BU / ACRE","TOTAL","NOT SPECIFIED","183.8",""
"SURVEY","2009","YEAR","","COUNTY","IOWA","19","NORTHEAST","30","FAYETTE","065","","","00000000","","CORN","CORN, GRAIN - YIELD, MEASURED IN BU / ACRE","TOTAL","NOT SPECIFIED","158.6",""
"SURVEY","2009","YEAR","","COUNTY","IOWA","19","NORTHEAST","30","HOWARD","089","","","00000000","","CORN","CORN, GRAIN - YIELD, MEASURED IN BU / ACRE","TOTAL","NOT SPECIFIED","169.9",""
"SURVEY","2009","YEAR","","COUNTY","IOWA","19","NORTHEAST","30","WINNESHIEK","191","","","00000000","","CORN","CORN, GRAIN - YIELD, MEASURED IN BU / ACRE","TOTAL","NOT SPECIFIED","171.3",""
"SURVEY","2009","YEAR","","COUNTY","IOWA","19","NORTHWEST","10","BUENA VISTA","021","","","00000000","","CORN","CORN, GRAIN - YIELD, MEASURED IN BU / ACRE","TOTAL","NOT SPECIFIED","190.7",""
"SURVEY","2009","YEAR","","COUNTY","IOWA","19","NORTHWEST","10","CHEROKEE","035","","","00000000","","CORN","CORN, GRAIN - YIELD, MEASURED IN BU / ACRE","TOTAL","NOT SPECIFIED","201.9",""
"SURVEY","2009","YEAR","","COUNTY","IOWA","19","NORTHWEST","10","CLAY","041","","","00000000","","CORN","CORN, GRAIN - YIELD, MEASURED IN BU / ACRE","TOTAL","NOT SPECIFIED","184.2",""
"SURVEY","2009","YEAR","","COUNTY","IOWA","19","NORTHWEST","10","DICKINSON","059","","","00000000","","CORN","CORN, GRAIN - YIELD, MEASURED IN BU / ACRE","TOTAL","NOT SPECIFIED","185.3",""
"SURVEY","2009","YEAR","","COUNTY","IOWA","19","NORTHWEST","10","EMMET","063","","","00000000","","CORN","CORN, GRAIN - YIELD, MEASURED IN BU / ACRE","TOTAL","NOT SPECIFIED","190.1",""
"SURVEY","2009","YEAR","","COUNTY","IOWA","19","NORTHWEST","10","LYON","119","","","00000000","","CORN","CORN, GRAIN - YIELD, MEASURED IN BU / ACRE","TOTAL","NOT SPECIFIED","192.8",""
"SURVEY","2009","YEAR","","COUNTY","IOWA","19","NORTHWEST","10","O BRIEN","141","","","00000000","","CORN","CORN, GRAIN - YIELD, MEASURED IN BU / ACRE","TOTAL","NOT SPECIFIED","198",""
"SURVEY","2009","YEAR","","COUNTY","IOWA","19","NORTHWEST","10","OSCEOLA","143","","","00000000","","CORN","CORN, GRAIN - YIELD, MEASURED IN BU / ACRE","TOTAL","NOT SPECIFIED","193.6",""
"SURVEY","2009","YEAR","","COUNTY","IOWA","19","NORTHWEST","10","PALO ALTO","147","","","00000000","","CORN","CORN, GRAIN - YIELD, MEASURED IN BU / ACRE","TOTAL","NOT SPECIFIED","188.1",""
"SURVEY","2009","YEAR","","COUNTY","IOWA","19","NORTHWEST","10","PLYMOUTH","149","","","00000000","","CORN","CORN, GRAIN - YIELD, MEASURED IN BU / ACRE","TOTAL","NOT SPECIFIED","201.1",""
"SURVEY","2009","YEAR","","COUNTY","IOWA","19","NORTHWEST","10","POCAHONTAS","151","","","00000000","","CORN","CORN, GRAIN - YIELD, MEASURED IN BU / ACRE","TOTAL","NOT SPECIFIED","190.1",""
"SURVEY","2009","YEAR","","COUNTY","IOWA","19","NORTHWEST","10","SIOUX","167","","","00000000","","CORN","CORN, GRAIN - YIELD, MEASURED IN BU / ACRE","TOTAL","NOT SPECIFIED","201.7",""
"SURVEY","2009","YEAR","","COUNTY","IOWA","19","SOUTH CENTRAL","80","APPANOOSE","007","","","00000000","","CORN","CORN, GRAIN - YIELD, MEASURED IN BU / ACRE","TOTAL","NOT SPECIFIED","153",""
"SURVEY","2009","YEAR","","COUNTY","IOWA","19","SOUTH CENTRAL","80","CLARKE","039","","","00000000","","CORN","CORN, GRAIN - YIELD, MEASURED IN BU / ACRE","TOTAL","NOT SPECIFIED","138.9",""
"SURVEY","2009","YEAR","","COUNTY","IOWA","19","SOUTH CENTRAL","80","DECATUR","053","","","00000000","","CORN","CORN, GRAIN - YIELD, MEASURED IN BU / ACRE","TOTAL","NOT SPECIFIED","144.4",""
"SURVEY","2009","YEAR","","COUNTY","IOWA","19","SOUTH CENTRAL","80","LUCAS","117","","","00000000","","CORN","CORN, GRAIN - YIELD, MEASURED IN BU / ACRE","TOTAL","NOT SPECIFIED","137.2",""
"SURVEY","2009","YEAR","","COUNTY","IOWA","19","SOUTH CENTRAL","80","MADISON","121","","","00000000","","CORN","CORN, GRAIN - YIELD, MEASURED IN BU / ACRE","TOTAL","NOT SPECIFIED","167.7",""
"SURVEY","2009","YEAR","","COUNTY","IOWA","19","SOUTH CENTRAL","80","MARION","125","","","00000000","","CORN","CORN, GRAIN - YIELD, MEASURED IN BU / ACRE","TOTAL","NOT SPECIFIED","165.2",""
"SURVEY","2009","YEAR","","COUNTY","IOWA","19","SOUTH CENTRAL","80","MONROE","135","","","00000000","","CORN","CORN, GRAIN - YIELD, MEASURED IN BU / ACRE","TOTAL","NOT SPECIFIED","156.3",""
"SURVEY","2009","YEAR","","COUNTY","IOWA","19","SOUTH CENTRAL","80","RINGGOLD","159","","","00000000","","CORN","CORN, GRAIN - YIELD, MEASURED IN BU / ACRE","TOTAL","NOT SPECIFIED","134.4",""
"SURVEY","2009","YEAR","","COUNTY","IOWA","19","SOUTH CENTRAL","80","UNION","175","","","00000000","","CORN","CORN, GRAIN - YIELD, MEASURED IN BU / ACRE","TOTAL","NOT SPECIFIED","153.8",""
"SURVEY","2009","YEAR","","COUNTY","IOWA","19","SOUTH CENTRAL","80","WARREN","181","","","00000000","","CORN","CORN, GRAIN - YIELD, MEASURED IN BU / ACRE","TOTAL","NOT SPECIFIED","160.2",""
"SURVEY","2009","YEAR","","COUNTY","IOWA","19","SOUTH CENTRAL","80","WAYNE","185","","","00000000","","CORN","CORN, GRAIN - YIELD, MEASURED IN BU / ACRE","TOTAL","NOT SPECIFIED","142.7",""
"SURVEY","2009","YEAR","","COUNTY","IOWA","19","SOUTHEAST","90","DAVIS","051","","","00000000","","CORN","CORN, GRAIN - YIELD, MEASURED IN BU / ACRE","TOTAL","NOT SPECIFIED","142.7",""
"SURVEY","2009","YEAR","","COUNTY","IOWA","19","SOUTHEAST","90","DES MOINES","057","","","00000000","","CORN","CORN, GRAIN - YIELD, MEASURED IN BU / ACRE","TOTAL","NOT SPECIFIED","166.4",""
"SURVEY","2009","YEAR","","COUNTY","IOWA","19","SOUTHEAST","90","HENRY","087","","","00000000","","CORN","CORN, GRAIN - YIELD, MEASURED IN BU / ACRE","TOTAL","NOT SPECIFIED","155.9",""
"SURVEY","2009","YEAR","","COUNTY","IOWA","19","SOUTHEAST","90","JEFFERSON","101","","","00000000","","CORN","CORN, GRAIN - YIELD, MEASURED IN BU / ACRE","TOTAL","NOT SPECIFIED","150",""
"SURVEY","2009","YEAR","","COUNTY","IOWA","19","SOUTHEAST","90","KEOKUK","107","","","00000000","","CORN","CORN, GRAIN - YIELD, MEASURED IN BU / ACRE","TOTAL","NOT SPECIFIED","167.7",""
"SURVEY","2009","YEAR","","COUNTY","IOWA","19","SOUTHEAST","90","LEE","111","","","00000000","","CORN","CORN, GRAIN - YIELD, MEASURED IN BU / ACRE","TOTAL","NOT SPECIFIED","167.9",""
"SURVEY","2009","YEAR","","COUNTY","IOWA","19","SOUTHEAST","90","LOUISA","115","","","00000000","","CORN","CORN, GRAIN - YIELD, MEASURED IN BU / ACRE","TOTAL","NOT SPECIFIED","158.4",""
"SURVEY","2009","YEAR","","COUNTY","IOWA","19","SOUTHEAST","90","MAHASKA","123","","","00000000","","CORN","CORN, GRAIN - YIELD, MEASURED IN BU / ACRE","TOTAL","NOT SPECIFIED","182.4",""
"SURVEY","2009","YEAR","","COUNTY","IOWA","19","SOUTHEAST","90","VAN BUREN","177","","","00000000","","CORN","CORN, GRAIN - YIELD, MEASURED IN BU / ACRE","TOTAL","NOT SPECIFIED","148.6",""
"SURVEY","2009","YEAR","","COUNTY","IOWA","19","SOUTHEAST","90","WAPELLO","179","","","00000000","","CORN","CORN, GRAIN - YIELD, MEASURED IN BU / ACRE","TOTAL","NOT SPECIFIED","156.6",""
"SURVEY","2009","YEAR","","COUNTY","IOWA","19","SOUTHEAST","90","WASHINGTON","183","","","00000000","","CORN","CORN, GRAIN - YIELD, MEASURED IN BU / ACRE","TOTAL","NOT SPECIFIED","171.1",""
"SURVEY","2009","YEAR","","COUNTY","IOWA","19","SOUTHWEST","70","ADAIR","001","","","00000000","","CORN","CORN, GRAIN - YIELD, MEASURED IN BU / ACRE","TOTAL","NOT SPECIFIED","179.3",""
"SURVEY","2009","YEAR","","COUNTY","IOWA","19","SOUTHWEST","70","ADAMS","003","","","00000000","","CORN","CORN, GRAIN - YIELD, MEASURED IN BU / ACRE","TOTAL","NOT SPECIFIED","168.1",""
"SURVEY","2009","YEAR","","COUNTY","IOWA","19","SOUTHWEST","70","CASS","029","","","00000000","","CORN","CORN, GRAIN - YIELD, MEASURED IN BU / ACRE","TOTAL","NOT SPECIFIED","182.4",""
"SURVEY","2009","YEAR","","COUNTY","IOWA","19","SOUTHWEST","70","FREMONT","071","","","00000000","","CORN","CORN, GRAIN - YIELD, MEASURED IN BU / ACRE","TOTAL","NOT SPECIFIED","187.3",""
"SURVEY","2009","YEAR","","COUNTY","IOWA","19","SOUTHWEST","70","MILLS","129","","","00000000","","CORN","CORN, GRAIN - YIELD, MEASURED IN BU / ACRE","TOTAL","NOT SPECIFIED","191.2",""
"SURVEY","2009","YEAR","","COUNTY","IOWA","19","SOUTHWEST","70","MONTGOMERY","137","","","00000000","","CORN","CORN, GRAIN - YIELD, MEASURED IN BU / ACRE","TOTAL","NOT SPECIFIED","191.2",""
"SURVEY","2009","YEAR","","COUNTY","IOWA","19","SOUTHWEST","70","PAGE","145","","","00000000","","CORN","CORN, GRAIN - YIELD, MEASURED IN BU / ACRE","TOTAL","NOT SPECIFIED","176.8",""
"SURVEY","2009","YEAR","","COUNTY","IOWA","19","SOUTHWEST","70","POTTAWATTAMIE","155","","","00000000","","CORN","CORN, GRAIN - YIELD, MEASURED IN BU / ACRE","TOTAL","NOT SPECIFIED","192.4",""
"SURVEY","2009","YEAR","","COUNTY","IOWA","19","SOUTHWEST","70","TAYLOR","173","","","00000000","","CORN","CORN, GRAIN - YIELD, MEASURED IN BU / ACRE","TOTAL","NOT SPECIFIED","150.2",""
"SURVEY","2009","YEAR","","COUNTY","IOWA","19","WEST CENTRAL","40","AUDUBON","009","","","00000000","","CORN","CORN, GRAIN - YIELD, MEASURED IN BU / ACRE","TOTAL","NOT SPECIFIED","190.4",""
"SURVEY","2009","YEAR","","COUNTY","IOWA","19","WEST CENTRAL","40","CALHOUN","025","","","00000000","","CORN","CORN, GRAIN - YIELD, MEASURED IN BU / ACRE","TOTAL","NOT SPECIFIED","168.3",""
"SURVEY","2009","YEAR","","COUNTY","IOWA","19","WEST CENTRAL","40","CARROLL","027","","","00000000","","CORN","CORN, GRAIN - YIELD, MEASURED IN BU / ACRE","TOTAL","NOT SPECIFIED","200.1",""
"SURVEY","2009","YEAR","","COUNTY","IOWA","19","WEST CENTRAL","40","CRAWFORD","047","","","00000000","","CORN","CORN, GRAIN - YIELD, MEASURED IN BU / ACRE","TOTAL","NOT SPECIFIED","199.6",""
"SURVEY","2009","YEAR","","COUNTY","IOWA","19","WEST CENTRAL","40","GREENE","073","","","00000000","","CORN","CORN, GRAIN - YIELD, MEASURED IN BU / ACRE","TOTAL","NOT SPECIFIED","188.1",""
"SURVEY","2009","YEAR","","COUNTY","IOWA","19","WEST CENTRAL","40","GUTHRIE","077","","","00000000","","CORN","CORN, GRAIN - YIELD, MEASURED IN BU / ACRE","TOTAL","NOT SPECIFIED","173.4",""
"SURVEY","2009","YEAR","","COUNTY","IOWA","19","WEST CENTRAL","40","HARRISON","085","","","00000000","","CORN","CORN, GRAIN - YIELD, MEASURED IN BU / ACRE","TOTAL","NOT SPECIFIED","196.8",""
"SURVEY","2009","YEAR","","COUNTY","IOWA","19","WEST CENTRAL","40","IDA","093","","","00000000","","CORN","CORN, GRAIN - YIELD, MEASURED IN BU / ACRE","TOTAL","NOT SPECIFIED","206.6",""
"SURVEY","2009","YEAR","","COUNTY","IOWA","19","WEST CENTRAL","40","MONONA","133","","","00000000","","CORN","CORN, GRAIN - YIELD, MEASURED IN BU / ACRE","TOTAL","NOT SPECIFIED","199.8",""
"SURVEY","2009","YEAR","","COUNTY","IOWA","19","WEST CENTRAL","40","SAC","161","","","00000000","","CORN","CORN, GRAIN - YIELD, MEASURED IN BU / ACRE","TOTAL","NOT SPECIFIED","184.5",""
"SURVEY","2009","YEAR","","COUNTY","IOWA","19","WEST CENTRAL","40","SHELBY","165","","","00000000","","CORN","CORN, GRAIN - YIELD, MEASURED IN BU / ACRE","TOTAL","NOT SPECIFIED","202.9",""
"SURVEY","2009","YEAR","","COUNTY","IOWA","19","WEST CENTRAL","40","WOODBURY","193","","","00000000","","CORN","CORN, GRAIN - YIELD, MEASURED IN BU / ACRE","TOTAL","NOT SPECIFIED","186.3",""
"SURVEY","2009","YEAR","","COUNTY","NEBRASKA","31","CENTRAL","50","BUFFALO","019","","","00000000","","CORN","CORN, GRAIN - YIELD, MEASURED IN BU / ACRE","TOTAL","NOT SPECIFIED","191.5",""
"SURVEY","2009","YEAR","","COUNTY","NEBRASKA","31","CENTRAL","50","CUSTER","041","","","00000000","","CORN","CORN, GRAIN - YIELD, MEASURED IN BU / ACRE","TOTAL","NOT SPECIFIED","172.8",""
"SURVEY","2009","YEAR","","COUNTY","NEBRASKA","31","CENTRAL","50","DAWSON","047","","","00000000","","CORN","CORN, GRAIN - YIELD, MEASURED IN BU / ACRE","TOTAL","NOT SPECIFIED","198.2",""
"SURVEY","2009","YEAR","","COUNTY","NEBRASKA","31","CENTRAL","50","GREELEY","077","","","00000000","","CORN","CORN, GRAIN - YIELD, MEASURED IN BU / ACRE","TOTAL","NOT SPECIFIED","187.2",""
"SURVEY","2009","YEAR","","COUNTY","NEBRASKA","31","CENTRAL","50","HALL","079","","","00000000","","CORN","CORN, GRAIN - YIELD, MEASURED IN BU / ACRE","TOTAL","NOT SPECIFIED","185",""
"SURVEY","2009","YEAR","","COUNTY","NEBRASKA","31","CENTRAL","50","HOWARD","093","","","00000000","","CORN","CORN, GRAIN - YIELD, MEASURED IN BU / ACRE","TOTAL","NOT SPECIFIED","184.1",""
"SURVEY","2009","YEAR","","COUNTY","NEBRASKA","31","CENTRAL","50","SHERMAN","163","","","00000000","","CORN","CORN, GRAIN - YIELD, MEASURED IN BU / ACRE","TOTAL","NOT SPECIFIED","182.3",""
"SURVEY","2009","YEAR","","COUNTY","NEBRASKA","31","CENTRAL","50","VALLEY","175","","","00000000","","CORN","CORN, GRAIN - YIELD, MEASURED IN BU / ACRE","TOTAL","NOT SPECIFIED","180.8",""
"SURVEY","2009","YEAR","","COUNTY","NEBRASKA","31","EAST","60","BUTLER","023","","","00000000","","CORN","CORN, GRAIN - YIELD, MEASURED IN BU / ACRE","TOTAL","NOT SPECIFIED","189.3",""
"SURVEY","2009","YEAR","","COUNTY","NEBRASKA","31","EAST","60","CASS","025","","","00000000","","CORN","CORN, GRAIN - YIELD, MEASURED IN BU / ACRE","TOTAL","NOT SPECIFIED","176.6",""
"SURVEY","2009","YEAR","","COUNTY","NEBRASKA","31","EAST","60","COLFAX","037","","","00000000","","CORN","CORN, GRAIN - YIELD, MEASURED IN BU / ACRE","TOTAL","NOT SPECIFIED","191.3",""
"SURVEY","2009","YEAR","","COUNTY","NEBRASKA","31","EAST","60","DODGE","053","","","00000000","","CORN","CORN, GRAIN - YIELD, MEASURED IN BU / ACRE","TOTAL","NOT SPECIFIED","198.1",""
"SURVEY","2009","YEAR","","COUNTY","NEBRASKA","31","EAST","60","DOUGLAS","055","","","00000000","","CORN","CORN, GRAIN - YIELD, MEASURED IN BU / ACRE","TOTAL","NOT SPECIFIED","194",""
"SURVEY","2009","YEAR","","COUNTY","NEBRASKA","31","EAST","60","HAMILTON","081","","","00000000","","CORN","CORN, GRAIN - YIELD, MEASURED IN BU / ACRE","TOTAL","NOT SPECIFIED","205.8",""
"SURVEY","2009","YEAR","","COUNTY","NEBRASKA","31","EAST","60","LANCASTER","109","","","00000000","","CORN","CORN, GRAIN - YIELD, MEASURED IN BU / ACRE","TOTAL","NOT SPECIFIED","156.8",""
"SURVEY","2009","YEAR","","COUNTY","NEBRASKA","31","EAST","60","MERRICK","121","","","00000000","","CORN","CORN, GRAIN - YIELD, MEASURED IN BU / ACRE","TOTAL","NOT SPECIFIED","187.7",""
"SURVEY","2009","YEAR","","COUNTY","NEBRASKA","31","EAST","60","NANCE","125","","","00000000","","CORN","CORN, GRAIN - YIELD, MEASURED IN BU / ACRE","TOTAL","NOT SPECIFIED","178.1",""
"SURVEY","2009","YEAR","","COUNTY","NEBRASKA","31","EAST","60","PLATTE","141","","","00000000","","CORN","CORN, GRAIN - YIELD, MEASURED IN BU / ACRE","TOTAL","NOT SPECIFIED","198.1",""
"SURVEY","2009","YEAR","","COUNTY","NEBRASKA","31","EAST","60","POLK","143","","","00000000","","CORN","CORN, GRAIN - YIELD, MEASURED IN BU / ACRE","TOTAL","NOT SPECIFIED","201.7",""
"SURVEY","2009","YEAR","","COUNTY","NEBRASKA","31","EAST","60","SARPY","153","","","00000000","","CORN","CORN, GRAIN - YIELD, MEASURED IN BU / ACRE","TOTAL","NOT SPECIFIED","182.3",""
"SURVEY","2009","YEAR","","COUNTY","NEBRASKA","31","EAST","60","SAUNDERS","155","","","00000000","","CORN","CORN, GRAIN - YIELD, MEASURED IN BU / ACRE","TOTAL","NOT SPECIFIED","183.7",""
"SURVEY","2009","YEAR","","COUNTY","NEBRASKA","31","EAST","60","SEWARD","159","","","00000000","","CORN","CORN, GRAIN - YIELD, MEASURED IN BU / ACRE","TOTAL","NOT SPECIFIED","180.6",""
"SURVEY","2009","YEAR","","COUNTY","NEBRASKA","31","EAST","60","WASHINGTON","177","","","00000000","","CORN","CORN, GRAIN - YIELD, MEASURED IN BU / ACRE","TOTAL","NOT SPECIFIED","185.4",""
"SURVEY","2009","YEAR","","COUNTY","NEBRASKA","31","EAST","60","YORK","185","","","00000000","","CORN","CORN, GRAIN - YIELD, MEASURED IN BU / ACRE","TOTAL","NOT SPECIFIED","207.9",""
"SURVEY","2009","YEAR","","COUNTY","NEBRASKA","31","NORTH","20","BOYD","015","","","00000000","","CORN","CORN, GRAIN - YIELD, MEASURED IN BU / ACRE","TOTAL","NOT SPECIFIED","142",""
"SURVEY","2009","YEAR","","COUNTY","NEBRASKA","31","NORTH","20","BROWN","017","","","00000000","","CORN","CORN, GRAIN - YIELD, MEASURED IN BU / ACRE","TOTAL","NOT SPECIFIED","183.6",""
"SURVEY","2009","YEAR","","COUNTY","NEBRASKA","31","NORTH","20","CHERRY","031","","","00000000","","CORN","CORN, GRAIN - YIELD, MEASURED IN BU / ACRE","TOTAL","NOT SPECIFIED","180.5",""
"SURVEY","2009","YEAR","","COUNTY","NEBRASKA","31","NORTH","20","GARFIELD","071","","","00000000","","CORN","CORN, GRAIN - YIELD, MEASURED IN BU / ACRE","TOTAL","NOT SPECIFIED","184",""
"SURVEY","2009","YEAR","","COUNTY","NEBRASKA","31","NORTH","20","HOLT","089","","","00000000","","CORN","CORN, GRAIN - YIELD, MEASURED IN BU / ACRE","TOTAL","NOT SPECIFIED","185.2",""
"SURVEY","2009","YEAR","","COUNTY","NEBRASKA","31","NORTH","20","KEYA PAHA","103","","","00000000","","CORN","CORN, GRAIN - YIELD, MEASURED IN BU / ACRE","TOTAL","NOT SPECIFIED","163.6",""
"SURVEY","2009","YEAR","","COUNTY","NEBRASKA","31","NORTH","20","LOGAN","113","","","00000000","","CORN","CORN, GRAIN - YIELD, MEASURED IN BU / ACRE","TOTAL","NOT SPECIFIED","157.9",""
"SURVEY","2009","YEAR","","COUNTY","NEBRASKA","31","NORTH","20","OTHER (COMBINED) COUNTIES","","","","00000000","","CORN","CORN, GRAIN - YIELD, MEASURED IN BU / ACRE","TOTAL","NOT SPECIFIED","173.1",""
"SURVEY","2009","YEAR","","COUNTY","NEBRASKA","31","NORTH","20","ROCK","149","","","00000000","","CORN","CORN, GRAIN - YIELD, MEASURED IN BU / ACRE","TOTAL","NOT SPECIFIED","185.8",""
"SURVEY","2009","YEAR","","COUNTY","NEBRASKA","31","NORTH","20","WHEELER","183","","","00000000","","CORN","CORN, GRAIN - YIELD, MEASURED IN BU / ACRE","TOTAL","NOT SPECIFIED","170.5",""
"SURVEY","2009","YEAR","","COUNTY","NEBRASKA","31","NORTHEAST","30","ANTELOPE","003","","","00000000","","CORN","CORN, GRAIN - YIELD, MEASURED IN BU / ACRE","TOTAL","NOT SPECIFIED","194.9",""
"SURVEY","2009","YEAR","","COUNTY","NEBRASKA","31","NORTHEAST","30","BOONE","011","","","00000000","","CORN","CORN, GRAIN - YIELD, MEASURED IN BU / ACRE","TOTAL","NOT SPECIFIED","186.5",""
"SURVEY","2009","YEAR","","COUNTY","NEBRASKA","31","NORTHEAST","30","BURT","021","","","00000000","","CORN","CORN, GRAIN - YIELD, MEASURED IN BU / ACRE","TOTAL","NOT SPECIFIED","191.6",""
"SURVEY","2009","YEAR","","COUNTY","NEBRASKA","31","NORTHEAST","30","CEDAR","027","","","00000000","","CORN","CORN, GRAIN - YIELD, MEASURED IN BU / ACRE","TOTAL","NOT SPECIFIED","171.7",""
"SURVEY","2009","YEAR","","COUNTY","NEBRASKA","31","NORTHEAST","30","CUMING","039","","","00000000","","CORN","CORN, GRAIN - YIELD, MEASURED IN BU / ACRE","TOTAL","NOT SPECIFIED","193.7",""
"SURVEY","2009","YEAR","","COUNTY","NEBRASKA","31","NORTHEAST","30","DAKOTA","043","","","00000000","","CORN","CORN, GRAIN - YIELD, MEASURED IN BU / ACRE","TOTAL","NOT SPECIFIED","184.7",""
"SURVEY","2009","YEAR","","COUNTY","NEBRASKA","31","NORTHEAST","30","DIXON","051","","","00000000","","CORN","CORN, GRAIN - YIELD, MEASURED IN BU / ACRE","TOTAL","NOT SPECIFIED","173.6",""
"SURVEY","2009","YEAR","","COUNTY","NEBRASKA","31","NORTHEAST","30","KNOX","107","","","00000000","","CORN","CORN, GRAIN - YIELD, MEASURED IN BU / ACRE","TOTAL","NOT SPECIFIED","170",""
"SURVEY","2009","YEAR","","COUNTY","NEBRASKA","31","NORTHEAST","30","MADISON","119","","","00000000","","CORN","CORN, GRAIN - YIELD, MEASURED IN BU / ACRE","TOTAL","NOT SPECIFIED","182.5",""
"SURVEY","2009","YEAR","","COUNTY","NEBRASKA","31","NORTHEAST","30","PIERCE","139","","","00000000","","CORN","CORN, GRAIN - YIELD, MEASURED IN BU / ACRE","TOTAL","NOT SPECIFIED","178.8",""
"SURVEY","2009","YEAR","","COUNTY","NEBRASKA","31","NORTHEAST","30","STANTON","167","","","00000000","","CORN","CORN, GRAIN - YIELD, MEASURED IN BU / ACRE","TOTAL","NOT SPECIFIED","180.6",""
"SURVEY","2009","YEAR","","COUNTY","NEBRASKA","31","NORTHEAST","30","THURSTON","173","","","00000000","","CORN","CORN, GRAIN - YIELD, MEASURED IN BU / ACRE","TOTAL","NOT SPECIFIED","184.9",""
"SURVEY","2009","YEAR","","COUNTY","NEBRASKA","31","NORTHEAST","30","WAYNE","179","","","00000000","","CORN","CORN, GRAIN - YIELD, MEASURED IN BU / ACRE","TOTAL","NOT SPECIFIED","176.5",""
"SURVEY","2009","YEAR","","COUNTY","NEBRASKA","31","NORTHWEST","10","BOX BUTTE","013","","","00000000","","CORN","CORN, GRAIN - YIELD, MEASURED IN BU / ACRE","TOTAL","NOT SPECIFIED","153.3",""
"SURVEY","2009","YEAR","","COUNTY","NEBRASKA","31","NORTHWEST","10","DEUEL","049","","","00000000","","CORN","CORN, GRAIN - YIELD, MEASURED IN BU / ACRE","TOTAL","NOT SPECIFIED","142.9",""
"SURVEY","2009","YEAR","","COUNTY","NEBRASKA","31","NORTHWEST","10","GARDEN","069","","","00000000","","CORN","CORN, GRAIN - YIELD, MEASURED IN BU / ACRE","TOTAL","NOT SPECIFIED","155.8",""
"SURVEY","2009","YEAR","","COUNTY","NEBRASKA","31","NORTHWEST","10","KIMBALL","105","","","00000000","","CORN","CORN, GRAIN - YIELD, MEASURED IN BU / ACRE","TOTAL","NOT SPECIFIED","114.5",""
"SURVEY","2009","YEAR","","COUNTY","NEBRASKA","31","NORTHWEST","10","MORRILL","123","","","00000000","","CORN","CORN, GRAIN - YIELD, MEASURED IN BU / ACRE","TOTAL","NOT SPECIFIED","156.7",""
"SURVEY","2009","YEAR","","COUNTY","NEBRASKA","31","NORTHWEST","10","OTHER (COMBINED) COUNTIES","","","","00000000","","CORN","CORN, GRAIN - YIELD, MEASURED IN BU / ACRE","TOTAL","NOT SPECIFIED","127.5",""
"SURVEY","2009","YEAR","","COUNTY","NEBRASKA","31","NORTHWEST","10","SCOTTS BLUFF","157","","","00000000","","CORN","CORN, GRAIN - YIELD, MEASURED IN BU / ACRE","TOTAL","NOT SPECIFIED","163.1",""
"SURVEY","2009","YEAR","","COUNTY","NEBRASKA","31","NORTHWEST","10","SHERIDAN","161","","","00000000","","CORN","CORN, GRAIN - YIELD, MEASURED IN BU / ACRE","TOTAL","NOT SPECIFIED","161",""
"SURVEY","2009","YEAR","","COUNTY","NEBRASKA","31","NORTHWEST","10","SIOUX","165","","","00000000","","CORN","CORN, GRAIN - YIELD, MEASURED IN BU / ACRE","TOTAL","NOT SPECIFIED","157.9",""
"SURVEY","2009","YEAR","","COUNTY","NEBRASKA","31","SOUTH","80","ADAMS","001","","","00000000","","CORN","CORN, GRAIN - YIELD, MEASURED IN BU / ACRE","TOTAL","NOT SPECIFIED","190.3",""
"SURVEY","2009","YEAR","","COUNTY","NEBRASKA","31","SOUTH","80","FRANKLIN","061","","","00000000","","CORN","CORN, GRAIN - YIELD, MEASURED IN BU / ACRE","TOTAL","NOT SPECIFIED","192.4",""
"SURVEY","2009","YEAR","","COUNTY","NEBRASKA","31","SOUTH","80","FURNAS","065","","","00000000","","CORN","CORN, GRAIN - YIELD, MEASURED IN BU / ACRE","TOTAL","NOT SPECIFIED","163.1",""
"SURVEY","2009","YEAR","","COUNTY","NEBRASKA","31","SOUTH","80","GOSPER","073","","","00000000","","CORN","CORN, GRAIN - YIELD, MEASURED IN BU / ACRE","TOTAL","NOT SPECIFIED","188.8",""
"SURVEY","2009","YEAR","","COUNTY","NEBRASKA","31","SOUTH","80","HARLAN","083","","","00000000","","CORN","CORN, GRAIN - YIELD, MEASURED IN BU / ACRE","TOTAL","NOT SPECIFIED","178.1",""
"SURVEY","2009","YEAR","","COUNTY","NEBRASKA","31","SOUTH","80","KEARNEY","099","","","00000000","","CORN","CORN, GRAIN - YIELD, MEASURED IN BU / ACRE","TOTAL","NOT SPECIFIED","203.7",""
"SURVEY","2009","YEAR","","COUNTY","NEBRASKA","31","SOUTH","80","PHELPS","137","","","00000000","","CORN","CORN, GRAIN - YIELD, MEASURED IN BU / ACRE","TOTAL","NOT SPECIFIED","212",""
"SURVEY","2009","YEAR","","COUNTY","NEBRASKA","31","SOUTH","80","WEBSTER","181","","","00000000","","CORN","CORN, GRAIN - YIELD, MEASURED IN BU / ACRE","TOTAL","NOT SPECIFIED","160.4",""
"SURVEY","2009","YEAR","","COUNTY","NEBRASKA","31","SOUTHEAST","90","CLAY","035","","","00000000","","CORN","CORN, GRAIN - YIELD, MEASURED IN BU / ACRE","TOTAL","NOT SPECIFIED","184",""
"SURVEY","2009","YEAR","","COUNTY","NEBRASKA","31","SOUTHEAST","90","FILLMORE","059","","","00000000","","CORN","CORN, GRAIN - YIELD, MEASURED IN BU / ACRE","TOTAL","NOT SPECIFIED","188.9",""
"SURVEY","2009","YEAR","","COUNTY","NEBRASKA","31","SOUTHEAST","90","GAGE","067","","","00000000","","CORN","CORN, GRAIN - YIELD, MEASURED IN BU / ACRE","TOTAL","NOT SPECIFIED","147.7",""
"SURVEY","2009","YEAR","","COUNTY","NEBRASKA","31","SOUTHEAST","90","JEFFERSON","095","","","00000000","","CORN","CORN, GRAIN - YIELD, MEASURED IN BU / ACRE","TOTAL","NOT SPECIFIED","167.8",""
"SURVEY","2009","YEAR","","COUNTY","NEBRASKA","31","SOUTHEAST","90","JOHNSON","097","","","00000000","","CORN","CORN, GRAIN - YIELD, MEASURED IN BU / ACRE","TOTAL","NOT SPECIFIED","154.1",""
"SURVEY","2009","YEAR","","COUNTY","NEBRASKA","31","SOUTHEAST","90","NEMAHA","127","","","00000000","","CORN","CORN, GRAIN - YIELD, MEASURED IN BU / ACRE","TOTAL","NOT SPECIFIED","169.3",""
"SURVEY","2009","YEAR","","COUNTY","NEBRASKA","31","SOUTHEAST","90","NUCKOLLS","129","","","00000000","","CORN","CORN, GRAIN - YIELD, MEASURED IN BU / ACRE","TOTAL","NOT SPECIFIED","159.6",""
"SURVEY","2009","YEAR","","COUNTY","NEBRASKA","31","SOUTHEAST","90","OTOE","131","","","00000000","","CORN","CORN, GRAIN - YIELD, MEASURED IN BU / ACRE","TOTAL","NOT SPECIFIED","166.9",""
"SURVEY","2009","YEAR","","COUNTY","NEBRASKA","31","SOUTHEAST","90","PAWNEE","133","","","00000000","","CORN","CORN, GRAIN - YIELD, MEASURED IN BU / ACRE","TOTAL","NOT SPECIFIED","131.4",""
"SURVEY","2009","YEAR","","COUNTY","NEBRASKA","31","SOUTHEAST","90","RICHARDSON","147","","","00000000","","CORN","CORN, GRAIN - YIELD, MEASURED IN BU / ACRE","TOTAL","NOT SPECIFIED","165.8",""
"SURVEY","2009","YEAR","","COUNTY","NEBRASKA","31","SOUTHEAST","90","SALINE","151","","","00000000","","CORN","CORN, GRAIN - YIELD, MEASURED IN BU / ACRE","TOTAL","NOT SPECIFIED","162.9",""
"SURVEY","2009","YEAR","","COUNTY","NEBRASKA","31","SOUTHEAST","90","THAYER","169","","","00000000","","CORN","CORN, GRAIN - YIELD, MEASURED IN BU / ACRE","TOTAL","NOT SPECIFIED","183.5",""
"SURVEY","2009","YEAR","","COUNTY","NEBRASKA","31","SOUTHWEST","70","CHASE","029","","","00000000","","CORN","CORN, GRAIN - YIELD, MEASURED IN BU / ACRE","TOTAL","NOT SPECIFIED","150.3",""
"SURVEY","2009","YEAR","","COUNTY","NEBRASKA","31","SOUTHWEST","70","DUNDY","057","","","00000000","","CORN","CORN, GRAIN - YIELD, MEASURED IN BU / ACRE","TOTAL","NOT SPECIFIED","141.4",""
"SURVEY","2009","YEAR","","COUNTY","NEBRASKA","31","SOUTHWEST","70","FRONTIER","063","","","00000000","","CORN","CORN, GRAIN - YIELD, MEASURED IN BU / ACRE","TOTAL","NOT SPECIFIED","158",""
"SURVEY","2009","YEAR","","COUNTY","NEBRASKA","31","SOUTHWEST","70","HAYES","085","","","00000000","","CORN","CORN, GRAIN - YIELD, MEASURED IN BU / ACRE","TOTAL","NOT SPECIFIED","154.1",""
"SURVEY","2009","YEAR","","COUNTY","NEBRASKA","31","SOUTHWEST","70","HITCHCOCK","087","","","00000000","","CORN","CORN, GRAIN - YIELD, MEASURED IN BU / ACRE","TOTAL","NOT SPECIFIED","135.4",""
"SURVEY","2009","YEAR","","COUNTY","NEBRASKA","31","SOUTHWEST","70","KEITH","101","","","00000000","","CORN","CORN, GRAIN - YIELD, MEASURED IN BU / ACRE","TOTAL","NOT SPECIFIED","162.4",""
"SURVEY","2009","YEAR","","COUNTY","NEBRASKA","31","SOUTHWEST","70","LINCOLN","111","","","00000000","","CORN","CORN, GRAIN - YIELD, MEASURED IN BU / ACRE","TOTAL","NOT SPECIFIED","173.7",""
"SURVEY","2009","YEAR","","COUNTY","NEBRASKA","31","SOUTHWEST","70","PERKINS","135","","","00000000","","CORN","CORN, GRAIN - YIELD, MEASURED IN BU / ACRE","TOTAL","NOT SPECIFIED","137.6",""
"SURVEY","2009","YEAR","","COUNTY","NEBRASKA","31","SOUTHWEST","70","RED WILLOW","145","","","00000000","","CORN","CORN, GRAIN - YIELD, MEASURED IN BU / ACRE","TOTAL","NOT SPECIFIED","158.9",""
"SURVEY","2008","YEAR","","COUNTY","IOWA","19","CENTRAL","50","BOONE","015","","","00000000","","CORN","CORN, GRAIN - YIELD, MEASURED IN BU / ACRE","TOTAL","NOT SPECIFIED","166",""
"SURVEY","2008","YEAR","","COUNTY","IOWA","19","CENTRAL","50","DALLAS","049","","","00000000","","CORN","CORN, GRAIN - YIELD, MEASURED IN BU / ACRE","TOTAL","NOT SPECIFIED","171",""
"SURVEY","2008","YEAR","","COUNTY","IOWA","19","CENTRAL","50","GRUNDY","075","","","00000000","","CORN","CORN, GRAIN - YIELD, MEASURED IN BU / ACRE","TOTAL","NOT SPECIFIED","181",""
"SURVEY","2008","YEAR","","COUNTY","IOWA","19","CENTRAL","50","HAMILTON","079","","","00000000","","CORN","CORN, GRAIN - YIELD, MEASURED IN BU / ACRE","TOTAL","NOT SPECIFIED","157",""
"SURVEY","2008","YEAR","","COUNTY","IOWA","19","CENTRAL","50","HARDIN","083","","","00000000","","CORN","CORN, GRAIN - YIELD, MEASURED IN BU / ACRE","TOTAL","NOT SPECIFIED","159",""
"SURVEY","2008","YEAR","","COUNTY","IOWA","19","CENTRAL","50","JASPER","099","","","00000000","","CORN","CORN, GRAIN - YIELD, MEASURED IN BU / ACRE","TOTAL","NOT SPECIFIED","182",""
"SURVEY","2008","YEAR","","COUNTY","IOWA","19","CENTRAL","50","MARSHALL","127","","","00000000","","CORN","CORN, GRAIN - YIELD, MEASURED IN BU / ACRE","TOTAL","NOT SPECIFIED","180",""
"SURVEY","2008","YEAR","","COUNTY","IOWA","19","CENTRAL","50","POLK","153","","","00000000","","CORN","CORN, GRAIN - YIELD, MEASURED IN BU / ACRE","TOTAL","NOT SPECIFIED","154",""
"SURVEY","2008","YEAR","","COUNTY","IOWA","19","CENTRAL","50","POWESHIEK","157","","","00000000","","CORN","CORN, GRAIN - YIELD, MEASURED IN BU / ACRE","TOTAL","NOT SPECIFIED","170",""
"SURVEY","2008","YEAR","","COUNTY","IOWA","19","CENTRAL","50","STORY","169","","","00000000","","CORN","CORN, GRAIN - YIELD, MEASURED IN BU / ACRE","TOTAL","NOT SPECIFIED","160",""
"SURVEY","2008","YEAR","","COUNTY","IOWA","19","CENTRAL","50","TAMA","171","","","00000000","","CORN","CORN, GRAIN - YIELD, MEASURED IN BU / ACRE","TOTAL","NOT SPECIFIED","179",""
"SURVEY","2008","YEAR","","COUNTY","IOWA","19","CENTRAL","50","WEBSTER","187","","","00000000","","CORN","CORN, GRAIN - YIELD, MEASURED IN BU / ACRE","TOTAL","NOT SPECIFIED","167",""
"SURVEY","2008","YEAR","","COUNTY","IOWA","19","EAST CENTRAL","60","BENTON","011","","","00000000","","CORN","CORN, GRAIN - YIELD, MEASURED IN BU / ACRE","TOTAL","NOT SPECIFIED","179",""
"SURVEY","2008","YEAR","","COUNTY","IOWA","19","EAST CENTRAL","60","CEDAR","031","","","00000000","","CORN","CORN, GRAIN - YIELD, MEASURED IN BU / ACRE","TOTAL","NOT SPECIFIED","180",""
"SURVEY","2008","YEAR","","COUNTY","IOWA","19","EAST CENTRAL","60","CLINTON","045","","","00000000","","CORN","CORN, GRAIN - YIELD, MEASURED IN BU / ACRE","TOTAL","NOT SPECIFIED","181",""
"SURVEY","2008","YEAR","","COUNTY","IOWA","19","EAST CENTRAL","60","IOWA","095","","","00000000","","CORN","CORN, GRAIN - YIELD, MEASURED IN BU / ACRE","TOTAL","NOT SPECIFIED","173",""
"SURVEY","2008","YEAR","","COUNTY","IOWA","19","EAST CENTRAL","60","JACKSON","097","","","00000000","","CORN","CORN, GRAIN - YIELD, MEASURED IN BU / ACRE","TOTAL","NOT SPECIFIED","169",""
"SURVEY","2008","YEAR","","COUNTY","IOWA","19","EAST CENTRAL","60","JOHNSON","103","","","00000000","","CORN","CORN, GRAIN - YIELD, MEASURED IN BU / ACRE","TOTAL","NOT SPECIFIED","161",""
"SURVEY","2008","YEAR","","COUNTY","IOWA","19","EAST CENTRAL","60","JONES","105","","","00000000","","CORN","CORN, GRAIN - YIELD, MEASURED IN BU / ACRE","TOTAL","NOT SPECIFIED","167",""
"SURVEY","2008","YEAR","","COUNTY","IOWA","19","EAST CENTRAL","60","LINN","113","","","00000000","","CORN","CORN, GRAIN - YIELD, MEASURED IN BU / ACRE","TOTAL","NOT SPECIFIED","172",""
"SURVEY","2008","YEAR","","COUNTY","IOWA","19","EAST CENTRAL","60","MUSCATINE","139","","","00000000","","CORN","CORN, GRAIN - YIELD, MEASURED IN BU / ACRE","TOTAL","NOT SPECIFIED","166",""
"SURVEY","2008","YEAR","","COUNTY","IOWA","19","EAST CENTRAL","60","SCOTT","163","","","00000000","","CORN","CORN, GRAIN - YIELD, MEASURED IN BU / ACRE","TOTAL","NOT SPECIFIED","184",""
"SURVEY","2008","YEAR","","COUNTY","IOWA","19","NORTH CENTRAL","20","BUTLER","023","","","00000000","","CORN","CORN, GRAIN - YIELD, MEASURED IN BU / ACRE","TOTAL","NOT SPECIFIED","175",""
"SURVEY","2008","YEAR","","COUNTY","IOWA","19","NORTH CENTRAL","20","CERRO GORDO","033","","","00000000","","CORN","CORN, GRAIN - YIELD, MEASURED IN BU / ACRE","TOTAL","NOT SPECIFIED","166",""
"SURVEY","2008","YEAR","","COUNTY","IOWA","19","NORTH CENTRAL","20","FLOYD","067","","","00000000","","CORN","CORN, GRAIN - YIELD, MEASURED IN BU / ACRE","TOTAL","NOT SPECIFIED","171",""
"SURVEY","2008","YEAR","","COUNTY","IOWA","19","NORTH CENTRAL","20","FRANKLIN","069","","","00000000","","CORN","CORN, GRAIN - YIELD, MEASURED IN BU / ACRE","TOTAL","NOT SPECIFIED","167",""
"SURVEY","2008","YEAR","","COUNTY","IOWA","19","NORTH CENTRAL","20","HANCOCK","081","","","00000000","","CORN","CORN, GRAIN - YIELD, MEASURED IN BU / ACRE","TOTAL","NOT SPECIFIED","171",""
"SURVEY","2008","YEAR","","COUNTY","IOWA","19","NORTH CENTRAL","20","HUMBOLDT","091","","","00000000","","CORN","CORN, GRAIN - YIELD, MEASURED IN BU / ACRE","TOTAL","NOT SPECIFIED","172",""
"SURVEY","2008","YEAR","","COUNTY","IOWA","19","NORTH CENTRAL","20","KOSSUTH","109","","","00000000","","CORN","CORN, GRAIN - YIELD, MEASURED IN BU / ACRE","TOTAL","NOT SPECIFIED","171",""
"SURVEY","2008","YEAR","","COUNTY","IOWA","19","NORTH CENTRAL","20","MITCHELL","131","","","00000000","","CORN","CORN, GRAIN - YIELD, MEASURED IN BU / ACRE","TOTAL","NOT SPECIFIED","174",""
"SURVEY","2008","YEAR","","COUNTY","IOWA","19","NORTH CENTRAL","20","WINNEBAGO","189","","","00000000","","CORN","CORN, GRAIN - YIELD, MEASURED IN BU / ACRE","TOTAL","NOT SPECIFIED","177",""
"SURVEY","2008","YEAR","","COUNTY","IOWA","19","NORTH CENTRAL","20","WORTH","195","","","00000000","","CORN","CORN, GRAIN - YIELD, MEASURED IN BU / ACRE","TOTAL","NOT SPECIFIED","171",""
"SURVEY","2008","YEAR","","COUNTY","IOWA","19","NORTH CENTRAL","20","WRIGHT","197","","","00000000","","CORN","CORN, GRAIN - YIELD, MEASURED IN BU / ACRE","TOTAL","NOT SPECIFIED","164",""
"SURVEY","2008","YEAR","","COUNTY","IOWA","19","NORTHEAST","30","ALLAMAKEE","005","","","00000000","","CORN","CORN, GRAIN - YIELD, MEASURED IN BU / ACRE","TOTAL","NOT SPECIFIED","170",""
"SURVEY","2008","YEAR","","COUNTY","IOWA","19","NORTHEAST","30","BLACK HAWK","013","","","00000000","","CORN","CORN, GRAIN - YIELD, MEASURED IN BU / ACRE","TOTAL","NOT SPECIFIED","165",""
"SURVEY","2008","YEAR","","COUNTY","IOWA","19","NORTHEAST","30","BREMER","017","","","00000000","","CORN","CORN, GRAIN - YIELD, MEASURED IN BU / ACRE","TOTAL","NOT SPECIFIED","161",""
"SURVEY","2008","YEAR","","COUNTY","IOWA","19","NORTHEAST","30","BUCHANAN","019","","","00000000","","CORN","CORN, GRAIN - YIELD, MEASURED IN BU / ACRE","TOTAL","NOT SPECIFIED","167",""
"SURVEY","2008","YEAR","","COUNTY","IOWA","19","NORTHEAST","30","CHICKASAW","037","","","00000000","","CORN","CORN, GRAIN - YIELD, MEASURED IN BU / ACRE","TOTAL","NOT SPECIFIED","159",""
"SURVEY","2008","YEAR","","COUNTY","IOWA","19","NORTHEAST","30","CLAYTON","043","","","00000000","","CORN","CORN, GRAIN - YIELD, MEASURED IN BU / ACRE","TOTAL","NOT SPECIFIED","171",""
"SURVEY","2008","YEAR","","COUNTY","IOWA","19","NORTHEAST","30","DELAWARE","055","","","00000000","","CORN","CORN, GRAIN - YIELD, MEASURED IN BU / ACRE","TOTAL","NOT SPECIFIED","159",""
"SURVEY","2008","YEAR","","COUNTY","IOWA","19","NORTHEAST","30","DUBUQUE","061","","","00000000","","CORN","CORN, GRAIN - YIELD, MEASURED IN BU / ACRE","TOTAL","NOT SPECIFIED","158",""
"SURVEY","2008","YEAR","","COUNTY","IOWA","19","NORTHEAST","30","FAYETTE","065","","","00000000","","CORN","CORN, GRAIN - YIELD, MEASURED IN BU / ACRE","TOTAL","NOT SPECIFIED","167",""
"SURVEY","2008","YEAR","","COUNTY","IOWA","19","NORTHEAST","30","HOWARD","089","","","00000000","","CORN","CORN, GRAIN - YIELD, MEASURED IN BU / ACRE","TOTAL","NOT SPECIFIED","164",""
"SURVEY","2008","YEAR","","COUNTY","IOWA","19","NORTHEAST","30","WINNESHIEK","191","","","00000000","","CORN","CORN, GRAIN - YIELD, MEASURED IN BU / ACRE","TOTAL","NOT SPECIFIED","171",""
"SURVEY","2008","YEAR","","COUNTY","IOWA","19","NORTHWEST","10","BUENA VISTA","021","","","00000000","","CORN","CORN, GRAIN - YIELD, MEASURED IN BU / ACRE","TOTAL","NOT SPECIFIED","179",""
"SURVEY","2008","YEAR","","COUNTY","IOWA","19","NORTHWEST","10","CHEROKEE","035","","","00000000","","CORN","CORN, GRAIN - YIELD, MEASURED IN BU / ACRE","TOTAL","NOT SPECIFIED","196",""
"SURVEY","2008","YEAR","","COUNTY","IOWA","19","NORTHWEST","10","CLAY","041","","","00000000","","CORN","CORN, GRAIN - YIELD, MEASURED IN BU / ACRE","TOTAL","NOT SPECIFIED","175",""
"SURVEY","2008","YEAR","","COUNTY","IOWA","19","NORTHWEST","10","DICKINSON","059","","","00000000","","CORN","CORN, GRAIN - YIELD, MEASURED IN BU / ACRE","TOTAL","NOT SPECIFIED","168",""
"SURVEY","2008","YEAR","","COUNTY","IOWA","19","NORTHWEST","10","EMMET","063","","","00000000","","CORN","CORN, GRAIN - YIELD, MEASURED IN BU / ACRE","TOTAL","NOT SPECIFIED","168",""
"SURVEY","2008","YEAR","","COUNTY","IOWA","19","NORTHWEST","10","LYON","119","","","00000000","","CORN","CORN, GRAIN - YIELD, MEASURED IN BU / ACRE","TOTAL","NOT SPECIFIED","190",""
"SURVEY","2008","YEAR","","COUNTY","IOWA","19","NORTHWEST","10","O BRIEN","141","","","00000000","","CORN","CORN, GRAIN - YIELD, MEASURED IN BU / ACRE","TOTAL","NOT SPECIFIED","195",""
"SURVEY","2008","YEAR","","COUNTY","IOWA","19","NORTHWEST","10","OSCEOLA","143","","","00000000","","CORN","CORN, GRAIN - YIELD, MEASURED IN BU / ACRE","TOTAL","NOT SPECIFIED","175",""
"SURVEY","2008","YEAR","","COUNTY","IOWA","19","NORTHWEST","10","PALO ALTO","147","","","00000000","","CORN","CORN, GRAIN - YIELD, MEASURED IN BU / ACRE","TOTAL","NOT SPECIFIED","176",""
"SURVEY","2008","YEAR","","COUNTY","IOWA","19","NORTHWEST","10","PLYMOUTH","149","","","00000000","","CORN","CORN, GRAIN - YIELD, MEASURED IN BU / ACRE","TOTAL","NOT SPECIFIED","191",""
"SURVEY","2008","YEAR","","COUNTY","IOWA","19","NORTHWEST","10","POCAHONTAS","151","","","00000000","","CORN","CORN, GRAIN - YIELD, MEASURED IN BU / ACRE","TOTAL","NOT SPECIFIED","178",""
"SURVEY","2008","YEAR","","COUNTY","IOWA","19","NORTHWEST","10","SIOUX","167","","","00000000","","CORN","CORN, GRAIN - YIELD, MEASURED IN BU / ACRE","TOTAL","NOT SPECIFIED","195",""
"SURVEY","2008","YEAR","","COUNTY","IOWA","19","SOUTH CENTRAL","80","APPANOOSE","007","","","00000000","","CORN","CORN, GRAIN - YIELD, MEASURED IN BU / ACRE","TOTAL","NOT SPECIFIED","118",""
"SURVEY","2008","YEAR","","COUNTY","IOWA","19","SOUTH CENTRAL","80","CLARKE","039","","","00000000","","CORN","CORN, GRAIN - YIELD, MEASURED IN BU / ACRE","TOTAL","NOT SPECIFIED","109",""
"SURVEY","2008","YEAR","","COUNTY","IOWA","19","SOUTH CENTRAL","80","DECATUR","053","","","00000000","","CORN","CORN, GRAIN - YIELD, MEASURED IN BU / ACRE","TOTAL","NOT SPECIFIED","112",""
"SURVEY","2008","YEAR","","COUNTY","IOWA","19","SOUTH CENTRAL","80","LUCAS","117","","","00000000","","CORN","CORN, GRAIN - YIELD, MEASURED IN BU / ACRE","TOTAL","NOT SPECIFIED","114",""
"SURVEY","2008","YEAR","","COUNTY","IOWA","19","SOUTH CENTRAL","80","MADISON","121","","","00000000","","CORN","CORN, GRAIN - YIELD, MEASURED IN BU / ACRE","TOTAL","NOT SPECIFIED","165",""
"SURVEY","2008","YEAR","","COUNTY","IOWA","19","SOUTH CENTRAL","80","MARION","125","","","00000000","","CORN","CORN, GRAIN - YIELD, MEASURED IN BU / ACRE","TOTAL","NOT SPECIFIED","143",""
"SURVEY","2008","YEAR","","COUNTY","IOWA","19","SOUTH CENTRAL","80","MONROE","135","","","00000000","","CORN","CORN, GRAIN - YIELD, MEASURED IN BU / ACRE","TOTAL","NOT SPECIFIED","136",""
"SURVEY","2008","YEAR","","COUNTY","IOWA","19","SOUTH CENTRAL","80","RINGGOLD","159","","","00000000","","CORN","CORN, GRAIN - YIELD, MEASURED IN BU / ACRE","TOTAL","NOT SPECIFIED","115",""
"SURVEY","2008","YEAR","","COUNTY","IOWA","19","SOUTH CENTRAL","80","UNION","175","","","00000000","","CORN","CORN, GRAIN - YIELD, MEASURED IN BU / ACRE","TOTAL","NOT SPECIFIED","148",""
"SURVEY","2008","YEAR","","COUNTY","IOWA","19","SOUTH CENTRAL","80","WARREN","181","","","00000000","","CORN","CORN, GRAIN - YIELD, MEASURED IN BU / ACRE","TOTAL","NOT SPECIFIED","135",""
"SURVEY","2008","YEAR","","COUNTY","IOWA","19","SOUTH CENTRAL","80","WAYNE","185","","","00000000","","CORN","CORN, GRAIN - YIELD, MEASURED IN BU / ACRE","TOTAL","NOT SPECIFIED","103",""
"SURVEY","2008","YEAR","","COUNTY","IOWA","19","SOUTHEAST","90","DAVIS","051","","","00000000","","CORN","CORN, GRAIN - YIELD, MEASURED IN BU / ACRE","TOTAL","NOT SPECIFIED","142",""
"SURVEY","2008","YEAR","","COUNTY","IOWA","19","SOUTHEAST","90","DES MOINES","057","","","00000000","","CORN","CORN, GRAIN - YIELD, MEASURED IN BU / ACRE","TOTAL","NOT SPECIFIED","186",""
"SURVEY","2008","YEAR","","COUNTY","IOWA","19","SOUTHEAST","90","HENRY","087","","","00000000","","CORN","CORN, GRAIN - YIELD, MEASURED IN BU / ACRE","TOTAL","NOT SPECIFIED","178",""
"SURVEY","2008","YEAR","","COUNTY","IOWA","19","SOUTHEAST","90","JEFFERSON","101","","","00000000","","CORN","CORN, GRAIN - YIELD, MEASURED IN BU / ACRE","TOTAL","NOT SPECIFIED","167",""
"SURVEY","2008","YEAR","","COUNTY","IOWA","19","SOUTHEAST","90","KEOKUK","107","","","00000000","","CORN","CORN, GRAIN - YIELD, MEASURED IN BU / ACRE","TOTAL","NOT SPECIFIED","157",""
"SURVEY","2008","YEAR","","COUNTY","IOWA","19","SOUTHEAST","90","LEE","111","","","00000000","","CORN","CORN, GRAIN - YIELD, MEASURED IN BU / ACRE","TOTAL","NOT SPECIFIED","173",""
"SURVEY","2008","YEAR","","COUNTY","IOWA","19","SOUTHEAST","90","LOUISA","115","","","00000000","","CORN","CORN, GRAIN - YIELD, MEASURED IN BU / ACRE","TOTAL","NOT SPECIFIED","174",""
"SURVEY","2008","YEAR","","COUNTY","IOWA","19","SOUTHEAST","90","MAHASKA","123","","","00000000","","CORN","CORN, GRAIN - YIELD, MEASURED IN BU / ACRE","TOTAL","NOT SPECIFIED","176",""
"SURVEY","2008","YEAR","","COUNTY","IOWA","19","SOUTHEAST","90","VAN BUREN","177","","","00000000","","CORN","CORN, GRAIN - YIELD, MEASURED IN BU / ACRE","TOTAL","NOT SPECIFIED","146",""
"SURVEY","2008","YEAR","","COUNTY","IOWA","19","SOUTHEAST","90","WAPELLO","179","","","00000000","","CORN","CORN, GRAIN - YIELD, MEASURED IN BU / ACRE","TOTAL","NOT SPECIFIED","138",""
"SURVEY","2008","YEAR","","COUNTY","IOWA","19","SOUTHEAST","90","WASHINGTON","183","","","00000000","","CORN","CORN, GRAIN - YIELD, MEASURED IN BU / ACRE","TOTAL","NOT SPECIFIED","180",""
"SURVEY","2008","YEAR","","COUNTY","IOWA","19","SOUTHWEST","70","ADAIR","001","","","00000000","","CORN","CORN, GRAIN - YIELD, MEASURED IN BU / ACRE","TOTAL","NOT SPECIFIED","169",""
"SURVEY","2008","YEAR","","COUNTY","IOWA","19","SOUTHWEST","70","ADAMS","003","","","00000000","","CORN","CORN, GRAIN - YIELD, MEASURED IN BU / ACRE","TOTAL","NOT SPECIFIED","156",""
"SURVEY","2008","YEAR","","COUNTY","IOWA","19","SOUTHWEST","70","CASS","029","","","00000000","","CORN","CORN, GRAIN - YIELD, MEASURED IN BU / ACRE","TOTAL","NOT SPECIFIED","174",""
"SURVEY","2008","YEAR","","COUNTY","IOWA","19","SOUTHWEST","70","FREMONT","071","","","00000000","","CORN","CORN, GRAIN - YIELD, MEASURED IN BU / ACRE","TOTAL","NOT SPECIFIED","147",""
"SURVEY","2008","YEAR","","COUNTY","IOWA","19","SOUTHWEST","70","MILLS","129","","","00000000","","CORN","CORN, GRAIN - YIELD, MEASURED IN BU / ACRE","TOTAL","NOT SPECIFIED","156",""
"SURVEY","2008","YEAR","","COUNTY","IOWA","19","SOUTHWEST","70","MONTGOMERY","137","","","00000000","","CORN","CORN, GRAIN - YIELD, MEASURED IN BU / ACRE","TOTAL","NOT SPECIFIED","160",""
"SURVEY","2008","YEAR","","COUNTY","IOWA","19","SOUTHWEST","70","PAGE","145","","","00000000","","CORN","CORN, GRAIN - YIELD, MEASURED IN BU / ACRE","TOTAL","NOT SPECIFIED","133",""
"SURVEY","2008","YEAR","","COUNTY","IOWA","19","SOUTHWEST","70","POTTAWATTAMIE","155","","","00000000","","CORN","CORN, GRAIN - YIELD, MEASURED IN BU / ACRE","TOTAL","NOT SPECIFIED","178",""
"SURVEY","2008","YEAR","","COUNTY","IOWA","19","SOUTHWEST","70","TAYLOR","173","","","00000000","","CORN","CORN, GRAIN - YIELD, MEASURED IN BU / ACRE","TOTAL","NOT SPECIFIED","135",""
"SURVEY","2008","YEAR","","COUNTY","IOWA","19","WEST CENTRAL","40","AUDUBON","009","","","00000000","","CORN","CORN, GRAIN - YIELD, MEASURED IN BU / ACRE","TOTAL","NOT SPECIFIED","181",""
"SURVEY","2008","YEAR","","COUNTY","IOWA","19","WEST CENTRAL","40","CALHOUN","025","","","00000000","","CORN","CORN, GRAIN - YIELD, MEASURED IN BU / ACRE","TOTAL","NOT SPECIFIED","178",""
"SURVEY","2008","YEAR","","COUNTY","IOWA","19","WEST CENTRAL","40","CARROLL","027","","","00000000","","CORN","CORN, GRAIN - YIELD, MEASURED IN BU / ACRE","TOTAL","NOT SPECIFIED","179",""
"SURVEY","2008","YEAR","","COUNTY","IOWA","19","WEST CENTRAL","40","CRAWFORD","047","","","00000000","","CORN","CORN, GRAIN - YIELD, MEASURED IN BU / ACRE","TOTAL","NOT SPECIFIED","191",""
"SURVEY","2008","YEAR","","COUNTY","IOWA","19","WEST CENTRAL","40","GREENE","073","","","00000000","","CORN","CORN, GRAIN - YIELD, MEASURED IN BU / ACRE","TOTAL","NOT SPECIFIED","159",""
"SURVEY","2008","YEAR","","COUNTY","IOWA","19","WEST CENTRAL","40","GUTHRIE","077","","","00000000","","CORN","CORN, GRAIN - YIELD, MEASURED IN BU / ACRE","TOTAL","NOT SPECIFIED","171",""
"SURVEY","2008","YEAR","","COUNTY","IOWA","19","WEST CENTRAL","40","HARRISON","085","","","00000000","","CORN","CORN, GRAIN - YIELD, MEASURED IN BU / ACRE","TOTAL","NOT SPECIFIED","176",""
"SURVEY","2008","YEAR","","COUNTY","IOWA","19","WEST CENTRAL","40","IDA","093","","","00000000","","CORN","CORN, GRAIN - YIELD, MEASURED IN BU / ACRE","TOTAL","NOT SPECIFIED","196",""
"SURVEY","2008","YEAR","","COUNTY","IOWA","19","WEST CENTRAL","40","MONONA","133","","","00000000","","CORN","CORN, GRAIN - YIELD, MEASURED IN BU / ACRE","TOTAL","NOT SPECIFIED","171",""
"SURVEY","2008","YEAR","","COUNTY","IOWA","19","WEST CENTRAL","40","SAC","161","","","00000000","","CORN","CORN, GRAIN - YIELD, MEASURED IN BU / ACRE","TOTAL","NOT SPECIFIED","184",""
"SURVEY","2008","YEAR","","COUNTY","IOWA","19","WEST CENTRAL","40","SHELBY","165","","","00000000","","CORN","CORN, GRAIN - YIELD, MEASURED IN BU / ACRE","TOTAL","NOT SPECIFIED","190",""
"SURVEY","2008","YEAR","","COUNTY","IOWA","19","WEST CENTRAL","40","WOODBURY","193","","","00000000","","CORN","CORN, GRAIN - YIELD, MEASURED IN BU / ACRE","TOTAL","NOT SPECIFIED","185",""
"SURVEY","2008","YEAR","","COUNTY","NEBRASKA","31","CENTRAL","50","BUFFALO","019","","","00000000","","CORN","CORN, GRAIN - YIELD, MEASURED IN BU / ACRE","TOTAL","NOT SPECIFIED","173",""
"SURVEY","2008","YEAR","","COUNTY","NEBRASKA","31","CENTRAL","50","CUSTER","041","","","00000000","","CORN","CORN, GRAIN - YIELD, MEASURED IN BU / ACRE","TOTAL","NOT SPECIFIED","163",""
"SURVEY","2008","YEAR","","COUNTY","NEBRASKA","31","CENTRAL","50","DAWSON","047","","","00000000","","CORN","CORN, GRAIN - YIELD, MEASURED IN BU / ACRE","TOTAL","NOT SPECIFIED","177",""
"SURVEY","2008","YEAR","","COUNTY","NEBRASKA","31","CENTRAL","50","GREELEY","077","","","00000000","","CORN","CORN, GRAIN - YIELD, MEASURED IN BU / ACRE","TOTAL","NOT SPECIFIED","172",""
"SURVEY","2008","YEAR","","COUNTY","NEBRASKA","31","CENTRAL","50","HALL","079","","","00000000","","CORN","CORN, GRAIN - YIELD, MEASURED IN BU / ACRE","TOTAL","NOT SPECIFIED","171",""
"SURVEY","2008","YEAR","","COUNTY","NEBRASKA","31","CENTRAL","50","HOWARD","093","","","00000000","","CORN","CORN, GRAIN - YIELD, MEASURED IN BU / ACRE","TOTAL","NOT SPECIFIED","164",""
"SURVEY","2008","YEAR","","COUNTY","NEBRASKA","31","CENTRAL","50","SHERMAN","163","","","00000000","","CORN","CORN, GRAIN - YIELD, MEASURED IN BU / ACRE","TOTAL","NOT SPECIFIED","170",""
"SURVEY","2008","YEAR","","COUNTY","NEBRASKA","31","CENTRAL","50","VALLEY","175","","","00000000","","CORN","CORN, GRAIN - YIELD, MEASURED IN BU / ACRE","TOTAL","NOT SPECIFIED","171",""
"SURVEY","2008","YEAR","","COUNTY","NEBRASKA","31","EAST","60","BUTLER","023","","","00000000","","CORN","CORN, GRAIN - YIELD, MEASURED IN BU / ACRE","TOTAL","NOT SPECIFIED","160",""
"SURVEY","2008","YEAR","","COUNTY","NEBRASKA","31","EAST","60","CASS","025","","","00000000","","CORN","CORN, GRAIN - YIELD, MEASURED IN BU / ACRE","TOTAL","NOT SPECIFIED","144",""
"SURVEY","2008","YEAR","","COUNTY","NEBRASKA","31","EAST","60","COLFAX","037","","","00000000","","CORN","CORN, GRAIN - YIELD, MEASURED IN BU / ACRE","TOTAL","NOT SPECIFIED","157",""
"SURVEY","2008","YEAR","","COUNTY","NEBRASKA","31","EAST","60","DODGE","053","","","00000000","","CORN","CORN, GRAIN - YIELD, MEASURED IN BU / ACRE","TOTAL","NOT SPECIFIED","156",""
"SURVEY","2008","YEAR","","COUNTY","NEBRASKA","31","EAST","60","DOUGLAS","055","","","00000000","","CORN","CORN, GRAIN - YIELD, MEASURED IN BU / ACRE","TOTAL","NOT SPECIFIED","133",""
"SURVEY","2008","YEAR","","COUNTY","NEBRASKA","31","EAST","60","HAMILTON","081","","","00000000","","CORN","CORN, GRAIN - YIELD, MEASURED IN BU / ACRE","TOTAL","NOT SPECIFIED","192",""
"SURVEY","2008","YEAR","","COUNTY","NEBRASKA","31","EAST","60","LANCASTER","109","","","00000000","","CORN","CORN, GRAIN - YIELD, MEASURED IN BU / ACRE","TOTAL","NOT SPECIFIED","140",""
"SURVEY","2008","YEAR","","COUNTY","NEBRASKA","31","EAST","60","MERRICK","121","","","00000000","","CORN","CORN, GRAIN - YIELD, MEASURED IN BU / ACRE","TOTAL","NOT SPECIFIED","154",""
"SURVEY","2008","YEAR","","COUNTY","NEBRASKA","31","EAST","60","NANCE","125","","","00000000","","CORN","CORN, GRAIN - YIELD, MEASURED IN BU / ACRE","TOTAL","NOT SPECIFIED","165",""
"SURVEY","2008","YEAR","","COUNTY","NEBRASKA","31","EAST","60","PLATTE","141","","","00000000","","CORN","CORN, GRAIN - YIELD, MEASURED IN BU / ACRE","TOTAL","NOT SPECIFIED","176",""
"SURVEY","2008","YEAR","","COUNTY","NEBRASKA","31","EAST","60","POLK","143","","","00000000","","CORN","CORN, GRAIN - YIELD, MEASURED IN BU / ACRE","TOTAL","NOT SPECIFIED","159",""
"SURVEY","2008","YEAR","","COUNTY","NEBRASKA","31","EAST","60","SARPY","153","","","00000000","","CORN","CORN, GRAIN - YIELD, MEASURED IN BU / ACRE","TOTAL","NOT SPECIFIED","151",""
"SURVEY","2008","YEAR","","COUNTY","NEBRASKA","31","EAST","60","SAUNDERS","155","","","00000000","","CORN","CORN, GRAIN - YIELD, MEASURED IN BU / ACRE","TOTAL","NOT SPECIFIED","149",""
"SURVEY","2008","YEAR","","COUNTY","NEBRASKA","31","EAST","60","SEWARD","159","","","00000000","","CORN","CORN, GRAIN - YIELD, MEASURED IN BU / ACRE","TOTAL","NOT SPECIFIED","162",""
"SURVEY","2008","YEAR","","COUNTY","NEBRASKA","31","EAST","60","WASHINGTON","177","","","00000000","","CORN","CORN, GRAIN - YIELD, MEASURED IN BU / ACRE","TOTAL","NOT SPECIFIED","154",""
"SURVEY","2008","YEAR","","COUNTY","NEBRASKA","31","EAST","60","YORK","185","","","00000000","","CORN","CORN, GRAIN - YIELD, MEASURED IN BU / ACRE","TOTAL","NOT SPECIFIED","184",""
"SURVEY","2008","YEAR","","COUNTY","NEBRASKA","31","NORTH","20","BOYD","015","","","00000000","","CORN","CORN, GRAIN - YIELD, MEASURED IN BU / ACRE","TOTAL","NOT SPECIFIED","122",""
"SURVEY","2008","YEAR","","COUNTY","NEBRASKA","31","NORTH","20","BROWN","017","","","00000000","","CORN","CORN, GRAIN - YIELD, MEASURED IN BU / ACRE","TOTAL","NOT SPECIFIED","187",""
"SURVEY","2008","YEAR","","COUNTY","NEBRASKA","31","NORTH","20","CHERRY","031","","","00000000","","CORN","CORN, GRAIN - YIELD, MEASURED IN BU / ACRE","TOTAL","NOT SPECIFIED","190",""
"SURVEY","2008","YEAR","","COUNTY","NEBRASKA","31","NORTH","20","GARFIELD","071","","","00000000","","CORN","CORN, GRAIN - YIELD, MEASURED IN BU / ACRE","TOTAL","NOT SPECIFIED","171",""
"SURVEY","2008","YEAR","","COUNTY","NEBRASKA","31","NORTH","20","HOLT","089","","","00000000","","CORN","CORN, GRAIN - YIELD, MEASURED IN BU / ACRE","TOTAL","NOT SPECIFIED","184",""
"SURVEY","2008","YEAR","","COUNTY","NEBRASKA","31","NORTH","20","KEYA PAHA","103","","","00000000","","CORN","CORN, GRAIN - YIELD, MEASURED IN BU / ACRE","TOTAL","NOT SPECIFIED","152",""
"SURVEY","2008","YEAR","","COUNTY","NEBRASKA","31","NORTH","20","LOGAN","113","","","00000000","","CORN","CORN, GRAIN - YIELD, MEASURED IN BU / ACRE","TOTAL","NOT SPECIFIED","156",""
"SURVEY","2008","YEAR","","COUNTY","NEBRASKA","31","NORTH","20","LOUP","115","","","00000000","","CORN","CORN, GRAIN - YIELD, MEASURED IN BU / ACRE","TOTAL","NOT SPECIFIED","170",""
"SURVEY","2008","YEAR","","COUNTY","NEBRASKA","31","NORTH","20","OTHER (COMBINED) COUNTIES","","","","00000000","","CORN","CORN, GRAIN - YIELD, MEASURED IN BU / ACRE","TOTAL","NOT SPECIFIED","167",""
"SURVEY","2008","YEAR","","COUNTY","NEBRASKA","31","NORTH","20","ROCK","149","","","00000000","","CORN","CORN, GRAIN - YIELD, MEASURED IN BU / ACRE","TOTAL","NOT SPECIFIED","190",""
"SURVEY","2008","YEAR","","COUNTY","NEBRASKA","31","NORTH","20","WHEELER","183","","","00000000","","CORN","CORN, GRAIN - YIELD, MEASURED IN BU / ACRE","TOTAL","NOT SPECIFIED","151",""
"SURVEY","2008","YEAR","","COUNTY","NEBRASKA","31","NORTHEAST","30","ANTELOPE","003","","","00000000","","CORN","CORN, GRAIN - YIELD, MEASURED IN BU / ACRE","TOTAL","NOT SPECIFIED","176",""
"SURVEY","2008","YEAR","","COUNTY","NEBRASKA","31","NORTHEAST","30","BOONE","011","","","00000000","","CORN","CORN, GRAIN - YIELD, MEASURED IN BU / ACRE","TOTAL","NOT SPECIFIED","170",""
"SURVEY","2008","YEAR","","COUNTY","NEBRASKA","31","NORTHEAST","30","BURT","021","","","00000000","","CORN","CORN, GRAIN - YIELD, MEASURED IN BU / ACRE","TOTAL","NOT SPECIFIED","159",""
"SURVEY","2008","YEAR","","COUNTY","NEBRASKA","31","NORTHEAST","30","CEDAR","027","","","00000000","","CORN","CORN, GRAIN - YIELD, MEASURED IN BU / ACRE","TOTAL","NOT SPECIFIED","159",""
"SURVEY","2008","YEAR","","COUNTY","NEBRASKA","31","NORTHEAST","30","CUMING","039","","","00000000","","CORN","CORN, GRAIN - YIELD, MEASURED IN BU / ACRE","TOTAL","NOT SPECIFIED","160",""
"SURVEY","2008","YEAR","","COUNTY","NEBRASKA","31","NORTHEAST","30","DAKOTA","043","","","00000000","","CORN","CORN, GRAIN - YIELD, MEASURED IN BU / ACRE","TOTAL","NOT SPECIFIED","172",""
"SURVEY","2008","YEAR","","COUNTY","NEBRASKA","31","NORTHEAST","30","DIXON","051","","","00000000","","CORN","CORN, GRAIN - YIELD, MEASURED IN BU / ACRE","TOTAL","NOT SPECIFIED","162",""
"SURVEY","2008","YEAR","","COUNTY","NEBRASKA","31","NORTHEAST","30","KNOX","107","","","00000000","","CORN","CORN, GRAIN - YIELD, MEASURED IN BU / ACRE","TOTAL","NOT SPECIFIED","135",""
"SURVEY","2008","YEAR","","COUNTY","NEBRASKA","31","NORTHEAST","30","MADISON","119","","","00000000","","CORN","CORN, GRAIN - YIELD, MEASURED IN BU / ACRE","TOTAL","NOT SPECIFIED","150",""
"SURVEY","2008","YEAR","","COUNTY","NEBRASKA","31","NORTHEAST","30","PIERCE","139","","","00000000","","CORN","CORN, GRAIN - YIELD, MEASURED IN BU / ACRE","TOTAL","NOT SPECIFIED","171",""
"SURVEY","2008","YEAR","","COUNTY","NEBRASKA","31","NORTHEAST","30","STANTON","167","","","00000000","","CORN","CORN, GRAIN - YIELD, MEASURED IN BU / ACRE","TOTAL","NOT SPECIFIED","143",""
"SURVEY","2008","YEAR","","COUNTY","NEBRASKA","31","NORTHEAST","30","THURSTON","173","","","00000000","","CORN","CORN, GRAIN - YIELD, MEASURED IN BU / ACRE","TOTAL","NOT SPECIFIED","163",""
"SURVEY","2008","YEAR","","COUNTY","NEBRASKA","31","NORTHEAST","30","WAYNE","179","","","00000000","","CORN","CORN, GRAIN - YIELD, MEASURED IN BU / ACRE","TOTAL","NOT SPECIFIED","167",""
"SURVEY","2008","YEAR","","COUNTY","NEBRASKA","31","NORTHWEST","10","BANNER","007","","","00000000","","CORN","CORN, GRAIN - YIELD, MEASURED IN BU / ACRE","TOTAL","NOT SPECIFIED","104",""
"SURVEY","2008","YEAR","","COUNTY","NEBRASKA","31","NORTHWEST","10","BOX BUTTE","013","","","00000000","","CORN","CORN, GRAIN - YIELD, MEASURED IN BU / ACRE","TOTAL","NOT SPECIFIED","140",""
"SURVEY","2008","YEAR","","COUNTY","NEBRASKA","31","NORTHWEST","10","CHEYENNE","033","","","00000000","","CORN","CORN, GRAIN - YIELD, MEASURED IN BU / ACRE","TOTAL","NOT SPECIFIED","140",""
"SURVEY","2008","YEAR","","COUNTY","NEBRASKA","31","NORTHWEST","10","DEUEL","049","","","00000000","","CORN","CORN, GRAIN - YIELD, MEASURED IN BU / ACRE","TOTAL","NOT SPECIFIED","142",""
"SURVEY","2008","YEAR","","COUNTY","NEBRASKA","31","NORTHWEST","10","GARDEN","069","","","00000000","","CORN","CORN, GRAIN - YIELD, MEASURED IN BU / ACRE","TOTAL","NOT SPECIFIED","155",""
"SURVEY","2008","YEAR","","COUNTY","NEBRASKA","31","NORTHWEST","10","MORRILL","123","","","00000000","","CORN","CORN, GRAIN - YIELD, MEASURED IN BU / ACRE","TOTAL","NOT SPECIFIED","159",""
"SURVEY","2008","YEAR","","COUNTY","NEBRASKA","31","NORTHWEST","10","OTHER (COMBINED) COUNTIES","","","","00000000","","CORN","CORN, GRAIN - YIELD, MEASURED IN BU / ACRE","TOTAL","NOT SPECIFIED","114",""
"SURVEY","2008","YEAR","","COUNTY","NEBRASKA","31","NORTHWEST","10","SCOTTS BLUFF","157","","","00000000","","CORN","CORN, GRAIN - YIELD, MEASURED IN BU / ACRE","TOTAL","NOT SPECIFIED","150",""
"SURVEY","2008","YEAR","","COUNTY","NEBRASKA","31","NORTHWEST","10","SHERIDAN","161","","","00000000","","CORN","CORN, GRAIN - YIELD, MEASURED IN BU / ACRE","TOTAL","NOT SPECIFIED","154",""
"SURVEY","2008","YEAR","","COUNTY","NEBRASKA","31","NORTHWEST","10","SIOUX","165","","","00000000","","CORN","CORN, GRAIN - YIELD, MEASURED IN BU / ACRE","TOTAL","NOT SPECIFIED","151",""
"SURVEY","2008","YEAR","","COUNTY","NEBRASKA","31","SOUTH","80","ADAMS","001","","","00000000","","CORN","CORN, GRAIN - YIELD, MEASURED IN BU / ACRE","TOTAL","NOT SPECIFIED","181",""
"SURVEY","2008","YEAR","","COUNTY","NEBRASKA","31","SOUTH","80","FRANKLIN","061","","","00000000","","CORN","CORN, GRAIN - YIELD, MEASURED IN BU / ACRE","TOTAL","NOT SPECIFIED","173",""
"SURVEY","2008","YEAR","","COUNTY","NEBRASKA","31","SOUTH","80","FURNAS","065","","","00000000","","CORN","CORN, GRAIN - YIELD, MEASURED IN BU / ACRE","TOTAL","NOT SPECIFIED","131",""
"SURVEY","2008","YEAR","","COUNTY","NEBRASKA","31","SOUTH","80","GOSPER","073","","","00000000","","CORN","CORN, GRAIN - YIELD, MEASURED IN BU / ACRE","TOTAL","NOT SPECIFIED","160",""
"SURVEY","2008","YEAR","","COUNTY","NEBRASKA","31","SOUTH","80","HARLAN","083","","","00000000","","CORN","CORN, GRAIN - YIELD, MEASURED IN BU / ACRE","TOTAL","NOT SPECIFIED","160",""
"SURVEY","2008","YEAR","","COUNTY","NEBRASKA","31","SOUTH","80","KEARNEY","099","","","00000000","","CORN","CORN, GRAIN - YIELD, MEASURED IN BU / ACRE","TOTAL","NOT SPECIFIED","182",""
"SURVEY","2008","YEAR","","COUNTY","NEBRASKA","31","SOUTH","80","PHELPS","137","","","00000000","","CORN","CORN, GRAIN - YIELD, MEASURED IN BU / ACRE","TOTAL","NOT SPECIFIED","199",""
"SURVEY","2008","YEAR","","COUNTY","NEBRASKA","31","SOUTH","80","WEBSTER","181","","","00000000","","CORN","CORN, GRAIN - YIELD, MEASURED IN BU / ACRE","TOTAL","NOT SPECIFIED","159",""
"SURVEY","2008","YEAR","","COUNTY","NEBRASKA","31","SOUTHEAST","90","CLAY","035","","","00000000","","CORN","CORN, GRAIN - YIELD, MEASURED IN BU / ACRE","TOTAL","NOT SPECIFIED","190",""
"SURVEY","2008","YEAR","","COUNTY","NEBRASKA","31","SOUTHEAST","90","FILLMORE","059","","","00000000","","CORN","CORN, GRAIN - YIELD, MEASURED IN BU / ACRE","TOTAL","NOT SPECIFIED","180",""
"SURVEY","2008","YEAR","","COUNTY","NEBRASKA","31","SOUTHEAST","90","GAGE","067","","","00000000","","CORN","CORN, GRAIN - YIELD, MEASURED IN BU / ACRE","TOTAL","NOT SPECIFIED","141",""
"SURVEY","2008","YEAR","","COUNTY","NEBRASKA","31","SOUTHEAST","90","JEFFERSON","095","","","00000000","","CORN","CORN, GRAIN - YIELD, MEASURED IN BU / ACRE","TOTAL","NOT SPECIFIED","161",""
"SURVEY","2008","YEAR","","COUNTY","NEBRASKA","31","SOUTHEAST","90","JOHNSON","097","","","00000000","","CORN","CORN, GRAIN - YIELD, MEASURED IN BU / ACRE","TOTAL","NOT SPECIFIED","130",""
"SURVEY","2008","YEAR","","COUNTY","NEBRASKA","31","SOUTHEAST","90","NEMAHA","127","","","00000000","","CORN","CORN, GRAIN - YIELD, MEASURED IN BU / ACRE","TOTAL","NOT SPECIFIED","142",""
"SURVEY","2008","YEAR","","COUNTY","NEBRASKA","31","SOUTHEAST","90","NUCKOLLS","129","","","00000000","","CORN","CORN, GRAIN - YIELD, MEASURED IN BU / ACRE","TOTAL","NOT SPECIFIED","164",""
"SURVEY","2008","YEAR","","COUNTY","NEBRASKA","31","SOUTHEAST","90","OTOE","131","","","00000000","","CORN","CORN, GRAIN - YIELD, MEASURED IN BU / ACRE","TOTAL","NOT SPECIFIED","131",""
"SURVEY","2008","YEAR","","COUNTY","NEBRASKA","31","SOUTHEAST","90","PAWNEE","133","","","00000000","","CORN","CORN, GRAIN - YIELD, MEASURED IN BU / ACRE","TOTAL","NOT SPECIFIED","132",""
"SURVEY","2008","YEAR","","COUNTY","NEBRASKA","31","SOUTHEAST","90","RICHARDSON","147","","","00000000","","CORN","CORN, GRAIN - YIELD, MEASURED IN BU / ACRE","TOTAL","NOT SPECIFIED","141",""
"SURVEY","2008","YEAR","","COUNTY","NEBRASKA","31","SOUTHEAST","90","SALINE","151","","","00000000","","CORN","CORN, GRAIN - YIELD, MEASURED IN BU / ACRE","TOTAL","NOT SPECIFIED","161",""
"SURVEY","2008","YEAR","","COUNTY","NEBRASKA","31","SOUTHEAST","90","THAYER","169","","","00000000","","CORN","CORN, GRAIN - YIELD, MEASURED IN BU / ACRE","TOTAL","NOT SPECIFIED","179",""
"SURVEY","2008","YEAR","","COUNTY","NEBRASKA","31","SOUTHWEST","70","CHASE","029","","","00000000","","CORN","CORN, GRAIN - YIELD, MEASURED IN BU / ACRE","TOTAL","NOT SPECIFIED","176",""
"SURVEY","2008","YEAR","","COUNTY","NEBRASKA","31","SOUTHWEST","70","DUNDY","057","","","00000000","","CORN","CORN, GRAIN - YIELD, MEASURED IN BU / ACRE","TOTAL","NOT SPECIFIED","153",""
"SURVEY","2008","YEAR","","COUNTY","NEBRASKA","31","SOUTHWEST","70","FRONTIER","063","","","00000000","","CORN","CORN, GRAIN - YIELD, MEASURED IN BU / ACRE","TOTAL","NOT SPECIFIED","136",""
"SURVEY","2008","YEAR","","COUNTY","NEBRASKA","31","SOUTHWEST","70","HAYES","085","","","00000000","","CORN","CORN, GRAIN - YIELD, MEASURED IN BU / ACRE","TOTAL","NOT SPECIFIED","158",""
"SURVEY","2008","YEAR","","COUNTY","NEBRASKA","31","SOUTHWEST","70","HITCHCOCK","087","","","00000000","","CORN","CORN, GRAIN - YIELD, MEASURED IN BU / ACRE","TOTAL","NOT SPECIFIED","103",""
"SURVEY","2008","YEAR","","COUNTY","NEBRASKA","31","SOUTHWEST","70","KEITH","101","","","00000000","","CORN","CORN, GRAIN - YIELD, MEASURED IN BU / ACRE","TOTAL","NOT SPECIFIED","158",""
"SURVEY","2008","YEAR","","COUNTY","NEBRASKA","31","SOUTHWEST","70","LINCOLN","111","","","00000000","","CORN","CORN, GRAIN - YIELD, MEASURED IN BU / ACRE","TOTAL","NOT SPECIFIED","166",""
"SURVEY","2008","YEAR","","COUNTY","NEBRASKA","31","SOUTHWEST","70","PERKINS","135","","","00000000","","CORN","CORN, GRAIN - YIELD, MEASURED IN BU / ACRE","TOTAL","NOT SPECIFIED","148",""
"SURVEY","2008","YEAR","","COUNTY","NEBRASKA","31","SOUTHWEST","70","RED WILLOW","145","","","00000000","","CORN","CORN, GRAIN - YIELD, MEASURED IN BU / ACRE","TOTAL","NOT SPECIFIED","139",""
"SURVEY","2007","YEAR","","COUNTY","IOWA","19","CENTRAL","50","BOONE","015","","","00000000","","CORN","CORN, GRAIN - YIELD, MEASURED IN BU / ACRE","TOTAL","NOT SPECIFIED","182.2",""
"SURVEY","2007","YEAR","","COUNTY","IOWA","19","CENTRAL","50","DALLAS","049","","","00000000","","CORN","CORN, GRAIN - YIELD, MEASURED IN BU / ACRE","TOTAL","NOT SPECIFIED","167.5",""
"SURVEY","2007","YEAR","","COUNTY","IOWA","19","CENTRAL","50","GRUNDY","075","","","00000000","","CORN","CORN, GRAIN - YIELD, MEASURED IN BU / ACRE","TOTAL","NOT SPECIFIED","176",""
"SURVEY","2007","YEAR","","COUNTY","IOWA","19","CENTRAL","50","HAMILTON","079","","","00000000","","CORN","CORN, GRAIN - YIELD, MEASURED IN BU / ACRE","TOTAL","NOT SPECIFIED","180.5",""
"SURVEY","2007","YEAR","","COUNTY","IOWA","19","CENTRAL","50","HARDIN","083","","","00000000","","CORN","CORN, GRAIN - YIELD, MEASURED IN BU / ACRE","TOTAL","NOT SPECIFIED","177.3",""
"SURVEY","2007","YEAR","","COUNTY","IOWA","19","CENTRAL","50","JASPER","099","","","00000000","","CORN","CORN, GRAIN - YIELD, MEASURED IN BU / ACRE","TOTAL","NOT SPECIFIED","180.9",""
"SURVEY","2007","YEAR","","COUNTY","IOWA","19","CENTRAL","50","MARSHALL","127","","","00000000","","CORN","CORN, GRAIN - YIELD, MEASURED IN BU / ACRE","TOTAL","NOT SPECIFIED","185.9",""
"SURVEY","2007","YEAR","","COUNTY","IOWA","19","CENTRAL","50","POLK","153","","","00000000","","CORN","CORN, GRAIN - YIELD, MEASURED IN BU / ACRE","TOTAL","NOT SPECIFIED","177.8",""
"SURVEY","2007","YEAR","","COUNTY","IOWA","19","CENTRAL","50","POWESHIEK","157","","","00000000","","CORN","CORN, GRAIN - YIELD, MEASURED IN BU / ACRE","TOTAL","NOT SPECIFIED","182.6",""
"SURVEY","2007","YEAR","","COUNTY","IOWA","19","CENTRAL","50","STORY","169","","","00000000","","CORN","CORN, GRAIN - YIELD, MEASURED IN BU / ACRE","TOTAL","NOT SPECIFIED","180.7",""
"SURVEY","2007","YEAR","","COUNTY","IOWA","19","CENTRAL","50","TAMA","171","","","00000000","","CORN","CORN, GRAIN - YIELD, MEASURED IN BU / ACRE","TOTAL","NOT SPECIFIED","174.8",""
"SURVEY","2007","YEAR","","COUNTY","IOWA","19","CENTRAL","50","WEBSTER","187","","","00000000","","CORN","CORN, GRAIN - YIELD, MEASURED IN BU / ACRE","TOTAL","NOT SPECIFIED","182.6",""
"SURVEY","2007","YEAR","","COUNTY","IOWA","19","EAST CENTRAL","60","BENTON","011","","","00000000","","CORN","CORN, GRAIN - YIELD, MEASURED IN BU / ACRE","TOTAL","NOT SPECIFIED","180.2",""
"SURVEY","2007","YEAR","","COUNTY","IOWA","19","EAST CENTRAL","60","CEDAR","031","","","00000000","","CORN","CORN, GRAIN - YIELD, MEASURED IN BU / ACRE","TOTAL","NOT SPECIFIED","184.2",""
"SURVEY","2007","YEAR","","COUNTY","IOWA","19","EAST CENTRAL","60","CLINTON","045","","","00000000","","CORN","CORN, GRAIN - YIELD, MEASURED IN BU / ACRE","TOTAL","NOT SPECIFIED","182.7",""
"SURVEY","2007","YEAR","","COUNTY","IOWA","19","EAST CENTRAL","60","IOWA","095","","","00000000","","CORN","CORN, GRAIN - YIELD, MEASURED IN BU / ACRE","TOTAL","NOT SPECIFIED","178",""
"SURVEY","2007","YEAR","","COUNTY","IOWA","19","EAST CENTRAL","60","JACKSON","097","","","00000000","","CORN","CORN, GRAIN - YIELD, MEASURED IN BU / ACRE","TOTAL","NOT SPECIFIED","169.4",""
"SURVEY","2007","YEAR","","COUNTY","IOWA","19","EAST CENTRAL","60","JOHNSON","103","","","00000000","","CORN","CORN, GRAIN - YIELD, MEASURED IN BU / ACRE","TOTAL","NOT SPECIFIED","171.1",""
"SURVEY","2007","YEAR","","COUNTY","IOWA","19","EAST CENTRAL","60","JONES","105","","","00000000","","CORN","CORN, GRAIN - YIELD, MEASURED IN BU / ACRE","TOTAL","NOT SPECIFIED","181.2",""
"SURVEY","2007","YEAR","","COUNTY","IOWA","19","EAST CENTRAL","60","LINN","113","","","00000000","","CORN","CORN, GRAIN - YIELD, MEASURED IN BU / ACRE","TOTAL","NOT SPECIFIED","176.7",""
"SURVEY","2007","YEAR","","COUNTY","IOWA","19","EAST CENTRAL","60","MUSCATINE","139","","","00000000","","CORN","CORN, GRAIN - YIELD, MEASURED IN BU / ACRE","TOTAL","NOT SPECIFIED","180.6",""
"SURVEY","2007","YEAR","","COUNTY","IOWA","19","EAST CENTRAL","60","SCOTT","163","","","00000000","","CORN","CORN, GRAIN - YIELD, MEASURED IN BU / ACRE","TOTAL","NOT SPECIFIED","182.2",""
"SURVEY","2007","YEAR","","COUNTY","IOWA","19","NORTH CENTRAL","20","BUTLER","023","","","00000000","","CORN","CORN, GRAIN - YIELD, MEASURED IN BU / ACRE","TOTAL","NOT SPECIFIED","176.2",""
"SURVEY","2007","YEAR","","COUNTY","IOWA","19","NORTH CENTRAL","20","CERRO GORDO","033","","","00000000","","CORN","CORN, GRAIN - YIELD, MEASURED IN BU / ACRE","TOTAL","NOT SPECIFIED","173.2",""
"SURVEY","2007","YEAR","","COUNTY","IOWA","19","NORTH CENTRAL","20","FLOYD","067","","","00000000","","CORN","CORN, GRAIN - YIELD, MEASURED IN BU / ACRE","TOTAL","NOT SPECIFIED","170.1",""
"SURVEY","2007","YEAR","","COUNTY","IOWA","19","NORTH CENTRAL","20","FRANKLIN","069","","","00000000","","CORN","CORN, GRAIN - YIELD, MEASURED IN BU / ACRE","TOTAL","NOT SPECIFIED","176.6",""
"SURVEY","2007","YEAR","","COUNTY","IOWA","19","NORTH CENTRAL","20","HANCOCK","081","","","00000000","","CORN","CORN, GRAIN - YIELD, MEASURED IN BU / ACRE","TOTAL","NOT SPECIFIED","178.6",""
"SURVEY","2007","YEAR","","COUNTY","IOWA","19","NORTH CENTRAL","20","HUMBOLDT","091","","","00000000","","CORN","CORN, GRAIN - YIELD, MEASURED IN BU / ACRE","TOTAL","NOT SPECIFIED","177.5",""
"SURVEY","2007","YEAR","","COUNTY","IOWA","19","NORTH CENTRAL","20","KOSSUTH","109","","","00000000","","CORN","CORN, GRAIN - YIELD, MEASURED IN BU / ACRE","TOTAL","NOT SPECIFIED","178.6",""
"SURVEY","2007","YEAR","","COUNTY","IOWA","19","NORTH CENTRAL","20","MITCHELL","131","","","00000000","","CORN","CORN, GRAIN - YIELD, MEASURED IN BU / ACRE","TOTAL","NOT SPECIFIED","174.2",""
"SURVEY","2007","YEAR","","COUNTY","IOWA","19","NORTH CENTRAL","20","WINNEBAGO","189","","","00000000","","CORN","CORN, GRAIN - YIELD, MEASURED IN BU / ACRE","TOTAL","NOT SPECIFIED","186.1",""
"SURVEY","2007","YEAR","","COUNTY","IOWA","19","NORTH CENTRAL","20","WORTH","195","","","00000000","","CORN","CORN, GRAIN - YIELD, MEASURED IN BU / ACRE","TOTAL","NOT SPECIFIED","174.8",""
"SURVEY","2007","YEAR","","COUNTY","IOWA","19","NORTH CENTRAL","20","WRIGHT","197","","","00000000","","CORN","CORN, GRAIN - YIELD, MEASURED IN BU / ACRE","TOTAL","NOT SPECIFIED","182.4",""
"SURVEY","2007","YEAR","","COUNTY","IOWA","19","NORTHEAST","30","ALLAMAKEE","005","","","00000000","","CORN","CORN, GRAIN - YIELD, MEASURED IN BU / ACRE","TOTAL","NOT SPECIFIED","167.1",""
"SURVEY","2007","YEAR","","COUNTY","IOWA","19","NORTHEAST","30","BLACK HAWK","013","","","00000000","","CORN","CORN, GRAIN - YIELD, MEASURED IN BU / ACRE","TOTAL","NOT SPECIFIED","176.7",""
"SURVEY","2007","YEAR","","COUNTY","IOWA","19","NORTHEAST","30","BREMER","017","","","00000000","","CORN","CORN, GRAIN - YIELD, MEASURED IN BU / ACRE","TOTAL","NOT SPECIFIED","181.4",""
"SURVEY","2007","YEAR","","COUNTY","IOWA","19","NORTHEAST","30","BUCHANAN","019","","","00000000","","CORN","CORN, GRAIN - YIELD, MEASURED IN BU / ACRE","TOTAL","NOT SPECIFIED","173.9",""
"SURVEY","2007","YEAR","","COUNTY","IOWA","19","NORTHEAST","30","CHICKASAW","037","","","00000000","","CORN","CORN, GRAIN - YIELD, MEASURED IN BU / ACRE","TOTAL","NOT SPECIFIED","168.8",""
"SURVEY","2007","YEAR","","COUNTY","IOWA","19","NORTHEAST","30","CLAYTON","043","","","00000000","","CORN","CORN, GRAIN - YIELD, MEASURED IN BU / ACRE","TOTAL","NOT SPECIFIED","173.6",""
"SURVEY","2007","YEAR","","COUNTY","IOWA","19","NORTHEAST","30","DELAWARE","055","","","00000000","","CORN","CORN, GRAIN - YIELD, MEASURED IN BU / ACRE","TOTAL","NOT SPECIFIED","179.8",""
"SURVEY","2007","YEAR","","COUNTY","IOWA","19","NORTHEAST","30","DUBUQUE","061","","","00000000","","CORN","CORN, GRAIN - YIELD, MEASURED IN BU / ACRE","TOTAL","NOT SPECIFIED","182",""
"SURVEY","2007","YEAR","","COUNTY","IOWA","19","NORTHEAST","30","FAYETTE","065","","","00000000","","CORN","CORN, GRAIN - YIELD, MEASURED IN BU / ACRE","TOTAL","NOT SPECIFIED","171.3",""
"SURVEY","2007","YEAR","","COUNTY","IOWA","19","NORTHEAST","30","HOWARD","089","","","00000000","","CORN","CORN, GRAIN - YIELD, MEASURED IN BU / ACRE","TOTAL","NOT SPECIFIED","169.8",""
"SURVEY","2007","YEAR","","COUNTY","IOWA","19","NORTHEAST","30","WINNESHIEK","191","","","00000000","","CORN","CORN, GRAIN - YIELD, MEASURED IN BU / ACRE","TOTAL","NOT SPECIFIED","174",""
"SURVEY","2007","YEAR","","COUNTY","IOWA","19","NORTHWEST","10","BUENA VISTA","021","","","00000000","","CORN","CORN, GRAIN - YIELD, MEASURED IN BU / ACRE","TOTAL","NOT SPECIFIED","163",""
"SURVEY","2007","YEAR","","COUNTY","IOWA","19","NORTHWEST","10","CHEROKEE","035","","","00000000","","CORN","CORN, GRAIN - YIELD, MEASURED IN BU / ACRE","TOTAL","NOT SPECIFIED","166.5",""
"SURVEY","2007","YEAR","","COUNTY","IOWA","19","NORTHWEST","10","CLAY","041","","","00000000","","CORN","CORN, GRAIN - YIELD, MEASURED IN BU / ACRE","TOTAL","NOT SPECIFIED","163.6",""
"SURVEY","2007","YEAR","","COUNTY","IOWA","19","NORTHWEST","10","DICKINSON","059","","","00000000","","CORN","CORN, GRAIN - YIELD, MEASURED IN BU / ACRE","TOTAL","NOT SPECIFIED","165.8",""
"SURVEY","2007","YEAR","","COUNTY","IOWA","19","NORTHWEST","10","EMMET","063","","","00000000","","CORN","CORN, GRAIN - YIELD, MEASURED IN BU / ACRE","TOTAL","NOT SPECIFIED","175.7",""
"SURVEY","2007","YEAR","","COUNTY","IOWA","19","NORTHWEST","10","LYON","119","","","00000000","","CORN","CORN, GRAIN - YIELD, MEASURED IN BU / ACRE","TOTAL","NOT SPECIFIED","163.7",""
"SURVEY","2007","YEAR","","COUNTY","IOWA","19","NORTHWEST","10","O BRIEN","141","","","00000000","","CORN","CORN, GRAIN - YIELD, MEASURED IN BU / ACRE","TOTAL","NOT SPECIFIED","167.7",""
"SURVEY","2007","YEAR","","COUNTY","IOWA","19","NORTHWEST","10","OSCEOLA","143","","","00000000","","CORN","CORN, GRAIN - YIELD, MEASURED IN BU / ACRE","TOTAL","NOT SPECIFIED","171.4",""
"SURVEY","2007","YEAR","","COUNTY","IOWA","19","NORTHWEST","10","PALO ALTO","147","","","00000000","","CORN","CORN, GRAIN - YIELD, MEASURED IN BU / ACRE","TOTAL","NOT SPECIFIED","170.8",""
"SURVEY","2007","YEAR","","COUNTY","IOWA","19","NORTHWEST","10","PLYMOUTH","149","","","00000000","","CORN","CORN, GRAIN - YIELD, MEASURED IN BU / ACRE","TOTAL","NOT SPECIFIED","150.8",""
"SURVEY","2007","YEAR","","COUNTY","IOWA","19","NORTHWEST","10","POCAHONTAS","151","","","00000000","","CORN","CORN, GRAIN - YIELD, MEASURED IN BU / ACRE","TOTAL","NOT SPECIFIED","167.1",""
"SURVEY","2007","YEAR","","COUNTY","IOWA","19","NORTHWEST","10","SIOUX","167","","","00000000","","CORN","CORN, GRAIN - YIELD, MEASURED IN BU / ACRE","TOTAL","NOT SPECIFIED","156.9",""
"SURVEY","2007","YEAR","","COUNTY","IOWA","19","SOUTH CENTRAL","80","APPANOOSE","007","","","00000000","","CORN","CORN, GRAIN - YIELD, MEASURED IN BU / ACRE","TOTAL","NOT SPECIFIED","152",""
"SURVEY","2007","YEAR","","COUNTY","IOWA","19","SOUTH CENTRAL","80","CLARKE","039","","","00000000","","CORN","CORN, GRAIN - YIELD, MEASURED IN BU / ACRE","TOTAL","NOT SPECIFIED","151.3",""
"SURVEY","2007","YEAR","","COUNTY","IOWA","19","SOUTH CENTRAL","80","DECATUR","053","","","00000000","","CORN","CORN, GRAIN - YIELD, MEASURED IN BU / ACRE","TOTAL","NOT SPECIFIED","155.5",""
"SURVEY","2007","YEAR","","COUNTY","IOWA","19","SOUTH CENTRAL","80","LUCAS","117","","","00000000","","CORN","CORN, GRAIN - YIELD, MEASURED IN BU / ACRE","TOTAL","NOT SPECIFIED","141.9",""
"SURVEY","2007","YEAR","","COUNTY","IOWA","19","SOUTH CENTRAL","80","MADISON","121","","","00000000","","CORN","CORN, GRAIN - YIELD, MEASURED IN BU / ACRE","TOTAL","NOT SPECIFIED","162.6",""
"SURVEY","2007","YEAR","","COUNTY","IOWA","19","SOUTH CENTRAL","80","MARION","125","","","00000000","","CORN","CORN, GRAIN - YIELD, MEASURED IN BU / ACRE","TOTAL","NOT SPECIFIED","165.9",""
"SURVEY","2007","YEAR","","COUNTY","IOWA","19","SOUTH CENTRAL","80","MONROE","135","","","00000000","","CORN","CORN, GRAIN - YIELD, MEASURED IN BU / ACRE","TOTAL","NOT SPECIFIED","161.3",""
"SURVEY","2007","YEAR","","COUNTY","IOWA","19","SOUTH CENTRAL","80","RINGGOLD","159","","","00000000","","CORN","CORN, GRAIN - YIELD, MEASURED IN BU / ACRE","TOTAL","NOT SPECIFIED","140.5",""
"SURVEY","2007","YEAR","","COUNTY","IOWA","19","SOUTH CENTRAL","80","UNION","175","","","00000000","","CORN","CORN, GRAIN - YIELD, MEASURED IN BU / ACRE","TOTAL","NOT SPECIFIED","154.1",""
"SURVEY","2007","YEAR","","COUNTY","IOWA","19","SOUTH CENTRAL","80","WARREN","181","","","00000000","","CORN","CORN, GRAIN - YIELD, MEASURED IN BU / ACRE","TOTAL","NOT SPECIFIED","157.4",""
"SURVEY","2007","YEAR","","COUNTY","IOWA","19","SOUTH CENTRAL","80","WAYNE","185","","","00000000","","CORN","CORN, GRAIN - YIELD, MEASURED IN BU / ACRE","TOTAL","NOT SPECIFIED","150.2",""
"SURVEY","2007","YEAR","","COUNTY","IOWA","19","SOUTHEAST","90","DAVIS","051","","","00000000","","CORN","CORN, GRAIN - YIELD, MEASURED IN BU / ACRE","TOTAL","NOT SPECIFIED","157.4",""
"SURVEY","2007","YEAR","","COUNTY","IOWA","19","SOUTHEAST","90","DES MOINES","057","","","00000000","","CORN","CORN, GRAIN - YIELD, MEASURED IN BU / ACRE","TOTAL","NOT SPECIFIED","198.5",""
"SURVEY","2007","YEAR","","COUNTY","IOWA","19","SOUTHEAST","90","HENRY","087","","","00000000","","CORN","CORN, GRAIN - YIELD, MEASURED IN BU / ACRE","TOTAL","NOT SPECIFIED","181.5",""
"SURVEY","2007","YEAR","","COUNTY","IOWA","19","SOUTHEAST","90","JEFFERSON","101","","","00000000","","CORN","CORN, GRAIN - YIELD, MEASURED IN BU / ACRE","TOTAL","NOT SPECIFIED","159.9",""
"SURVEY","2007","YEAR","","COUNTY","IOWA","19","SOUTHEAST","90","KEOKUK","107","","","00000000","","CORN","CORN, GRAIN - YIELD, MEASURED IN BU / ACRE","TOTAL","NOT SPECIFIED","174.5",""
"SURVEY","2007","YEAR","","COUNTY","IOWA","19","SOUTHEAST","90","LEE","111","","","00000000","","CORN","CORN, GRAIN - YIELD, MEASURED IN BU / ACRE","TOTAL","NOT SPECIFIED","177.5",""
"SURVEY","2007","YEAR","","COUNTY","IOWA","19","SOUTHEAST","90","LOUISA","115","","","00000000","","CORN","CORN, GRAIN - YIELD, MEASURED IN BU / ACRE","TOTAL","NOT SPECIFIED","178",""
"SURVEY","2007","YEAR","","COUNTY","IOWA","19","SOUTHEAST","90","MAHASKA","123","","","00000000","","CORN","CORN, GRAIN - YIELD, MEASURED IN BU / ACRE","TOTAL","NOT SPECIFIED","179.9",""
"SURVEY","2007","YEAR","","COUNTY","IOWA","19","SOUTHEAST","90","VAN BUREN","177","","","00000000","","CORN","CORN, GRAIN - YIELD, MEASURED IN BU / ACRE","TOTAL","NOT SPECIFIED","165.8",""
"SURVEY","2007","YEAR","","COUNTY","IOWA","19","SOUTHEAST","90","WAPELLO","179","","","00000000","","CORN","CORN, GRAIN - YIELD, MEASURED IN BU / ACRE","TOTAL","NOT SPECIFIED","167.1",""
"SURVEY","2007","YEAR","","COUNTY","IOWA","19","SOUTHEAST","90","WASHINGTON","183","","","00000000","","CORN","CORN, GRAIN - YIELD, MEASURED IN BU / ACRE","TOTAL","NOT SPECIFIED","174.1",""
"SURVEY","2007","YEAR","","COUNTY","IOWA","19","SOUTHWEST","70","ADAIR","001","","","00000000","","CORN","CORN, GRAIN - YIELD, MEASURED IN BU / ACRE","TOTAL","NOT SPECIFIED","160.7",""
"SURVEY","2007","YEAR","","COUNTY","IOWA","19","SOUTHWEST","70","ADAMS","003","","","00000000","","CORN","CORN, GRAIN - YIELD, MEASURED IN BU / ACRE","TOTAL","NOT SPECIFIED","153.4",""
"SURVEY","2007","YEAR","","COUNTY","IOWA","19","SOUTHWEST","70","CASS","029","","","00000000","","CORN","CORN, GRAIN - YIELD, MEASURED IN BU / ACRE","TOTAL","NOT SPECIFIED","157.5",""
"SURVEY","2007","YEAR","","COUNTY","IOWA","19","SOUTHWEST","70","FREMONT","071","","","00000000","","CORN","CORN, GRAIN - YIELD, MEASURED IN BU / ACRE","TOTAL","NOT SPECIFIED","150.7",""
"SURVEY","2007","YEAR","","COUNTY","IOWA","19","SOUTHWEST","70","MILLS","129","","","00000000","","CORN","CORN, GRAIN - YIELD, MEASURED IN BU / ACRE","TOTAL","NOT SPECIFIED","147.4",""
"SURVEY","2007","YEAR","","COUNTY","IOWA","19","SOUTHWEST","70","MONTGOMERY","137","","","00000000","","CORN","CORN, GRAIN - YIELD, MEASURED IN BU / ACRE","TOTAL","NOT SPECIFIED","145.1",""
"SURVEY","2007","YEAR","","COUNTY","IOWA","19","SOUTHWEST","70","PAGE","145","","","00000000","","CORN","CORN, GRAIN - YIELD, MEASURED IN BU / ACRE","TOTAL","NOT SPECIFIED","139.5",""
"SURVEY","2007","YEAR","","COUNTY","IOWA","19","SOUTHWEST","70","POTTAWATTAMIE","155","","","00000000","","CORN","CORN, GRAIN - YIELD, MEASURED IN BU / ACRE","TOTAL","NOT SPECIFIED","162.4",""
"SURVEY","2007","YEAR","","COUNTY","IOWA","19","SOUTHWEST","70","TAYLOR","173","","","00000000","","CORN","CORN, GRAIN - YIELD, MEASURED IN BU / ACRE","TOTAL","NOT SPECIFIED","137.6",""
"SURVEY","2007","YEAR","","COUNTY","IOWA","19","WEST CENTRAL","40","AUDUBON","009","","","00000000","","CORN","CORN, GRAIN - YIELD, MEASURED IN BU / ACRE","TOTAL","NOT SPECIFIED","160.7",""
"SURVEY","2007","YEAR","","COUNTY","IOWA","19","WEST CENTRAL","40","CALHOUN","025","","","00000000","","CORN","CORN, GRAIN - YIELD, MEASURED IN BU / ACRE","TOTAL","NOT SPECIFIED","180.2",""
"SURVEY","2007","YEAR","","COUNTY","IOWA","19","WEST CENTRAL","40","CARROLL","027","","","00000000","","CORN","CORN, GRAIN - YIELD, MEASURED IN BU / ACRE","TOTAL","NOT SPECIFIED","169.3",""
"SURVEY","2007","YEAR","","COUNTY","IOWA","19","WEST CENTRAL","40","CRAWFORD","047","","","00000000","","CORN","CORN, GRAIN - YIELD, MEASURED IN BU / ACRE","TOTAL","NOT SPECIFIED","165.5",""
"SURVEY","2007","YEAR","","COUNTY","IOWA","19","WEST CENTRAL","40","GREENE","073","","","00000000","","CORN","CORN, GRAIN - YIELD, MEASURED IN BU / ACRE","TOTAL","NOT SPECIFIED","179.9",""
"SURVEY","2007","YEAR","","COUNTY","IOWA","19","WEST CENTRAL","40","GUTHRIE","077","","","00000000","","CORN","CORN, GRAIN - YIELD, MEASURED IN BU / ACRE","TOTAL","NOT SPECIFIED","158.8",""
"SURVEY","2007","YEAR","","COUNTY","IOWA","19","WEST CENTRAL","40","HARRISON","085","","","00000000","","CORN","CORN, GRAIN - YIELD, MEASURED IN BU / ACRE","TOTAL","NOT SPECIFIED","161.8",""
"SURVEY","2007","YEAR","","COUNTY","IOWA","19","WEST CENTRAL","40","IDA","093","","","00000000","","CORN","CORN, GRAIN - YIELD, MEASURED IN BU / ACRE","TOTAL","NOT SPECIFIED","169.4",""
"SURVEY","2007","YEAR","","COUNTY","IOWA","19","WEST CENTRAL","40","MONONA","133","","","00000000","","CORN","CORN, GRAIN - YIELD, MEASURED IN BU / ACRE","TOTAL","NOT SPECIFIED","149.3",""
"SURVEY","2007","YEAR","","COUNTY","IOWA","19","WEST CENTRAL","40","SAC","161","","","00000000","","CORN","CORN, GRAIN - YIELD, MEASURED IN BU / ACRE","TOTAL","NOT SPECIFIED","173.9",""
"SURVEY","2007","YEAR","","COUNTY","IOWA","19","WEST CENTRAL","40","SHELBY","165","","","00000000","","CORN","CORN, GRAIN - YIELD, MEASURED IN BU / ACRE","TOTAL","NOT SPECIFIED","167.3",""
"SURVEY","2007","YEAR","","COUNTY","IOWA","19","WEST CENTRAL","40","WOODBURY","193","","","00000000","","CORN","CORN, GRAIN - YIELD, MEASURED IN BU / ACRE","TOTAL","NOT SPECIFIED","153.6",""
"SURVEY","2007","YEAR","","COUNTY","NEBRASKA","31","CENTRAL","50","BUFFALO","019","","","00000000","","CORN","CORN, GRAIN - YIELD, MEASURED IN BU / ACRE","TOTAL","NOT SPECIFIED","182.4",""
"SURVEY","2007","YEAR","","COUNTY","NEBRASKA","31","CENTRAL","50","CUSTER","041","","","00000000","","CORN","CORN, GRAIN - YIELD, MEASURED IN BU / ACRE","TOTAL","NOT SPECIFIED","163.3",""
"SURVEY","2007","YEAR","","COUNTY","NEBRASKA","31","CENTRAL","50","DAWSON","047","","","00000000","","CORN","CORN, GRAIN - YIELD, MEASURED IN BU / ACRE","TOTAL","NOT SPECIFIED","182.7",""
"SURVEY","2007","YEAR","","COUNTY","NEBRASKA","31","CENTRAL","50","GREELEY","077","","","00000000","","CORN","CORN, GRAIN - YIELD, MEASURED IN BU / ACRE","TOTAL","NOT SPECIFIED","154.6",""
"SURVEY","2007","YEAR","","COUNTY","NEBRASKA","31","CENTRAL","50","HALL","079","","","00000000","","CORN","CORN, GRAIN - YIELD, MEASURED IN BU / ACRE","TOTAL","NOT SPECIFIED","186.3",""
"SURVEY","2007","YEAR","","COUNTY","NEBRASKA","31","CENTRAL","50","HOWARD","093","","","00000000","","CORN","CORN, GRAIN - YIELD, MEASURED IN BU / ACRE","TOTAL","NOT SPECIFIED","161.8",""
"SURVEY","2007","YEAR","","COUNTY","NEBRASKA","31","CENTRAL","50","SHERMAN","163","","","00000000","","CORN","CORN, GRAIN - YIELD, MEASURED IN BU / ACRE","TOTAL","NOT SPECIFIED","168.5",""
"SURVEY","2007","YEAR","","COUNTY","NEBRASKA","31","CENTRAL","50","VALLEY","175","","","00000000","","CORN","CORN, GRAIN - YIELD, MEASURED IN BU / ACRE","TOTAL","NOT SPECIFIED","156.3",""
"SURVEY","2007","YEAR","","COUNTY","NEBRASKA","31","EAST","60","BUTLER","023","","","00000000","","CORN","CORN, GRAIN - YIELD, MEASURED IN BU / ACRE","TOTAL","NOT SPECIFIED","160.1",""
"SURVEY","2007","YEAR","","COUNTY","NEBRASKA","31","EAST","60","CASS","025","","","00000000","","CORN","CORN, GRAIN - YIELD, MEASURED IN BU / ACRE","TOTAL","NOT SPECIFIED","127.8",""
"SURVEY","2007","YEAR","","COUNTY","NEBRASKA","31","EAST","60","COLFAX","037","","","00000000","","CORN","CORN, GRAIN - YIELD, MEASURED IN BU / ACRE","TOTAL","NOT SPECIFIED","162.4",""
"SURVEY","2007","YEAR","","COUNTY","NEBRASKA","31","EAST","60","DODGE","053","","","00000000","","CORN","CORN, GRAIN - YIELD, MEASURED IN BU / ACRE","TOTAL","NOT SPECIFIED","159.7",""
"SURVEY","2007","YEAR","","COUNTY","NEBRASKA","31","EAST","60","DOUGLAS","055","","","00000000","","CORN","CORN, GRAIN - YIELD, MEASURED IN BU / ACRE","TOTAL","NOT SPECIFIED","152.2",""
"SURVEY","2007","YEAR","","COUNTY","NEBRASKA","31","EAST","60","HAMILTON","081","","","00000000","","CORN","CORN, GRAIN - YIELD, MEASURED IN BU / ACRE","TOTAL","NOT SPECIFIED","184.5",""
"SURVEY","2007","YEAR","","COUNTY","NEBRASKA","31","EAST","60","LANCASTER","109","","","00000000","","CORN","CORN, GRAIN - YIELD, MEASURED IN BU / ACRE","TOTAL","NOT SPECIFIED","123.9",""
"SURVEY","2007","YEAR","","COUNTY","NEBRASKA","31","EAST","60","MERRICK","121","","","00000000","","CORN","CORN, GRAIN - YIELD, MEASURED IN BU / ACRE","TOTAL","NOT SPECIFIED","158.3",""
"SURVEY","2007","YEAR","","COUNTY","NEBRASKA","31","EAST","60","NANCE","125","","","00000000","","CORN","CORN, GRAIN - YIELD, MEASURED IN BU / ACRE","TOTAL","NOT SPECIFIED","156",""
"SURVEY","2007","YEAR","","COUNTY","NEBRASKA","31","EAST","60","PLATTE","141","","","00000000","","CORN","CORN, GRAIN - YIELD, MEASURED IN BU / ACRE","TOTAL","NOT SPECIFIED","170.1",""
"SURVEY","2007","YEAR","","COUNTY","NEBRASKA","31","EAST","60","POLK","143","","","00000000","","CORN","CORN, GRAIN - YIELD, MEASURED IN BU / ACRE","TOTAL","NOT SPECIFIED","166.3",""
"SURVEY","2007","YEAR","","COUNTY","NEBRASKA","31","EAST","60","SARPY","153","","","00000000","","CORN","CORN, GRAIN - YIELD, MEASURED IN BU / ACRE","TOTAL","NOT SPECIFIED","135.6",""
"SURVEY","2007","YEAR","","COUNTY","NEBRASKA","31","EAST","60","SAUNDERS","155","","","00000000","","CORN","CORN, GRAIN - YIELD, MEASURED IN BU / ACRE","TOTAL","NOT SPECIFIED","149",""
"SURVEY","2007","YEAR","","COUNTY","NEBRASKA","31","EAST","60","SEWARD","159","","","00000000","","CORN","CORN, GRAIN - YIELD, MEASURED IN BU / ACRE","TOTAL","NOT SPECIFIED","157.1",""
"SURVEY","2007","YEAR","","COUNTY","NEBRASKA","31","EAST","60","WASHINGTON","177","","","00000000","","CORN","CORN, GRAIN - YIELD, MEASURED IN BU / ACRE","TOTAL","NOT SPECIFIED","142.9",""
"SURVEY","2007","YEAR","","COUNTY","NEBRASKA","31","EAST","60","YORK","185","","","00000000","","CORN","CORN, GRAIN - YIELD, MEASURED IN BU / ACRE","TOTAL","NOT SPECIFIED","182.2",""
"SURVEY","2007","YEAR","","COUNTY","NEBRASKA","31","NORTH","20","ARTHUR","005","","","00000000","","CORN","CORN, GRAIN - YIELD, MEASURED IN BU / ACRE","TOTAL","NOT SPECIFIED","165",""
"SURVEY","2007","YEAR","","COUNTY","NEBRASKA","31","NORTH","20","BLAINE","009","","","00000000","","CORN","CORN, GRAIN - YIELD, MEASURED IN BU / ACRE","TOTAL","NOT SPECIFIED","143",""
"SURVEY","2007","YEAR","","COUNTY","NEBRASKA","31","NORTH","20","BOYD","015","","","00000000","","CORN","CORN, GRAIN - YIELD, MEASURED IN BU / ACRE","TOTAL","NOT SPECIFIED","84.5",""
"SURVEY","2007","YEAR","","COUNTY","NEBRASKA","31","NORTH","20","BROWN","017","","","00000000","","CORN","CORN, GRAIN - YIELD, MEASURED IN BU / ACRE","TOTAL","NOT SPECIFIED","178.7",""
"SURVEY","2007","YEAR","","COUNTY","NEBRASKA","31","NORTH","20","CHERRY","031","","","00000000","","CORN","CORN, GRAIN - YIELD, MEASURED IN BU / ACRE","TOTAL","NOT SPECIFIED","185.5",""
"SURVEY","2007","YEAR","","COUNTY","NEBRASKA","31","NORTH","20","GARFIELD","071","","","00000000","","CORN","CORN, GRAIN - YIELD, MEASURED IN BU / ACRE","TOTAL","NOT SPECIFIED","169.8",""
"SURVEY","2007","YEAR","","COUNTY","NEBRASKA","31","NORTH","20","HOLT","089","","","00000000","","CORN","CORN, GRAIN - YIELD, MEASURED IN BU / ACRE","TOTAL","NOT SPECIFIED","175.9",""
"SURVEY","2007","YEAR","","COUNTY","NEBRASKA","31","NORTH","20","KEYA PAHA","103","","","00000000","","CORN","CORN, GRAIN - YIELD, MEASURED IN BU / ACRE","TOTAL","NOT SPECIFIED","156.4",""
"SURVEY","2007","YEAR","","COUNTY","NEBRASKA","31","NORTH","20","LOGAN","113","","","00000000","","CORN","CORN, GRAIN - YIELD, MEASURED IN BU / ACRE","TOTAL","NOT SPECIFIED","149.1",""
"SURVEY","2007","YEAR","","COUNTY","NEBRASKA","31","NORTH","20","LOUP","115","","","00000000","","CORN","CORN, GRAIN - YIELD, MEASURED IN BU / ACRE","TOTAL","NOT SPECIFIED","156.5",""
"SURVEY","2007","YEAR","","COUNTY","NEBRASKA","31","NORTH","20","MCPHERSON","117","","","00000000","","CORN","CORN, GRAIN - YIELD, MEASURED IN BU / ACRE","TOTAL","NOT SPECIFIED","161.1",""
"SURVEY","2007","YEAR","","COUNTY","NEBRASKA","31","NORTH","20","OTHER (COMBINED) COUNTIES","","","","00000000","","CORN","CORN, GRAIN - YIELD, MEASURED IN BU / ACRE","TOTAL","NOT SPECIFIED","130",""
"SURVEY","2007","YEAR","","COUNTY","NEBRASKA","31","NORTH","20","ROCK","149","","","00000000","","CORN","CORN, GRAIN - YIELD, MEASURED IN BU / ACRE","TOTAL","NOT SPECIFIED","171",""
"SURVEY","2007","YEAR","","COUNTY","NEBRASKA","31","NORTH","20","WHEELER","183","","","00000000","","CORN","CORN, GRAIN - YIELD, MEASURED IN BU / ACRE","TOTAL","NOT SPECIFIED","158.4",""
"SURVEY","2007","YEAR","","COUNTY","NEBRASKA","31","NORTHEAST","30","ANTELOPE","003","","","00000000","","CORN","CORN, GRAIN - YIELD, MEASURED IN BU / ACRE","TOTAL","NOT SPECIFIED","169.7",""
"SURVEY","2007","YEAR","","COUNTY","NEBRASKA","31","NORTHEAST","30","BOONE","011","","","00000000","","CORN","CORN, GRAIN - YIELD, MEASURED IN BU / ACRE","TOTAL","NOT SPECIFIED","159.7",""
"SURVEY","2007","YEAR","","COUNTY","NEBRASKA","31","NORTHEAST","30","BURT","021","","","00000000","","CORN","CORN, GRAIN - YIELD, MEASURED IN BU / ACRE","TOTAL","NOT SPECIFIED","156.4",""
"SURVEY","2007","YEAR","","COUNTY","NEBRASKA","31","NORTHEAST","30","CEDAR","027","","","00000000","","CORN","CORN, GRAIN - YIELD, MEASURED IN BU / ACRE","TOTAL","NOT SPECIFIED","143.1",""
"SURVEY","2007","YEAR","","COUNTY","NEBRASKA","31","NORTHEAST","30","CUMING","039","","","00000000","","CORN","CORN, GRAIN - YIELD, MEASURED IN BU / ACRE","TOTAL","NOT SPECIFIED","166.4",""
"SURVEY","2007","YEAR","","COUNTY","NEBRASKA","31","NORTHEAST","30","DAKOTA","043","","","00000000","","CORN","CORN, GRAIN - YIELD, MEASURED IN BU / ACRE","TOTAL","NOT SPECIFIED","168.7",""
"SURVEY","2007","YEAR","","COUNTY","NEBRASKA","31","NORTHEAST","30","DIXON","051","","","00000000","","CORN","CORN, GRAIN - YIELD, MEASURED IN BU / ACRE","TOTAL","NOT SPECIFIED","142",""
"SURVEY","2007","YEAR","","COUNTY","NEBRASKA","31","NORTHEAST","30","KNOX","107","","","00000000","","CORN","CORN, GRAIN - YIELD, MEASURED IN BU / ACRE","TOTAL","NOT SPECIFIED","137.7",""
"SURVEY","2007","YEAR","","COUNTY","NEBRASKA","31","NORTHEAST","30","MADISON","119","","","00000000","","CORN","CORN, GRAIN - YIELD, MEASURED IN BU / ACRE","TOTAL","NOT SPECIFIED","156.6",""
"SURVEY","2007","YEAR","","COUNTY","NEBRASKA","31","NORTHEAST","30","PIERCE","139","","","00000000","","CORN","CORN, GRAIN - YIELD, MEASURED IN BU / ACRE","TOTAL","NOT SPECIFIED","159.7",""
"SURVEY","2007","YEAR","","COUNTY","NEBRASKA","31","NORTHEAST","30","STANTON","167","","","00000000","","CORN","CORN, GRAIN - YIELD, MEASURED IN BU / ACRE","TOTAL","NOT SPECIFIED","163.3",""
"SURVEY","2007","YEAR","","COUNTY","NEBRASKA","31","NORTHEAST","30","THURSTON","173","","","00000000","","CORN","CORN, GRAIN - YIELD, MEASURED IN BU / ACRE","TOTAL","NOT SPECIFIED","160.4",""
"SURVEY","2007","YEAR","","COUNTY","NEBRASKA","31","NORTHEAST","30","WAYNE","179","","","00000000","","CORN","CORN, GRAIN - YIELD, MEASURED IN BU / ACRE","TOTAL","NOT SPECIFIED","159.7",""
"SURVEY","2007","YEAR","","COUNTY","NEBRASKA","31","NORTHWEST","10","BANNER","007","","","00000000","","CORN","CORN, GRAIN - YIELD, MEASURED IN BU / ACRE","TOTAL","NOT SPECIFIED","126.7",""
"SURVEY","2007","YEAR","","COUNTY","NEBRASKA","31","NORTHWEST","10","BOX BUTTE","013","","","00000000","","CORN","CORN, GRAIN - YIELD, MEASURED IN BU / ACRE","TOTAL","NOT SPECIFIED","158.7",""
"SURVEY","2007","YEAR","","COUNTY","NEBRASKA","31","NORTHWEST","10","CHEYENNE","033","","","00000000","","CORN","CORN, GRAIN - YIELD, MEASURED IN BU / ACRE","TOTAL","NOT SPECIFIED","153.8",""
"SURVEY","2007","YEAR","","COUNTY","NEBRASKA","31","NORTHWEST","10","DAWES","045","","","00000000","","CORN","CORN, GRAIN - YIELD, MEASURED IN BU / ACRE","TOTAL","NOT SPECIFIED","171",""
"SURVEY","2007","YEAR","","COUNTY","NEBRASKA","31","NORTHWEST","10","DEUEL","049","","","00000000","","CORN","CORN, GRAIN - YIELD, MEASURED IN BU / ACRE","TOTAL","NOT SPECIFIED","138.2",""
"SURVEY","2007","YEAR","","COUNTY","NEBRASKA","31","NORTHWEST","10","GARDEN","069","","","00000000","","CORN","CORN, GRAIN - YIELD, MEASURED IN BU / ACRE","TOTAL","NOT SPECIFIED","151.9",""
"SURVEY","2007","YEAR","","COUNTY","NEBRASKA","31","NORTHWEST","10","KIMBALL","105","","","00000000","","CORN","CORN, GRAIN - YIELD, MEASURED IN BU / ACRE","TOTAL","NOT SPECIFIED","105.3",""
"SURVEY","2007","YEAR","","COUNTY","NEBRASKA","31","NORTHWEST","10","MORRILL","123","","","00000000","","CORN","CORN, GRAIN - YIELD, MEASURED IN BU / ACRE","TOTAL","NOT SPECIFIED","171.7",""
"SURVEY","2007","YEAR","","COUNTY","NEBRASKA","31","NORTHWEST","10","SCOTTS BLUFF","157","","","00000000","","CORN","CORN, GRAIN - YIELD, MEASURED IN BU / ACRE","TOTAL","NOT SPECIFIED","136.6",""
"SURVEY","2007","YEAR","","COUNTY","NEBRASKA","31","NORTHWEST","10","SHERIDAN","161","","","00000000","","CORN","CORN, GRAIN - YIELD, MEASURED IN BU / ACRE","TOTAL","NOT SPECIFIED","152.5",""
"SURVEY","2007","YEAR","","COUNTY","NEBRASKA","31","NORTHWEST","10","SIOUX","165","","","00000000","","CORN","CORN, GRAIN - YIELD, MEASURED IN BU / ACRE","TOTAL","NOT SPECIFIED","139",""
"SURVEY","2007","YEAR","","COUNTY","NEBRASKA","31","SOUTH","80","ADAMS","001","","","00000000","","CORN","CORN, GRAIN - YIELD, MEASURED IN BU / ACRE","TOTAL","NOT SPECIFIED","177.7",""
"SURVEY","2007","YEAR","","COUNTY","NEBRASKA","31","SOUTH","80","FRANKLIN","061","","","00000000","","CORN","CORN, GRAIN - YIELD, MEASURED IN BU / ACRE","TOTAL","NOT SPECIFIED","169.1",""
"SURVEY","2007","YEAR","","COUNTY","NEBRASKA","31","SOUTH","80","FURNAS","065","","","00000000","","CORN","CORN, GRAIN - YIELD, MEASURED IN BU / ACRE","TOTAL","NOT SPECIFIED","135.3",""
"SURVEY","2007","YEAR","","COUNTY","NEBRASKA","31","SOUTH","80","GOSPER","073","","","00000000","","CORN","CORN, GRAIN - YIELD, MEASURED IN BU / ACRE","TOTAL","NOT SPECIFIED","167.9",""
"SURVEY","2007","YEAR","","COUNTY","NEBRASKA","31","SOUTH","80","HARLAN","083","","","00000000","","CORN","CORN, GRAIN - YIELD, MEASURED IN BU / ACRE","TOTAL","NOT SPECIFIED","158.8",""
"SURVEY","2007","YEAR","","COUNTY","NEBRASKA","31","SOUTH","80","KEARNEY","099","","","00000000","","CORN","CORN, GRAIN - YIELD, MEASURED IN BU / ACRE","TOTAL","NOT SPECIFIED","184.9",""
"SURVEY","2007","YEAR","","COUNTY","NEBRASKA","31","SOUTH","80","PHELPS","137","","","00000000","","CORN","CORN, GRAIN - YIELD, MEASURED IN BU / ACRE","TOTAL","NOT SPECIFIED","198.8",""
"SURVEY","2007","YEAR","","COUNTY","NEBRASKA","31","SOUTH","80","WEBSTER","181","","","00000000","","CORN","CORN, GRAIN - YIELD, MEASURED IN BU / ACRE","TOTAL","NOT SPECIFIED","148.2",""
"SURVEY","2007","YEAR","","COUNTY","NEBRASKA","31","SOUTHEAST","90","CLAY","035","","","00000000","","CORN","CORN, GRAIN - YIELD, MEASURED IN BU / ACRE","TOTAL","NOT SPECIFIED","166.3",""
"SURVEY","2007","YEAR","","COUNTY","NEBRASKA","31","SOUTHEAST","90","FILLMORE","059","","","00000000","","CORN","CORN, GRAIN - YIELD, MEASURED IN BU / ACRE","TOTAL","NOT SPECIFIED","176.7",""
"SURVEY","2007","YEAR","","COUNTY","NEBRASKA","31","SOUTHEAST","90","GAGE","067","","","00000000","","CORN","CORN, GRAIN - YIELD, MEASURED IN BU / ACRE","TOTAL","NOT SPECIFIED","118.5",""
"SURVEY","2007","YEAR","","COUNTY","NEBRASKA","31","SOUTHEAST","90","JEFFERSON","095","","","00000000","","CORN","CORN, GRAIN - YIELD, MEASURED IN BU / ACRE","TOTAL","NOT SPECIFIED","151.6",""
"SURVEY","2007","YEAR","","COUNTY","NEBRASKA","31","SOUTHEAST","90","JOHNSON","097","","","00000000","","CORN","CORN, GRAIN - YIELD, MEASURED IN BU / ACRE","TOTAL","NOT SPECIFIED","131.4",""
"SURVEY","2007","YEAR","","COUNTY","NEBRASKA","31","SOUTHEAST","90","NEMAHA","127","","","00000000","","CORN","CORN, GRAIN - YIELD, MEASURED IN BU / ACRE","TOTAL","NOT SPECIFIED","142.5",""
"SURVEY","2007","YEAR","","COUNTY","NEBRASKA","31","SOUTHEAST","90","NUCKOLLS","129","","","00000000","","CORN","CORN, GRAIN - YIELD, MEASURED IN BU / ACRE","TOTAL","NOT SPECIFIED","149.1",""
"SURVEY","2007","YEAR","","COUNTY","NEBRASKA","31","SOUTHEAST","90","OTOE","131","","","00000000","","CORN","CORN, GRAIN - YIELD, MEASURED IN BU / ACRE","TOTAL","NOT SPECIFIED","124",""
"SURVEY","2007","YEAR","","COUNTY","NEBRASKA","31","SOUTHEAST","90","PAWNEE","133","","","00000000","","CORN","CORN, GRAIN - YIELD, MEASURED IN BU / ACRE","TOTAL","NOT SPECIFIED","122.9",""
"SURVEY","2007","YEAR","","COUNTY","NEBRASKA","31","SOUTHEAST","90","RICHARDSON","147","","","00000000","","CORN","CORN, GRAIN - YIELD, MEASURED IN BU / ACRE","TOTAL","NOT SPECIFIED","132.9",""
"SURVEY","2007","YEAR","","COUNTY","NEBRASKA","31","SOUTHEAST","90","SALINE","151","","","00000000","","CORN","CORN, GRAIN - YIELD, MEASURED IN BU / ACRE","TOTAL","NOT SPECIFIED","148.7",""
"SURVEY","2007","YEAR","","COUNTY","NEBRASKA","31","SOUTHEAST","90","THAYER","169","","","00000000","","CORN","CORN, GRAIN - YIELD, MEASURED IN BU / ACRE","TOTAL","NOT SPECIFIED","171.7",""
"SURVEY","2007","YEAR","","COUNTY","NEBRASKA","31","SOUTHWEST","70","CHASE","029","","","00000000","","CORN","CORN, GRAIN - YIELD, MEASURED IN BU / ACRE","TOTAL","NOT SPECIFIED","171.9",""
"SURVEY","2007","YEAR","","COUNTY","NEBRASKA","31","SOUTHWEST","70","DUNDY","057","","","00000000","","CORN","CORN, GRAIN - YIELD, MEASURED IN BU / ACRE","TOTAL","NOT SPECIFIED","162.4",""
"SURVEY","2007","YEAR","","COUNTY","NEBRASKA","31","SOUTHWEST","70","FRONTIER","063","","","00000000","","CORN","CORN, GRAIN - YIELD, MEASURED IN BU / ACRE","TOTAL","NOT SPECIFIED","138.5",""
"SURVEY","2007","YEAR","","COUNTY","NEBRASKA","31","SOUTHWEST","70","HAYES","085","","","00000000","","CORN","CORN, GRAIN - YIELD, MEASURED IN BU / ACRE","TOTAL","NOT SPECIFIED","141.9",""
"SURVEY","2007","YEAR","","COUNTY","NEBRASKA","31","SOUTHWEST","70","HITCHCOCK","087","","","00000000","","CORN","CORN, GRAIN - YIELD, MEASURED IN BU / ACRE","TOTAL","NOT SPECIFIED","123.9",""
"SURVEY","2007","YEAR","","COUNTY","NEBRASKA","31","SOUTHWEST","70","KEITH","101","","","00000000","","CORN","CORN, GRAIN - YIELD, MEASURED IN BU / ACRE","TOTAL","NOT SPECIFIED","161.9",""
"SURVEY","2007","YEAR","","COUNTY","NEBRASKA","31","SOUTHWEST","70","LINCOLN","111","","","00000000","","CORN","CORN, GRAIN - YIELD, MEASURED IN BU / ACRE","TOTAL","NOT SPECIFIED","160.6",""
"SURVEY","2007","YEAR","","COUNTY","NEBRASKA","31","SOUTHWEST","70","PERKINS","135","","","00000000","","CORN","CORN, GRAIN - YIELD, MEASURED IN BU / ACRE","TOTAL","NOT SPECIFIED","145.3",""
"SURVEY","2007","YEAR","","COUNTY","NEBRASKA","31","SOUTHWEST","70","RED WILLOW","145","","","00000000","","CORN","CORN, GRAIN - YIELD, MEASURED IN BU / ACRE","TOTAL","NOT SPECIFIED","137.3",""
"SURVEY","2006","YEAR","","COUNTY","IOWA","19","CENTRAL","50","BOONE","015","","","00000000","","CORN","CORN, GRAIN - YIELD, MEASURED IN BU / ACRE","TOTAL","NOT SPECIFIED","172.7",""
"SURVEY","2006","YEAR","","COUNTY","IOWA","19","CENTRAL","50","DALLAS","049","","","00000000","","CORN","CORN, GRAIN - YIELD, MEASURED IN BU / ACRE","TOTAL","NOT SPECIFIED","164.3",""
"SURVEY","2006","YEAR","","COUNTY","IOWA","19","CENTRAL","50","GRUNDY","075","","","00000000","","CORN","CORN, GRAIN - YIELD, MEASURED IN BU / ACRE","TOTAL","NOT SPECIFIED","176.8",""
"SURVEY","2006","YEAR","","COUNTY","IOWA","19","CENTRAL","50","HAMILTON","079","","","00000000","","CORN","CORN, GRAIN - YIELD, MEASURED IN BU / ACRE","TOTAL","NOT SPECIFIED","184.7",""
"SURVEY","2006","YEAR","","COUNTY","IOWA","19","CENTRAL","50","HARDIN","083","","","00000000","","CORN","CORN, GRAIN - YIELD, MEASURED IN BU / ACRE","TOTAL","NOT SPECIFIED","183.5",""
"SURVEY","2006","YEAR","","COUNTY","IOWA","19","CENTRAL","50","JASPER","099","","","00000000","","CORN","CORN, GRAIN - YIELD, MEASURED IN BU / ACRE","TOTAL","NOT SPECIFIED","173.9",""
"SURVEY","2006","YEAR","","COUNTY","IOWA","19","CENTRAL","50","MARSHALL","127","","","00000000","","CORN","CORN, GRAIN - YIELD, MEASURED IN BU / ACRE","TOTAL","NOT SPECIFIED","184.3",""
"SURVEY","2006","YEAR","","COUNTY","IOWA","19","CENTRAL","50","POLK","153","","","00000000","","CORN","CORN, GRAIN - YIELD, MEASURED IN BU / ACRE","TOTAL","NOT SPECIFIED","171.9",""
"SURVEY","2006","YEAR","","COUNTY","IOWA","19","CENTRAL","50","POWESHIEK","157","","","00000000","","CORN","CORN, GRAIN - YIELD, MEASURED IN BU / ACRE","TOTAL","NOT SPECIFIED","182.3",""
"SURVEY","2006","YEAR","","COUNTY","IOWA","19","CENTRAL","50","STORY","169","","","00000000","","CORN","CORN, GRAIN - YIELD, MEASURED IN BU / ACRE","TOTAL","NOT SPECIFIED","184.1",""
"SURVEY","2006","YEAR","","COUNTY","IOWA","19","CENTRAL","50","TAMA","171","","","00000000","","CORN","CORN, GRAIN - YIELD, MEASURED IN BU / ACRE","TOTAL","NOT SPECIFIED","172.7",""
"SURVEY","2006","YEAR","","COUNTY","IOWA","19","CENTRAL","50","WEBSTER","187","","","00000000","","CORN","CORN, GRAIN - YIELD, MEASURED IN BU / ACRE","TOTAL","NOT SPECIFIED","173.3",""
"SURVEY","2006","YEAR","","COUNTY","IOWA","19","EAST CENTRAL","60","BENTON","011","","","00000000","","CORN","CORN, GRAIN - YIELD, MEASURED IN BU / ACRE","TOTAL","NOT SPECIFIED","171.4",""
"SURVEY","2006","YEAR","","COUNTY","IOWA","19","EAST CENTRAL","60","CEDAR","031","","","00000000","","CORN","CORN, GRAIN - YIELD, MEASURED IN BU / ACRE","TOTAL","NOT SPECIFIED","181.6",""
"SURVEY","2006","YEAR","","COUNTY","IOWA","19","EAST CENTRAL","60","CLINTON","045","","","00000000","","CORN","CORN, GRAIN - YIELD, MEASURED IN BU / ACRE","TOTAL","NOT SPECIFIED","173.8",""
"SURVEY","2006","YEAR","","COUNTY","IOWA","19","EAST CENTRAL","60","IOWA","095","","","00000000","","CORN","CORN, GRAIN - YIELD, MEASURED IN BU / ACRE","TOTAL","NOT SPECIFIED","178.1",""
"SURVEY","2006","YEAR","","COUNTY","IOWA","19","EAST CENTRAL","60","JACKSON","097","","","00000000","","CORN","CORN, GRAIN - YIELD, MEASURED IN BU / ACRE","TOTAL","NOT SPECIFIED","166.5",""
"SURVEY","2006","YEAR","","COUNTY","IOWA","19","EAST CENTRAL","60","JOHNSON","103","","","00000000","","CORN","CORN, GRAIN - YIELD, MEASURED IN BU / ACRE","TOTAL","NOT SPECIFIED","171.8",""
"SURVEY","2006","YEAR","","COUNTY","IOWA","19","EAST CENTRAL","60","JONES","105","","","00000000","","CORN","CORN, GRAIN - YIELD, MEASURED IN BU / ACRE","TOTAL","NOT SPECIFIED","175.5",""
"SURVEY","2006","YEAR","","COUNTY","IOWA","19","EAST CENTRAL","60","LINN","113","","","00000000","","CORN","CORN, GRAIN - YIELD, MEASURED IN BU / ACRE","TOTAL","NOT SPECIFIED","176.2",""
"SURVEY","2006","YEAR","","COUNTY","IOWA","19","EAST CENTRAL","60","MUSCATINE","139","","","00000000","","CORN","CORN, GRAIN - YIELD, MEASURED IN BU / ACRE","TOTAL","NOT SPECIFIED","166.4",""
"SURVEY","2006","YEAR","","COUNTY","IOWA","19","EAST CENTRAL","60","SCOTT","163","","","00000000","","CORN","CORN, GRAIN - YIELD, MEASURED IN BU / ACRE","TOTAL","NOT SPECIFIED","170.5",""
"SURVEY","2006","YEAR","","COUNTY","IOWA","19","NORTH CENTRAL","20","BUTLER","023","","","00000000","","CORN","CORN, GRAIN - YIELD, MEASURED IN BU / ACRE","TOTAL","NOT SPECIFIED","176.6",""
"SURVEY","2006","YEAR","","COUNTY","IOWA","19","NORTH CENTRAL","20","CERRO GORDO","033","","","00000000","","CORN","CORN, GRAIN - YIELD, MEASURED IN BU / ACRE","TOTAL","NOT SPECIFIED","169.1",""
"SURVEY","2006","YEAR","","COUNTY","IOWA","19","NORTH CENTRAL","20","FLOYD","067","","","00000000","","CORN","CORN, GRAIN - YIELD, MEASURED IN BU / ACRE","TOTAL","NOT SPECIFIED","165",""
"SURVEY","2006","YEAR","","COUNTY","IOWA","19","NORTH CENTRAL","20","FRANKLIN","069","","","00000000","","CORN","CORN, GRAIN - YIELD, MEASURED IN BU / ACRE","TOTAL","NOT SPECIFIED","177.6",""
"SURVEY","2006","YEAR","","COUNTY","IOWA","19","NORTH CENTRAL","20","HANCOCK","081","","","00000000","","CORN","CORN, GRAIN - YIELD, MEASURED IN BU / ACRE","TOTAL","NOT SPECIFIED","175.9",""
"SURVEY","2006","YEAR","","COUNTY","IOWA","19","NORTH CENTRAL","20","HUMBOLDT","091","","","00000000","","CORN","CORN, GRAIN - YIELD, MEASURED IN BU / ACRE","TOTAL","NOT SPECIFIED","181.3",""
"SURVEY","2006","YEAR","","COUNTY","IOWA","19","NORTH CENTRAL","20","KOSSUTH","109","","","00000000","","CORN","CORN, GRAIN - YIELD, MEASURED IN BU / ACRE","TOTAL","NOT SPECIFIED","177.2",""
"SURVEY","2006","YEAR","","COUNTY","IOWA","19","NORTH CENTRAL","20","MITCHELL","131","","","00000000","","CORN","CORN, GRAIN - YIELD, MEASURED IN BU / ACRE","TOTAL","NOT SPECIFIED","170.5",""
"SURVEY","2006","YEAR","","COUNTY","IOWA","19","NORTH CENTRAL","20","WINNEBAGO","189","","","00000000","","CORN","CORN, GRAIN - YIELD, MEASURED IN BU / ACRE","TOTAL","NOT SPECIFIED","173.9",""
"SURVEY","2006","YEAR","","COUNTY","IOWA","19","NORTH CENTRAL","20","WORTH","195","","","00000000","","CORN","CORN, GRAIN - YIELD, MEASURED IN BU / ACRE","TOTAL","NOT SPECIFIED","172.5",""
"SURVEY","2006","YEAR","","COUNTY","IOWA","19","NORTH CENTRAL","20","WRIGHT","197","","","00000000","","CORN","CORN, GRAIN - YIELD, MEASURED IN BU / ACRE","TOTAL","NOT SPECIFIED","181.5",""
"SURVEY","2006","YEAR","","COUNTY","IOWA","19","NORTHEAST","30","ALLAMAKEE","005","","","00000000","","CORN","CORN, GRAIN - YIELD, MEASURED IN BU / ACRE","TOTAL","NOT SPECIFIED","166.2",""
"SURVEY","2006","YEAR","","COUNTY","IOWA","19","NORTHEAST","30","BLACK HAWK","013","","","00000000","","CORN","CORN, GRAIN - YIELD, MEASURED IN BU / ACRE","TOTAL","NOT SPECIFIED","185.5",""
"SURVEY","2006","YEAR","","COUNTY","IOWA","19","NORTHEAST","30","BREMER","017","","","00000000","","CORN","CORN, GRAIN - YIELD, MEASURED IN BU / ACRE","TOTAL","NOT SPECIFIED","183.1",""
"SURVEY","2006","YEAR","","COUNTY","IOWA","19","NORTHEAST","30","BUCHANAN","019","","","00000000","","CORN","CORN, GRAIN - YIELD, MEASURED IN BU / ACRE","TOTAL","NOT SPECIFIED","180.8",""
"SURVEY","2006","YEAR","","COUNTY","IOWA","19","NORTHEAST","30","CHICKASAW","037","","","00000000","","CORN","CORN, GRAIN - YIELD, MEASURED IN BU / ACRE","TOTAL","NOT SPECIFIED","174.6",""
"SURVEY","2006","YEAR","","COUNTY","IOWA","19","NORTHEAST","30","CLAYTON","043","","","00000000","","CORN","CORN, GRAIN - YIELD, MEASURED IN BU / ACRE","TOTAL","NOT SPECIFIED","173.2",""
"SURVEY","2006","YEAR","","COUNTY","IOWA","19","NORTHEAST","30","DELAWARE","055","","","00000000","","CORN","CORN, GRAIN - YIELD, MEASURED IN BU / ACRE","TOTAL","NOT SPECIFIED","180.5",""
"SURVEY","2006","YEAR","","COUNTY","IOWA","19","NORTHEAST","30","DUBUQUE","061","","","00000000","","CORN","CORN, GRAIN - YIELD, MEASURED IN BU / ACRE","TOTAL","NOT SPECIFIED","182.6",""
"SURVEY","2006","YEAR","","COUNTY","IOWA","19","NORTHEAST","30","FAYETTE","065","","","00000000","","CORN","CORN, GRAIN - YIELD, MEASURED IN BU / ACRE","TOTAL","NOT SPECIFIED","173.9",""
"SURVEY","2006","YEAR","","COUNTY","IOWA","19","NORTHEAST","30","HOWARD","089","","","00000000","","CORN","CORN, GRAIN - YIELD, MEASURED IN BU / ACRE","TOTAL","NOT SPECIFIED","165.3",""
"SURVEY","2006","YEAR","","COUNTY","IOWA","19","NORTHEAST","30","WINNESHIEK","191","","","00000000","","CORN","CORN, GRAIN - YIELD, MEASURED IN BU / ACRE","TOTAL","NOT SPECIFIED","171.9",""
"SURVEY","2006","YEAR","","COUNTY","IOWA","19","NORTHWEST","10","BUENA VISTA","021","","","00000000","","CORN","CORN, GRAIN - YIELD, MEASURED IN BU / ACRE","TOTAL","NOT SPECIFIED","143.3",""
"SURVEY","2006","YEAR","","COUNTY","IOWA","19","NORTHWEST","10","CHEROKEE","035","","","00000000","","CORN","CORN, GRAIN - YIELD, MEASURED IN BU / ACRE","TOTAL","NOT SPECIFIED","144.4",""
"SURVEY","2006","YEAR","","COUNTY","IOWA","19","NORTHWEST","10","CLAY","041","","","00000000","","CORN","CORN, GRAIN - YIELD, MEASURED IN BU / ACRE","TOTAL","NOT SPECIFIED","159.6",""
"SURVEY","2006","YEAR","","COUNTY","IOWA","19","NORTHWEST","10","DICKINSON","059","","","00000000","","CORN","CORN, GRAIN - YIELD, MEASURED IN BU / ACRE","TOTAL","NOT SPECIFIED","159",""
"SURVEY","2006","YEAR","","COUNTY","IOWA","19","NORTHWEST","10","EMMET","063","","","00000000","","CORN","CORN, GRAIN - YIELD, MEASURED IN BU / ACRE","TOTAL","NOT SPECIFIED","165.9",""
"SURVEY","2006","YEAR","","COUNTY","IOWA","19","NORTHWEST","10","LYON","119","","","00000000","","CORN","CORN, GRAIN - YIELD, MEASURED IN BU / ACRE","TOTAL","NOT SPECIFIED","163.9",""
"SURVEY","2006","YEAR","","COUNTY","IOWA","19","NORTHWEST","10","O BRIEN","141","","","00000000","","CORN","CORN, GRAIN - YIELD, MEASURED IN BU / ACRE","TOTAL","NOT SPECIFIED","166",""
"SURVEY","2006","YEAR","","COUNTY","IOWA","19","NORTHWEST","10","OSCEOLA","143","","","00000000","","CORN","CORN, GRAIN - YIELD, MEASURED IN BU / ACRE","TOTAL","NOT SPECIFIED","165.4",""
"SURVEY","2006","YEAR","","COUNTY","IOWA","19","NORTHWEST","10","PALO ALTO","147","","","00000000","","CORN","CORN, GRAIN - YIELD, MEASURED IN BU / ACRE","TOTAL","NOT SPECIFIED","163",""
"SURVEY","2006","YEAR","","COUNTY","IOWA","19","NORTHWEST","10","PLYMOUTH","149","","","00000000","","CORN","CORN, GRAIN - YIELD, MEASURED IN BU / ACRE","TOTAL","NOT SPECIFIED","137.1",""
"SURVEY","2006","YEAR","","COUNTY","IOWA","19","NORTHWEST","10","POCAHONTAS","151","","","00000000","","CORN","CORN, GRAIN - YIELD, MEASURED IN BU / ACRE","TOTAL","NOT SPECIFIED","166.5",""
"SURVEY","2006","YEAR","","COUNTY","IOWA","19","NORTHWEST","10","SIOUX","167","","","00000000","","CORN","CORN, GRAIN - YIELD, MEASURED IN BU / ACRE","TOTAL","NOT SPECIFIED","162.9",""
"SURVEY","2006","YEAR","","COUNTY","IOWA","19","SOUTH CENTRAL","80","APPANOOSE","007","","","00000000","","CORN","CORN, GRAIN - YIELD, MEASURED IN BU / ACRE","TOTAL","NOT SPECIFIED","157.7",""
"SURVEY","2006","YEAR","","COUNTY","IOWA","19","SOUTH CENTRAL","80","CLARKE","039","","","00000000","","CORN","CORN, GRAIN - YIELD, MEASURED IN BU / ACRE","TOTAL","NOT SPECIFIED","147",""
"SURVEY","2006","YEAR","","COUNTY","IOWA","19","SOUTH CENTRAL","80","DECATUR","053","","","00000000","","CORN","CORN, GRAIN - YIELD, MEASURED IN BU / ACRE","TOTAL","NOT SPECIFIED","157.5",""
"SURVEY","2006","YEAR","","COUNTY","IOWA","19","SOUTH CENTRAL","80","LUCAS","117","","","00000000","","CORN","CORN, GRAIN - YIELD, MEASURED IN BU / ACRE","TOTAL","NOT SPECIFIED","137.8",""
"SURVEY","2006","YEAR","","COUNTY","IOWA","19","SOUTH CENTRAL","80","MADISON","121","","","00000000","","CORN","CORN, GRAIN - YIELD, MEASURED IN BU / ACRE","TOTAL","NOT SPECIFIED","158.4",""
"SURVEY","2006","YEAR","","COUNTY","IOWA","19","SOUTH CENTRAL","80","MARION","125","","","00000000","","CORN","CORN, GRAIN - YIELD, MEASURED IN BU / ACRE","TOTAL","NOT SPECIFIED","156.3",""
"SURVEY","2006","YEAR","","COUNTY","IOWA","19","SOUTH CENTRAL","80","MONROE","135","","","00000000","","CORN","CORN, GRAIN - YIELD, MEASURED IN BU / ACRE","TOTAL","NOT SPECIFIED","137",""
"SURVEY","2006","YEAR","","COUNTY","IOWA","19","SOUTH CENTRAL","80","RINGGOLD","159","","","00000000","","CORN","CORN, GRAIN - YIELD, MEASURED IN BU / ACRE","TOTAL","NOT SPECIFIED","142.3",""
"SURVEY","2006","YEAR","","COUNTY","IOWA","19","SOUTH CENTRAL","80","UNION","175","","","00000000","","CORN","CORN, GRAIN - YIELD, MEASURED IN BU / ACRE","TOTAL","NOT SPECIFIED","153.6",""
"SURVEY","2006","YEAR","","COUNTY","IOWA","19","SOUTH CENTRAL","80","WARREN","181","","","00000000","","CORN","CORN, GRAIN - YIELD, MEASURED IN BU / ACRE","TOTAL","NOT SPECIFIED","164.9",""
"SURVEY","2006","YEAR","","COUNTY","IOWA","19","SOUTH CENTRAL","80","WAYNE","185","","","00000000","","CORN","CORN, GRAIN - YIELD, MEASURED IN BU / ACRE","TOTAL","NOT SPECIFIED","145",""
"SURVEY","2006","YEAR","","COUNTY","IOWA","19","SOUTHEAST","90","DAVIS","051","","","00000000","","CORN","CORN, GRAIN - YIELD, MEASURED IN BU / ACRE","TOTAL","NOT SPECIFIED","161.5",""
"SURVEY","2006","YEAR","","COUNTY","IOWA","19","SOUTHEAST","90","DES MOINES","057","","","00000000","","CORN","CORN, GRAIN - YIELD, MEASURED IN BU / ACRE","TOTAL","NOT SPECIFIED","159.2",""
"SURVEY","2006","YEAR","","COUNTY","IOWA","19","SOUTHEAST","90","HENRY","087","","","00000000","","CORN","CORN, GRAIN - YIELD, MEASURED IN BU / ACRE","TOTAL","NOT SPECIFIED","167.9",""
"SURVEY","2006","YEAR","","COUNTY","IOWA","19","SOUTHEAST","90","JEFFERSON","101","","","00000000","","CORN","CORN, GRAIN - YIELD, MEASURED IN BU / ACRE","TOTAL","NOT SPECIFIED","170.7",""
"SURVEY","2006","YEAR","","COUNTY","IOWA","19","SOUTHEAST","90","KEOKUK","107","","","00000000","","CORN","CORN, GRAIN - YIELD, MEASURED IN BU / ACRE","TOTAL","NOT SPECIFIED","166.6",""
"SURVEY","2006","YEAR","","COUNTY","IOWA","19","SOUTHEAST","90","LEE","111","","","00000000","","CORN","CORN, GRAIN - YIELD, MEASURED IN BU / ACRE","TOTAL","NOT SPECIFIED","144.1",""
"SURVEY","2006","YEAR","","COUNTY","IOWA","19","SOUTHEAST","90","LOUISA","115","","","00000000","","CORN","CORN, GRAIN - YIELD, MEASURED IN BU / ACRE","TOTAL","NOT SPECIFIED","170.1",""
"SURVEY","2006","YEAR","","COUNTY","IOWA","19","SOUTHEAST","90","MAHASKA","123","","","00000000","","CORN","CORN, GRAIN - YIELD, MEASURED IN BU / ACRE","TOTAL","NOT SPECIFIED","166",""
"SURVEY","2006","YEAR","","COUNTY","IOWA","19","SOUTHEAST","90","VAN BUREN","177","","","00000000","","CORN","CORN, GRAIN - YIELD, MEASURED IN BU / ACRE","TOTAL","NOT SPECIFIED","157.8",""
"SURVEY","2006","YEAR","","COUNTY","IOWA","19","SOUTHEAST","90","WAPELLO","179","","","00000000","","CORN","CORN, GRAIN - YIELD, MEASURED IN BU / ACRE","TOTAL","NOT SPECIFIED","164.9",""
"SURVEY","2006","YEAR","","COUNTY","IOWA","19","SOUTHEAST","90","WASHINGTON","183","","","00000000","","CORN","CORN, GRAIN - YIELD, MEASURED IN BU / ACRE","TOTAL","NOT SPECIFIED","184.4",""
"SURVEY","2006","YEAR","","COUNTY","IOWA","19","SOUTHWEST","70","ADAIR","001","","","00000000","","CORN","CORN, GRAIN - YIELD, MEASURED IN BU / ACRE","TOTAL","NOT SPECIFIED","164.9",""
"SURVEY","2006","YEAR","","COUNTY","IOWA","19","SOUTHWEST","70","ADAMS","003","","","00000000","","CORN","CORN, GRAIN - YIELD, MEASURED IN BU / ACRE","TOTAL","NOT SPECIFIED","145.4",""
"SURVEY","2006","YEAR","","COUNTY","IOWA","19","SOUTHWEST","70","CASS","029","","","00000000","","CORN","CORN, GRAIN - YIELD, MEASURED IN BU / ACRE","TOTAL","NOT SPECIFIED","170.8",""
"SURVEY","2006","YEAR","","COUNTY","IOWA","19","SOUTHWEST","70","FREMONT","071","","","00000000","","CORN","CORN, GRAIN - YIELD, MEASURED IN BU / ACRE","TOTAL","NOT SPECIFIED","146.3",""
"SURVEY","2006","YEAR","","COUNTY","IOWA","19","SOUTHWEST","70","MILLS","129","","","00000000","","CORN","CORN, GRAIN - YIELD, MEASURED IN BU / ACRE","TOTAL","NOT SPECIFIED","159.5",""
"SURVEY","2006","YEAR","","COUNTY","IOWA","19","SOUTHWEST","70","MONTGOMERY","137","","","00000000","","CORN","CORN, GRAIN - YIELD, MEASURED IN BU / ACRE","TOTAL","NOT SPECIFIED","163.9",""
"SURVEY","2006","YEAR","","COUNTY","IOWA","19","SOUTHWEST","70","PAGE","145","","","00000000","","CORN","CORN, GRAIN - YIELD, MEASURED IN BU / ACRE","TOTAL","NOT SPECIFIED","152.5",""
"SURVEY","2006","YEAR","","COUNTY","IOWA","19","SOUTHWEST","70","POTTAWATTAMIE","155","","","00000000","","CORN","CORN, GRAIN - YIELD, MEASURED IN BU / ACRE","TOTAL","NOT SPECIFIED","171.6",""
"SURVEY","2006","YEAR","","COUNTY","IOWA","19","SOUTHWEST","70","TAYLOR","173","","","00000000","","CORN","CORN, GRAIN - YIELD, MEASURED IN BU / ACRE","TOTAL","NOT SPECIFIED","142.4",""
"SURVEY","2006","YEAR","","COUNTY","IOWA","19","WEST CENTRAL","40","AUDUBON","009","","","00000000","","CORN","CORN, GRAIN - YIELD, MEASURED IN BU / ACRE","TOTAL","NOT SPECIFIED","173.9",""
"SURVEY","2006","YEAR","","COUNTY","IOWA","19","WEST CENTRAL","40","CALHOUN","025","","","00000000","","CORN","CORN, GRAIN - YIELD, MEASURED IN BU / ACRE","TOTAL","NOT SPECIFIED","165.5",""
"SURVEY","2006","YEAR","","COUNTY","IOWA","19","WEST CENTRAL","40","CARROLL","027","","","00000000","","CORN","CORN, GRAIN - YIELD, MEASURED IN BU / ACRE","TOTAL","NOT SPECIFIED","162.5",""
"SURVEY","2006","YEAR","","COUNTY","IOWA","19","WEST CENTRAL","40","CRAWFORD","047","","","00000000","","CORN","CORN, GRAIN - YIELD, MEASURED IN BU / ACRE","TOTAL","NOT SPECIFIED","138.7",""
"SURVEY","2006","YEAR","","COUNTY","IOWA","19","WEST CENTRAL","40","GREENE","073","","","00000000","","CORN","CORN, GRAIN - YIELD, MEASURED IN BU / ACRE","TOTAL","NOT SPECIFIED","170.6",""
"SURVEY","2006","YEAR","","COUNTY","IOWA","19","WEST CENTRAL","40","GUTHRIE","077","","","00000000","","CORN","CORN, GRAIN - YIELD, MEASURED IN BU / ACRE","TOTAL","NOT SPECIFIED","159.2",""
"SURVEY","2006","YEAR","","COUNTY","IOWA","19","WEST CENTRAL","40","HARRISON","085","","","00000000","","CORN","CORN, GRAIN - YIELD, MEASURED IN BU / ACRE","TOTAL","NOT SPECIFIED","142.1",""
"SURVEY","2006","YEAR","","COUNTY","IOWA","19","WEST CENTRAL","40","IDA","093","","","00000000","","CORN","CORN, GRAIN - YIELD, MEASURED IN BU / ACRE","TOTAL","NOT SPECIFIED","125.5",""
"SURVEY","2006","YEAR","","COUNTY","IOWA","19","WEST CENTRAL","40","MONONA","133","","","00000000","","CORN","CORN, GRAIN - YIELD, MEASURED IN BU / ACRE","TOTAL","NOT SPECIFIED","109.3",""
"SURVEY","2006","YEAR","","COUNTY","IOWA","19","WEST CENTRAL","40","SAC","161","","","00000000","","CORN","CORN, GRAIN - YIELD, MEASURED IN BU / ACRE","TOTAL","NOT SPECIFIED","134",""
"SURVEY","2006","YEAR","","COUNTY","IOWA","19","WEST CENTRAL","40","SHELBY","165","","","00000000","","CORN","CORN, GRAIN - YIELD, MEASURED IN BU / ACRE","TOTAL","NOT SPECIFIED","171.2",""
"SURVEY","2006","YEAR","","COUNTY","IOWA","19","WEST CENTRAL","40","WOODBURY","193","","","00000000","","CORN","CORN, GRAIN - YIELD, MEASURED IN BU / ACRE","TOTAL","NOT SPECIFIED","129.4",""
"SURVEY","2006","YEAR","","COUNTY","NEBRASKA","31","CENTRAL","50","BUFFALO","019","","","00000000","","CORN","CORN, GRAIN - YIELD, MEASURED IN BU / ACRE","TOTAL","NOT SPECIFIED","179.8",""
"SURVEY","2006","YEAR","","COUNTY","NEBRASKA","31","CENTRAL","50","CUSTER","041","","","00000000","","CORN","CORN, GRAIN - YIELD, MEASURED IN BU / ACRE","TOTAL","NOT SPECIFIED","158.1",""
"SURVEY","2006","YEAR","","COUNTY","NEBRASKA","31","CENTRAL","50","DAWSON","047","","","00000000","","CORN","CORN, GRAIN - YIELD, MEASURED IN BU / ACRE","TOTAL","NOT SPECIFIED","181.7",""
"SURVEY","2006","YEAR","","COUNTY","NEBRASKA","31","CENTRAL","50","GREELEY","077","","","00000000","","CORN","CORN, GRAIN - YIELD, MEASURED IN BU / ACRE","TOTAL","NOT SPECIFIED","146.1",""
"SURVEY","2006","YEAR","","COUNTY","NEBRASKA","31","CENTRAL","50","HALL","079","","","00000000","","CORN","CORN, GRAIN - YIELD, MEASURED IN BU / ACRE","TOTAL","NOT SPECIFIED","186.2",""
"SURVEY","2006","YEAR","","COUNTY","NEBRASKA","31","CENTRAL","50","HOWARD","093","","","00000000","","CORN","CORN, GRAIN - YIELD, MEASURED IN BU / ACRE","TOTAL","NOT SPECIFIED","162.7",""
"SURVEY","2006","YEAR","","COUNTY","NEBRASKA","31","CENTRAL","50","SHERMAN","163","","","00000000","","CORN","CORN, GRAIN - YIELD, MEASURED IN BU / ACRE","TOTAL","NOT SPECIFIED","162.3",""
"SURVEY","2006","YEAR","","COUNTY","NEBRASKA","31","CENTRAL","50","VALLEY","175","","","00000000","","CORN","CORN, GRAIN - YIELD, MEASURED IN BU / ACRE","TOTAL","NOT SPECIFIED","164.4",""
"SURVEY","2006","YEAR","","COUNTY","NEBRASKA","31","EAST","60","BUTLER","023","","","00000000","","CORN","CORN, GRAIN - YIELD, MEASURED IN BU / ACRE","TOTAL","NOT SPECIFIED","135.2",""
"SURVEY","2006","YEAR","","COUNTY","NEBRASKA","31","EAST","60","CASS","025","","","00000000","","CORN","CORN, GRAIN - YIELD, MEASURED IN BU / ACRE","TOTAL","NOT SPECIFIED","126.1",""
"SURVEY","2006","YEAR","","COUNTY","NEBRASKA","31","EAST","60","COLFAX","037","","","00000000","","CORN","CORN, GRAIN - YIELD, MEASURED IN BU / ACRE","TOTAL","NOT SPECIFIED","145.6",""
"SURVEY","2006","YEAR","","COUNTY","NEBRASKA","31","EAST","60","DODGE","053","","","00000000","","CORN","CORN, GRAIN - YIELD, MEASURED IN BU / ACRE","TOTAL","NOT SPECIFIED","151.5",""
"SURVEY","2006","YEAR","","COUNTY","NEBRASKA","31","EAST","60","DOUGLAS","055","","","00000000","","CORN","CORN, GRAIN - YIELD, MEASURED IN BU / ACRE","TOTAL","NOT SPECIFIED","133.9",""
"SURVEY","2006","YEAR","","COUNTY","NEBRASKA","31","EAST","60","HAMILTON","081","","","00000000","","CORN","CORN, GRAIN - YIELD, MEASURED IN BU / ACRE","TOTAL","NOT SPECIFIED","183.7",""
"SURVEY","2006","YEAR","","COUNTY","NEBRASKA","31","EAST","60","LANCASTER","109","","","00000000","","CORN","CORN, GRAIN - YIELD, MEASURED IN BU / ACRE","TOTAL","NOT SPECIFIED","122.5",""
"SURVEY","2006","YEAR","","COUNTY","NEBRASKA","31","EAST","60","MERRICK","121","","","00000000","","CORN","CORN, GRAIN - YIELD, MEASURED IN BU / ACRE","TOTAL","NOT SPECIFIED","172.2",""
"SURVEY","2006","YEAR","","COUNTY","NEBRASKA","31","EAST","60","NANCE","125","","","00000000","","CORN","CORN, GRAIN - YIELD, MEASURED IN BU / ACRE","TOTAL","NOT SPECIFIED","151.2",""
"SURVEY","2006","YEAR","","COUNTY","NEBRASKA","31","EAST","60","PLATTE","141","","","00000000","","CORN","CORN, GRAIN - YIELD, MEASURED IN BU / ACRE","TOTAL","NOT SPECIFIED","165.3",""
"SURVEY","2006","YEAR","","COUNTY","NEBRASKA","31","EAST","60","POLK","143","","","00000000","","CORN","CORN, GRAIN - YIELD, MEASURED IN BU / ACRE","TOTAL","NOT SPECIFIED","162.3",""
"SURVEY","2006","YEAR","","COUNTY","NEBRASKA","31","EAST","60","SARPY","153","","","00000000","","CORN","CORN, GRAIN - YIELD, MEASURED IN BU / ACRE","TOTAL","NOT SPECIFIED","121.9",""
"SURVEY","2006","YEAR","","COUNTY","NEBRASKA","31","EAST","60","SAUNDERS","155","","","00000000","","CORN","CORN, GRAIN - YIELD, MEASURED IN BU / ACRE","TOTAL","NOT SPECIFIED","135.7",""
"SURVEY","2006","YEAR","","COUNTY","NEBRASKA","31","EAST","60","SEWARD","159","","","00000000","","CORN","CORN, GRAIN - YIELD, MEASURED IN BU / ACRE","TOTAL","NOT SPECIFIED","133",""
"SURVEY","2006","YEAR","","COUNTY","NEBRASKA","31","EAST","60","WASHINGTON","177","","","00000000","","CORN","CORN, GRAIN - YIELD, MEASURED IN BU / ACRE","TOTAL","NOT SPECIFIED","147",""
"SURVEY","2006","YEAR","","COUNTY","NEBRASKA","31","EAST","60","YORK","185","","","00000000","","CORN","CORN, GRAIN - YIELD, MEASURED IN BU / ACRE","TOTAL","NOT SPECIFIED","170.6",""
"SURVEY","2006","YEAR","","COUNTY","NEBRASKA","31","NORTH","20","ARTHUR","005","","","00000000","","CORN","CORN, GRAIN - YIELD, MEASURED IN BU / ACRE","TOTAL","NOT SPECIFIED","174",""
"SURVEY","2006","YEAR","","COUNTY","NEBRASKA","31","NORTH","20","BLAINE","009","","","00000000","","CORN","CORN, GRAIN - YIELD, MEASURED IN BU / ACRE","TOTAL","NOT SPECIFIED","145",""
"SURVEY","2006","YEAR","","COUNTY","NEBRASKA","31","NORTH","20","BOYD","015","","","00000000","","CORN","CORN, GRAIN - YIELD, MEASURED IN BU / ACRE","TOTAL","NOT SPECIFIED","67",""
"SURVEY","2006","YEAR","","COUNTY","NEBRASKA","31","NORTH","20","BROWN","017","","","00000000","","CORN","CORN, GRAIN - YIELD, MEASURED IN BU / ACRE","TOTAL","NOT SPECIFIED","179.4",""
"SURVEY","2006","YEAR","","COUNTY","NEBRASKA","31","NORTH","20","CHERRY","031","","","00000000","","CORN","CORN, GRAIN - YIELD, MEASURED IN BU / ACRE","TOTAL","NOT SPECIFIED","177.8",""
"SURVEY","2006","YEAR","","COUNTY","NEBRASKA","31","NORTH","20","GARFIELD","071","","","00000000","","CORN","CORN, GRAIN - YIELD, MEASURED IN BU / ACRE","TOTAL","NOT SPECIFIED","153.5",""
"SURVEY","2006","YEAR","","COUNTY","NEBRASKA","31","NORTH","20","HOLT","089","","","00000000","","CORN","CORN, GRAIN - YIELD, MEASURED IN BU / ACRE","TOTAL","NOT SPECIFIED","184.3",""
"SURVEY","2006","YEAR","","COUNTY","NEBRASKA","31","NORTH","20","KEYA PAHA","103","","","00000000","","CORN","CORN, GRAIN - YIELD, MEASURED IN BU / ACRE","TOTAL","NOT SPECIFIED","157.7",""
"SURVEY","2006","YEAR","","COUNTY","NEBRASKA","31","NORTH","20","LOGAN","113","","","00000000","","CORN","CORN, GRAIN - YIELD, MEASURED IN BU / ACRE","TOTAL","NOT SPECIFIED","145.2",""
"SURVEY","2006","YEAR","","COUNTY","NEBRASKA","31","NORTH","20","LOUP","115","","","00000000","","CORN","CORN, GRAIN - YIELD, MEASURED IN BU / ACRE","TOTAL","NOT SPECIFIED","144",""
"SURVEY","2006","YEAR","","COUNTY","NEBRASKA","31","NORTH","20","MCPHERSON","117","","","00000000","","CORN","CORN, GRAIN - YIELD, MEASURED IN BU / ACRE","TOTAL","NOT SPECIFIED","177",""
"SURVEY","2006","YEAR","","COUNTY","NEBRASKA","31","NORTH","20","ROCK","149","","","00000000","","CORN","CORN, GRAIN - YIELD, MEASURED IN BU / ACRE","TOTAL","NOT SPECIFIED","171.9",""
"SURVEY","2006","YEAR","","COUNTY","NEBRASKA","31","NORTH","20","THOMAS","171","","","00000000","","CORN","CORN, GRAIN - YIELD, MEASURED IN BU / ACRE","TOTAL","NOT SPECIFIED","150",""
"SURVEY","2006","YEAR","","COUNTY","NEBRASKA","31","NORTH","20","WHEELER","183","","","00000000","","CORN","CORN, GRAIN - YIELD, MEASURED IN BU / ACRE","TOTAL","NOT SPECIFIED","174.8",""
"SURVEY","2006","YEAR","","COUNTY","NEBRASKA","31","NORTHEAST","30","ANTELOPE","003","","","00000000","","CORN","CORN, GRAIN - YIELD, MEASURED IN BU / ACRE","TOTAL","NOT SPECIFIED","174.7",""
"SURVEY","2006","YEAR","","COUNTY","NEBRASKA","31","NORTHEAST","30","BOONE","011","","","00000000","","CORN","CORN, GRAIN - YIELD, MEASURED IN BU / ACRE","TOTAL","NOT SPECIFIED","155",""
"SURVEY","2006","YEAR","","COUNTY","NEBRASKA","31","NORTHEAST","30","BURT","021","","","00000000","","CORN","CORN, GRAIN - YIELD, MEASURED IN BU / ACRE","TOTAL","NOT SPECIFIED","140.1",""
"SURVEY","2006","YEAR","","COUNTY","NEBRASKA","31","NORTHEAST","30","CEDAR","027","","","00000000","","CORN","CORN, GRAIN - YIELD, MEASURED IN BU / ACRE","TOTAL","NOT SPECIFIED","124.4",""
"SURVEY","2006","YEAR","","COUNTY","NEBRASKA","31","NORTHEAST","30","CUMING","039","","","00000000","","CORN","CORN, GRAIN - YIELD, MEASURED IN BU / ACRE","TOTAL","NOT SPECIFIED","148.4",""
"SURVEY","2006","YEAR","","COUNTY","NEBRASKA","31","NORTHEAST","30","DAKOTA","043","","","00000000","","CORN","CORN, GRAIN - YIELD, MEASURED IN BU / ACRE","TOTAL","NOT SPECIFIED","146.2",""
"SURVEY","2006","YEAR","","COUNTY","NEBRASKA","31","NORTHEAST","30","DIXON","051","","","00000000","","CORN","CORN, GRAIN - YIELD, MEASURED IN BU / ACRE","TOTAL","NOT SPECIFIED","128.9",""
"SURVEY","2006","YEAR","","COUNTY","NEBRASKA","31","NORTHEAST","30","KNOX","107","","","00000000","","CORN","CORN, GRAIN - YIELD, MEASURED IN BU / ACRE","TOTAL","NOT SPECIFIED","114.9",""
"SURVEY","2006","YEAR","","COUNTY","NEBRASKA","31","NORTHEAST","30","MADISON","119","","","00000000","","CORN","CORN, GRAIN - YIELD, MEASURED IN BU / ACRE","TOTAL","NOT SPECIFIED","145",""
"SURVEY","2006","YEAR","","COUNTY","NEBRASKA","31","NORTHEAST","30","PIERCE","139","","","00000000","","CORN","CORN, GRAIN - YIELD, MEASURED IN BU / ACRE","TOTAL","NOT SPECIFIED","147.3",""
"SURVEY","2006","YEAR","","COUNTY","NEBRASKA","31","NORTHEAST","30","STANTON","167","","","00000000","","CORN","CORN, GRAIN - YIELD, MEASURED IN BU / ACRE","TOTAL","NOT SPECIFIED","128.3",""
"SURVEY","2006","YEAR","","COUNTY","NEBRASKA","31","NORTHEAST","30","THURSTON","173","","","00000000","","CORN","CORN, GRAIN - YIELD, MEASURED IN BU / ACRE","TOTAL","NOT SPECIFIED","130.9",""
"SURVEY","2006","YEAR","","COUNTY","NEBRASKA","31","NORTHEAST","30","WAYNE","179","","","00000000","","CORN","CORN, GRAIN - YIELD, MEASURED IN BU / ACRE","TOTAL","NOT SPECIFIED","115.3",""
"SURVEY","2006","YEAR","","COUNTY","NEBRASKA","31","NORTHWEST","10","BANNER","007","","","00000000","","CORN","CORN, GRAIN - YIELD, MEASURED IN BU / ACRE","TOTAL","NOT SPECIFIED","97.5",""
"SURVEY","2006","YEAR","","COUNTY","NEBRASKA","31","NORTHWEST","10","BOX BUTTE","013","","","00000000","","CORN","CORN, GRAIN - YIELD, MEASURED IN BU / ACRE","TOTAL","NOT SPECIFIED","162.6",""
"SURVEY","2006","YEAR","","COUNTY","NEBRASKA","31","NORTHWEST","10","CHEYENNE","033","","","00000000","","CORN","CORN, GRAIN - YIELD, MEASURED IN BU / ACRE","TOTAL","NOT SPECIFIED","147.4",""
"SURVEY","2006","YEAR","","COUNTY","NEBRASKA","31","NORTHWEST","10","DAWES","045","","","00000000","","CORN","CORN, GRAIN - YIELD, MEASURED IN BU / ACRE","TOTAL","NOT SPECIFIED","161",""
"SURVEY","2006","YEAR","","COUNTY","NEBRASKA","31","NORTHWEST","10","DEUEL","049","","","00000000","","CORN","CORN, GRAIN - YIELD, MEASURED IN BU / ACRE","TOTAL","NOT SPECIFIED","142.9",""
"SURVEY","2006","YEAR","","COUNTY","NEBRASKA","31","NORTHWEST","10","GARDEN","069","","","00000000","","CORN","CORN, GRAIN - YIELD, MEASURED IN BU / ACRE","TOTAL","NOT SPECIFIED","152",""
"SURVEY","2006","YEAR","","COUNTY","NEBRASKA","31","NORTHWEST","10","KIMBALL","105","","","00000000","","CORN","CORN, GRAIN - YIELD, MEASURED IN BU / ACRE","TOTAL","NOT SPECIFIED","126.4",""
"SURVEY","2006","YEAR","","COUNTY","NEBRASKA","31","NORTHWEST","10","MORRILL","123","","","00000000","","CORN","CORN, GRAIN - YIELD, MEASURED IN BU / ACRE","TOTAL","NOT SPECIFIED","175.4",""
"SURVEY","2006","YEAR","","COUNTY","NEBRASKA","31","NORTHWEST","10","SCOTTS BLUFF","157","","","00000000","","CORN","CORN, GRAIN - YIELD, MEASURED IN BU / ACRE","TOTAL","NOT SPECIFIED","154.8",""
"SURVEY","2006","YEAR","","COUNTY","NEBRASKA","31","NORTHWEST","10","SHERIDAN","161","","","00000000","","CORN","CORN, GRAIN - YIELD, MEASURED IN BU / ACRE","TOTAL","NOT SPECIFIED","137.6",""
"SURVEY","2006","YEAR","","COUNTY","NEBRASKA","31","NORTHWEST","10","SIOUX","165","","","00000000","","CORN","CORN, GRAIN - YIELD, MEASURED IN BU / ACRE","TOTAL","NOT SPECIFIED","175",""
"SURVEY","2006","YEAR","","COUNTY","NEBRASKA","31","SOUTH","80","ADAMS","001","","","00000000","","CORN","CORN, GRAIN - YIELD, MEASURED IN BU / ACRE","TOTAL","NOT SPECIFIED","169.9",""
"SURVEY","2006","YEAR","","COUNTY","NEBRASKA","31","SOUTH","80","FRANKLIN","061","","","00000000","","CORN","CORN, GRAIN - YIELD, MEASURED IN BU / ACRE","TOTAL","NOT SPECIFIED","160.3",""
"SURVEY","2006","YEAR","","COUNTY","NEBRASKA","31","SOUTH","80","FURNAS","065","","","00000000","","CORN","CORN, GRAIN - YIELD, MEASURED IN BU / ACRE","TOTAL","NOT SPECIFIED","96.6",""
"SURVEY","2006","YEAR","","COUNTY","NEBRASKA","31","SOUTH","80","GOSPER","073","","","00000000","","CORN","CORN, GRAIN - YIELD, MEASURED IN BU / ACRE","TOTAL","NOT SPECIFIED","164.1",""
"SURVEY","2006","YEAR","","COUNTY","NEBRASKA","31","SOUTH","80","HARLAN","083","","","00000000","","CORN","CORN, GRAIN - YIELD, MEASURED IN BU / ACRE","TOTAL","NOT SPECIFIED","140",""
"SURVEY","2006","YEAR","","COUNTY","NEBRASKA","31","SOUTH","80","KEARNEY","099","","","00000000","","CORN","CORN, GRAIN - YIELD, MEASURED IN BU / ACRE","TOTAL","NOT SPECIFIED","182.8",""
"SURVEY","2006","YEAR","","COUNTY","NEBRASKA","31","SOUTH","80","PHELPS","137","","","00000000","","CORN","CORN, GRAIN - YIELD, MEASURED IN BU / ACRE","TOTAL","NOT SPECIFIED","185.3",""
"SURVEY","2006","YEAR","","COUNTY","NEBRASKA","31","SOUTH","80","WEBSTER","181","","","00000000","","CORN","CORN, GRAIN - YIELD, MEASURED IN BU / ACRE","TOTAL","NOT SPECIFIED","112.7",""
"SURVEY","2006","YEAR","","COUNTY","NEBRASKA","31","SOUTHEAST","90","CLAY","035","","","00000000","","CORN","CORN, GRAIN - YIELD, MEASURED IN BU / ACRE","TOTAL","NOT SPECIFIED","158.5",""
"SURVEY","2006","YEAR","","COUNTY","NEBRASKA","31","SOUTHEAST","90","FILLMORE","059","","","00000000","","CORN","CORN, GRAIN - YIELD, MEASURED IN BU / ACRE","TOTAL","NOT SPECIFIED","162.2",""
"SURVEY","2006","YEAR","","COUNTY","NEBRASKA","31","SOUTHEAST","90","GAGE","067","","","00000000","","CORN","CORN, GRAIN - YIELD, MEASURED IN BU / ACRE","TOTAL","NOT SPECIFIED","137.8",""
"SURVEY","2006","YEAR","","COUNTY","NEBRASKA","31","SOUTHEAST","90","JEFFERSON","095","","","00000000","","CORN","CORN, GRAIN - YIELD, MEASURED IN BU / ACRE","TOTAL","NOT SPECIFIED","146.2",""
"SURVEY","2006","YEAR","","COUNTY","NEBRASKA","31","SOUTHEAST","90","JOHNSON","097","","","00000000","","CORN","CORN, GRAIN - YIELD, MEASURED IN BU / ACRE","TOTAL","NOT SPECIFIED","109",""
"SURVEY","2006","YEAR","","COUNTY","NEBRASKA","31","SOUTHEAST","90","NEMAHA","127","","","00000000","","CORN","CORN, GRAIN - YIELD, MEASURED IN BU / ACRE","TOTAL","NOT SPECIFIED","110.1",""
"SURVEY","2006","YEAR","","COUNTY","NEBRASKA","31","SOUTHEAST","90","NUCKOLLS","129","","","00000000","","CORN","CORN, GRAIN - YIELD, MEASURED IN BU / ACRE","TOTAL","NOT SPECIFIED","117.5",""
"SURVEY","2006","YEAR","","COUNTY","NEBRASKA","31","SOUTHEAST","90","OTOE","131","","","00000000","","CORN","CORN, GRAIN - YIELD, MEASURED IN BU / ACRE","TOTAL","NOT SPECIFIED","125.3",""
"SURVEY","2006","YEAR","","COUNTY","NEBRASKA","31","SOUTHEAST","90","PAWNEE","133","","","00000000","","CORN","CORN, GRAIN - YIELD, MEASURED IN BU / ACRE","TOTAL","NOT SPECIFIED","108.6",""
"SURVEY","2006","YEAR","","COUNTY","NEBRASKA","31","SOUTHEAST","90","RICHARDSON","147","","","00000000","","CORN","CORN, GRAIN - YIELD, MEASURED IN BU / ACRE","TOTAL","NOT SPECIFIED","137.5",""
"SURVEY","2006","YEAR","","COUNTY","NEBRASKA","31","SOUTHEAST","90","SALINE","151","","","00000000","","CORN","CORN, GRAIN - YIELD, MEASURED IN BU / ACRE","TOTAL","NOT SPECIFIED","144",""
"SURVEY","2006","YEAR","","COUNTY","NEBRASKA","31","SOUTHEAST","90","THAYER","169","","","00000000","","CORN","CORN, GRAIN - YIELD, MEASURED IN BU / ACRE","TOTAL","NOT SPECIFIED","156.7",""
"SURVEY","2006","YEAR","","COUNTY","NEBRASKA","31","SOUTHWEST","70","CHASE","029","","","00000000","","CORN","CORN, GRAIN - YIELD, MEASURED IN BU / ACRE","TOTAL","NOT SPECIFIED","187.6",""
"SURVEY","2006","YEAR","","COUNTY","NEBRASKA","31","SOUTHWEST","70","DUNDY","057","","","00000000","","CORN","CORN, GRAIN - YIELD, MEASURED IN BU / ACRE","TOTAL","NOT SPECIFIED","170.5",""
"SURVEY","2006","YEAR","","COUNTY","NEBRASKA","31","SOUTHWEST","70","FRONTIER","063","","","00000000","","CORN","CORN, GRAIN - YIELD, MEASURED IN BU / ACRE","TOTAL","NOT SPECIFIED","123.9",""
"SURVEY","2006","YEAR","","COUNTY","NEBRASKA","31","SOUTHWEST","70","HAYES","085","","","00000000","","CORN","CORN, GRAIN - YIELD, MEASURED IN BU / ACRE","TOTAL","NOT SPECIFIED","142",""
"SURVEY","2006","YEAR","","COUNTY","NEBRASKA","31","SOUTHWEST","70","HITCHCOCK","087","","","00000000","","CORN","CORN, GRAIN - YIELD, MEASURED IN BU / ACRE","TOTAL","NOT SPECIFIED","103.5",""
"SURVEY","2006","YEAR","","COUNTY","NEBRASKA","31","SOUTHWEST","70","KEITH","101","","","00000000","","CORN","CORN, GRAIN - YIELD, MEASURED IN BU / ACRE","TOTAL","NOT SPECIFIED","152",""
"SURVEY","2006","YEAR","","COUNTY","NEBRASKA","31","SOUTHWEST","70","LINCOLN","111","","","00000000","","CORN","CORN, GRAIN - YIELD, MEASURED IN BU / ACRE","TOTAL","NOT SPECIFIED","163",""
"SURVEY","2006","YEAR","","COUNTY","NEBRASKA","31","SOUTHWEST","70","PERKINS","135","","","00000000","","CORN","CORN, GRAIN - YIELD, MEASURED IN BU / ACRE","TOTAL","NOT SPECIFIED","147.1",""
"SURVEY","2006","YEAR","","COUNTY","NEBRASKA","31","SOUTHWEST","70","RED WILLOW","145","","","00000000","","CORN","CORN, GRAIN - YIELD, MEASURED IN BU / ACRE","TOTAL","NOT SPECIFIED","106.2",""
"SURVEY","2005","YEAR","","COUNTY","IOWA","19","CENTRAL","50","BOONE","015","","","00000000","","CORN","CORN, GRAIN - YIELD, MEASURED IN BU / ACRE","TOTAL","NOT SPECIFIED","192.4",""
"SURVEY","2005","YEAR","","COUNTY","IOWA","19","CENTRAL","50","DALLAS","049","","","00000000","","CORN","CORN, GRAIN - YIELD, MEASURED IN BU / ACRE","TOTAL","NOT SPECIFIED","181.7",""
"SURVEY","2005","YEAR","","COUNTY","IOWA","19","CENTRAL","50","GRUNDY","075","","","00000000","","CORN","CORN, GRAIN - YIELD, MEASURED IN BU / ACRE","TOTAL","NOT SPECIFIED","189.9",""
"SURVEY","2005","YEAR","","COUNTY","IOWA","19","CENTRAL","50","HAMILTON","079","","","00000000","","CORN","CORN, GRAIN - YIELD, MEASURED IN BU / ACRE","TOTAL","NOT SPECIFIED","189",""
"SURVEY","2005","YEAR","","COUNTY","IOWA","19","CENTRAL","50","HARDIN","083","","","00000000","","CORN","CORN, GRAIN - YIELD, MEASURED IN BU / ACRE","TOTAL","NOT SPECIFIED","188.6",""
"SURVEY","2005","YEAR","","COUNTY","IOWA","19","CENTRAL","50","JASPER","099","","","00000000","","CORN","CORN, GRAIN - YIELD, MEASURED IN BU / ACRE","TOTAL","NOT SPECIFIED","188.5",""
"SURVEY","2005","YEAR","","COUNTY","IOWA","19","CENTRAL","50","MARSHALL","127","","","00000000","","CORN","CORN, GRAIN - YIELD, MEASURED IN BU / ACRE","TOTAL","NOT SPECIFIED","191.9",""
"SURVEY","2005","YEAR","","COUNTY","IOWA","19","CENTRAL","50","POLK","153","","","00000000","","CORN","CORN, GRAIN - YIELD, MEASURED IN BU / ACRE","TOTAL","NOT SPECIFIED","174.7",""
"SURVEY","2005","YEAR","","COUNTY","IOWA","19","CENTRAL","50","POWESHIEK","157","","","00000000","","CORN","CORN, GRAIN - YIELD, MEASURED IN BU / ACRE","TOTAL","NOT SPECIFIED","176.4",""
"SURVEY","2005","YEAR","","COUNTY","IOWA","19","CENTRAL","50","STORY","169","","","00000000","","CORN","CORN, GRAIN - YIELD, MEASURED IN BU / ACRE","TOTAL","NOT SPECIFIED","187.6",""
"SURVEY","2005","YEAR","","COUNTY","IOWA","19","CENTRAL","50","TAMA","171","","","00000000","","CORN","CORN, GRAIN - YIELD, MEASURED IN BU / ACRE","TOTAL","NOT SPECIFIED","181.4",""
"SURVEY","2005","YEAR","","COUNTY","IOWA","19","CENTRAL","50","WEBSTER","187","","","00000000","","CORN","CORN, GRAIN - YIELD, MEASURED IN BU / ACRE","TOTAL","NOT SPECIFIED","190.1",""
"SURVEY","2005","YEAR","","COUNTY","IOWA","19","EAST CENTRAL","60","BENTON","011","","","00000000","","CORN","CORN, GRAIN - YIELD, MEASURED IN BU / ACRE","TOTAL","NOT SPECIFIED","170",""
"SURVEY","2005","YEAR","","COUNTY","IOWA","19","EAST CENTRAL","60","CEDAR","031","","","00000000","","CORN","CORN, GRAIN - YIELD, MEASURED IN BU / ACRE","TOTAL","NOT SPECIFIED","144.4",""
"SURVEY","2005","YEAR","","COUNTY","IOWA","19","EAST CENTRAL","60","CLINTON","045","","","00000000","","CORN","CORN, GRAIN - YIELD, MEASURED IN BU / ACRE","TOTAL","NOT SPECIFIED","116.8",""
"SURVEY","2005","YEAR","","COUNTY","IOWA","19","EAST CENTRAL","60","IOWA","095","","","00000000","","CORN","CORN, GRAIN - YIELD, MEASURED IN BU / ACRE","TOTAL","NOT SPECIFIED","147.3",""
"SURVEY","2005","YEAR","","COUNTY","IOWA","19","EAST CENTRAL","60","JACKSON","097","","","00000000","","CORN","CORN, GRAIN - YIELD, MEASURED IN BU / ACRE","TOTAL","NOT SPECIFIED","124.2",""
"SURVEY","2005","YEAR","","COUNTY","IOWA","19","EAST CENTRAL","60","JOHNSON","103","","","00000000","","CORN","CORN, GRAIN - YIELD, MEASURED IN BU / ACRE","TOTAL","NOT SPECIFIED","135.8",""
"SURVEY","2005","YEAR","","COUNTY","IOWA","19","EAST CENTRAL","60","JONES","105","","","00000000","","CORN","CORN, GRAIN - YIELD, MEASURED IN BU / ACRE","TOTAL","NOT SPECIFIED","148.3",""
"SURVEY","2005","YEAR","","COUNTY","IOWA","19","EAST CENTRAL","60","LINN","113","","","00000000","","CORN","CORN, GRAIN - YIELD, MEASURED IN BU / ACRE","TOTAL","NOT SPECIFIED","152",""
"SURVEY","2005","YEAR","","COUNTY","IOWA","19","EAST CENTRAL","60","MUSCATINE","139","","","00000000","","CORN","CORN, GRAIN - YIELD, MEASURED IN BU / ACRE","TOTAL","NOT SPECIFIED","135.3",""
"SURVEY","2005","YEAR","","COUNTY","IOWA","19","EAST CENTRAL","60","SCOTT","163","","","00000000","","CORN","CORN, GRAIN - YIELD, MEASURED IN BU / ACRE","TOTAL","NOT SPECIFIED","148.9",""
"SURVEY","2005","YEAR","","COUNTY","IOWA","19","NORTH CENTRAL","20","BUTLER","023","","","00000000","","CORN","CORN, GRAIN - YIELD, MEASURED IN BU / ACRE","TOTAL","NOT SPECIFIED","185.6",""
"SURVEY","2005","YEAR","","COUNTY","IOWA","19","NORTH CENTRAL","20","CERRO GORDO","033","","","00000000","","CORN","CORN, GRAIN - YIELD, MEASURED IN BU / ACRE","TOTAL","NOT SPECIFIED","184",""
"SURVEY","2005","YEAR","","COUNTY","IOWA","19","NORTH CENTRAL","20","FLOYD","067","","","00000000","","CORN","CORN, GRAIN - YIELD, MEASURED IN BU / ACRE","TOTAL","NOT SPECIFIED","184.2",""
"SURVEY","2005","YEAR","","COUNTY","IOWA","19","NORTH CENTRAL","20","FRANKLIN","069","","","00000000","","CORN","CORN, GRAIN - YIELD, MEASURED IN BU / ACRE","TOTAL","NOT SPECIFIED","185.2",""
"SURVEY","2005","YEAR","","COUNTY","IOWA","19","NORTH CENTRAL","20","HANCOCK","081","","","00000000","","CORN","CORN, GRAIN - YIELD, MEASURED IN BU / ACRE","TOTAL","NOT SPECIFIED","182.3",""
"SURVEY","2005","YEAR","","COUNTY","IOWA","19","NORTH CENTRAL","20","HUMBOLDT","091","","","00000000","","CORN","CORN, GRAIN - YIELD, MEASURED IN BU / ACRE","TOTAL","NOT SPECIFIED","188.2",""
"SURVEY","2005","YEAR","","COUNTY","IOWA","19","NORTH CENTRAL","20","KOSSUTH","109","","","00000000","","CORN","CORN, GRAIN - YIELD, MEASURED IN BU / ACRE","TOTAL","NOT SPECIFIED","187.5",""
"SURVEY","2005","YEAR","","COUNTY","IOWA","19","NORTH CENTRAL","20","MITCHELL","131","","","00000000","","CORN","CORN, GRAIN - YIELD, MEASURED IN BU / ACRE","TOTAL","NOT SPECIFIED","186.6",""
"SURVEY","2005","YEAR","","COUNTY","IOWA","19","NORTH CENTRAL","20","WINNEBAGO","189","","","00000000","","CORN","CORN, GRAIN - YIELD, MEASURED IN BU / ACRE","TOTAL","NOT SPECIFIED","189.6",""
"SURVEY","2005","YEAR","","COUNTY","IOWA","19","NORTH CENTRAL","20","WORTH","195","","","00000000","","CORN","CORN, GRAIN - YIELD, MEASURED IN BU / ACRE","TOTAL","NOT SPECIFIED","187.9",""
"SURVEY","2005","YEAR","","COUNTY","IOWA","19","NORTH CENTRAL","20","WRIGHT","197","","","00000000","","CORN","CORN, GRAIN - YIELD, MEASURED IN BU / ACRE","TOTAL","NOT SPECIFIED","183",""
"SURVEY","2005","YEAR","","COUNTY","IOWA","19","NORTHEAST","30","ALLAMAKEE","005","","","00000000","","CORN","CORN, GRAIN - YIELD, MEASURED IN BU / ACRE","TOTAL","NOT SPECIFIED","177.4",""
"SURVEY","2005","YEAR","","COUNTY","IOWA","19","NORTHEAST","30","BLACK HAWK","013","","","00000000","","CORN","CORN, GRAIN - YIELD, MEASURED IN BU / ACRE","TOTAL","NOT SPECIFIED","180.7",""
"SURVEY","2005","YEAR","","COUNTY","IOWA","19","NORTHEAST","30","BREMER","017","","","00000000","","CORN","CORN, GRAIN - YIELD, MEASURED IN BU / ACRE","TOTAL","NOT SPECIFIED","193",""
"SURVEY","2005","YEAR","","COUNTY","IOWA","19","NORTHEAST","30","BUCHANAN","019","","","00000000","","CORN","CORN, GRAIN - YIELD, MEASURED IN BU / ACRE","TOTAL","NOT SPECIFIED","178.7",""
"SURVEY","2005","YEAR","","COUNTY","IOWA","19","NORTHEAST","30","CHICKASAW","037","","","00000000","","CORN","CORN, GRAIN - YIELD, MEASURED IN BU / ACRE","TOTAL","NOT SPECIFIED","187.2",""
"SURVEY","2005","YEAR","","COUNTY","IOWA","19","NORTHEAST","30","CLAYTON","043","","","00000000","","CORN","CORN, GRAIN - YIELD, MEASURED IN BU / ACRE","TOTAL","NOT SPECIFIED","180.9",""
"SURVEY","2005","YEAR","","COUNTY","IOWA","19","NORTHEAST","30","DELAWARE","055","","","00000000","","CORN","CORN, GRAIN - YIELD, MEASURED IN BU / ACRE","TOTAL","NOT SPECIFIED","177.1",""
"SURVEY","2005","YEAR","","COUNTY","IOWA","19","NORTHEAST","30","DUBUQUE","061","","","00000000","","CORN","CORN, GRAIN - YIELD, MEASURED IN BU / ACRE","TOTAL","NOT SPECIFIED","183",""
"SURVEY","2005","YEAR","","COUNTY","IOWA","19","NORTHEAST","30","FAYETTE","065","","","00000000","","CORN","CORN, GRAIN - YIELD, MEASURED IN BU / ACRE","TOTAL","NOT SPECIFIED","189.8",""
"SURVEY","2005","YEAR","","COUNTY","IOWA","19","NORTHEAST","30","HOWARD","089","","","00000000","","CORN","CORN, GRAIN - YIELD, MEASURED IN BU / ACRE","TOTAL","NOT SPECIFIED","183.8",""
"SURVEY","2005","YEAR","","COUNTY","IOWA","19","NORTHEAST","30","WINNESHIEK","191","","","00000000","","CORN","CORN, GRAIN - YIELD, MEASURED IN BU / ACRE","TOTAL","NOT SPECIFIED","186.4",""
"SURVEY","2005","YEAR","","COUNTY","IOWA","19","NORTHWEST","10","BUENA VISTA","021","","","00000000","","CORN","CORN, GRAIN - YIELD, MEASURED IN BU / ACRE","TOTAL","NOT SPECIFIED","185.3",""
"SURVEY","2005","YEAR","","COUNTY","IOWA","19","NORTHWEST","10","CHEROKEE","035","","","00000000","","CORN","CORN, GRAIN - YIELD, MEASURED IN BU / ACRE","TOTAL","NOT SPECIFIED","185.5",""
"SURVEY","2005","YEAR","","COUNTY","IOWA","19","NORTHWEST","10","CLAY","041","","","00000000","","CORN","CORN, GRAIN - YIELD, MEASURED IN BU / ACRE","TOTAL","NOT SPECIFIED","183.1",""
"SURVEY","2005","YEAR","","COUNTY","IOWA","19","NORTHWEST","10","DICKINSON","059","","","00000000","","CORN","CORN, GRAIN - YIELD, MEASURED IN BU / ACRE","TOTAL","NOT SPECIFIED","170.4",""
"SURVEY","2005","YEAR","","COUNTY","IOWA","19","NORTHWEST","10","EMMET","063","","","00000000","","CORN","CORN, GRAIN - YIELD, MEASURED IN BU / ACRE","TOTAL","NOT SPECIFIED","182.7",""
"SURVEY","2005","YEAR","","COUNTY","IOWA","19","NORTHWEST","10","LYON","119","","","00000000","","CORN","CORN, GRAIN - YIELD, MEASURED IN BU / ACRE","TOTAL","NOT SPECIFIED","185.2",""
"SURVEY","2005","YEAR","","COUNTY","IOWA","19","NORTHWEST","10","O BRIEN","141","","","00000000","","CORN","CORN, GRAIN - YIELD, MEASURED IN BU / ACRE","TOTAL","NOT SPECIFIED","185",""
"SURVEY","2005","YEAR","","COUNTY","IOWA","19","NORTHWEST","10","OSCEOLA","143","","","00000000","","CORN","CORN, GRAIN - YIELD, MEASURED IN BU / ACRE","TOTAL","NOT SPECIFIED","185.8",""
"SURVEY","2005","YEAR","","COUNTY","IOWA","19","NORTHWEST","10","PALO ALTO","147","","","00000000","","CORN","CORN, GRAIN - YIELD, MEASURED IN BU / ACRE","TOTAL","NOT SPECIFIED","186.5",""
"SURVEY","2005","YEAR","","COUNTY","IOWA","19","NORTHWEST","10","PLYMOUTH","149","","","00000000","","CORN","CORN, GRAIN - YIELD, MEASURED IN BU / ACRE","TOTAL","NOT SPECIFIED","171.8",""
"SURVEY","2005","YEAR","","COUNTY","IOWA","19","NORTHWEST","10","POCAHONTAS","151","","","00000000","","CORN","CORN, GRAIN - YIELD, MEASURED IN BU / ACRE","TOTAL","NOT SPECIFIED","183.3",""
"SURVEY","2005","YEAR","","COUNTY","IOWA","19","NORTHWEST","10","SIOUX","167","","","00000000","","CORN","CORN, GRAIN - YIELD, MEASURED IN BU / ACRE","TOTAL","NOT SPECIFIED","185.3",""
"SURVEY","2005","YEAR","","COUNTY","IOWA","19","SOUTH CENTRAL","80","APPANOOSE","007","","","00000000","","CORN","CORN, GRAIN - YIELD, MEASURED IN BU / ACRE","TOTAL","NOT SPECIFIED","150",""
"SURVEY","2005","YEAR","","COUNTY","IOWA","19","SOUTH CENTRAL","80","CLARKE","039","","","00000000","","CORN","CORN, GRAIN - YIELD, MEASURED IN BU / ACRE","TOTAL","NOT SPECIFIED","146.3",""
"SURVEY","2005","YEAR","","COUNTY","IOWA","19","SOUTH CENTRAL","80","DECATUR","053","","","00000000","","CORN","CORN, GRAIN - YIELD, MEASURED IN BU / ACRE","TOTAL","NOT SPECIFIED","163.9",""
"SURVEY","2005","YEAR","","COUNTY","IOWA","19","SOUTH CENTRAL","80","LUCAS","117","","","00000000","","CORN","CORN, GRAIN - YIELD, MEASURED IN BU / ACRE","TOTAL","NOT SPECIFIED","154.8",""
"SURVEY","2005","YEAR","","COUNTY","IOWA","19","SOUTH CENTRAL","80","MADISON","121","","","00000000","","CORN","CORN, GRAIN - YIELD, MEASURED IN BU / ACRE","TOTAL","NOT SPECIFIED","154.9",""
"SURVEY","2005","YEAR","","COUNTY","IOWA","19","SOUTH CENTRAL","80","MARION","125","","","00000000","","CORN","CORN, GRAIN - YIELD, MEASURED IN BU / ACRE","TOTAL","NOT SPECIFIED","159.9",""
"SURVEY","2005","YEAR","","COUNTY","IOWA","19","SOUTH CENTRAL","80","MONROE","135","","","00000000","","CORN","CORN, GRAIN - YIELD, MEASURED IN BU / ACRE","TOTAL","NOT SPECIFIED","154.3",""
"SURVEY","2005","YEAR","","COUNTY","IOWA","19","SOUTH CENTRAL","80","RINGGOLD","159","","","00000000","","CORN","CORN, GRAIN - YIELD, MEASURED IN BU / ACRE","TOTAL","NOT SPECIFIED","153.8",""
"SURVEY","2005","YEAR","","COUNTY","IOWA","19","SOUTH CENTRAL","80","UNION","175","","","00000000","","CORN","CORN, GRAIN - YIELD, MEASURED IN BU / ACRE","TOTAL","NOT SPECIFIED","157.2",""
"SURVEY","2005","YEAR","","COUNTY","IOWA","19","SOUTH CENTRAL","80","WARREN","181","","","00000000","","CORN","CORN, GRAIN - YIELD, MEASURED IN BU / ACRE","TOTAL","NOT SPECIFIED","157.1",""
"SURVEY","2005","YEAR","","COUNTY","IOWA","19","SOUTH CENTRAL","80","WAYNE","185","","","00000000","","CORN","CORN, GRAIN - YIELD, MEASURED IN BU / ACRE","TOTAL","NOT SPECIFIED","157",""
"SURVEY","2005","YEAR","","COUNTY","IOWA","19","SOUTHEAST","90","DAVIS","051","","","00000000","","CORN","CORN, GRAIN - YIELD, MEASURED IN BU / ACRE","TOTAL","NOT SPECIFIED","115",""
"SURVEY","2005","YEAR","","COUNTY","IOWA","19","SOUTHEAST","90","DES MOINES","057","","","00000000","","CORN","CORN, GRAIN - YIELD, MEASURED IN BU / ACRE","TOTAL","NOT SPECIFIED","154.5",""
"SURVEY","2005","YEAR","","COUNTY","IOWA","19","SOUTHEAST","90","HENRY","087","","","00000000","","CORN","CORN, GRAIN - YIELD, MEASURED IN BU / ACRE","TOTAL","NOT SPECIFIED","153",""
"SURVEY","2005","YEAR","","COUNTY","IOWA","19","SOUTHEAST","90","JEFFERSON","101","","","00000000","","CORN","CORN, GRAIN - YIELD, MEASURED IN BU / ACRE","TOTAL","NOT SPECIFIED","143.6",""
"SURVEY","2005","YEAR","","COUNTY","IOWA","19","SOUTHEAST","90","KEOKUK","107","","","00000000","","CORN","CORN, GRAIN - YIELD, MEASURED IN BU / ACRE","TOTAL","NOT SPECIFIED","135",""
"SURVEY","2005","YEAR","","COUNTY","IOWA","19","SOUTHEAST","90","LEE","111","","","00000000","","CORN","CORN, GRAIN - YIELD, MEASURED IN BU / ACRE","TOTAL","NOT SPECIFIED","129.4",""
"SURVEY","2005","YEAR","","COUNTY","IOWA","19","SOUTHEAST","90","LOUISA","115","","","00000000","","CORN","CORN, GRAIN - YIELD, MEASURED IN BU / ACRE","TOTAL","NOT SPECIFIED","133.5",""
"SURVEY","2005","YEAR","","COUNTY","IOWA","19","SOUTHEAST","90","MAHASKA","123","","","00000000","","CORN","CORN, GRAIN - YIELD, MEASURED IN BU / ACRE","TOTAL","NOT SPECIFIED","160.5",""
"SURVEY","2005","YEAR","","COUNTY","IOWA","19","SOUTHEAST","90","VAN BUREN","177","","","00000000","","CORN","CORN, GRAIN - YIELD, MEASURED IN BU / ACRE","TOTAL","NOT SPECIFIED","124",""
"SURVEY","2005","YEAR","","COUNTY","IOWA","19","SOUTHEAST","90","WAPELLO","179","","","00000000","","CORN","CORN, GRAIN - YIELD, MEASURED IN BU / ACRE","TOTAL","NOT SPECIFIED","136.1",""
"SURVEY","2005","YEAR","","COUNTY","IOWA","19","SOUTHEAST","90","WASHINGTON","183","","","00000000","","CORN","CORN, GRAIN - YIELD, MEASURED IN BU / ACRE","TOTAL","NOT SPECIFIED","153",""
"SURVEY","2005","YEAR","","COUNTY","IOWA","19","SOUTHWEST","70","ADAIR","001","","","00000000","","CORN","CORN, GRAIN - YIELD, MEASURED IN BU / ACRE","TOTAL","NOT SPECIFIED","159",""
"SURVEY","2005","YEAR","","COUNTY","IOWA","19","SOUTHWEST","70","ADAMS","003","","","00000000","","CORN","CORN, GRAIN - YIELD, MEASURED IN BU / ACRE","TOTAL","NOT SPECIFIED","157.1",""
"SURVEY","2005","YEAR","","COUNTY","IOWA","19","SOUTHWEST","70","CASS","029","","","00000000","","CORN","CORN, GRAIN - YIELD, MEASURED IN BU / ACRE","TOTAL","NOT SPECIFIED","168.2",""
"SURVEY","2005","YEAR","","COUNTY","IOWA","19","SOUTHWEST","70","FREMONT","071","","","00000000","","CORN","CORN, GRAIN - YIELD, MEASURED IN BU / ACRE","TOTAL","NOT SPECIFIED","161.3",""
"SURVEY","2005","YEAR","","COUNTY","IOWA","19","SOUTHWEST","70","MILLS","129","","","00000000","","CORN","CORN, GRAIN - YIELD, MEASURED IN BU / ACRE","TOTAL","NOT SPECIFIED","163.7",""
"SURVEY","2005","YEAR","","COUNTY","IOWA","19","SOUTHWEST","70","MONTGOMERY","137","","","00000000","","CORN","CORN, GRAIN - YIELD, MEASURED IN BU / ACRE","TOTAL","NOT SPECIFIED","158.1",""
"SURVEY","2005","YEAR","","COUNTY","IOWA","19","SOUTHWEST","70","PAGE","145","","","00000000","","CORN","CORN, GRAIN - YIELD, MEASURED IN BU / ACRE","TOTAL","NOT SPECIFIED","164.7",""
"SURVEY","2005","YEAR","","COUNTY","IOWA","19","SOUTHWEST","70","POTTAWATTAMIE","155","","","00000000","","CORN","CORN, GRAIN - YIELD, MEASURED IN BU / ACRE","TOTAL","NOT SPECIFIED","171.1",""
"SURVEY","2005","YEAR","","COUNTY","IOWA","19","SOUTHWEST","70","TAYLOR","173","","","00000000","","CORN","CORN, GRAIN - YIELD, MEASURED IN BU / ACRE","TOTAL","NOT SPECIFIED","156.8",""
"SURVEY","2005","YEAR","","COUNTY","IOWA","19","WEST CENTRAL","40","AUDUBON","009","","","00000000","","CORN","CORN, GRAIN - YIELD, MEASURED IN BU / ACRE","TOTAL","NOT SPECIFIED","172.1",""
"SURVEY","2005","YEAR","","COUNTY","IOWA","19","WEST CENTRAL","40","CALHOUN","025","","","00000000","","CORN","CORN, GRAIN - YIELD, MEASURED IN BU / ACRE","TOTAL","NOT SPECIFIED","182.5",""
"SURVEY","2005","YEAR","","COUNTY","IOWA","19","WEST CENTRAL","40","CARROLL","027","","","00000000","","CORN","CORN, GRAIN - YIELD, MEASURED IN BU / ACRE","TOTAL","NOT SPECIFIED","177",""
"SURVEY","2005","YEAR","","COUNTY","IOWA","19","WEST CENTRAL","40","CRAWFORD","047","","","00000000","","CORN","CORN, GRAIN - YIELD, MEASURED IN BU / ACRE","TOTAL","NOT SPECIFIED","179.2",""
"SURVEY","2005","YEAR","","COUNTY","IOWA","19","WEST CENTRAL","40","GREENE","073","","","00000000","","CORN","CORN, GRAIN - YIELD, MEASURED IN BU / ACRE","TOTAL","NOT SPECIFIED","185.3",""
"SURVEY","2005","YEAR","","COUNTY","IOWA","19","WEST CENTRAL","40","GUTHRIE","077","","","00000000","","CORN","CORN, GRAIN - YIELD, MEASURED IN BU / ACRE","TOTAL","NOT SPECIFIED","161.2",""
"SURVEY","2005","YEAR","","COUNTY","IOWA","19","WEST CENTRAL","40","HARRISON","085","","","00000000","","CORN","CORN, GRAIN - YIELD, MEASURED IN BU / ACRE","TOTAL","NOT SPECIFIED","155",""
"SURVEY","2005","YEAR","","COUNTY","IOWA","19","WEST CENTRAL","40","IDA","093","","","00000000","","CORN","CORN, GRAIN - YIELD, MEASURED IN BU / ACRE","TOTAL","NOT SPECIFIED","177",""
"SURVEY","2005","YEAR","","COUNTY","IOWA","19","WEST CENTRAL","40","MONONA","133","","","00000000","","CORN","CORN, GRAIN - YIELD, MEASURED IN BU / ACRE","TOTAL","NOT SPECIFIED","157.1",""
"SURVEY","2005","YEAR","","COUNTY","IOWA","19","WEST CENTRAL","40","SAC","161","","","00000000","","CORN","CORN, GRAIN - YIELD, MEASURED IN BU / ACRE","TOTAL","NOT SPECIFIED","185.8",""
"SURVEY","2005","YEAR","","COUNTY","IOWA","19","WEST CENTRAL","40","SHELBY","165","","","00000000","","CORN","CORN, GRAIN - YIELD, MEASURED IN BU / ACRE","TOTAL","NOT SPECIFIED","171.7",""
"SURVEY","2005","YEAR","","COUNTY","IOWA","19","WEST CENTRAL","40","WOODBURY","193","","","00000000","","CORN","CORN, GRAIN - YIELD, MEASURED IN BU / ACRE","TOTAL","NOT SPECIFIED","172.2",""
"SURVEY","2005","YEAR","","COUNTY","NEBRASKA","31","CENTRAL","50","BUFFALO","019","","","00000000","","CORN","CORN, GRAIN - YIELD, MEASURED IN BU / ACRE","TOTAL","NOT SPECIFIED","173",""
"SURVEY","2005","YEAR","","COUNTY","NEBRASKA","31","CENTRAL","50","CUSTER","041","","","00000000","","CORN","CORN, GRAIN - YIELD, MEASURED IN BU / ACRE","TOTAL","NOT SPECIFIED","155.4",""
"SURVEY","2005","YEAR","","COUNTY","NEBRASKA","31","CENTRAL","50","DAWSON","047","","","00000000","","CORN","CORN, GRAIN - YIELD, MEASURED IN BU / ACRE","TOTAL","NOT SPECIFIED","174.7",""
"SURVEY","2005","YEAR","","COUNTY","NEBRASKA","31","CENTRAL","50","GREELEY","077","","","00000000","","CORN","CORN, GRAIN - YIELD, MEASURED IN BU / ACRE","TOTAL","NOT SPECIFIED","157.8",""
"SURVEY","2005","YEAR","","COUNTY","NEBRASKA","31","CENTRAL","50","HALL","079","","","00000000","","CORN","CORN, GRAIN - YIELD, MEASURED IN BU / ACRE","TOTAL","NOT SPECIFIED","177.1",""
"SURVEY","2005","YEAR","","COUNTY","NEBRASKA","31","CENTRAL","50","HOWARD","093","","","00000000","","CORN","CORN, GRAIN - YIELD, MEASURED IN BU / ACRE","TOTAL","NOT SPECIFIED","157.2",""
"SURVEY","2005","YEAR","","COUNTY","NEBRASKA","31","CENTRAL","50","SHERMAN","163","","","00000000","","CORN","CORN, GRAIN - YIELD, MEASURED IN BU / ACRE","TOTAL","NOT SPECIFIED","150.2",""
"SURVEY","2005","YEAR","","COUNTY","NEBRASKA","31","CENTRAL","50","VALLEY","175","","","00000000","","CORN","CORN, GRAIN - YIELD, MEASURED IN BU / ACRE","TOTAL","NOT SPECIFIED","162.1",""
"SURVEY","2005","YEAR","","COUNTY","NEBRASKA","31","EAST","60","BUTLER","023","","","00000000","","CORN","CORN, GRAIN - YIELD, MEASURED IN BU / ACRE","TOTAL","NOT SPECIFIED","141.4",""
"SURVEY","2005","YEAR","","COUNTY","NEBRASKA","31","EAST","60","CASS","025","","","00000000","","CORN","CORN, GRAIN - YIELD, MEASURED IN BU / ACRE","TOTAL","NOT SPECIFIED","134.6",""
"SURVEY","2005","YEAR","","COUNTY","NEBRASKA","31","EAST","60","COLFAX","037","","","00000000","","CORN","CORN, GRAIN - YIELD, MEASURED IN BU / ACRE","TOTAL","NOT SPECIFIED","144.7",""
"SURVEY","2005","YEAR","","COUNTY","NEBRASKA","31","EAST","60","DODGE","053","","","00000000","","CORN","CORN, GRAIN - YIELD, MEASURED IN BU / ACRE","TOTAL","NOT SPECIFIED","151.7",""
"SURVEY","2005","YEAR","","COUNTY","NEBRASKA","31","EAST","60","DOUGLAS","055","","","00000000","","CORN","CORN, GRAIN - YIELD, MEASURED IN BU / ACRE","TOTAL","NOT SPECIFIED","147.9",""
"SURVEY","2005","YEAR","","COUNTY","NEBRASKA","31","EAST","60","HAMILTON","081","","","00000000","","CORN","CORN, GRAIN - YIELD, MEASURED IN BU / ACRE","TOTAL","NOT SPECIFIED","183.2",""
"SURVEY","2005","YEAR","","COUNTY","NEBRASKA","31","EAST","60","LANCASTER","109","","","00000000","","CORN","CORN, GRAIN - YIELD, MEASURED IN BU / ACRE","TOTAL","NOT SPECIFIED","107.9",""
"SURVEY","2005","YEAR","","COUNTY","NEBRASKA","31","EAST","60","MERRICK","121","","","00000000","","CORN","CORN, GRAIN - YIELD, MEASURED IN BU / ACRE","TOTAL","NOT SPECIFIED","163.5",""
"SURVEY","2005","YEAR","","COUNTY","NEBRASKA","31","EAST","60","NANCE","125","","","00000000","","CORN","CORN, GRAIN - YIELD, MEASURED IN BU / ACRE","TOTAL","NOT SPECIFIED","149.4",""
"SURVEY","2005","YEAR","","COUNTY","NEBRASKA","31","EAST","60","PLATTE","141","","","00000000","","CORN","CORN, GRAIN - YIELD, MEASURED IN BU / ACRE","TOTAL","NOT SPECIFIED","163.9",""
"SURVEY","2005","YEAR","","COUNTY","NEBRASKA","31","EAST","60","POLK","143","","","00000000","","CORN","CORN, GRAIN - YIELD, MEASURED IN BU / ACRE","TOTAL","NOT SPECIFIED","162.3",""
"SURVEY","2005","YEAR","","COUNTY","NEBRASKA","31","EAST","60","SARPY","153","","","00000000","","CORN","CORN, GRAIN - YIELD, MEASURED IN BU / ACRE","TOTAL","NOT SPECIFIED","147.9",""
"SURVEY","2005","YEAR","","COUNTY","NEBRASKA","31","EAST","60","SAUNDERS","155","","","00000000","","CORN","CORN, GRAIN - YIELD, MEASURED IN BU / ACRE","TOTAL","NOT SPECIFIED","140.8",""
"SURVEY","2005","YEAR","","COUNTY","NEBRASKA","31","EAST","60","SEWARD","159","","","00000000","","CORN","CORN, GRAIN - YIELD, MEASURED IN BU / ACRE","TOTAL","NOT SPECIFIED","144.9",""
"SURVEY","2005","YEAR","","COUNTY","NEBRASKA","31","EAST","60","WASHINGTON","177","","","00000000","","CORN","CORN, GRAIN - YIELD, MEASURED IN BU / ACRE","TOTAL","NOT SPECIFIED","140.8",""
"SURVEY","2005","YEAR","","COUNTY","NEBRASKA","31","EAST","60","YORK","185","","","00000000","","CORN","CORN, GRAIN - YIELD, MEASURED IN BU / ACRE","TOTAL","NOT SPECIFIED","177.7",""
"SURVEY","2005","YEAR","","COUNTY","NEBRASKA","31","NORTH","20","ARTHUR","005","","","00000000","","CORN","CORN, GRAIN - YIELD, MEASURED IN BU / ACRE","TOTAL","NOT SPECIFIED","160",""
"SURVEY","2005","YEAR","","COUNTY","NEBRASKA","31","NORTH","20","BLAINE","009","","","00000000","","CORN","CORN, GRAIN - YIELD, MEASURED IN BU / ACRE","TOTAL","NOT SPECIFIED","145",""
"SURVEY","2005","YEAR","","COUNTY","NEBRASKA","31","NORTH","20","BOYD","015","","","00000000","","CORN","CORN, GRAIN - YIELD, MEASURED IN BU / ACRE","TOTAL","NOT SPECIFIED","59.6",""
"SURVEY","2005","YEAR","","COUNTY","NEBRASKA","31","NORTH","20","BROWN","017","","","00000000","","CORN","CORN, GRAIN - YIELD, MEASURED IN BU / ACRE","TOTAL","NOT SPECIFIED","176.3",""
"SURVEY","2005","YEAR","","COUNTY","NEBRASKA","31","NORTH","20","CHERRY","031","","","00000000","","CORN","CORN, GRAIN - YIELD, MEASURED IN BU / ACRE","TOTAL","NOT SPECIFIED","182.4",""
"SURVEY","2005","YEAR","","COUNTY","NEBRASKA","31","NORTH","20","GARFIELD","071","","","00000000","","CORN","CORN, GRAIN - YIELD, MEASURED IN BU / ACRE","TOTAL","NOT SPECIFIED","152.6",""
"SURVEY","2005","YEAR","","COUNTY","NEBRASKA","31","NORTH","20","HOLT","089","","","00000000","","CORN","CORN, GRAIN - YIELD, MEASURED IN BU / ACRE","TOTAL","NOT SPECIFIED","168.5",""
"SURVEY","2005","YEAR","","COUNTY","NEBRASKA","31","NORTH","20","KEYA PAHA","103","","","00000000","","CORN","CORN, GRAIN - YIELD, MEASURED IN BU / ACRE","TOTAL","NOT SPECIFIED","112.5",""
"SURVEY","2005","YEAR","","COUNTY","NEBRASKA","31","NORTH","20","LOGAN","113","","","00000000","","CORN","CORN, GRAIN - YIELD, MEASURED IN BU / ACRE","TOTAL","NOT SPECIFIED","140",""
"SURVEY","2005","YEAR","","COUNTY","NEBRASKA","31","NORTH","20","LOUP","115","","","00000000","","CORN","CORN, GRAIN - YIELD, MEASURED IN BU / ACRE","TOTAL","NOT SPECIFIED","144.7",""
"SURVEY","2005","YEAR","","COUNTY","NEBRASKA","31","NORTH","20","MCPHERSON","117","","","00000000","","CORN","CORN, GRAIN - YIELD, MEASURED IN BU / ACRE","TOTAL","NOT SPECIFIED","188",""
"SURVEY","2005","YEAR","","COUNTY","NEBRASKA","31","NORTH","20","OTHER (COMBINED) COUNTIES","","","","00000000","","CORN","CORN, GRAIN - YIELD, MEASURED IN BU / ACRE","TOTAL","NOT SPECIFIED","160",""
"SURVEY","2005","YEAR","","COUNTY","NEBRASKA","31","NORTH","20","ROCK","149","","","00000000","","CORN","CORN, GRAIN - YIELD, MEASURED IN BU / ACRE","TOTAL","NOT SPECIFIED","163.9",""
"SURVEY","2005","YEAR","","COUNTY","NEBRASKA","31","NORTH","20","WHEELER","183","","","00000000","","CORN","CORN, GRAIN - YIELD, MEASURED IN BU / ACRE","TOTAL","NOT SPECIFIED","161",""
"SURVEY","2005","YEAR","","COUNTY","NEBRASKA","31","NORTHEAST","30","ANTELOPE","003","","","00000000","","CORN","CORN, GRAIN - YIELD, MEASURED IN BU / ACRE","TOTAL","NOT SPECIFIED","164.1",""
"SURVEY","2005","YEAR","","COUNTY","NEBRASKA","31","NORTHEAST","30","BOONE","011","","","00000000","","CORN","CORN, GRAIN - YIELD, MEASURED IN BU / ACRE","TOTAL","NOT SPECIFIED","162.5",""
"SURVEY","2005","YEAR","","COUNTY","NEBRASKA","31","NORTHEAST","30","BURT","021","","","00000000","","CORN","CORN, GRAIN - YIELD, MEASURED IN BU / ACRE","TOTAL","NOT SPECIFIED","145.8",""
"SURVEY","2005","YEAR","","COUNTY","NEBRASKA","31","NORTHEAST","30","CEDAR","027","","","00000000","","CORN","CORN, GRAIN - YIELD, MEASURED IN BU / ACRE","TOTAL","NOT SPECIFIED","149",""
"SURVEY","2005","YEAR","","COUNTY","NEBRASKA","31","NORTHEAST","30","CUMING","039","","","00000000","","CORN","CORN, GRAIN - YIELD, MEASURED IN BU / ACRE","TOTAL","NOT SPECIFIED","158.3",""
"SURVEY","2005","YEAR","","COUNTY","NEBRASKA","31","NORTHEAST","30","DAKOTA","043","","","00000000","","CORN","CORN, GRAIN - YIELD, MEASURED IN BU / ACRE","TOTAL","NOT SPECIFIED","158.6",""
"SURVEY","2005","YEAR","","COUNTY","NEBRASKA","31","NORTHEAST","30","DIXON","051","","","00000000","","CORN","CORN, GRAIN - YIELD, MEASURED IN BU / ACRE","TOTAL","NOT SPECIFIED","149.7",""
"SURVEY","2005","YEAR","","COUNTY","NEBRASKA","31","NORTHEAST","30","KNOX","107","","","00000000","","CORN","CORN, GRAIN - YIELD, MEASURED IN BU / ACRE","TOTAL","NOT SPECIFIED","129",""
"SURVEY","2005","YEAR","","COUNTY","NEBRASKA","31","NORTHEAST","30","MADISON","119","","","00000000","","CORN","CORN, GRAIN - YIELD, MEASURED IN BU / ACRE","TOTAL","NOT SPECIFIED","148.4",""
"SURVEY","2005","YEAR","","COUNTY","NEBRASKA","31","NORTHEAST","30","PIERCE","139","","","00000000","","CORN","CORN, GRAIN - YIELD, MEASURED IN BU / ACRE","TOTAL","NOT SPECIFIED","149.4",""
"SURVEY","2005","YEAR","","COUNTY","NEBRASKA","31","NORTHEAST","30","STANTON","167","","","00000000","","CORN","CORN, GRAIN - YIELD, MEASURED IN BU / ACRE","TOTAL","NOT SPECIFIED","150",""
"SURVEY","2005","YEAR","","COUNTY","NEBRASKA","31","NORTHEAST","30","THURSTON","173","","","00000000","","CORN","CORN, GRAIN - YIELD, MEASURED IN BU / ACRE","TOTAL","NOT SPECIFIED","155.2",""
"SURVEY","2005","YEAR","","COUNTY","NEBRASKA","31","NORTHEAST","30","WAYNE","179","","","00000000","","CORN","CORN, GRAIN - YIELD, MEASURED IN BU / ACRE","TOTAL","NOT SPECIFIED","156.6",""
"SURVEY","2005","YEAR","","COUNTY","NEBRASKA","31","NORTHWEST","10","BANNER","007","","","00000000","","CORN","CORN, GRAIN - YIELD, MEASURED IN BU / ACRE","TOTAL","NOT SPECIFIED","125",""
"SURVEY","2005","YEAR","","COUNTY","NEBRASKA","31","NORTHWEST","10","BOX BUTTE","013","","","00000000","","CORN","CORN, GRAIN - YIELD, MEASURED IN BU / ACRE","TOTAL","NOT SPECIFIED","171.1",""
"SURVEY","2005","YEAR","","COUNTY","NEBRASKA","31","NORTHWEST","10","CHEYENNE","033","","","00000000","","CORN","CORN, GRAIN - YIELD, MEASURED IN BU / ACRE","TOTAL","NOT SPECIFIED","156.6",""
"SURVEY","2005","YEAR","","COUNTY","NEBRASKA","31","NORTHWEST","10","DAWES","045","","","00000000","","CORN","CORN, GRAIN - YIELD, MEASURED IN BU / ACRE","TOTAL","NOT SPECIFIED","140",""
"SURVEY","2005","YEAR","","COUNTY","NEBRASKA","31","NORTHWEST","10","DEUEL","049","","","00000000","","CORN","CORN, GRAIN - YIELD, MEASURED IN BU / ACRE","TOTAL","NOT SPECIFIED","143.1",""
"SURVEY","2005","YEAR","","COUNTY","NEBRASKA","31","NORTHWEST","10","GARDEN","069","","","00000000","","CORN","CORN, GRAIN - YIELD, MEASURED IN BU / ACRE","TOTAL","NOT SPECIFIED","164.8",""
"SURVEY","2005","YEAR","","COUNTY","NEBRASKA","31","NORTHWEST","10","KIMBALL","105","","","00000000","","CORN","CORN, GRAIN - YIELD, MEASURED IN BU / ACRE","TOTAL","NOT SPECIFIED","136",""
"SURVEY","2005","YEAR","","COUNTY","NEBRASKA","31","NORTHWEST","10","MORRILL","123","","","00000000","","CORN","CORN, GRAIN - YIELD, MEASURED IN BU / ACRE","TOTAL","NOT SPECIFIED","165.3",""
"SURVEY","2005","YEAR","","COUNTY","NEBRASKA","31","NORTHWEST","10","SCOTTS BLUFF","157","","","00000000","","CORN","CORN, GRAIN - YIELD, MEASURED IN BU / ACRE","TOTAL","NOT SPECIFIED","171",""
"SURVEY","2005","YEAR","","COUNTY","NEBRASKA","31","NORTHWEST","10","SHERIDAN","161","","","00000000","","CORN","CORN, GRAIN - YIELD, MEASURED IN BU / ACRE","TOTAL","NOT SPECIFIED","159.9",""
"SURVEY","2005","YEAR","","COUNTY","NEBRASKA","31","NORTHWEST","10","SIOUX","165","","","00000000","","CORN","CORN, GRAIN - YIELD, MEASURED IN BU / ACRE","TOTAL","NOT SPECIFIED","165.4",""
"SURVEY","2005","YEAR","","COUNTY","NEBRASKA","31","SOUTH","80","ADAMS","001","","","00000000","","CORN","CORN, GRAIN - YIELD, MEASURED IN BU / ACRE","TOTAL","NOT SPECIFIED","174.5",""
"SURVEY","2005","YEAR","","COUNTY","NEBRASKA","31","SOUTH","80","FRANKLIN","061","","","00000000","","CORN","CORN, GRAIN - YIELD, MEASURED IN BU / ACRE","TOTAL","NOT SPECIFIED","161.5",""
"SURVEY","2005","YEAR","","COUNTY","NEBRASKA","31","SOUTH","80","FURNAS","065","","","00000000","","CORN","CORN, GRAIN - YIELD, MEASURED IN BU / ACRE","TOTAL","NOT SPECIFIED","107.9",""
"SURVEY","2005","YEAR","","COUNTY","NEBRASKA","31","SOUTH","80","GOSPER","073","","","00000000","","CORN","CORN, GRAIN - YIELD, MEASURED IN BU / ACRE","TOTAL","NOT SPECIFIED","167.2",""
"SURVEY","2005","YEAR","","COUNTY","NEBRASKA","31","SOUTH","80","HARLAN","083","","","00000000","","CORN","CORN, GRAIN - YIELD, MEASURED IN BU / ACRE","TOTAL","NOT SPECIFIED","150.5",""
"SURVEY","2005","YEAR","","COUNTY","NEBRASKA","31","SOUTH","80","KEARNEY","099","","","00000000","","CORN","CORN, GRAIN - YIELD, MEASURED IN BU / ACRE","TOTAL","NOT SPECIFIED","184.8",""
"SURVEY","2005","YEAR","","COUNTY","NEBRASKA","31","SOUTH","80","PHELPS","137","","","00000000","","CORN","CORN, GRAIN - YIELD, MEASURED IN BU / ACRE","TOTAL","NOT SPECIFIED","197.4",""
"SURVEY","2005","YEAR","","COUNTY","NEBRASKA","31","SOUTH","80","WEBSTER","181","","","00000000","","CORN","CORN, GRAIN - YIELD, MEASURED IN BU / ACRE","TOTAL","NOT SPECIFIED","137.9",""
"SURVEY","2005","YEAR","","COUNTY","NEBRASKA","31","SOUTHEAST","90","CLAY","035","","","00000000","","CORN","CORN, GRAIN - YIELD, MEASURED IN BU / ACRE","TOTAL","NOT SPECIFIED","173",""
"SURVEY","2005","YEAR","","COUNTY","NEBRASKA","31","SOUTHEAST","90","FILLMORE","059","","","00000000","","CORN","CORN, GRAIN - YIELD, MEASURED IN BU / ACRE","TOTAL","NOT SPECIFIED","162.5",""
"SURVEY","2005","YEAR","","COUNTY","NEBRASKA","31","SOUTHEAST","90","GAGE","067","","","00000000","","CORN","CORN, GRAIN - YIELD, MEASURED IN BU / ACRE","TOTAL","NOT SPECIFIED","128.9",""
"SURVEY","2005","YEAR","","COUNTY","NEBRASKA","31","SOUTHEAST","90","JEFFERSON","095","","","00000000","","CORN","CORN, GRAIN - YIELD, MEASURED IN BU / ACRE","TOTAL","NOT SPECIFIED","142.7",""
"SURVEY","2005","YEAR","","COUNTY","NEBRASKA","31","SOUTHEAST","90","JOHNSON","097","","","00000000","","CORN","CORN, GRAIN - YIELD, MEASURED IN BU / ACRE","TOTAL","NOT SPECIFIED","103.4",""
"SURVEY","2005","YEAR","","COUNTY","NEBRASKA","31","SOUTHEAST","90","NEMAHA","127","","","00000000","","CORN","CORN, GRAIN - YIELD, MEASURED IN BU / ACRE","TOTAL","NOT SPECIFIED","127.7",""
"SURVEY","2005","YEAR","","COUNTY","NEBRASKA","31","SOUTHEAST","90","NUCKOLLS","129","","","00000000","","CORN","CORN, GRAIN - YIELD, MEASURED IN BU / ACRE","TOTAL","NOT SPECIFIED","136.8",""
"SURVEY","2005","YEAR","","COUNTY","NEBRASKA","31","SOUTHEAST","90","OTOE","131","","","00000000","","CORN","CORN, GRAIN - YIELD, MEASURED IN BU / ACRE","TOTAL","NOT SPECIFIED","108.9",""
"SURVEY","2005","YEAR","","COUNTY","NEBRASKA","31","SOUTHEAST","90","PAWNEE","133","","","00000000","","CORN","CORN, GRAIN - YIELD, MEASURED IN BU / ACRE","TOTAL","NOT SPECIFIED","118.7",""
"SURVEY","2005","YEAR","","COUNTY","NEBRASKA","31","SOUTHEAST","90","RICHARDSON","147","","","00000000","","CORN","CORN, GRAIN - YIELD, MEASURED IN BU / ACRE","TOTAL","NOT SPECIFIED","142.2",""
"SURVEY","2005","YEAR","","COUNTY","NEBRASKA","31","SOUTHEAST","90","SALINE","151","","","00000000","","CORN","CORN, GRAIN - YIELD, MEASURED IN BU / ACRE","TOTAL","NOT SPECIFIED","129.5",""
"SURVEY","2005","YEAR","","COUNTY","NEBRASKA","31","SOUTHEAST","90","THAYER","169","","","00000000","","CORN","CORN, GRAIN - YIELD, MEASURED IN BU / ACRE","TOTAL","NOT SPECIFIED","151.6",""
"SURVEY","2005","YEAR","","COUNTY","NEBRASKA","31","SOUTHWEST","70","CHASE","029","","","00000000","","CORN","CORN, GRAIN - YIELD, MEASURED IN BU / ACRE","TOTAL","NOT SPECIFIED","177.6",""
"SURVEY","2005","YEAR","","COUNTY","NEBRASKA","31","SOUTHWEST","70","DUNDY","057","","","00000000","","CORN","CORN, GRAIN - YIELD, MEASURED IN BU / ACRE","TOTAL","NOT SPECIFIED","158.4",""
"SURVEY","2005","YEAR","","COUNTY","NEBRASKA","31","SOUTHWEST","70","FRONTIER","063","","","00000000","","CORN","CORN, GRAIN - YIELD, MEASURED IN BU / ACRE","TOTAL","NOT SPECIFIED","117.4",""
"SURVEY","2005","YEAR","","COUNTY","NEBRASKA","31","SOUTHWEST","70","HAYES","085","","","00000000","","CORN","CORN, GRAIN - YIELD, MEASURED IN BU / ACRE","TOTAL","NOT SPECIFIED","132.2",""
"SURVEY","2005","YEAR","","COUNTY","NEBRASKA","31","SOUTHWEST","70","HITCHCOCK","087","","","00000000","","CORN","CORN, GRAIN - YIELD, MEASURED IN BU / ACRE","TOTAL","NOT SPECIFIED","104.6",""
"SURVEY","2005","YEAR","","COUNTY","NEBRASKA","31","SOUTHWEST","70","KEITH","101","","","00000000","","CORN","CORN, GRAIN - YIELD, MEASURED IN BU / ACRE","TOTAL","NOT SPECIFIED","150.3",""
"SURVEY","2005","YEAR","","COUNTY","NEBRASKA","31","SOUTHWEST","70","LINCOLN","111","","","00000000","","CORN","CORN, GRAIN - YIELD, MEASURED IN BU / ACRE","TOTAL","NOT SPECIFIED","159",""
"SURVEY","2005","YEAR","","COUNTY","NEBRASKA","31","SOUTHWEST","70","PERKINS","135","","","00000000","","CORN","CORN, GRAIN - YIELD, MEASURED IN BU / ACRE","TOTAL","NOT SPECIFIED","141.1",""
"SURVEY","2005","YEAR","","COUNTY","NEBRASKA","31","SOUTHWEST","70","RED WILLOW","145","","","00000000","","CORN","CORN, GRAIN - YIELD, MEASURED IN BU / ACRE","TOTAL","NOT SPECIFIED","117.4",""
