"Program","Year","Period","Week Ending","Geo Level","State","State ANSI","Ag District","Ag District Code","County","County ANSI","Zip Code","Region","watershed_code","Watershed","Commodity","Data Item","Domain","Domain Category","Value","CV (%)"
"SURVEY","2024","YEAR","","COUNTY","COLORADO","08","","99","OTHER COUNTIES","","","","00000000","","CORN","CORN, GRAIN - YIELD, MEASURED IN BU / ACRE","TOTAL","NOT SPECIFIED","88.4","7.8"
"SURVEY","2024","YEAR","","COUNTY","COLORADO","08","EAST CENTRAL","60","ADAMS","001","","","00000000","","CORN","CORN, GRAIN - YIELD, MEASURED IN BU / ACRE","TOTAL","NOT SPECIFIED","58","41.1"
"SURVEY","2024","YEAR","","COUNTY","COLORADO","08","EAST CENTRAL","60","CHEYENNE","017","","","00000000","","CORN","CORN, GRAIN - YIELD, MEASURED IN BU / ACRE","TOTAL","NOT SPECIFIED","38.8","27.3"
"SURVEY","2024","YEAR","","COUNTY","COLORADO","08","EAST CENTRAL","60","KIT CARSON","063","","","00000000","","CORN","CORN, GRAIN - YIELD, MEASURED IN BU / ACRE","TOTAL","NOT SPECIFIED","81.3","9.3"
"SURVEY","2024","YEAR","","COUNTY","COLORADO","08","EAST CENTRAL","60","LINCOLN","073","","","00000000","","CORN","CORN, GRAIN - YIELD, MEASURED IN BU / ACRE","TOTAL","NOT SPECIFIED","25.8","16.9"
"SURVEY","2024","YEAR","","COUNTY","COLORADO","08","EAST CENTRAL","60","PHILLIPS","095","","","00000000","","CORN","CORN, GRAIN - YIELD, MEASURED IN BU / ACRE","TOTAL","NOT SPECIFIED","131.6","12.2"
"SURVEY","2024","YEAR","","COUNTY","COLORADO","08","EAST CENTRAL","60","WASHINGTON","121","","","00000000","","CORN","CORN, GRAIN - YIELD, MEASURED IN BU / ACRE","TOTAL","NOT SPECIFIED","59.9","11.0"
"SURVEY","2024","YEAR","","COUNTY","COLORADO","08","EAST CENTRAL","60","YUMA","125","","","00000000","","CORN","CORN, GRAIN - YIELD, MEASURED IN BU / ACRE","TOTAL","NOT SPECIFIED","189.4","4.6"
"SURVEY","2024","YEAR","","COUNTY","COLORADO","08","NORTHEAST","20","LARIMER","069","","","00000000","","CORN","CORN, GRAIN - YIELD, MEASURED IN BU / ACRE","TOTAL","NOT SPECIFIED","143.6","4.7"
"SURVEY","2024","YEAR","","COUNTY","COLORADO","08","NORTHEAST","20","LOGAN","075","","","00000000","","CORN","CORN, GRAIN - YIELD, MEASURED IN BU / ACRE","TOTAL","NOT SPECIFIED","139.3","17.8"
"SURVEY","2024","YEAR","","COUNTY","COLORADO","08","NORTHEAST","20","MORGAN","087","","","00000000","","CORN","CORN, GRAIN - YIELD, MEASURED IN BU / ACRE","TOTAL","NOT SPECIFIED","186.9","6.6"
"SURVEY","2024","YEAR","","COUNTY","COLORADO","08","NORTHEAST","20","WELD","123","","","00000000","","CORN","CORN, GRAIN - YIELD, MEASURED IN BU / ACRE","TOTAL","NOT SPECIFIED","198.4","6.1"
"SURVEY","2024","YEAR","","COUNTY","COLORADO","08","SOUTHEAST","90","BENT","011","","","00000000","","CORN","CORN, GRAIN - YIELD, MEASURED IN BU / ACRE","TOTAL","NOT SPECIFIED","138.1","13.4"
"SURVEY","2024","YEAR","","COUNTY","COLORADO","08","SOUTHEAST","90","OTERO","089","","","00000000","","CORN","CORN, GRAIN - YIELD, MEASURED IN BU / ACRE","TOTAL","NOT SPECIFIED","130","14.0"
"SURVEY","2024","YEAR","","COUNTY","COLORADO","08","SOUTHEAST","90","PROWERS","099","","","00000000","","CORN","CORN, GRAIN - YIELD, MEASURED IN BU / ACRE","TOTAL","NOT SPECIFIED","187.8","9.0"
"SURVEY","2024","YEAR","","COUNTY","COLORADO","08","SOUTHWEST","70","DELTA","029","","","00000000","","CORN","CORN, GRAIN - YIELD, MEASURED IN BU / ACRE","TOTAL","NOT SPECIFIED","188.2","6.8"
"SURVEY","2024","YEAR","","COUNTY","COLORADO","08","SOUTHWEST","70","MESA","077","","","00000000","","CORN","CORN, GRAIN - YIELD, MEASURED IN BU / ACRE","TOTAL","NOT SPECIFIED","202.3","8.2"
"SURVEY","2024","YEAR","","COUNTY","COLORADO","08","SOUTHWEST","70","MONTEZUMA","083","","","00000000","","CORN","CORN, GRAIN - YIELD, MEASURED IN BU / ACRE","TOTAL","NOT SPECIFIED","56","15.7"
"SURVEY","2024","YEAR","","COUNTY","COLORADO","08","SOUTHWEST","70","MONTROSE","085","","","00000000","","CORN","CORN, GRAIN - YIELD, MEASURED IN BU / ACRE","TOTAL","NOT SPECIFIED","203.6","6.1"
"SURVEY","2024","YEAR","","COUNTY","MISSOURI","29","","99","OTHER COUNTIES","","","","00000000","","CORN","CORN, GRAIN - YIELD, MEASURED IN BU / ACRE","TOTAL","NOT SPECIFIED","177.5","0.9"
"SURVEY","2024","YEAR","","COUNTY","MISSOURI","29","CENTRAL","50","BOONE","019","","","00000000","","CORN","CORN, GRAIN - YIELD, MEASURED IN BU / ACRE","TOTAL","NOT SPECIFIED","193.4","5.2"
"SURVEY","2024","YEAR","","COUNTY","MISSOURI","29","CENTRAL","50","CALLAWAY","027","","","00000000","","CORN","CORN, GRAIN - YIELD, MEASURED IN BU / ACRE","TOTAL","NOT SPECIFIED","189.9","4.1"
"SURVEY","2024","YEAR","","COUNTY","MISSOURI","29","CENTRAL","50","COLE","051","","","00000000","","CORN","CORN, GRAIN - YIELD, MEASURED IN BU / ACRE","TOTAL","NOT SPECIFIED","171.9","6.5"
"SURVEY","2024","YEAR","","COUNTY","MISSOURI","29","CENTRAL","50","MARIES","125","","","00000000","","CORN","CORN, GRAIN - YIELD, MEASURED IN BU / ACRE","TOTAL","NOT SPECIFIED","119.2","6.8"
"SURVEY","2024","YEAR","","COUNTY","MISSOURI","29","CENTRAL","50","MILLER","131","","","00000000","","CORN","CORN, GRAIN - YIELD, MEASURED IN BU / ACRE","TOTAL","NOT SPECIFIED","157.2","6.9"
"SURVEY","2024","YEAR","","COUNTY","MISSOURI","29","CENTRAL","50","MONITEAU","135","","","00000000","","CORN","CORN, GRAIN - YIELD, MEASURED IN BU / ACRE","TOTAL","NOT SPECIFIED","166.8","3.8"
"SURVEY","2024","YEAR","","COUNTY","MISSOURI","29","CENTRAL","50","SALINE","195","","","00000000","","CORN","CORN, GRAIN - YIELD, MEASURED IN BU / ACRE","TOTAL","NOT SPECIFIED","223.1","2.2"
"SURVEY","2024","YEAR","","COUNTY","MISSOURI","29","EAST","60","FRANKLIN","071","","","00000000","","CORN","CORN, GRAIN - YIELD, MEASURED IN BU / ACRE","TOTAL","NOT SPECIFIED","154.5","4.6"
"SURVEY","2024","YEAR","","COUNTY","MISSOURI","29","EAST","60","LINCOLN","113","","","00000000","","CORN","CORN, GRAIN - YIELD, MEASURED IN BU / ACRE","TOTAL","NOT SPECIFIED","178.8","5.3"
"SURVEY","2024","YEAR","","COUNTY","MISSOURI","29","EAST","60","PERRY","157","","","00000000","","CORN","CORN, GRAIN - YIELD, MEASURED IN BU / ACRE","TOTAL","NOT SPECIFIED","168.6","3.8"
"SURVEY","2024","YEAR","","COUNTY","MISSOURI","29","EAST","60","ST CHARLES","183","","","00000000","","CORN","CORN, GRAIN - YIELD, MEASURED IN BU / ACRE","TOTAL","NOT SPECIFIED","184.8","5.8"
"SURVEY","2024","YEAR","","COUNTY","MISSOURI","29","EAST","60","WARREN","219","","","00000000","","CORN","CORN, GRAIN - YIELD, MEASURED IN BU / ACRE","TOTAL","NOT SPECIFIED","144.1","9.7"
"SURVEY","2024","YEAR","","COUNTY","MISSOURI","29","NORTH CENTRAL","20","CARROLL","033","","","00000000","","CORN","CORN, GRAIN - YIELD, MEASURED IN BU / ACRE","TOTAL","NOT SPECIFIED","195","3.2"
"SURVEY","2024","YEAR","","COUNTY","MISSOURI","29","NORTH CENTRAL","20","GRUNDY","079","","","00000000","","CORN","CORN, GRAIN - YIELD, MEASURED IN BU / ACRE","TOTAL","NOT SPECIFIED","162.4","6.9"
"SURVEY","2024","YEAR","","COUNTY","MISSOURI","29","NORTH CENTRAL","20","LIVINGSTON","117","","","00000000","","CORN","CORN, GRAIN - YIELD, MEASURED IN BU / ACRE","TOTAL","NOT SPECIFIED","182.3","5.4"
"SURVEY","2024","YEAR","","COUNTY","MISSOURI","29","NORTH CENTRAL","20","MACON","121","","","00000000","","CORN","CORN, GRAIN - YIELD, MEASURED IN BU / ACRE","TOTAL","NOT SPECIFIED","193.2","5.1"
"SURVEY","2024","YEAR","","COUNTY","MISSOURI","29","NORTH CENTRAL","20","PUTNAM","171","","","00000000","","CORN","CORN, GRAIN - YIELD, MEASURED IN BU / ACRE","TOTAL","NOT SPECIFIED","175.9","4.8"
"SURVEY","2024","YEAR","","COUNTY","MISSOURI","29","NORTH CENTRAL","20","RANDOLPH","175","","","00000000","","CORN","CORN, GRAIN - YIELD, MEASURED IN BU / ACRE","TOTAL","NOT SPECIFIED","200.7","4.7"
"SURVEY","2024","YEAR","","COUNTY","MISSOURI","29","NORTH CENTRAL","20","SULLIVAN","211","","","00000000","","CORN","CORN, GRAIN - YIELD, MEASURED IN BU / ACRE","TOTAL","NOT SPECIFIED","166.7","1.9"
"SURVEY","2024","YEAR","","COUNTY","MISSOURI","29","NORTHEAST","30","AUDRAIN","007","","","00000000","","CORN","CORN, GRAIN - YIELD, MEASURED IN BU / ACRE","TOTAL","NOT SPECIFIED","195.6","1.6"
"SURVEY","2024","YEAR","","COUNTY","MISSOURI","29","NORTHEAST","30","LEWIS","111","","","00000000","","CORN","CORN, GRAIN - YIELD, MEASURED IN BU / ACRE","TOTAL","NOT SPECIFIED","181.4","2.4"
"SURVEY","2024","YEAR","","COUNTY","MISSOURI","29","NORTHEAST","30","MARION","127","","","00000000","","CORN","CORN, GRAIN - YIELD, MEASURED IN BU / ACRE","TOTAL","NOT SPECIFIED","186.5","5.6"
"SURVEY","2024","YEAR","","COUNTY","MISSOURI","29","NORTHEAST","30","MONROE","137","","","00000000","","CORN","CORN, GRAIN - YIELD, MEASURED IN BU / ACRE","TOTAL","NOT SPECIFIED","177","4.4"
"SURVEY","2024","YEAR","","COUNTY","MISSOURI","29","NORTHEAST","30","PIKE","163","","","00000000","","CORN","CORN, GRAIN - YIELD, MEASURED IN BU / ACRE","TOTAL","NOT SPECIFIED","160","9.2"
"SURVEY","2024","YEAR","","COUNTY","MISSOURI","29","NORTHEAST","30","RALLS","173","","","00000000","","CORN","CORN, GRAIN - YIELD, MEASURED IN BU / ACRE","TOTAL","NOT SPECIFIED","198.2","2.7"
"SURVEY","2024","YEAR","","COUNTY","MISSOURI","29","NORTHEAST","30","SCOTLAND","199","","","00000000","","CORN","CORN, GRAIN - YIELD, MEASURED IN BU / ACRE","TOTAL","NOT SPECIFIED","191.6","1.5"
"SURVEY","2024","YEAR","","COUNTY","MISSOURI","29","NORTHEAST","30","SHELBY","205","","","00000000","","CORN","CORN, GRAIN - YIELD, MEASURED IN BU / ACRE","TOTAL","NOT SPECIFIED","195.5","3.2"
"SURVEY","2024","YEAR","","COUNTY","MISSOURI","29","NORTHWEST","10","ATCHISON","005","","","00000000","","CORN","CORN, GRAIN - YIELD, MEASURED IN BU / ACRE","TOTAL","NOT SPECIFIED","205.9","2.7"
"SURVEY","2024","YEAR","","COUNTY","MISSOURI","29","NORTHWEST","10","BUCHANAN","021","","","00000000","","CORN","CORN, GRAIN - YIELD, MEASURED IN BU / ACRE","TOTAL","NOT SPECIFIED","189.4","3.9"
"SURVEY","2024","YEAR","","COUNTY","MISSOURI","29","NORTHWEST","10","CALDWELL","025","","","00000000","","CORN","CORN, GRAIN - YIELD, MEASURED IN BU / ACRE","TOTAL","NOT SPECIFIED","170.1","2.8"
"SURVEY","2024","YEAR","","COUNTY","MISSOURI","29","NORTHWEST","10","CLAY","047","","","00000000","","CORN","CORN, GRAIN - YIELD, MEASURED IN BU / ACRE","TOTAL","NOT SPECIFIED","194.9","5.9"
"SURVEY","2024","YEAR","","COUNTY","MISSOURI","29","NORTHWEST","10","CLINTON","049","","","00000000","","CORN","CORN, GRAIN - YIELD, MEASURED IN BU / ACRE","TOTAL","NOT SPECIFIED","182.8","1.3"
"SURVEY","2024","YEAR","","COUNTY","MISSOURI","29","NORTHWEST","10","DAVIESS","061","","","00000000","","CORN","CORN, GRAIN - YIELD, MEASURED IN BU / ACRE","TOTAL","NOT SPECIFIED","182.4","6.2"
"SURVEY","2024","YEAR","","COUNTY","MISSOURI","29","NORTHWEST","10","HARRISON","081","","","00000000","","CORN","CORN, GRAIN - YIELD, MEASURED IN BU / ACRE","TOTAL","NOT SPECIFIED","159.3","3.9"
"SURVEY","2024","YEAR","","COUNTY","MISSOURI","29","NORTHWEST","10","PLATTE","165","","","00000000","","CORN","CORN, GRAIN - YIELD, MEASURED IN BU / ACRE","TOTAL","NOT SPECIFIED","175.4","8.7"
"SURVEY","2024","YEAR","","COUNTY","MISSOURI","29","NORTHWEST","10","WORTH","227","","","00000000","","CORN","CORN, GRAIN - YIELD, MEASURED IN BU / ACRE","TOTAL","NOT SPECIFIED","186.8","4.9"
"SURVEY","2024","YEAR","","COUNTY","MISSOURI","29","SOUTHEAST","90","CAPE GIRARDEAU","031","","","00000000","","CORN","CORN, GRAIN - YIELD, MEASURED IN BU / ACRE","TOTAL","NOT SPECIFIED","165","8.0"
"SURVEY","2024","YEAR","","COUNTY","MISSOURI","29","SOUTHEAST","90","DUNKLIN","069","","","00000000","","CORN","CORN, GRAIN - YIELD, MEASURED IN BU / ACRE","TOTAL","NOT SPECIFIED","172.3","1.6"
"SURVEY","2024","YEAR","","COUNTY","MISSOURI","29","SOUTHEAST","90","MISSISSIPPI","133","","","00000000","","CORN","CORN, GRAIN - YIELD, MEASURED IN BU / ACRE","TOTAL","NOT SPECIFIED","184.1","1.1"
"SURVEY","2024","YEAR","","COUNTY","MISSOURI","29","SOUTHEAST","90","NEW MADRID","143","","","00000000","","CORN","CORN, GRAIN - YIELD, MEASURED IN BU / ACRE","TOTAL","NOT SPECIFIED","170.6","6.0"
"SURVEY","2024","YEAR","","COUNTY","MISSOURI","29","SOUTHEAST","90","PEMISCOT","155","","","00000000","","CORN","CORN, GRAIN - YIELD, MEASURED IN BU / ACRE","TOTAL","NOT SPECIFIED","199","2.6"
"SURVEY","2024","YEAR","","COUNTY","MISSOURI","29","SOUTHEAST","90","SCOTT","201","","","00000000","","CORN","CORN, GRAIN - YIELD, MEASURED IN BU / ACRE","TOTAL","NOT SPECIFIED","195.5","2.6"
"SURVEY","2024","YEAR","","COUNTY","MISSOURI","29","SOUTHEAST","90","STODDARD","207","","","00000000","","CORN","CORN, GRAIN - YIELD, MEASURED IN BU / ACRE","TOTAL","NOT SPECIFIED","181.8","3.9"
"SURVEY","2024","YEAR","","COUNTY","MISSOURI","29","SOUTHWEST","70","BARRY","009","","","00000000","","CORN","CORN, GRAIN - YIELD, MEASURED IN BU / ACRE","TOTAL","NOT SPECIFIED","98.7","22.6"
"SURVEY","2024","YEAR","","COUNTY","MISSOURI","29","SOUTHWEST","70","BARTON","011","","","00000000","","CORN","CORN, GRAIN - YIELD, MEASURED IN BU / ACRE","TOTAL","NOT SPECIFIED","176.1","5.2"
"SURVEY","2024","YEAR","","COUNTY","MISSOURI","29","SOUTHWEST","70","DADE","057","","","00000000","","CORN","CORN, GRAIN - YIELD, MEASURED IN BU / ACRE","TOTAL","NOT SPECIFIED","131.8","11.0"
"SURVEY","2024","YEAR","","COUNTY","MISSOURI","29","SOUTHWEST","70","LAWRENCE","109","","","00000000","","CORN","CORN, GRAIN - YIELD, MEASURED IN BU / ACRE","TOTAL","NOT SPECIFIED","111.7","9.0"
"SURVEY","2024","YEAR","","COUNTY","MISSOURI","29","WEST","40","CASS","037","","","00000000","","CORN","CORN, GRAIN - YIELD, MEASURED IN BU / ACRE","TOTAL","NOT SPECIFIED","160.9","8.3"
"SURVEY","2024","YEAR","","COUNTY","MISSOURI","29","WEST","40","CEDAR","039","","","00000000","","CORN","CORN, GRAIN - YIELD, MEASURED IN BU / ACRE","TOTAL","NOT SPECIFIED","166.1","1.9"
"SURVEY","2024","YEAR","","COUNTY","MISSOURI","29","WEST","40","JACKSON","095","","","00000000","","CORN","CORN, GRAIN - YIELD, MEASURED IN BU / ACRE","TOTAL","NOT SPECIFIED","154.2","12.9"
"SURVEY","2024","YEAR","","COUNTY","MISSOURI","29","WEST","40","JOHNSON","101","","","00000000","","CORN","CORN, GRAIN - YIELD, MEASURED IN BU / ACRE","TOTAL","NOT SPECIFIED","192.4","5.7"
"SURVEY","2024","YEAR","","COUNTY","MISSOURI","29","WEST","40","LAFAYETTE","107","","","00000000","","CORN","CORN, GRAIN - YIELD, MEASURED IN BU / ACRE","TOTAL","NOT SPECIFIED","212.2","2.1"
"SURVEY","2024","YEAR","","COUNTY","MISSOURI","29","WEST","40","ST CLAIR","185","","","00000000","","CORN","CORN, GRAIN - YIELD, MEASURED IN BU / ACRE","TOTAL","NOT SPECIFIED","154.2","11.4"
"SURVEY","2024","YEAR","","COUNTY","WISCONSIN","55","","99","OTHER COUNTIES","","","","00000000","","CORN","CORN, GRAIN - YIELD, MEASURED IN BU / ACRE","TOTAL","NOT SPECIFIED","167.3","2.7"
"SURVEY","2024","YEAR","","COUNTY","WISCONSIN","55","CENTRAL","50","ADAMS","001","","","00000000","","CORN","CORN, GRAIN - YIELD, MEASURED IN BU / ACRE","TOTAL","NOT SPECIFIED","120.1","14.0"
"SURVEY","2024","YEAR","","COUNTY","WISCONSIN","55","CENTRAL","50","GREEN LAKE","047","","","00000000","","CORN","CORN, GRAIN - YIELD, MEASURED IN BU / ACRE","TOTAL","NOT SPECIFIED","168.3","6.5"
"SURVEY","2024","YEAR","","COUNTY","WISCONSIN","55","CENTRAL","50","JUNEAU","057","","","00000000","","CORN","CORN, GRAIN - YIELD, MEASURED IN BU / ACRE","TOTAL","NOT SPECIFIED","141","6.2"
"SURVEY","2024","YEAR","","COUNTY","WISCONSIN","55","CENTRAL","50","MARQUETTE","077","","","00000000","","CORN","CORN, GRAIN - YIELD, MEASURED IN BU / ACRE","TOTAL","NOT SPECIFIED","126","6.7"
"SURVEY","2024","YEAR","","COUNTY","WISCONSIN","55","CENTRAL","50","PORTAGE","097","","","00000000","","CORN","CORN, GRAIN - YIELD, MEASURED IN BU / ACRE","TOTAL","NOT SPECIFIED","159.5","6.3"
"SURVEY","2024","YEAR","","COUNTY","WISCONSIN","55","CENTRAL","50","WAUPACA","135","","","00000000","","CORN","CORN, GRAIN - YIELD, MEASURED IN BU / ACRE","TOTAL","NOT SPECIFIED","140.8","5.6"
"SURVEY","2024","YEAR","","COUNTY","WISCONSIN","55","CENTRAL","50","WAUSHARA","137","","","00000000","","CORN","CORN, GRAIN - YIELD, MEASURED IN BU / ACRE","TOTAL","NOT SPECIFIED","143.2","7.9"
"SURVEY","2024","YEAR","","COUNTY","WISCONSIN","55","CENTRAL","50","WOOD","141","","","00000000","","CORN","CORN, GRAIN - YIELD, MEASURED IN BU / ACRE","TOTAL","NOT SPECIFIED","128.6","7.2"
"SURVEY","2024","YEAR","","COUNTY","WISCONSIN","55","EAST CENTRAL","60","CALUMET","015","","","00000000","","CORN","CORN, GRAIN - YIELD, MEASURED IN BU / ACRE","TOTAL","NOT SPECIFIED","135.3","6.9"
"SURVEY","2024","YEAR","","COUNTY","WISCONSIN","55","EAST CENTRAL","60","DOOR","029","","","00000000","","CORN","CORN, GRAIN - YIELD, MEASURED IN BU / ACRE","TOTAL","NOT SPECIFIED","117.7","6.0"
"SURVEY","2024","YEAR","","COUNTY","WISCONSIN","55","EAST CENTRAL","60","FOND DU LAC","039","","","00000000","","CORN","CORN, GRAIN - YIELD, MEASURED IN BU / ACRE","TOTAL","NOT SPECIFIED","180.1","3.2"
"SURVEY","2024","YEAR","","COUNTY","WISCONSIN","55","EAST CENTRAL","60","KEWAUNEE","061","","","00000000","","CORN","CORN, GRAIN - YIELD, MEASURED IN BU / ACRE","TOTAL","NOT SPECIFIED","166.2","1.6"
"SURVEY","2024","YEAR","","COUNTY","WISCONSIN","55","EAST CENTRAL","60","MANITOWOC","071","","","00000000","","CORN","CORN, GRAIN - YIELD, MEASURED IN BU / ACRE","TOTAL","NOT SPECIFIED","161.7","5.1"
"SURVEY","2024","YEAR","","COUNTY","WISCONSIN","55","EAST CENTRAL","60","OUTAGAMIE","087","","","00000000","","CORN","CORN, GRAIN - YIELD, MEASURED IN BU / ACRE","TOTAL","NOT SPECIFIED","158","7.3"
"SURVEY","2024","YEAR","","COUNTY","WISCONSIN","55","EAST CENTRAL","60","SHEBOYGAN","117","","","00000000","","CORN","CORN, GRAIN - YIELD, MEASURED IN BU / ACRE","TOTAL","NOT SPECIFIED","143.4","2.5"
"SURVEY","2024","YEAR","","COUNTY","WISCONSIN","55","EAST CENTRAL","60","WINNEBAGO","139","","","00000000","","CORN","CORN, GRAIN - YIELD, MEASURED IN BU / ACRE","TOTAL","NOT SPECIFIED","148.6","3.4"
"SURVEY","2024","YEAR","","COUNTY","WISCONSIN","55","NORTH CENTRAL","20","CLARK","019","","","00000000","","CORN","CORN, GRAIN - YIELD, MEASURED IN BU / ACRE","TOTAL","NOT SPECIFIED","135.3","7.0"
"SURVEY","2024","YEAR","","COUNTY","WISCONSIN","55","NORTH CENTRAL","20","LINCOLN","069","","","00000000","","CORN","CORN, GRAIN - YIELD, MEASURED IN BU / ACRE","TOTAL","NOT SPECIFIED","115.4","9.2"
"SURVEY","2024","YEAR","","COUNTY","WISCONSIN","55","NORTH CENTRAL","20","MARATHON","073","","","00000000","","CORN","CORN, GRAIN - YIELD, MEASURED IN BU / ACRE","TOTAL","NOT SPECIFIED","149.1","3.9"
"SURVEY","2024","YEAR","","COUNTY","WISCONSIN","55","NORTH CENTRAL","20","PRICE","099","","","00000000","","CORN","CORN, GRAIN - YIELD, MEASURED IN BU / ACRE","TOTAL","NOT SPECIFIED","150.7","2.8"
"SURVEY","2024","YEAR","","COUNTY","WISCONSIN","55","NORTH CENTRAL","20","TAYLOR","119","","","00000000","","CORN","CORN, GRAIN - YIELD, MEASURED IN BU / ACRE","TOTAL","NOT SPECIFIED","113.4","6.7"
"SURVEY","2024","YEAR","","COUNTY","WISCONSIN","55","NORTHEAST","30","LANGLADE","067","","","00000000","","CORN","CORN, GRAIN - YIELD, MEASURED IN BU / ACRE","TOTAL","NOT SPECIFIED","123.6","4.2"
"SURVEY","2024","YEAR","","COUNTY","WISCONSIN","55","NORTHEAST","30","MARINETTE","075","","","00000000","","CORN","CORN, GRAIN - YIELD, MEASURED IN BU / ACRE","TOTAL","NOT SPECIFIED","144.9","6.6"
"SURVEY","2024","YEAR","","COUNTY","WISCONSIN","55","NORTHEAST","30","OCONTO","083","","","00000000","","CORN","CORN, GRAIN - YIELD, MEASURED IN BU / ACRE","TOTAL","NOT SPECIFIED","159.6","4.6"
"SURVEY","2024","YEAR","","COUNTY","WISCONSIN","55","NORTHWEST","10","BARRON","005","","","00000000","","CORN","CORN, GRAIN - YIELD, MEASURED IN BU / ACRE","TOTAL","NOT SPECIFIED","160","2.4"
"SURVEY","2024","YEAR","","COUNTY","WISCONSIN","55","NORTHWEST","10","BURNETT","013","","","00000000","","CORN","CORN, GRAIN - YIELD, MEASURED IN BU / ACRE","TOTAL","NOT SPECIFIED","124.3","8.6"
"SURVEY","2024","YEAR","","COUNTY","WISCONSIN","55","NORTHWEST","10","CHIPPEWA","017","","","00000000","","CORN","CORN, GRAIN - YIELD, MEASURED IN BU / ACRE","TOTAL","NOT SPECIFIED","181","4.7"
"SURVEY","2024","YEAR","","COUNTY","WISCONSIN","55","NORTHWEST","10","POLK","095","","","00000000","","CORN","CORN, GRAIN - YIELD, MEASURED IN BU / ACRE","TOTAL","NOT SPECIFIED","161","2.6"
"SURVEY","2024","YEAR","","COUNTY","WISCONSIN","55","NORTHWEST","10","RUSK","107","","","00000000","","CORN","CORN, GRAIN - YIELD, MEASURED IN BU / ACRE","TOTAL","NOT SPECIFIED","132.1","6.5"
"SURVEY","2024","YEAR","","COUNTY","WISCONSIN","55","NORTHWEST","10","SAWYER","113","","","00000000","","CORN","CORN, GRAIN - YIELD, MEASURED IN BU / ACRE","TOTAL","NOT SPECIFIED","156.4","1.8"
"SURVEY","2024","YEAR","","COUNTY","WISCONSIN","55","NORTHWEST","10","WASHBURN","129","","","00000000","","CORN","CORN, GRAIN - YIELD, MEASURED IN BU / ACRE","TOTAL","NOT SPECIFIED","153","3.4"
"SURVEY","2024","YEAR","","COUNTY","WISCONSIN","55","SOUTH CENTRAL","80","COLUMBIA","021","","","00000000","","CORN","CORN, GRAIN - YIELD, MEASURED IN BU / ACRE","TOTAL","NOT SPECIFIED","201.1","2.9"
"SURVEY","2024","YEAR","","COUNTY","WISCONSIN","55","SOUTH CENTRAL","80","DANE","025","","","00000000","","CORN","CORN, GRAIN - YIELD, MEASURED IN BU / ACRE","TOTAL","NOT SPECIFIED","195.2","1.9"
"SURVEY","2024","YEAR","","COUNTY","WISCONSIN","55","SOUTH CENTRAL","80","DODGE","027","","","00000000","","CORN","CORN, GRAIN - YIELD, MEASURED IN BU / ACRE","TOTAL","NOT SPECIFIED","177.8","3.2"
"SURVEY","2024","YEAR","","COUNTY","WISCONSIN","55","SOUTH CENTRAL","80","GREEN","045","","","00000000","","CORN","CORN, GRAIN - YIELD, MEASURED IN BU / ACRE","TOTAL","NOT SPECIFIED","187.8","6.1"
"SURVEY","2024","YEAR","","COUNTY","WISCONSIN","55","SOUTH CENTRAL","80","JEFFERSON","055","","","00000000","","CORN","CORN, GRAIN - YIELD, MEASURED IN BU / ACRE","TOTAL","NOT SPECIFIED","169.3","4.2"
"SURVEY","2024","YEAR","","COUNTY","WISCONSIN","55","SOUTH CENTRAL","80","ROCK","105","","","00000000","","CORN","CORN, GRAIN - YIELD, MEASURED IN BU / ACRE","TOTAL","NOT SPECIFIED","186.4","4.5"
"SURVEY","2024","YEAR","","COUNTY","WISCONSIN","55","SOUTHEAST","90","KENOSHA","059","","","00000000","","CORN","CORN, GRAIN - YIELD, MEASURED IN BU / ACRE","TOTAL","NOT SPECIFIED","182.3","4.4"
"SURVEY","2024","YEAR","","COUNTY","WISCONSIN","55","SOUTHEAST","90","OZAUKEE","089","","","00000000","","CORN","CORN, GRAIN - YIELD, MEASURED IN BU / ACRE","TOTAL","NOT SPECIFIED","154.4","2.8"
"SURVEY","2024","YEAR","","COUNTY","WISCONSIN","55","SOUTHEAST","90","RACINE","101","","","00000000","","CORN","CORN, GRAIN - YIELD, MEASURED IN BU / ACRE","TOTAL","NOT SPECIFIED","189.6","4.2"
"SURVEY","2024","YEAR","","COUNTY","WISCONSIN","55","SOUTHEAST","90","WALWORTH","127","","","00000000","","CORN","CORN, GRAIN - YIELD, MEASURED IN BU / ACRE","TOTAL","NOT SPECIFIED","197.7","1.3"
"SURVEY","2024","YEAR","","COUNTY","WISCONSIN","55","SOUTHEAST","90","WASHINGTON","131","","","00000000","","CORN","CORN, GRAIN - YIELD, MEASURED IN BU / ACRE","TOTAL","NOT SPECIFIED","157.4","3.4"
"SURVEY","2024","YEAR","","COUNTY","WISCONSIN","55","SOUTHEAST","90","WAUKESHA","133","","","00000000","","CORN","CORN, GRAIN - YIELD, MEASURED IN BU / ACRE","TOTAL","NOT SPECIFIED","179.4","2.4"
"SURVEY","2024","YEAR","","COUNTY","WISCONSIN","55","SOUTHWEST","70","CRAWFORD","023","","","00000000","","CORN","CORN, GRAIN - YIELD, MEASURED IN BU / ACRE","TOTAL","NOT SPECIFIED","178.3","3.6"
"SURVEY","2024","YEAR","","COUNTY","WISCONSIN","55","SOUTHWEST","70","GRANT","043","","","00000000","","CORN","CORN, GRAIN - YIELD, MEASURED IN BU / ACRE","TOTAL","NOT SPECIFIED","202.5","3.1"
"SURVEY","2024","YEAR","","COUNTY","WISCONSIN","55","SOUTHWEST","70","IOWA","049","","","00000000","","CORN","CORN, GRAIN - YIELD, MEASURED IN BU / ACRE","TOTAL","NOT SPECIFIED","203.5","2.3"
"SURVEY","2024","YEAR","","COUNTY","WISCONSIN","55","SOUTHWEST","70","LAFAYETTE","065","","","00000000","","CORN","CORN, GRAIN - YIELD, MEASURED IN BU / ACRE","TOTAL","NOT SPECIFIED","214","2.6"
"SURVEY","2024","YEAR","","COUNTY","WISCONSIN","55","SOUTHWEST","70","RICHLAND","103","","","00000000","","CORN","CORN, GRAIN - YIELD, MEASURED IN BU / ACRE","TOTAL","NOT SPECIFIED","179.7","3.3"
"SURVEY","2024","YEAR","","COUNTY","WISCONSIN","55","SOUTHWEST","70","SAUK","111","","","00000000","","CORN","CORN, GRAIN - YIELD, MEASURED IN BU / ACRE","TOTAL","NOT SPECIFIED","155.3","6.2"
"SURVEY","2024","YEAR","","COUNTY","WISCONSIN","55","SOUTHWEST","70","VERNON","123","","","00000000","","CORN","CORN, GRAIN - YIELD, MEASURED IN BU / ACRE","TOTAL","NOT SPECIFIED","177.9","6.1"
"SURVEY","2024","YEAR","","COUNTY","WISCONSIN","55","WEST CENTRAL","40","BUFFALO","011","","","00000000","","CORN","CORN, GRAIN - YIELD, MEASURED IN BU / ACRE","TOTAL","NOT SPECIFIED","168.8","3.7"
"SURVEY","2024","YEAR","","COUNTY","WISCONSIN","55","WEST CENTRAL","40","DUNN","033","","","00000000","","CORN","CORN, GRAIN - YIELD, MEASURED IN BU / ACRE","TOTAL","NOT SPECIFIED","167.8","1.5"
"SURVEY","2024","YEAR","","COUNTY","WISCONSIN","55","WEST CENTRAL","40","JACKSON","053","","","00000000","","CORN","CORN, GRAIN - YIELD, MEASURED IN BU / ACRE","TOTAL","NOT SPECIFIED","182.3","4.8"
"SURVEY","2024","YEAR","","COUNTY","WISCONSIN","55","WEST CENTRAL","40","LA CROSSE","063","","","00000000","","CORN","CORN, GRAIN - YIELD, MEASURED IN BU / ACRE","TOTAL","NOT SPECIFIED","176.7","5.5"
"SURVEY","2024","YEAR","","COUNTY","WISCONSIN","55","WEST CENTRAL","40","MONROE","081","","","00000000","","CORN","CORN, GRAIN - YIELD, MEASURED IN BU / ACRE","TOTAL","NOT SPECIFIED","182.9","3.0"
"SURVEY","2024","YEAR","","COUNTY","WISCONSIN","55","WEST CENTRAL","40","PEPIN","091","","","00000000","","CORN","CORN, GRAIN - YIELD, MEASURED IN BU / ACRE","TOTAL","NOT SPECIFIED","167.4","5.9"
"SURVEY","2024","YEAR","","COUNTY","WISCONSIN","55","WEST CENTRAL","40","PIERCE","093","","","00000000","","CORN","CORN, GRAIN - YIELD, MEASURED IN BU / ACRE","TOTAL","NOT SPECIFIED","174.5","3.9"
"SURVEY","2024","YEAR","","COUNTY","WISCONSIN","55","WEST CENTRAL","40","ST CROIX","109","","","00000000","","CORN","CORN, GRAIN - YIELD, MEASURED IN BU / ACRE","TOTAL","NOT SPECIFIED","177.5","1.9"
"SURVEY","2024","YEAR","","COUNTY","WISCONSIN","55","WEST CENTRAL","40","TREMPEALEAU","121","","","00000000","","CORN","CORN, GRAIN - YIELD, MEASURED IN BU / ACRE","TOTAL","NOT SPECIFIED","166.7","4.0"
"SURVEY","2023","YEAR","","COUNTY","COLORADO","08","","99","OTHER COUNTIES","","","","00000000","","CORN","CORN, GRAIN - YIELD, MEASURED IN BU / ACRE","TOTAL","NOT SPECIFIED","93.9","16.5"
"SURVEY","2023","YEAR","","COUNTY","COLORADO","08","EAST CENTRAL","60","ELBERT","039","","","00000000","","CORN","CORN, GRAIN - YIELD, MEASURED IN BU / ACRE","TOTAL","NOT SPECIFIED","46.9","18.2"
"SURVEY","2023","YEAR","","COUNTY","COLORADO","08","EAST CENTRAL","60","KIOWA","061","","","00000000","","CORN","CORN, GRAIN - YIELD, MEASURED IN BU / ACRE","TOTAL","NOT SPECIFIED","79.4","4.6"
"SURVEY","2023","YEAR","","COUNTY","COLORADO","08","EAST CENTRAL","60","KIT CARSON","063","","","00000000","","CORN","CORN, GRAIN - YIELD, MEASURED IN BU / ACRE","TOTAL","NOT SPECIFIED","94.5","5.7"
"SURVEY","2023","YEAR","","COUNTY","COLORADO","08","EAST CENTRAL","60","PHILLIPS","095","","","00000000","","CORN","CORN, GRAIN - YIELD, MEASURED IN BU / ACRE","TOTAL","NOT SPECIFIED","114.8","13.7"
"SURVEY","2023","YEAR","","COUNTY","COLORADO","08","EAST CENTRAL","60","WASHINGTON","121","","","00000000","","CORN","CORN, GRAIN - YIELD, MEASURED IN BU / ACRE","TOTAL","NOT SPECIFIED","88.6","23.1"
"SURVEY","2023","YEAR","","COUNTY","COLORADO","08","EAST CENTRAL","60","YUMA","125","","","00000000","","CORN","CORN, GRAIN - YIELD, MEASURED IN BU / ACRE","TOTAL","NOT SPECIFIED","169.5","6.6"
"SURVEY","2023","YEAR","","COUNTY","COLORADO","08","NORTHEAST","20","BOULDER","013","","","00000000","","CORN","CORN, GRAIN - YIELD, MEASURED IN BU / ACRE","TOTAL","NOT SPECIFIED","140.1","24.2"
"SURVEY","2023","YEAR","","COUNTY","COLORADO","08","NORTHEAST","20","LARIMER","069","","","00000000","","CORN","CORN, GRAIN - YIELD, MEASURED IN BU / ACRE","TOTAL","NOT SPECIFIED","194.8","8.9"
"SURVEY","2023","YEAR","","COUNTY","COLORADO","08","NORTHEAST","20","LOGAN","075","","","00000000","","CORN","CORN, GRAIN - YIELD, MEASURED IN BU / ACRE","TOTAL","NOT SPECIFIED","152","10.0"
"SURVEY","2023","YEAR","","COUNTY","COLORADO","08","NORTHEAST","20","MORGAN","087","","","00000000","","CORN","CORN, GRAIN - YIELD, MEASURED IN BU / ACRE","TOTAL","NOT SPECIFIED","194.7","9.3"
"SURVEY","2023","YEAR","","COUNTY","COLORADO","08","NORTHEAST","20","SEDGWICK","115","","","00000000","","CORN","CORN, GRAIN - YIELD, MEASURED IN BU / ACRE","TOTAL","NOT SPECIFIED","114.1","8.0"
"SURVEY","2023","YEAR","","COUNTY","COLORADO","08","NORTHEAST","20","WELD","123","","","00000000","","CORN","CORN, GRAIN - YIELD, MEASURED IN BU / ACRE","TOTAL","NOT SPECIFIED","211.2","5.1"
"SURVEY","2023","YEAR","","COUNTY","COLORADO","08","SOUTHEAST","90","BENT","011","","","00000000","","CORN","CORN, GRAIN - YIELD, MEASURED IN BU / ACRE","TOTAL","NOT SPECIFIED","146.6","9.6"
"SURVEY","2023","YEAR","","COUNTY","COLORADO","08","SOUTHEAST","90","PROWERS","099","","","00000000","","CORN","CORN, GRAIN - YIELD, MEASURED IN BU / ACRE","TOTAL","NOT SPECIFIED","160.2","19.9"
"SURVEY","2023","YEAR","","COUNTY","COLORADO","08","SOUTHEAST","90","PUEBLO","101","","","00000000","","CORN","CORN, GRAIN - YIELD, MEASURED IN BU / ACRE","TOTAL","NOT SPECIFIED","190.8","4.9"
"SURVEY","2023","YEAR","","COUNTY","COLORADO","08","SOUTHWEST","70","DELTA","029","","","00000000","","CORN","CORN, GRAIN - YIELD, MEASURED IN BU / ACRE","TOTAL","NOT SPECIFIED","231.1","6.2"
"SURVEY","2023","YEAR","","COUNTY","MISSOURI","29","","99","OTHER COUNTIES","","","","00000000","","CORN","CORN, GRAIN - YIELD, MEASURED IN BU / ACRE","TOTAL","NOT SPECIFIED","163.7","1.4"
"SURVEY","2023","YEAR","","COUNTY","MISSOURI","29","CENTRAL","50","BOONE","019","","","00000000","","CORN","CORN, GRAIN - YIELD, MEASURED IN BU / ACRE","TOTAL","NOT SPECIFIED","122.8","7.0"
"SURVEY","2023","YEAR","","COUNTY","MISSOURI","29","CENTRAL","50","CALLAWAY","027","","","00000000","","CORN","CORN, GRAIN - YIELD, MEASURED IN BU / ACRE","TOTAL","NOT SPECIFIED","141.4","3.2"
"SURVEY","2023","YEAR","","COUNTY","MISSOURI","29","CENTRAL","50","COLE","051","","","00000000","","CORN","CORN, GRAIN - YIELD, MEASURED IN BU / ACRE","TOTAL","NOT SPECIFIED","130.8","7.9"
"SURVEY","2023","YEAR","","COUNTY","MISSOURI","29","CENTRAL","50","COOPER","053","","","00000000","","CORN","CORN, GRAIN - YIELD, MEASURED IN BU / ACRE","TOTAL","NOT SPECIFIED","105","9.0"
"SURVEY","2023","YEAR","","COUNTY","MISSOURI","29","CENTRAL","50","DALLAS","059","","","00000000","","CORN","CORN, GRAIN - YIELD, MEASURED IN BU / ACRE","TOTAL","NOT SPECIFIED","124.1","5.3"
"SURVEY","2023","YEAR","","COUNTY","MISSOURI","29","CENTRAL","50","HICKORY","085","","","00000000","","CORN","CORN, GRAIN - YIELD, MEASURED IN BU / ACRE","TOTAL","NOT SPECIFIED","101.2","8.8"
"SURVEY","2023","YEAR","","COUNTY","MISSOURI","29","CENTRAL","50","HOWARD","089","","","00000000","","CORN","CORN, GRAIN - YIELD, MEASURED IN BU / ACRE","TOTAL","NOT SPECIFIED","149.1","4.8"
"SURVEY","2023","YEAR","","COUNTY","MISSOURI","29","CENTRAL","50","LACLEDE","105","","","00000000","","CORN","CORN, GRAIN - YIELD, MEASURED IN BU / ACRE","TOTAL","NOT SPECIFIED","144","8.9"
"SURVEY","2023","YEAR","","COUNTY","MISSOURI","29","CENTRAL","50","MARIES","125","","","00000000","","CORN","CORN, GRAIN - YIELD, MEASURED IN BU / ACRE","TOTAL","NOT SPECIFIED","75.9","11.7"
"SURVEY","2023","YEAR","","COUNTY","MISSOURI","29","CENTRAL","50","MILLER","131","","","00000000","","CORN","CORN, GRAIN - YIELD, MEASURED IN BU / ACRE","TOTAL","NOT SPECIFIED","112.1","7.2"
"SURVEY","2023","YEAR","","COUNTY","MISSOURI","29","CENTRAL","50","MONITEAU","135","","","00000000","","CORN","CORN, GRAIN - YIELD, MEASURED IN BU / ACRE","TOTAL","NOT SPECIFIED","113.9","8.1"
"SURVEY","2023","YEAR","","COUNTY","MISSOURI","29","CENTRAL","50","OSAGE","151","","","00000000","","CORN","CORN, GRAIN - YIELD, MEASURED IN BU / ACRE","TOTAL","NOT SPECIFIED","113.3","11.0"
"SURVEY","2023","YEAR","","COUNTY","MISSOURI","29","CENTRAL","50","PETTIS","159","","","00000000","","CORN","CORN, GRAIN - YIELD, MEASURED IN BU / ACRE","TOTAL","NOT SPECIFIED","121.3","11.2"
"SURVEY","2023","YEAR","","COUNTY","MISSOURI","29","CENTRAL","50","POLK","167","","","00000000","","CORN","CORN, GRAIN - YIELD, MEASURED IN BU / ACRE","TOTAL","NOT SPECIFIED","142.3","10.1"
"SURVEY","2023","YEAR","","COUNTY","MISSOURI","29","CENTRAL","50","SALINE","195","","","00000000","","CORN","CORN, GRAIN - YIELD, MEASURED IN BU / ACRE","TOTAL","NOT SPECIFIED","175.7","2.7"
"SURVEY","2023","YEAR","","COUNTY","MISSOURI","29","EAST","60","FRANKLIN","071","","","00000000","","CORN","CORN, GRAIN - YIELD, MEASURED IN BU / ACRE","TOTAL","NOT SPECIFIED","131.5","4.9"
"SURVEY","2023","YEAR","","COUNTY","MISSOURI","29","EAST","60","GASCONADE","073","","","00000000","","CORN","CORN, GRAIN - YIELD, MEASURED IN BU / ACRE","TOTAL","NOT SPECIFIED","113.5","11.2"
"SURVEY","2023","YEAR","","COUNTY","MISSOURI","29","EAST","60","JEFFERSON","099","","","00000000","","CORN","CORN, GRAIN - YIELD, MEASURED IN BU / ACRE","TOTAL","NOT SPECIFIED","118.1","11.6"
"SURVEY","2023","YEAR","","COUNTY","MISSOURI","29","EAST","60","LINCOLN","113","","","00000000","","CORN","CORN, GRAIN - YIELD, MEASURED IN BU / ACRE","TOTAL","NOT SPECIFIED","159.2","5.3"
"SURVEY","2023","YEAR","","COUNTY","MISSOURI","29","EAST","60","MONTGOMERY","139","","","00000000","","CORN","CORN, GRAIN - YIELD, MEASURED IN BU / ACRE","TOTAL","NOT SPECIFIED","139.6","7.6"
"SURVEY","2023","YEAR","","COUNTY","MISSOURI","29","EAST","60","PERRY","157","","","00000000","","CORN","CORN, GRAIN - YIELD, MEASURED IN BU / ACRE","TOTAL","NOT SPECIFIED","133.1","10.1"
"SURVEY","2023","YEAR","","COUNTY","MISSOURI","29","EAST","60","ST CHARLES","183","","","00000000","","CORN","CORN, GRAIN - YIELD, MEASURED IN BU / ACRE","TOTAL","NOT SPECIFIED","165.9","5.8"
"SURVEY","2023","YEAR","","COUNTY","MISSOURI","29","EAST","60","ST FRANCOIS","187","","","00000000","","CORN","CORN, GRAIN - YIELD, MEASURED IN BU / ACRE","TOTAL","NOT SPECIFIED","139.3","8.0"
"SURVEY","2023","YEAR","","COUNTY","MISSOURI","29","EAST","60","STE GENEVIEVE","186","","","00000000","","CORN","CORN, GRAIN - YIELD, MEASURED IN BU / ACRE","TOTAL","NOT SPECIFIED","148.7","7.4"
"SURVEY","2023","YEAR","","COUNTY","MISSOURI","29","EAST","60","WARREN","219","","","00000000","","CORN","CORN, GRAIN - YIELD, MEASURED IN BU / ACRE","TOTAL","NOT SPECIFIED","143.5","8.9"
"SURVEY","2023","YEAR","","COUNTY","MISSOURI","29","NORTH CENTRAL","20","CARROLL","033","","","00000000","","CORN","CORN, GRAIN - YIELD, MEASURED IN BU / ACRE","TOTAL","NOT SPECIFIED","154.8","4.9"
"SURVEY","2023","YEAR","","COUNTY","MISSOURI","29","NORTH CENTRAL","20","GRUNDY","079","","","00000000","","CORN","CORN, GRAIN - YIELD, MEASURED IN BU / ACRE","TOTAL","NOT SPECIFIED","156.1","8.1"
"SURVEY","2023","YEAR","","COUNTY","MISSOURI","29","NORTH CENTRAL","20","LINN","115","","","00000000","","CORN","CORN, GRAIN - YIELD, MEASURED IN BU / ACRE","TOTAL","NOT SPECIFIED","157.2","7.8"
"SURVEY","2023","YEAR","","COUNTY","MISSOURI","29","NORTH CENTRAL","20","LIVINGSTON","117","","","00000000","","CORN","CORN, GRAIN - YIELD, MEASURED IN BU / ACRE","TOTAL","NOT SPECIFIED","142.7","5.5"
"SURVEY","2023","YEAR","","COUNTY","MISSOURI","29","NORTH CENTRAL","20","MACON","121","","","00000000","","CORN","CORN, GRAIN - YIELD, MEASURED IN BU / ACRE","TOTAL","NOT SPECIFIED","136.8","8.3"
"SURVEY","2023","YEAR","","COUNTY","MISSOURI","29","NORTH CENTRAL","20","PUTNAM","171","","","00000000","","CORN","CORN, GRAIN - YIELD, MEASURED IN BU / ACRE","TOTAL","NOT SPECIFIED","144","10.6"
"SURVEY","2023","YEAR","","COUNTY","MISSOURI","29","NORTH CENTRAL","20","RANDOLPH","175","","","00000000","","CORN","CORN, GRAIN - YIELD, MEASURED IN BU / ACRE","TOTAL","NOT SPECIFIED","105.2","8.7"
"SURVEY","2023","YEAR","","COUNTY","MISSOURI","29","NORTH CENTRAL","20","SULLIVAN","211","","","00000000","","CORN","CORN, GRAIN - YIELD, MEASURED IN BU / ACRE","TOTAL","NOT SPECIFIED","147.2","7.5"
"SURVEY","2023","YEAR","","COUNTY","MISSOURI","29","NORTHEAST","30","AUDRAIN","007","","","00000000","","CORN","CORN, GRAIN - YIELD, MEASURED IN BU / ACRE","TOTAL","NOT SPECIFIED","115.3","2.8"
"SURVEY","2023","YEAR","","COUNTY","MISSOURI","29","NORTHEAST","30","CLARK","045","","","00000000","","CORN","CORN, GRAIN - YIELD, MEASURED IN BU / ACRE","TOTAL","NOT SPECIFIED","166.6","5.1"
"SURVEY","2023","YEAR","","COUNTY","MISSOURI","29","NORTHEAST","30","KNOX","103","","","00000000","","CORN","CORN, GRAIN - YIELD, MEASURED IN BU / ACRE","TOTAL","NOT SPECIFIED","130.9","13.4"
"SURVEY","2023","YEAR","","COUNTY","MISSOURI","29","NORTHEAST","30","LEWIS","111","","","00000000","","CORN","CORN, GRAIN - YIELD, MEASURED IN BU / ACRE","TOTAL","NOT SPECIFIED","147.7","5.7"
"SURVEY","2023","YEAR","","COUNTY","MISSOURI","29","NORTHEAST","30","MARION","127","","","00000000","","CORN","CORN, GRAIN - YIELD, MEASURED IN BU / ACRE","TOTAL","NOT SPECIFIED","124.9","6.8"
"SURVEY","2023","YEAR","","COUNTY","MISSOURI","29","NORTHEAST","30","MONROE","137","","","00000000","","CORN","CORN, GRAIN - YIELD, MEASURED IN BU / ACRE","TOTAL","NOT SPECIFIED","82","7.8"
"SURVEY","2023","YEAR","","COUNTY","MISSOURI","29","NORTHEAST","30","RALLS","173","","","00000000","","CORN","CORN, GRAIN - YIELD, MEASURED IN BU / ACRE","TOTAL","NOT SPECIFIED","97.2","6.1"
"SURVEY","2023","YEAR","","COUNTY","MISSOURI","29","NORTHEAST","30","SCOTLAND","199","","","00000000","","CORN","CORN, GRAIN - YIELD, MEASURED IN BU / ACRE","TOTAL","NOT SPECIFIED","167.6","4.3"
"SURVEY","2023","YEAR","","COUNTY","MISSOURI","29","NORTHEAST","30","SHELBY","205","","","00000000","","CORN","CORN, GRAIN - YIELD, MEASURED IN BU / ACRE","TOTAL","NOT SPECIFIED","105.4","7.0"
"SURVEY","2023","YEAR","","COUNTY","MISSOURI","29","NORTHWEST","10","ANDREW","003","","","00000000","","CORN","CORN, GRAIN - YIELD, MEASURED IN BU / ACRE","TOTAL","NOT SPECIFIED","175.7","2.4"
"SURVEY","2023","YEAR","","COUNTY","MISSOURI","29","NORTHWEST","10","BUCHANAN","021","","","00000000","","CORN","CORN, GRAIN - YIELD, MEASURED IN BU / ACRE","TOTAL","NOT SPECIFIED","175.2","4.2"
"SURVEY","2023","YEAR","","COUNTY","MISSOURI","29","NORTHWEST","10","CALDWELL","025","","","00000000","","CORN","CORN, GRAIN - YIELD, MEASURED IN BU / ACRE","TOTAL","NOT SPECIFIED","148.7","5.7"
"SURVEY","2023","YEAR","","COUNTY","MISSOURI","29","NORTHWEST","10","CLAY","047","","","00000000","","CORN","CORN, GRAIN - YIELD, MEASURED IN BU / ACRE","TOTAL","NOT SPECIFIED","190.6","3.5"
"SURVEY","2023","YEAR","","COUNTY","MISSOURI","29","NORTHWEST","10","CLINTON","049","","","00000000","","CORN","CORN, GRAIN - YIELD, MEASURED IN BU / ACRE","TOTAL","NOT SPECIFIED","189.1","1.4"
"SURVEY","2023","YEAR","","COUNTY","MISSOURI","29","NORTHWEST","10","DAVIESS","061","","","00000000","","CORN","CORN, GRAIN - YIELD, MEASURED IN BU / ACRE","TOTAL","NOT SPECIFIED","146","2.7"
"SURVEY","2023","YEAR","","COUNTY","MISSOURI","29","NORTHWEST","10","DE KALB","063","","","00000000","","CORN","CORN, GRAIN - YIELD, MEASURED IN BU / ACRE","TOTAL","NOT SPECIFIED","190.4","2.1"
"SURVEY","2023","YEAR","","COUNTY","MISSOURI","29","NORTHWEST","10","GENTRY","075","","","00000000","","CORN","CORN, GRAIN - YIELD, MEASURED IN BU / ACRE","TOTAL","NOT SPECIFIED","160","2.6"
"SURVEY","2023","YEAR","","COUNTY","MISSOURI","29","NORTHWEST","10","HOLT","087","","","00000000","","CORN","CORN, GRAIN - YIELD, MEASURED IN BU / ACRE","TOTAL","NOT SPECIFIED","219","4.2"
"SURVEY","2023","YEAR","","COUNTY","MISSOURI","29","NORTHWEST","10","PLATTE","165","","","00000000","","CORN","CORN, GRAIN - YIELD, MEASURED IN BU / ACRE","TOTAL","NOT SPECIFIED","166.7","7.1"
"SURVEY","2023","YEAR","","COUNTY","MISSOURI","29","NORTHWEST","10","RAY","177","","","00000000","","CORN","CORN, GRAIN - YIELD, MEASURED IN BU / ACRE","TOTAL","NOT SPECIFIED","173","1.9"
"SURVEY","2023","YEAR","","COUNTY","MISSOURI","29","NORTHWEST","10","WORTH","227","","","00000000","","CORN","CORN, GRAIN - YIELD, MEASURED IN BU / ACRE","TOTAL","NOT SPECIFIED","170.4","4.6"
"SURVEY","2023","YEAR","","COUNTY","MISSOURI","29","SOUTH CENTRAL","80","BOLLINGER","017","","","00000000","","CORN","CORN, GRAIN - YIELD, MEASURED IN BU / ACRE","TOTAL","NOT SPECIFIED","119.2","8.0"
"SURVEY","2023","YEAR","","COUNTY","MISSOURI","29","SOUTH CENTRAL","80","WAYNE","223","","","00000000","","CORN","CORN, GRAIN - YIELD, MEASURED IN BU / ACRE","TOTAL","NOT SPECIFIED","89.9","6.2"
"SURVEY","2023","YEAR","","COUNTY","MISSOURI","29","SOUTHEAST","90","CAPE GIRARDEAU","031","","","00000000","","CORN","CORN, GRAIN - YIELD, MEASURED IN BU / ACRE","TOTAL","NOT SPECIFIED","140","6.1"
"SURVEY","2023","YEAR","","COUNTY","MISSOURI","29","SOUTHEAST","90","DUNKLIN","069","","","00000000","","CORN","CORN, GRAIN - YIELD, MEASURED IN BU / ACRE","TOTAL","NOT SPECIFIED","164","3.7"
"SURVEY","2023","YEAR","","COUNTY","MISSOURI","29","SOUTHEAST","90","MISSISSIPPI","133","","","00000000","","CORN","CORN, GRAIN - YIELD, MEASURED IN BU / ACRE","TOTAL","NOT SPECIFIED","177.3","2.0"
"SURVEY","2023","YEAR","","COUNTY","MISSOURI","29","SOUTHEAST","90","NEW MADRID","143","","","00000000","","CORN","CORN, GRAIN - YIELD, MEASURED IN BU / ACRE","TOTAL","NOT SPECIFIED","186.4","2.5"
"SURVEY","2023","YEAR","","COUNTY","MISSOURI","29","SOUTHEAST","90","PEMISCOT","155","","","00000000","","CORN","CORN, GRAIN - YIELD, MEASURED IN BU / ACRE","TOTAL","NOT SPECIFIED","188.8","3.0"
"SURVEY","2023","YEAR","","COUNTY","MISSOURI","29","SOUTHEAST","90","SCOTT","201","","","00000000","","CORN","CORN, GRAIN - YIELD, MEASURED IN BU / ACRE","TOTAL","NOT SPECIFIED","178.8","5.5"
"SURVEY","2023","YEAR","","COUNTY","MISSOURI","29","SOUTHEAST","90","STODDARD","207","","","00000000","","CORN","CORN, GRAIN - YIELD, MEASURED IN BU / ACRE","TOTAL","NOT SPECIFIED","173.4","6.2"
"SURVEY","2023","YEAR","","COUNTY","MISSOURI","29","SOUTHWEST","70","BARTON","011","","","00000000","","CORN","CORN, GRAIN - YIELD, MEASURED IN BU / ACRE","TOTAL","NOT SPECIFIED","149","5.9"
"SURVEY","2023","YEAR","","COUNTY","MISSOURI","29","SOUTHWEST","70","DADE","057","","","00000000","","CORN","CORN, GRAIN - YIELD, MEASURED IN BU / ACRE","TOTAL","NOT SPECIFIED","95.2","10.8"
"SURVEY","2023","YEAR","","COUNTY","MISSOURI","29","SOUTHWEST","70","JASPER","097","","","00000000","","CORN","CORN, GRAIN - YIELD, MEASURED IN BU / ACRE","TOTAL","NOT SPECIFIED","141.5","4.3"
"SURVEY","2023","YEAR","","COUNTY","MISSOURI","29","SOUTHWEST","70","LAWRENCE","109","","","00000000","","CORN","CORN, GRAIN - YIELD, MEASURED IN BU / ACRE","TOTAL","NOT SPECIFIED","88.4","6.9"
"SURVEY","2023","YEAR","","COUNTY","MISSOURI","29","WEST","40","BATES","013","","","00000000","","CORN","CORN, GRAIN - YIELD, MEASURED IN BU / ACRE","TOTAL","NOT SPECIFIED","143.6","3.3"
"SURVEY","2023","YEAR","","COUNTY","MISSOURI","29","WEST","40","HENRY","083","","","00000000","","CORN","CORN, GRAIN - YIELD, MEASURED IN BU / ACRE","TOTAL","NOT SPECIFIED","123.6","3.4"
"SURVEY","2023","YEAR","","COUNTY","MISSOURI","29","WEST","40","JACKSON","095","","","00000000","","CORN","CORN, GRAIN - YIELD, MEASURED IN BU / ACRE","TOTAL","NOT SPECIFIED","186.7","3.8"
"SURVEY","2023","YEAR","","COUNTY","MISSOURI","29","WEST","40","JOHNSON","101","","","00000000","","CORN","CORN, GRAIN - YIELD, MEASURED IN BU / ACRE","TOTAL","NOT SPECIFIED","129.3","6.5"
"SURVEY","2023","YEAR","","COUNTY","MISSOURI","29","WEST","40","LAFAYETTE","107","","","00000000","","CORN","CORN, GRAIN - YIELD, MEASURED IN BU / ACRE","TOTAL","NOT SPECIFIED","176.7","2.0"
"SURVEY","2023","YEAR","","COUNTY","MISSOURI","29","WEST","40","ST CLAIR","185","","","00000000","","CORN","CORN, GRAIN - YIELD, MEASURED IN BU / ACRE","TOTAL","NOT SPECIFIED","79.8","16.7"
"SURVEY","2023","YEAR","","COUNTY","MISSOURI","29","WEST","40","VERNON","217","","","00000000","","CORN","CORN, GRAIN - YIELD, MEASURED IN BU / ACRE","TOTAL","NOT SPECIFIED","104.7","11.7"
"SURVEY","2023","YEAR","","COUNTY","WISCONSIN","55","","99","OTHER COUNTIES","","","","00000000","","CORN","CORN, GRAIN - YIELD, MEASURED IN BU / ACRE","TOTAL","NOT SPECIFIED","162","5.1"
"SURVEY","2023","YEAR","","COUNTY","WISCONSIN","55","CENTRAL","50","JUNEAU","057","","","00000000","","CORN","CORN, GRAIN - YIELD, MEASURED IN BU / ACRE","TOTAL","NOT SPECIFIED","142.3","6.4"
"SURVEY","2023","YEAR","","COUNTY","WISCONSIN","55","CENTRAL","50","MARQUETTE","077","","","00000000","","CORN","CORN, GRAIN - YIELD, MEASURED IN BU / ACRE","TOTAL","NOT SPECIFIED","159.1","7.0"
"SURVEY","2023","YEAR","","COUNTY","WISCONSIN","55","CENTRAL","50","PORTAGE","097","","","00000000","","CORN","CORN, GRAIN - YIELD, MEASURED IN BU / ACRE","TOTAL","NOT SPECIFIED","149.6","5.6"
"SURVEY","2023","YEAR","","COUNTY","WISCONSIN","55","CENTRAL","50","WAUPACA","135","","","00000000","","CORN","CORN, GRAIN - YIELD, MEASURED IN BU / ACRE","TOTAL","NOT SPECIFIED","162.4","4.3"
"SURVEY","2023","YEAR","","COUNTY","WISCONSIN","55","CENTRAL","50","WAUSHARA","137","","","00000000","","CORN","CORN, GRAIN - YIELD, MEASURED IN BU / ACRE","TOTAL","NOT SPECIFIED","179.7","5.3"
"SURVEY","2023","YEAR","","COUNTY","WISCONSIN","55","CENTRAL","50","WOOD","141","","","00000000","","CORN","CORN, GRAIN - YIELD, MEASURED IN BU / ACRE","TOTAL","NOT SPECIFIED","157","3.8"
"SURVEY","2023","YEAR","","COUNTY","WISCONSIN","55","EAST CENTRAL","60","BROWN","009","","","00000000","","CORN","CORN, GRAIN - YIELD, MEASURED IN BU / ACRE","TOTAL","NOT SPECIFIED","175.6","2.6"
"SURVEY","2023","YEAR","","COUNTY","WISCONSIN","55","EAST CENTRAL","60","CALUMET","015","","","00000000","","CORN","CORN, GRAIN - YIELD, MEASURED IN BU / ACRE","TOTAL","NOT SPECIFIED","172.9","2.8"
"SURVEY","2023","YEAR","","COUNTY","WISCONSIN","55","EAST CENTRAL","60","DOOR","029","","","00000000","","CORN","CORN, GRAIN - YIELD, MEASURED IN BU / ACRE","TOTAL","NOT SPECIFIED","165.1","5.1"
"SURVEY","2023","YEAR","","COUNTY","WISCONSIN","55","EAST CENTRAL","60","FOND DU LAC","039","","","00000000","","CORN","CORN, GRAIN - YIELD, MEASURED IN BU / ACRE","TOTAL","NOT SPECIFIED","192.5","2.0"
"SURVEY","2023","YEAR","","COUNTY","WISCONSIN","55","EAST CENTRAL","60","KEWAUNEE","061","","","00000000","","CORN","CORN, GRAIN - YIELD, MEASURED IN BU / ACRE","TOTAL","NOT SPECIFIED","167","3.4"
"SURVEY","2023","YEAR","","COUNTY","WISCONSIN","55","EAST CENTRAL","60","MANITOWOC","071","","","00000000","","CORN","CORN, GRAIN - YIELD, MEASURED IN BU / ACRE","TOTAL","NOT SPECIFIED","171.8","4.6"
"SURVEY","2023","YEAR","","COUNTY","WISCONSIN","55","EAST CENTRAL","60","OUTAGAMIE","087","","","00000000","","CORN","CORN, GRAIN - YIELD, MEASURED IN BU / ACRE","TOTAL","NOT SPECIFIED","163.1","4.5"
"SURVEY","2023","YEAR","","COUNTY","WISCONSIN","55","EAST CENTRAL","60","SHEBOYGAN","117","","","00000000","","CORN","CORN, GRAIN - YIELD, MEASURED IN BU / ACRE","TOTAL","NOT SPECIFIED","183","3.1"
"SURVEY","2023","YEAR","","COUNTY","WISCONSIN","55","EAST CENTRAL","60","WINNEBAGO","139","","","00000000","","CORN","CORN, GRAIN - YIELD, MEASURED IN BU / ACRE","TOTAL","NOT SPECIFIED","176.1","3.1"
"SURVEY","2023","YEAR","","COUNTY","WISCONSIN","55","NORTH CENTRAL","20","CLARK","019","","","00000000","","CORN","CORN, GRAIN - YIELD, MEASURED IN BU / ACRE","TOTAL","NOT SPECIFIED","149.4","5.2"
"SURVEY","2023","YEAR","","COUNTY","WISCONSIN","55","NORTH CENTRAL","20","LINCOLN","069","","","00000000","","CORN","CORN, GRAIN - YIELD, MEASURED IN BU / ACRE","TOTAL","NOT SPECIFIED","146.8","4.2"
"SURVEY","2023","YEAR","","COUNTY","WISCONSIN","55","NORTH CENTRAL","20","MARATHON","073","","","00000000","","CORN","CORN, GRAIN - YIELD, MEASURED IN BU / ACRE","TOTAL","NOT SPECIFIED","153.8","5.0"
"SURVEY","2023","YEAR","","COUNTY","WISCONSIN","55","NORTH CENTRAL","20","PRICE","099","","","00000000","","CORN","CORN, GRAIN - YIELD, MEASURED IN BU / ACRE","TOTAL","NOT SPECIFIED","134.6","4.4"
"SURVEY","2023","YEAR","","COUNTY","WISCONSIN","55","NORTH CENTRAL","20","TAYLOR","119","","","00000000","","CORN","CORN, GRAIN - YIELD, MEASURED IN BU / ACRE","TOTAL","NOT SPECIFIED","167.1","2.9"
"SURVEY","2023","YEAR","","COUNTY","WISCONSIN","55","NORTHEAST","30","LANGLADE","067","","","00000000","","CORN","CORN, GRAIN - YIELD, MEASURED IN BU / ACRE","TOTAL","NOT SPECIFIED","149.1","7.6"
"SURVEY","2023","YEAR","","COUNTY","WISCONSIN","55","NORTHEAST","30","MARINETTE","075","","","00000000","","CORN","CORN, GRAIN - YIELD, MEASURED IN BU / ACRE","TOTAL","NOT SPECIFIED","161.6","1.0"
"SURVEY","2023","YEAR","","COUNTY","WISCONSIN","55","NORTHEAST","30","OCONTO","083","","","00000000","","CORN","CORN, GRAIN - YIELD, MEASURED IN BU / ACRE","TOTAL","NOT SPECIFIED","168.7","3.9"
"SURVEY","2023","YEAR","","COUNTY","WISCONSIN","55","NORTHEAST","30","SHAWANO","115","","","00000000","","CORN","CORN, GRAIN - YIELD, MEASURED IN BU / ACRE","TOTAL","NOT SPECIFIED","165.1","4.0"
"SURVEY","2023","YEAR","","COUNTY","WISCONSIN","55","NORTHWEST","10","BARRON","005","","","00000000","","CORN","CORN, GRAIN - YIELD, MEASURED IN BU / ACRE","TOTAL","NOT SPECIFIED","150.4","5.3"
"SURVEY","2023","YEAR","","COUNTY","WISCONSIN","55","NORTHWEST","10","BAYFIELD","007","","","00000000","","CORN","CORN, GRAIN - YIELD, MEASURED IN BU / ACRE","TOTAL","NOT SPECIFIED","122.9","6.4"
"SURVEY","2023","YEAR","","COUNTY","WISCONSIN","55","NORTHWEST","10","BURNETT","013","","","00000000","","CORN","CORN, GRAIN - YIELD, MEASURED IN BU / ACRE","TOTAL","NOT SPECIFIED","124.3","8.5"
"SURVEY","2023","YEAR","","COUNTY","WISCONSIN","55","NORTHWEST","10","CHIPPEWA","017","","","00000000","","CORN","CORN, GRAIN - YIELD, MEASURED IN BU / ACRE","TOTAL","NOT SPECIFIED","167.1","3.7"
"SURVEY","2023","YEAR","","COUNTY","WISCONSIN","55","NORTHWEST","10","POLK","095","","","00000000","","CORN","CORN, GRAIN - YIELD, MEASURED IN BU / ACRE","TOTAL","NOT SPECIFIED","145.3","3.3"
"SURVEY","2023","YEAR","","COUNTY","WISCONSIN","55","NORTHWEST","10","RUSK","107","","","00000000","","CORN","CORN, GRAIN - YIELD, MEASURED IN BU / ACRE","TOTAL","NOT SPECIFIED","155.6","3.2"
"SURVEY","2023","YEAR","","COUNTY","WISCONSIN","55","NORTHWEST","10","SAWYER","113","","","00000000","","CORN","CORN, GRAIN - YIELD, MEASURED IN BU / ACRE","TOTAL","NOT SPECIFIED","133","4.5"
"SURVEY","2023","YEAR","","COUNTY","WISCONSIN","55","NORTHWEST","10","WASHBURN","129","","","00000000","","CORN","CORN, GRAIN - YIELD, MEASURED IN BU / ACRE","TOTAL","NOT SPECIFIED","132.6","6.4"
"SURVEY","2023","YEAR","","COUNTY","WISCONSIN","55","SOUTH CENTRAL","80","COLUMBIA","021","","","00000000","","CORN","CORN, GRAIN - YIELD, MEASURED IN BU / ACRE","TOTAL","NOT SPECIFIED","185.1","3.0"
"SURVEY","2023","YEAR","","COUNTY","WISCONSIN","55","SOUTH CENTRAL","80","DANE","025","","","00000000","","CORN","CORN, GRAIN - YIELD, MEASURED IN BU / ACRE","TOTAL","NOT SPECIFIED","196.9","1.4"
"SURVEY","2023","YEAR","","COUNTY","WISCONSIN","55","SOUTH CENTRAL","80","DODGE","027","","","00000000","","CORN","CORN, GRAIN - YIELD, MEASURED IN BU / ACRE","TOTAL","NOT SPECIFIED","199.9","1.7"
"SURVEY","2023","YEAR","","COUNTY","WISCONSIN","55","SOUTH CENTRAL","80","GREEN","045","","","00000000","","CORN","CORN, GRAIN - YIELD, MEASURED IN BU / ACRE","TOTAL","NOT SPECIFIED","185.2","1.9"
"SURVEY","2023","YEAR","","COUNTY","WISCONSIN","55","SOUTH CENTRAL","80","JEFFERSON","055","","","00000000","","CORN","CORN, GRAIN - YIELD, MEASURED IN BU / ACRE","TOTAL","NOT SPECIFIED","180.8","4.0"
"SURVEY","2023","YEAR","","COUNTY","WISCONSIN","55","SOUTH CENTRAL","80","ROCK","105","","","00000000","","CORN","CORN, GRAIN - YIELD, MEASURED IN BU / ACRE","TOTAL","NOT SPECIFIED","187.2","4.1"
"SURVEY","2023","YEAR","","COUNTY","WISCONSIN","55","SOUTHEAST","90","KENOSHA","059","","","00000000","","CORN","CORN, GRAIN - YIELD, MEASURED IN BU / ACRE","TOTAL","NOT SPECIFIED","182.5","3.1"
"SURVEY","2023","YEAR","","COUNTY","WISCONSIN","55","SOUTHEAST","90","MILWAUKEE","079","","","00000000","","CORN","CORN, GRAIN - YIELD, MEASURED IN BU / ACRE","TOTAL","NOT SPECIFIED","197.3","6.6"
"SURVEY","2023","YEAR","","COUNTY","WISCONSIN","55","SOUTHEAST","90","OZAUKEE","089","","","00000000","","CORN","CORN, GRAIN - YIELD, MEASURED IN BU / ACRE","TOTAL","NOT SPECIFIED","182.3","4.1"
"SURVEY","2023","YEAR","","COUNTY","WISCONSIN","55","SOUTHEAST","90","RACINE","101","","","00000000","","CORN","CORN, GRAIN - YIELD, MEASURED IN BU / ACRE","TOTAL","NOT SPECIFIED","191.5","3.8"
"SURVEY","2023","YEAR","","COUNTY","WISCONSIN","55","SOUTHEAST","90","WALWORTH","127","","","00000000","","CORN","CORN, GRAIN - YIELD, MEASURED IN BU / ACRE","TOTAL","NOT SPECIFIED","192.4","4.6"
"SURVEY","2023","YEAR","","COUNTY","WISCONSIN","55","SOUTHEAST","90","WASHINGTON","131","","","00000000","","CORN","CORN, GRAIN - YIELD, MEASURED IN BU / ACRE","TOTAL","NOT SPECIFIED","164.4","4.1"
"SURVEY","2023","YEAR","","COUNTY","WISCONSIN","55","SOUTHEAST","90","WAUKESHA","133","","","00000000","","CORN","CORN, GRAIN - YIELD, MEASURED IN BU / ACRE","TOTAL","NOT SPECIFIED","172.4","1.6"
"SURVEY","2023","YEAR","","COUNTY","WISCONSIN","55","SOUTHWEST","70","CRAWFORD","023","","","00000000","","CORN","CORN, GRAIN - YIELD, MEASURED IN BU / ACRE","TOTAL","NOT SPECIFIED","154.5","6.3"
"SURVEY","2023","YEAR","","COUNTY","WISCONSIN","55","SOUTHWEST","70","GRANT","043","","","00000000","","CORN","CORN, GRAIN - YIELD, MEASURED IN BU / ACRE","TOTAL","NOT SPECIFIED","207.8","1.8"
"SURVEY","2023","YEAR","","COUNTY","WISCONSIN","55","SOUTHWEST","70","IOWA","049","","","00000000","","CORN","CORN, GRAIN - YIELD, MEASURED IN BU / ACRE","TOTAL","NOT SPECIFIED","195.5","3.3"
"SURVEY","2023","YEAR","","COUNTY","WISCONSIN","55","SOUTHWEST","70","LAFAYETTE","065","","","00000000","","CORN","CORN, GRAIN - YIELD, MEASURED IN BU / ACRE","TOTAL","NOT SPECIFIED","210","2.4"
"SURVEY","2023","YEAR","","COUNTY","WISCONSIN","55","SOUTHWEST","70","RICHLAND","103","","","00000000","","CORN","CORN, GRAIN - YIELD, MEASURED IN BU / ACRE","TOTAL","NOT SPECIFIED","148.8","5.2"
"SURVEY","2023","YEAR","","COUNTY","WISCONSIN","55","SOUTHWEST","70","SAUK","111","","","00000000","","CORN","CORN, GRAIN - YIELD, MEASURED IN BU / ACRE","TOTAL","NOT SPECIFIED","158.6","4.2"
"SURVEY","2023","YEAR","","COUNTY","WISCONSIN","55","SOUTHWEST","70","VERNON","123","","","00000000","","CORN","CORN, GRAIN - YIELD, MEASURED IN BU / ACRE","TOTAL","NOT SPECIFIED","140","5.5"
"SURVEY","2023","YEAR","","COUNTY","WISCONSIN","55","WEST CENTRAL","40","BUFFALO","011","","","00000000","","CORN","CORN, GRAIN - YIELD, MEASURED IN BU / ACRE","TOTAL","NOT SPECIFIED","186.2","3.2"
"SURVEY","2023","YEAR","","COUNTY","WISCONSIN","55","WEST CENTRAL","40","DUNN","033","","","00000000","","CORN","CORN, GRAIN - YIELD, MEASURED IN BU / ACRE","TOTAL","NOT SPECIFIED","182.9","4.2"
"SURVEY","2023","YEAR","","COUNTY","WISCONSIN","55","WEST CENTRAL","40","EAU CLAIRE","035","","","00000000","","CORN","CORN, GRAIN - YIELD, MEASURED IN BU / ACRE","TOTAL","NOT SPECIFIED","169","5.4"
"SURVEY","2023","YEAR","","COUNTY","WISCONSIN","55","WEST CENTRAL","40","JACKSON","053","","","00000000","","CORN","CORN, GRAIN - YIELD, MEASURED IN BU / ACRE","TOTAL","NOT SPECIFIED","160.5","4.3"
"SURVEY","2023","YEAR","","COUNTY","WISCONSIN","55","WEST CENTRAL","40","LA CROSSE","063","","","00000000","","CORN","CORN, GRAIN - YIELD, MEASURED IN BU / ACRE","TOTAL","NOT SPECIFIED","162.7","5.9"
"SURVEY","2023","YEAR","","COUNTY","WISCONSIN","55","WEST CENTRAL","40","MONROE","081","","","00000000","","CORN","CORN, GRAIN - YIELD, MEASURED IN BU / ACRE","TOTAL","NOT SPECIFIED","157.5","5.1"
"SURVEY","2023","YEAR","","COUNTY","WISCONSIN","55","WEST CENTRAL","40","PEPIN","091","","","00000000","","CORN","CORN, GRAIN - YIELD, MEASURED IN BU / ACRE","TOTAL","NOT SPECIFIED","182.9","2.3"
"SURVEY","2023","YEAR","","COUNTY","WISCONSIN","55","WEST CENTRAL","40","PIERCE","093","","","00000000","","CORN","CORN, GRAIN - YIELD, MEASURED IN BU / ACRE","TOTAL","NOT SPECIFIED","200","1.5"
"SURVEY","2023","YEAR","","COUNTY","WISCONSIN","55","WEST CENTRAL","40","ST CROIX","109","","","00000000","","CORN","CORN, GRAIN - YIELD, MEASURED IN BU / ACRE","TOTAL","NOT SPECIFIED","182.3","1.6"
"SURVEY","2023","YEAR","","COUNTY","WISCONSIN","55","WEST CENTRAL","40","TREMPEALEAU","121","","","00000000","","CORN","CORN, GRAIN - YIELD, MEASURED IN BU / ACRE","TOTAL","NOT SPECIFIED","147.1","7.7"
"SURVEY","2022","YEAR","","COUNTY","COLORADO","08","","99","OTHER COUNTIES","","","","00000000","","CORN","CORN, GRAIN - YIELD, MEASURED IN BU / ACRE","TOTAL","NOT SPECIFIED","85.6","14.9"
"SURVEY","2022","YEAR","","COUNTY","COLORADO","08","EAST CENTRAL","60","ADAMS","001","","","00000000","","CORN","CORN, GRAIN - YIELD, MEASURED IN BU / ACRE","TOTAL","NOT SPECIFIED","49","23.3"
"SURVEY","2022","YEAR","","COUNTY","COLORADO","08","EAST CENTRAL","60","CHEYENNE","017","","","00000000","","CORN","CORN, GRAIN - YIELD, MEASURED IN BU / ACRE","TOTAL","NOT SPECIFIED","37.7","11.3"
"SURVEY","2022","YEAR","","COUNTY","COLORADO","08","EAST CENTRAL","60","KIOWA","061","","","00000000","","CORN","CORN, GRAIN - YIELD, MEASURED IN BU / ACRE","TOTAL","NOT SPECIFIED","40","36.2"
"SURVEY","2022","YEAR","","COUNTY","COLORADO","08","EAST CENTRAL","60","KIT CARSON","063","","","00000000","","CORN","CORN, GRAIN - YIELD, MEASURED IN BU / ACRE","TOTAL","NOT SPECIFIED","85.2","9.4"
"SURVEY","2022","YEAR","","COUNTY","COLORADO","08","EAST CENTRAL","60","PHILLIPS","095","","","00000000","","CORN","CORN, GRAIN - YIELD, MEASURED IN BU / ACRE","TOTAL","NOT SPECIFIED","167.1","13.2"
"SURVEY","2022","YEAR","","COUNTY","COLORADO","08","EAST CENTRAL","60","WASHINGTON","121","","","00000000","","CORN","CORN, GRAIN - YIELD, MEASURED IN BU / ACRE","TOTAL","NOT SPECIFIED","44.1","16.2"
"SURVEY","2022","YEAR","","COUNTY","COLORADO","08","EAST CENTRAL","60","YUMA","125","","","00000000","","CORN","CORN, GRAIN - YIELD, MEASURED IN BU / ACRE","TOTAL","NOT SPECIFIED","200.5","8.3"
"SURVEY","2022","YEAR","","COUNTY","COLORADO","08","NORTHEAST","20","LARIMER","069","","","00000000","","CORN","CORN, GRAIN - YIELD, MEASURED IN BU / ACRE","TOTAL","NOT SPECIFIED","191.1","11.8"
"SURVEY","2022","YEAR","","COUNTY","COLORADO","08","NORTHEAST","20","LOGAN","075","","","00000000","","CORN","CORN, GRAIN - YIELD, MEASURED IN BU / ACRE","TOTAL","NOT SPECIFIED","133.5","17.7"
"SURVEY","2022","YEAR","","COUNTY","COLORADO","08","NORTHEAST","20","MORGAN","087","","","00000000","","CORN","CORN, GRAIN - YIELD, MEASURED IN BU / ACRE","TOTAL","NOT SPECIFIED","138.7","25.1"
"SURVEY","2022","YEAR","","COUNTY","COLORADO","08","NORTHEAST","20","SEDGWICK","115","","","00000000","","CORN","CORN, GRAIN - YIELD, MEASURED IN BU / ACRE","TOTAL","NOT SPECIFIED","133.5","22.7"
"SURVEY","2022","YEAR","","COUNTY","COLORADO","08","NORTHEAST","20","WELD","123","","","00000000","","CORN","CORN, GRAIN - YIELD, MEASURED IN BU / ACRE","TOTAL","NOT SPECIFIED","129.5","21.6"
"SURVEY","2022","YEAR","","COUNTY","COLORADO","08","SOUTHEAST","90","BENT","011","","","00000000","","CORN","CORN, GRAIN - YIELD, MEASURED IN BU / ACRE","TOTAL","NOT SPECIFIED","134.2","15.0"
"SURVEY","2022","YEAR","","COUNTY","COLORADO","08","SOUTHEAST","90","OTERO","089","","","00000000","","CORN","CORN, GRAIN - YIELD, MEASURED IN BU / ACRE","TOTAL","NOT SPECIFIED","152.5","30.2"
"SURVEY","2022","YEAR","","COUNTY","COLORADO","08","SOUTHEAST","90","PUEBLO","101","","","00000000","","CORN","CORN, GRAIN - YIELD, MEASURED IN BU / ACRE","TOTAL","NOT SPECIFIED","196.5","16.5"
"SURVEY","2022","YEAR","","COUNTY","COLORADO","08","SOUTHWEST","70","DELTA","029","","","00000000","","CORN","CORN, GRAIN - YIELD, MEASURED IN BU / ACRE","TOTAL","NOT SPECIFIED","235.3","6.7"
"SURVEY","2022","YEAR","","COUNTY","COLORADO","08","SOUTHWEST","70","MESA","077","","","00000000","","CORN","CORN, GRAIN - YIELD, MEASURED IN BU / ACRE","TOTAL","NOT SPECIFIED","235.1","6.4"
"SURVEY","2022","YEAR","","COUNTY","MISSOURI","29","","99","OTHER COUNTIES","","","","00000000","","CORN","CORN, GRAIN - YIELD, MEASURED IN BU / ACRE","TOTAL","NOT SPECIFIED","168","1.2"
"SURVEY","2022","YEAR","","COUNTY","MISSOURI","29","CENTRAL","50","BENTON","015","","","00000000","","CORN","CORN, GRAIN - YIELD, MEASURED IN BU / ACRE","TOTAL","NOT SPECIFIED","153.4","8.4"
"SURVEY","2022","YEAR","","COUNTY","MISSOURI","29","CENTRAL","50","CALLAWAY","027","","","00000000","","CORN","CORN, GRAIN - YIELD, MEASURED IN BU / ACRE","TOTAL","NOT SPECIFIED","157.5","3.6"
"SURVEY","2022","YEAR","","COUNTY","MISSOURI","29","CENTRAL","50","COLE","051","","","00000000","","CORN","CORN, GRAIN - YIELD, MEASURED IN BU / ACRE","TOTAL","NOT SPECIFIED","157","5.8"
"SURVEY","2022","YEAR","","COUNTY","MISSOURI","29","CENTRAL","50","DALLAS","059","","","00000000","","CORN","CORN, GRAIN - YIELD, MEASURED IN BU / ACRE","TOTAL","NOT SPECIFIED","105.4","11.9"
"SURVEY","2022","YEAR","","COUNTY","MISSOURI","29","CENTRAL","50","HOWARD","089","","","00000000","","CORN","CORN, GRAIN - YIELD, MEASURED IN BU / ACRE","TOTAL","NOT SPECIFIED","135.1","7.4"
"SURVEY","2022","YEAR","","COUNTY","MISSOURI","29","CENTRAL","50","MARIES","125","","","00000000","","CORN","CORN, GRAIN - YIELD, MEASURED IN BU / ACRE","TOTAL","NOT SPECIFIED","78.8","4.6"
"SURVEY","2022","YEAR","","COUNTY","MISSOURI","29","CENTRAL","50","MONITEAU","135","","","00000000","","CORN","CORN, GRAIN - YIELD, MEASURED IN BU / ACRE","TOTAL","NOT SPECIFIED","114.7","6.9"
"SURVEY","2022","YEAR","","COUNTY","MISSOURI","29","CENTRAL","50","MORGAN","141","","","00000000","","CORN","CORN, GRAIN - YIELD, MEASURED IN BU / ACRE","TOTAL","NOT SPECIFIED","136.2","3.3"
"SURVEY","2022","YEAR","","COUNTY","MISSOURI","29","CENTRAL","50","OSAGE","151","","","00000000","","CORN","CORN, GRAIN - YIELD, MEASURED IN BU / ACRE","TOTAL","NOT SPECIFIED","134","14.0"
"SURVEY","2022","YEAR","","COUNTY","MISSOURI","29","CENTRAL","50","PETTIS","159","","","00000000","","CORN","CORN, GRAIN - YIELD, MEASURED IN BU / ACRE","TOTAL","NOT SPECIFIED","134.3","7.1"
"SURVEY","2022","YEAR","","COUNTY","MISSOURI","29","CENTRAL","50","POLK","167","","","00000000","","CORN","CORN, GRAIN - YIELD, MEASURED IN BU / ACRE","TOTAL","NOT SPECIFIED","130.7","12.0"
"SURVEY","2022","YEAR","","COUNTY","MISSOURI","29","EAST","60","FRANKLIN","071","","","00000000","","CORN","CORN, GRAIN - YIELD, MEASURED IN BU / ACRE","TOTAL","NOT SPECIFIED","114","12.6"
"SURVEY","2022","YEAR","","COUNTY","MISSOURI","29","EAST","60","GASCONADE","073","","","00000000","","CORN","CORN, GRAIN - YIELD, MEASURED IN BU / ACRE","TOTAL","NOT SPECIFIED","129.2","8.7"
"SURVEY","2022","YEAR","","COUNTY","MISSOURI","29","EAST","60","JEFFERSON","099","","","00000000","","CORN","CORN, GRAIN - YIELD, MEASURED IN BU / ACRE","TOTAL","NOT SPECIFIED","145.9","11.6"
"SURVEY","2022","YEAR","","COUNTY","MISSOURI","29","EAST","60","LINCOLN","113","","","00000000","","CORN","CORN, GRAIN - YIELD, MEASURED IN BU / ACRE","TOTAL","NOT SPECIFIED","125.3","9.4"
"SURVEY","2022","YEAR","","COUNTY","MISSOURI","29","EAST","60","MONTGOMERY","139","","","00000000","","CORN","CORN, GRAIN - YIELD, MEASURED IN BU / ACRE","TOTAL","NOT SPECIFIED","168.4","7.3"
"SURVEY","2022","YEAR","","COUNTY","MISSOURI","29","EAST","60","PERRY","157","","","00000000","","CORN","CORN, GRAIN - YIELD, MEASURED IN BU / ACRE","TOTAL","NOT SPECIFIED","136","7.4"
"SURVEY","2022","YEAR","","COUNTY","MISSOURI","29","EAST","60","ST CHARLES","183","","","00000000","","CORN","CORN, GRAIN - YIELD, MEASURED IN BU / ACRE","TOTAL","NOT SPECIFIED","167.8","3.0"
"SURVEY","2022","YEAR","","COUNTY","MISSOURI","29","EAST","60","ST FRANCOIS","187","","","00000000","","CORN","CORN, GRAIN - YIELD, MEASURED IN BU / ACRE","TOTAL","NOT SPECIFIED","163","6.7"
"SURVEY","2022","YEAR","","COUNTY","MISSOURI","29","EAST","60","STE GENEVIEVE","186","","","00000000","","CORN","CORN, GRAIN - YIELD, MEASURED IN BU / ACRE","TOTAL","NOT SPECIFIED","168.1","3.2"
"SURVEY","2022","YEAR","","COUNTY","MISSOURI","29","EAST","60","WARREN","219","","","00000000","","CORN","CORN, GRAIN - YIELD, MEASURED IN BU / ACRE","TOTAL","NOT SPECIFIED","174.1","4.5"
"SURVEY","2022","YEAR","","COUNTY","MISSOURI","29","NORTH CENTRAL","20","ADAIR","001","","","00000000","","CORN","CORN, GRAIN - YIELD, MEASURED IN BU / ACRE","TOTAL","NOT SPECIFIED","168.1","3.4"
"SURVEY","2022","YEAR","","COUNTY","MISSOURI","29","NORTH CENTRAL","20","CARROLL","033","","","00000000","","CORN","CORN, GRAIN - YIELD, MEASURED IN BU / ACRE","TOTAL","NOT SPECIFIED","178.5","2.5"
"SURVEY","2022","YEAR","","COUNTY","MISSOURI","29","NORTH CENTRAL","20","GRUNDY","079","","","00000000","","CORN","CORN, GRAIN - YIELD, MEASURED IN BU / ACRE","TOTAL","NOT SPECIFIED","177.8","4.1"
"SURVEY","2022","YEAR","","COUNTY","MISSOURI","29","NORTH CENTRAL","20","LINN","115","","","00000000","","CORN","CORN, GRAIN - YIELD, MEASURED IN BU / ACRE","TOTAL","NOT SPECIFIED","165.8","5.1"
"SURVEY","2022","YEAR","","COUNTY","MISSOURI","29","NORTH CENTRAL","20","LIVINGSTON","117","","","00000000","","CORN","CORN, GRAIN - YIELD, MEASURED IN BU / ACRE","TOTAL","NOT SPECIFIED","198.4","5.0"
"SURVEY","2022","YEAR","","COUNTY","MISSOURI","29","NORTH CENTRAL","20","RANDOLPH","175","","","00000000","","CORN","CORN, GRAIN - YIELD, MEASURED IN BU / ACRE","TOTAL","NOT SPECIFIED","175.2","7.7"
"SURVEY","2022","YEAR","","COUNTY","MISSOURI","29","NORTH CENTRAL","20","SCHUYLER","197","","","00000000","","CORN","CORN, GRAIN - YIELD, MEASURED IN BU / ACRE","TOTAL","NOT SPECIFIED","158.1","4.1"
"SURVEY","2022","YEAR","","COUNTY","MISSOURI","29","NORTH CENTRAL","20","SULLIVAN","211","","","00000000","","CORN","CORN, GRAIN - YIELD, MEASURED IN BU / ACRE","TOTAL","NOT SPECIFIED","159.9","4.1"
"SURVEY","2022","YEAR","","COUNTY","MISSOURI","29","NORTHEAST","30","AUDRAIN","007","","","00000000","","CORN","CORN, GRAIN - YIELD, MEASURED IN BU / ACRE","TOTAL","NOT SPECIFIED","166.2","2.7"
"SURVEY","2022","YEAR","","COUNTY","MISSOURI","29","NORTHEAST","30","KNOX","103","","","00000000","","CORN","CORN, GRAIN - YIELD, MEASURED IN BU / ACRE","TOTAL","NOT SPECIFIED","171.3","2.4"
"SURVEY","2022","YEAR","","COUNTY","MISSOURI","29","NORTHEAST","30","LEWIS","111","","","00000000","","CORN","CORN, GRAIN - YIELD, MEASURED IN BU / ACRE","TOTAL","NOT SPECIFIED","155","3.4"
"SURVEY","2022","YEAR","","COUNTY","MISSOURI","29","NORTHEAST","30","MARION","127","","","00000000","","CORN","CORN, GRAIN - YIELD, MEASURED IN BU / ACRE","TOTAL","NOT SPECIFIED","174.8","3.8"
"SURVEY","2022","YEAR","","COUNTY","MISSOURI","29","NORTHEAST","30","MONROE","137","","","00000000","","CORN","CORN, GRAIN - YIELD, MEASURED IN BU / ACRE","TOTAL","NOT SPECIFIED","150.4","12.2"
"SURVEY","2022","YEAR","","COUNTY","MISSOURI","29","NORTHEAST","30","PIKE","163","","","00000000","","CORN","CORN, GRAIN - YIELD, MEASURED IN BU / ACRE","TOTAL","NOT SPECIFIED","151.9","4.9"
"SURVEY","2022","YEAR","","COUNTY","MISSOURI","29","NORTHEAST","30","RALLS","173","","","00000000","","CORN","CORN, GRAIN - YIELD, MEASURED IN BU / ACRE","TOTAL","NOT SPECIFIED","171","3.6"
"SURVEY","2022","YEAR","","COUNTY","MISSOURI","29","NORTHEAST","30","SCOTLAND","199","","","00000000","","CORN","CORN, GRAIN - YIELD, MEASURED IN BU / ACRE","TOTAL","NOT SPECIFIED","156.2","7.3"
"SURVEY","2022","YEAR","","COUNTY","MISSOURI","29","NORTHEAST","30","SHELBY","205","","","00000000","","CORN","CORN, GRAIN - YIELD, MEASURED IN BU / ACRE","TOTAL","NOT SPECIFIED","184.5","4.8"
"SURVEY","2022","YEAR","","COUNTY","MISSOURI","29","NORTHWEST","10","ATCHISON","005","","","00000000","","CORN","CORN, GRAIN - YIELD, MEASURED IN BU / ACRE","TOTAL","NOT SPECIFIED","198.1","2.3"
"SURVEY","2022","YEAR","","COUNTY","MISSOURI","29","NORTHWEST","10","BUCHANAN","021","","","00000000","","CORN","CORN, GRAIN - YIELD, MEASURED IN BU / ACRE","TOTAL","NOT SPECIFIED","182","4.2"
"SURVEY","2022","YEAR","","COUNTY","MISSOURI","29","NORTHWEST","10","CALDWELL","025","","","00000000","","CORN","CORN, GRAIN - YIELD, MEASURED IN BU / ACRE","TOTAL","NOT SPECIFIED","162.6","2.2"
"SURVEY","2022","YEAR","","COUNTY","MISSOURI","29","NORTHWEST","10","CLINTON","049","","","00000000","","CORN","CORN, GRAIN - YIELD, MEASURED IN BU / ACRE","TOTAL","NOT SPECIFIED","191","4.3"
"SURVEY","2022","YEAR","","COUNTY","MISSOURI","29","NORTHWEST","10","DE KALB","063","","","00000000","","CORN","CORN, GRAIN - YIELD, MEASURED IN BU / ACRE","TOTAL","NOT SPECIFIED","154.8","5.2"
"SURVEY","2022","YEAR","","COUNTY","MISSOURI","29","NORTHWEST","10","GENTRY","075","","","00000000","","CORN","CORN, GRAIN - YIELD, MEASURED IN BU / ACRE","TOTAL","NOT SPECIFIED","167.3","4.4"
"SURVEY","2022","YEAR","","COUNTY","MISSOURI","29","NORTHWEST","10","PLATTE","165","","","00000000","","CORN","CORN, GRAIN - YIELD, MEASURED IN BU / ACRE","TOTAL","NOT SPECIFIED","177.5","3.1"
"SURVEY","2022","YEAR","","COUNTY","MISSOURI","29","NORTHWEST","10","RAY","177","","","00000000","","CORN","CORN, GRAIN - YIELD, MEASURED IN BU / ACRE","TOTAL","NOT SPECIFIED","173.9","5.8"
"SURVEY","2022","YEAR","","COUNTY","MISSOURI","29","NORTHWEST","10","WORTH","227","","","00000000","","CORN","CORN, GRAIN - YIELD, MEASURED IN BU / ACRE","TOTAL","NOT SPECIFIED","160.3","10.3"
"SURVEY","2022","YEAR","","COUNTY","MISSOURI","29","SOUTH CENTRAL","80","DENT","065","","","00000000","","CORN","CORN, GRAIN - YIELD, MEASURED IN BU / ACRE","TOTAL","NOT SPECIFIED","78","10.0"
"SURVEY","2022","YEAR","","COUNTY","MISSOURI","29","SOUTH CENTRAL","80","WEBSTER","225","","","00000000","","CORN","CORN, GRAIN - YIELD, MEASURED IN BU / ACRE","TOTAL","NOT SPECIFIED","56.1","10.6"
"SURVEY","2022","YEAR","","COUNTY","MISSOURI","29","SOUTHEAST","90","BUTLER","023","","","00000000","","CORN","CORN, GRAIN - YIELD, MEASURED IN BU / ACRE","TOTAL","NOT SPECIFIED","176.2","4.6"
"SURVEY","2022","YEAR","","COUNTY","MISSOURI","29","SOUTHEAST","90","CAPE GIRARDEAU","031","","","00000000","","CORN","CORN, GRAIN - YIELD, MEASURED IN BU / ACRE","TOTAL","NOT SPECIFIED","163.2","9.9"
"SURVEY","2022","YEAR","","COUNTY","MISSOURI","29","SOUTHEAST","90","DUNKLIN","069","","","00000000","","CORN","CORN, GRAIN - YIELD, MEASURED IN BU / ACRE","TOTAL","NOT SPECIFIED","181.5","1.6"
"SURVEY","2022","YEAR","","COUNTY","MISSOURI","29","SOUTHEAST","90","MISSISSIPPI","133","","","00000000","","CORN","CORN, GRAIN - YIELD, MEASURED IN BU / ACRE","TOTAL","NOT SPECIFIED","182.1","1.1"
"SURVEY","2022","YEAR","","COUNTY","MISSOURI","29","SOUTHEAST","90","NEW MADRID","143","","","00000000","","CORN","CORN, GRAIN - YIELD, MEASURED IN BU / ACRE","TOTAL","NOT SPECIFIED","170.8","3.8"
"SURVEY","2022","YEAR","","COUNTY","MISSOURI","29","SOUTHEAST","90","PEMISCOT","155","","","00000000","","CORN","CORN, GRAIN - YIELD, MEASURED IN BU / ACRE","TOTAL","NOT SPECIFIED","176.8","1.9"
"SURVEY","2022","YEAR","","COUNTY","MISSOURI","29","SOUTHEAST","90","SCOTT","201","","","00000000","","CORN","CORN, GRAIN - YIELD, MEASURED IN BU / ACRE","TOTAL","NOT SPECIFIED","174","5.7"
"SURVEY","2022","YEAR","","COUNTY","MISSOURI","29","SOUTHEAST","90","STODDARD","207","","","00000000","","CORN","CORN, GRAIN - YIELD, MEASURED IN BU / ACRE","TOTAL","NOT SPECIFIED","163.1","5.6"
"SURVEY","2022","YEAR","","COUNTY","MISSOURI","29","SOUTHWEST","70","BARTON","011","","","00000000","","CORN","CORN, GRAIN - YIELD, MEASURED IN BU / ACRE","TOTAL","NOT SPECIFIED","74.9","16.7"
"SURVEY","2022","YEAR","","COUNTY","MISSOURI","29","SOUTHWEST","70","JASPER","097","","","00000000","","CORN","CORN, GRAIN - YIELD, MEASURED IN BU / ACRE","TOTAL","NOT SPECIFIED","90.4","19.2"
"SURVEY","2022","YEAR","","COUNTY","MISSOURI","29","WEST","40","BATES","013","","","00000000","","CORN","CORN, GRAIN - YIELD, MEASURED IN BU / ACRE","TOTAL","NOT SPECIFIED","123","9.5"
"SURVEY","2022","YEAR","","COUNTY","MISSOURI","29","WEST","40","CASS","037","","","00000000","","CORN","CORN, GRAIN - YIELD, MEASURED IN BU / ACRE","TOTAL","NOT SPECIFIED","111.8","4.5"
"SURVEY","2022","YEAR","","COUNTY","MISSOURI","29","WEST","40","HENRY","083","","","00000000","","CORN","CORN, GRAIN - YIELD, MEASURED IN BU / ACRE","TOTAL","NOT SPECIFIED","128.1","3.0"
"SURVEY","2022","YEAR","","COUNTY","MISSOURI","29","WEST","40","JACKSON","095","","","00000000","","CORN","CORN, GRAIN - YIELD, MEASURED IN BU / ACRE","TOTAL","NOT SPECIFIED","135.6","13.5"
"SURVEY","2022","YEAR","","COUNTY","MISSOURI","29","WEST","40","JOHNSON","101","","","00000000","","CORN","CORN, GRAIN - YIELD, MEASURED IN BU / ACRE","TOTAL","NOT SPECIFIED","117.1","7.7"
"SURVEY","2022","YEAR","","COUNTY","MISSOURI","29","WEST","40","LAFAYETTE","107","","","00000000","","CORN","CORN, GRAIN - YIELD, MEASURED IN BU / ACRE","TOTAL","NOT SPECIFIED","163.2","3.2"
"SURVEY","2022","YEAR","","COUNTY","MISSOURI","29","WEST","40","ST CLAIR","185","","","00000000","","CORN","CORN, GRAIN - YIELD, MEASURED IN BU / ACRE","TOTAL","NOT SPECIFIED","85","16.7"
"SURVEY","2022","YEAR","","COUNTY","MISSOURI","29","WEST","40","VERNON","217","","","00000000","","CORN","CORN, GRAIN - YIELD, MEASURED IN BU / ACRE","TOTAL","NOT SPECIFIED","80.3","14.4"
"SURVEY","2022","YEAR","","COUNTY","WISCONSIN","55","","99","OTHER COUNTIES","","","","00000000","","CORN","CORN, GRAIN - YIELD, MEASURED IN BU / ACRE","TOTAL","NOT SPECIFIED","114.3","4.2"
"SURVEY","2022","YEAR","","COUNTY","WISCONSIN","55","CENTRAL","50","ADAMS","001","","","00000000","","CORN","CORN, GRAIN - YIELD, MEASURED IN BU / ACRE","TOTAL","NOT SPECIFIED","173.2","6.8"
"SURVEY","2022","YEAR","","COUNTY","WISCONSIN","55","CENTRAL","50","GREEN LAKE","047","","","00000000","","CORN","CORN, GRAIN - YIELD, MEASURED IN BU / ACRE","TOTAL","NOT SPECIFIED","185.4","3.3"
"SURVEY","2022","YEAR","","COUNTY","WISCONSIN","55","CENTRAL","50","JUNEAU","057","","","00000000","","CORN","CORN, GRAIN - YIELD, MEASURED IN BU / ACRE","TOTAL","NOT SPECIFIED","167.6","3.4"
"SURVEY","2022","YEAR","","COUNTY","WISCONSIN","55","CENTRAL","50","MARQUETTE","077","","","00000000","","CORN","CORN, GRAIN - YIELD, MEASURED IN BU / ACRE","TOTAL","NOT SPECIFIED","143.1","5.4"
"SURVEY","2022","YEAR","","COUNTY","WISCONSIN","55","CENTRAL","50","PORTAGE","097","","","00000000","","CORN","CORN, GRAIN - YIELD, MEASURED IN BU / ACRE","TOTAL","NOT SPECIFIED","174.4","3.6"
"SURVEY","2022","YEAR","","COUNTY","WISCONSIN","55","CENTRAL","50","WAUPACA","135","","","00000000","","CORN","CORN, GRAIN - YIELD, MEASURED IN BU / ACRE","TOTAL","NOT SPECIFIED","175.3","3.2"
"SURVEY","2022","YEAR","","COUNTY","WISCONSIN","55","CENTRAL","50","WAUSHARA","137","","","00000000","","CORN","CORN, GRAIN - YIELD, MEASURED IN BU / ACRE","TOTAL","NOT SPECIFIED","174.7","8.4"
"SURVEY","2022","YEAR","","COUNTY","WISCONSIN","55","CENTRAL","50","WOOD","141","","","00000000","","CORN","CORN, GRAIN - YIELD, MEASURED IN BU / ACRE","TOTAL","NOT SPECIFIED","167.9","4.3"
"SURVEY","2022","YEAR","","COUNTY","WISCONSIN","55","EAST CENTRAL","60","BROWN","009","","","00000000","","CORN","CORN, GRAIN - YIELD, MEASURED IN BU / ACRE","TOTAL","NOT SPECIFIED","170.9","3.8"
"SURVEY","2022","YEAR","","COUNTY","WISCONSIN","55","EAST CENTRAL","60","CALUMET","015","","","00000000","","CORN","CORN, GRAIN - YIELD, MEASURED IN BU / ACRE","TOTAL","NOT SPECIFIED","177.9","2.4"
"SURVEY","2022","YEAR","","COUNTY","WISCONSIN","55","EAST CENTRAL","60","DOOR","029","","","00000000","","CORN","CORN, GRAIN - YIELD, MEASURED IN BU / ACRE","TOTAL","NOT SPECIFIED","171.4","6.2"
"SURVEY","2022","YEAR","","COUNTY","WISCONSIN","55","EAST CENTRAL","60","FOND DU LAC","039","","","00000000","","CORN","CORN, GRAIN - YIELD, MEASURED IN BU / ACRE","TOTAL","NOT SPECIFIED","187.9","1.9"
"SURVEY","2022","YEAR","","COUNTY","WISCONSIN","55","EAST CENTRAL","60","KEWAUNEE","061","","","00000000","","CORN","CORN, GRAIN - YIELD, MEASURED IN BU / ACRE","TOTAL","NOT SPECIFIED","171.4","4.2"
"SURVEY","2022","YEAR","","COUNTY","WISCONSIN","55","EAST CENTRAL","60","MANITOWOC","071","","","00000000","","CORN","CORN, GRAIN - YIELD, MEASURED IN BU / ACRE","TOTAL","NOT SPECIFIED","180","2.5"
"SURVEY","2022","YEAR","","COUNTY","WISCONSIN","55","EAST CENTRAL","60","OUTAGAMIE","087","","","00000000","","CORN","CORN, GRAIN - YIELD, MEASURED IN BU / ACRE","TOTAL","NOT SPECIFIED","182.2","3.7"
"SURVEY","2022","YEAR","","COUNTY","WISCONSIN","55","EAST CENTRAL","60","SHEBOYGAN","117","","","00000000","","CORN","CORN, GRAIN - YIELD, MEASURED IN BU / ACRE","TOTAL","NOT SPECIFIED","170.3","2.2"
"SURVEY","2022","YEAR","","COUNTY","WISCONSIN","55","EAST CENTRAL","60","WINNEBAGO","139","","","00000000","","CORN","CORN, GRAIN - YIELD, MEASURED IN BU / ACRE","TOTAL","NOT SPECIFIED","172","4.6"
"SURVEY","2022","YEAR","","COUNTY","WISCONSIN","55","NORTH CENTRAL","20","CLARK","019","","","00000000","","CORN","CORN, GRAIN - YIELD, MEASURED IN BU / ACRE","TOTAL","NOT SPECIFIED","148.8","6.0"
"SURVEY","2022","YEAR","","COUNTY","WISCONSIN","55","NORTH CENTRAL","20","LINCOLN","069","","","00000000","","CORN","CORN, GRAIN - YIELD, MEASURED IN BU / ACRE","TOTAL","NOT SPECIFIED","139.2","6.6"
"SURVEY","2022","YEAR","","COUNTY","WISCONSIN","55","NORTH CENTRAL","20","MARATHON","073","","","00000000","","CORN","CORN, GRAIN - YIELD, MEASURED IN BU / ACRE","TOTAL","NOT SPECIFIED","149","6.2"
"SURVEY","2022","YEAR","","COUNTY","WISCONSIN","55","NORTH CENTRAL","20","PRICE","099","","","00000000","","CORN","CORN, GRAIN - YIELD, MEASURED IN BU / ACRE","TOTAL","NOT SPECIFIED","122.6","6.8"
"SURVEY","2022","YEAR","","COUNTY","WISCONSIN","55","NORTH CENTRAL","20","TAYLOR","119","","","00000000","","CORN","CORN, GRAIN - YIELD, MEASURED IN BU / ACRE","TOTAL","NOT SPECIFIED","139.1","4.2"
"SURVEY","2022","YEAR","","COUNTY","WISCONSIN","55","NORTHEAST","30","LANGLADE","067","","","00000000","","CORN","CORN, GRAIN - YIELD, MEASURED IN BU / ACRE","TOTAL","NOT SPECIFIED","149.8","3.8"
"SURVEY","2022","YEAR","","COUNTY","WISCONSIN","55","NORTHEAST","30","MARINETTE","075","","","00000000","","CORN","CORN, GRAIN - YIELD, MEASURED IN BU / ACRE","TOTAL","NOT SPECIFIED","133.1","4.0"
"SURVEY","2022","YEAR","","COUNTY","WISCONSIN","55","NORTHEAST","30","OCONTO","083","","","00000000","","CORN","CORN, GRAIN - YIELD, MEASURED IN BU / ACRE","TOTAL","NOT SPECIFIED","151.2","3.7"
"SURVEY","2022","YEAR","","COUNTY","WISCONSIN","55","NORTHEAST","30","SHAWANO","115","","","00000000","","CORN","CORN, GRAIN - YIELD, MEASURED IN BU / ACRE","TOTAL","NOT SPECIFIED","170.5","2.8"
"SURVEY","2022","YEAR","","COUNTY","WISCONSIN","55","NORTHWEST","10","BARRON","005","","","00000000","","CORN","CORN, GRAIN - YIELD, MEASURED IN BU / ACRE","TOTAL","NOT SPECIFIED","155.9","3.7"
"SURVEY","2022","YEAR","","COUNTY","WISCONSIN","55","NORTHWEST","10","BAYFIELD","007","","","00000000","","CORN","CORN, GRAIN - YIELD, MEASURED IN BU / ACRE","TOTAL","NOT SPECIFIED","115.6","9.5"
"SURVEY","2022","YEAR","","COUNTY","WISCONSIN","55","NORTHWEST","10","BURNETT","013","","","00000000","","CORN","CORN, GRAIN - YIELD, MEASURED IN BU / ACRE","TOTAL","NOT SPECIFIED","135.3","7.5"
"SURVEY","2022","YEAR","","COUNTY","WISCONSIN","55","NORTHWEST","10","CHIPPEWA","017","","","00000000","","CORN","CORN, GRAIN - YIELD, MEASURED IN BU / ACRE","TOTAL","NOT SPECIFIED","162","6.5"
"SURVEY","2022","YEAR","","COUNTY","WISCONSIN","55","NORTHWEST","10","POLK","095","","","00000000","","CORN","CORN, GRAIN - YIELD, MEASURED IN BU / ACRE","TOTAL","NOT SPECIFIED","156.2","2.0"
"SURVEY","2022","YEAR","","COUNTY","WISCONSIN","55","NORTHWEST","10","RUSK","107","","","00000000","","CORN","CORN, GRAIN - YIELD, MEASURED IN BU / ACRE","TOTAL","NOT SPECIFIED","152.4","4.2"
"SURVEY","2022","YEAR","","COUNTY","WISCONSIN","55","NORTHWEST","10","SAWYER","113","","","00000000","","CORN","CORN, GRAIN - YIELD, MEASURED IN BU / ACRE","TOTAL","NOT SPECIFIED","151.9","3.8"
"SURVEY","2022","YEAR","","COUNTY","WISCONSIN","55","NORTHWEST","10","WASHBURN","129","","","00000000","","CORN","CORN, GRAIN - YIELD, MEASURED IN BU / ACRE","TOTAL","NOT SPECIFIED","158.9","3.1"
"SURVEY","2022","YEAR","","COUNTY","WISCONSIN","55","SOUTH CENTRAL","80","COLUMBIA","021","","","00000000","","CORN","CORN, GRAIN - YIELD, MEASURED IN BU / ACRE","TOTAL","NOT SPECIFIED","192","2.8"
"SURVEY","2022","YEAR","","COUNTY","WISCONSIN","55","SOUTH CENTRAL","80","DANE","025","","","00000000","","CORN","CORN, GRAIN - YIELD, MEASURED IN BU / ACRE","TOTAL","NOT SPECIFIED","197.4","1.6"
"SURVEY","2022","YEAR","","COUNTY","WISCONSIN","55","SOUTH CENTRAL","80","DODGE","027","","","00000000","","CORN","CORN, GRAIN - YIELD, MEASURED IN BU / ACRE","TOTAL","NOT SPECIFIED","197","1.1"
"SURVEY","2022","YEAR","","COUNTY","WISCONSIN","55","SOUTH CENTRAL","80","GREEN","045","","","00000000","","CORN","CORN, GRAIN - YIELD, MEASURED IN BU / ACRE","TOTAL","NOT SPECIFIED","199.1","3.9"
"SURVEY","2022","YEAR","","COUNTY","WISCONSIN","55","SOUTH CENTRAL","80","JEFFERSON","055","","","00000000","","CORN","CORN, GRAIN - YIELD, MEASURED IN BU / ACRE","TOTAL","NOT SPECIFIED","190.4","2.2"
"SURVEY","2022","YEAR","","COUNTY","WISCONSIN","55","SOUTH CENTRAL","80","ROCK","105","","","00000000","","CORN","CORN, GRAIN - YIELD, MEASURED IN BU / ACRE","TOTAL","NOT SPECIFIED","204.8","1.6"
"SURVEY","2022","YEAR","","COUNTY","WISCONSIN","55","SOUTHEAST","90","KENOSHA","059","","","00000000","","CORN","CORN, GRAIN - YIELD, MEASURED IN BU / ACRE","TOTAL","NOT SPECIFIED","180.7","2.3"
"SURVEY","2022","YEAR","","COUNTY","WISCONSIN","55","SOUTHEAST","90","MILWAUKEE","079","","","00000000","","CORN","CORN, GRAIN - YIELD, MEASURED IN BU / ACRE","TOTAL","NOT SPECIFIED","189.1","6.9"
"SURVEY","2022","YEAR","","COUNTY","WISCONSIN","55","SOUTHEAST","90","OZAUKEE","089","","","00000000","","CORN","CORN, GRAIN - YIELD, MEASURED IN BU / ACRE","TOTAL","NOT SPECIFIED","182","2.7"
"SURVEY","2022","YEAR","","COUNTY","WISCONSIN","55","SOUTHEAST","90","RACINE","101","","","00000000","","CORN","CORN, GRAIN - YIELD, MEASURED IN BU / ACRE","TOTAL","NOT SPECIFIED","179.3","3.9"
"SURVEY","2022","YEAR","","COUNTY","WISCONSIN","55","SOUTHEAST","90","WALWORTH","127","","","00000000","","CORN","CORN, GRAIN - YIELD, MEASURED IN BU / ACRE","TOTAL","NOT SPECIFIED","197.1","1.9"
"SURVEY","2022","YEAR","","COUNTY","WISCONSIN","55","SOUTHEAST","90","WASHINGTON","131","","","00000000","","CORN","CORN, GRAIN - YIELD, MEASURED IN BU / ACRE","TOTAL","NOT SPECIFIED","175.3","4.1"
"SURVEY","2022","YEAR","","COUNTY","WISCONSIN","55","SOUTHEAST","90","WAUKESHA","133","","","00000000","","CORN","CORN, GRAIN - YIELD, MEASURED IN BU / ACRE","TOTAL","NOT SPECIFIED","181.1","3.2"
"SURVEY","2022","YEAR","","COUNTY","WISCONSIN","55","SOUTHWEST","70","CRAWFORD","023","","","00000000","","CORN","CORN, GRAIN - YIELD, MEASURED IN BU / ACRE","TOTAL","NOT SPECIFIED","184.6","2.2"
"SURVEY","2022","YEAR","","COUNTY","WISCONSIN","55","SOUTHWEST","70","GRANT","043","","","00000000","","CORN","CORN, GRAIN - YIELD, MEASURED IN BU / ACRE","TOTAL","NOT SPECIFIED","211.4","1.9"
"SURVEY","2022","YEAR","","COUNTY","WISCONSIN","55","SOUTHWEST","70","IOWA","049","","","00000000","","CORN","CORN, GRAIN - YIELD, MEASURED IN BU / ACRE","TOTAL","NOT SPECIFIED","188.1","6.1"
"SURVEY","2022","YEAR","","COUNTY","WISCONSIN","55","SOUTHWEST","70","LAFAYETTE","065","","","00000000","","CORN","CORN, GRAIN - YIELD, MEASURED IN BU / ACRE","TOTAL","NOT SPECIFIED","217.6","2.7"
"SURVEY","2022","YEAR","","COUNTY","WISCONSIN","55","SOUTHWEST","70","RICHLAND","103","","","00000000","","CORN","CORN, GRAIN - YIELD, MEASURED IN BU / ACRE","TOTAL","NOT SPECIFIED","179.5","4.9"
"SURVEY","2022","YEAR","","COUNTY","WISCONSIN","55","SOUTHWEST","70","SAUK","111","","","00000000","","CORN","CORN, GRAIN - YIELD, MEASURED IN BU / ACRE","TOTAL","NOT SPECIFIED","179.8","2.8"
"SURVEY","2022","YEAR","","COUNTY","WISCONSIN","55","SOUTHWEST","70","VERNON","123","","","00000000","","CORN","CORN, GRAIN - YIELD, MEASURED IN BU / ACRE","TOTAL","NOT SPECIFIED","172.4","6.4"
"SURVEY","2022","YEAR","","COUNTY","WISCONSIN","55","WEST CENTRAL","40","BUFFALO","011","","","00000000","","CORN","CORN, GRAIN - YIELD, MEASURED IN BU / ACRE","TOTAL","NOT SPECIFIED","176.9","3.3"
"SURVEY","2022","YEAR","","COUNTY","WISCONSIN","55","WEST CENTRAL","40","DUNN","033","","","00000000","","CORN","CORN, GRAIN - YIELD, MEASURED IN BU / ACRE","TOTAL","NOT SPECIFIED","170.8","2.4"
"SURVEY","2022","YEAR","","COUNTY","WISCONSIN","55","WEST CENTRAL","40","EAU CLAIRE","035","","","00000000","","CORN","CORN, GRAIN - YIELD, MEASURED IN BU / ACRE","TOTAL","NOT SPECIFIED","151.2","7.6"
"SURVEY","2022","YEAR","","COUNTY","WISCONSIN","55","WEST CENTRAL","40","JACKSON","053","","","00000000","","CORN","CORN, GRAIN - YIELD, MEASURED IN BU / ACRE","TOTAL","NOT SPECIFIED","161.3","3.8"
"SURVEY","2022","YEAR","","COUNTY","WISCONSIN","55","WEST CENTRAL","40","LA CROSSE","063","","","00000000","","CORN","CORN, GRAIN - YIELD, MEASURED IN BU / ACRE","TOTAL","NOT SPECIFIED","171.9","4.3"
"SURVEY","2022","YEAR","","COUNTY","WISCONSIN","55","WEST CENTRAL","40","MONROE","081","","","00000000","","CORN","CORN, GRAIN - YIELD, MEASURED IN BU / ACRE","TOTAL","NOT SPECIFIED","162.5","3.7"
"SURVEY","2022","YEAR","","COUNTY","WISCONSIN","55","WEST CENTRAL","40","PEPIN","091","","","00000000","","CORN","CORN, GRAIN - YIELD, MEASURED IN BU / ACRE","TOTAL","NOT SPECIFIED","172","3.0"
"SURVEY","2022","YEAR","","COUNTY","WISCONSIN","55","WEST CENTRAL","40","PIERCE","093","","","00000000","","CORN","CORN, GRAIN - YIELD, MEASURED IN BU / ACRE","TOTAL","NOT SPECIFIED","181.3","2.1"
"SURVEY","2022","YEAR","","COUNTY","WISCONSIN","55","WEST CENTRAL","40","ST CROIX","109","","","00000000","","CORN","CORN, GRAIN - YIELD, MEASURED IN BU / ACRE","TOTAL","NOT SPECIFIED","166","4.2"
"SURVEY","2022","YEAR","","COUNTY","WISCONSIN","55","WEST CENTRAL","40","TREMPEALEAU","121","","","00000000","","CORN","CORN, GRAIN - YIELD, MEASURED IN BU / ACRE","TOTAL","NOT SPECIFIED","167","1.7"
"SURVEY","2021","YEAR","","COUNTY","COLORADO","08","","99","OTHER COUNTIES","","","","00000000","","CORN","CORN, GRAIN - YIELD, MEASURED IN BU / ACRE","TOTAL","NOT SPECIFIED","138.9","5.1"
"SURVEY","2021","YEAR","","COUNTY","COLORADO","08","EAST CENTRAL","60","ADAMS","001","","","00000000","","CORN","CORN, GRAIN - YIELD, MEASURED IN BU / ACRE","TOTAL","NOT SPECIFIED","40.6","22.2"
"SURVEY","2021","YEAR","","COUNTY","COLORADO","08","EAST CENTRAL","60","CHEYENNE","017","","","00000000","","CORN","CORN, GRAIN - YIELD, MEASURED IN BU / ACRE","TOTAL","NOT SPECIFIED","67.7","15.0"
"SURVEY","2021","YEAR","","COUNTY","COLORADO","08","EAST CENTRAL","60","ELBERT","039","","","00000000","","CORN","CORN, GRAIN - YIELD, MEASURED IN BU / ACRE","TOTAL","NOT SPECIFIED","26.4","51.3"
"SURVEY","2021","YEAR","","COUNTY","COLORADO","08","EAST CENTRAL","60","KIOWA","061","","","00000000","","CORN","CORN, GRAIN - YIELD, MEASURED IN BU / ACRE","TOTAL","NOT SPECIFIED","39.2","47.0"
"SURVEY","2021","YEAR","","COUNTY","COLORADO","08","EAST CENTRAL","60","KIT CARSON","063","","","00000000","","CORN","CORN, GRAIN - YIELD, MEASURED IN BU / ACRE","TOTAL","NOT SPECIFIED","106.5","8.0"
"SURVEY","2021","YEAR","","COUNTY","COLORADO","08","EAST CENTRAL","60","LINCOLN","073","","","00000000","","CORN","CORN, GRAIN - YIELD, MEASURED IN BU / ACRE","TOTAL","NOT SPECIFIED","38","8.6"
"SURVEY","2021","YEAR","","COUNTY","COLORADO","08","EAST CENTRAL","60","PHILLIPS","095","","","00000000","","CORN","CORN, GRAIN - YIELD, MEASURED IN BU / ACRE","TOTAL","NOT SPECIFIED","138.4","15.8"
"SURVEY","2021","YEAR","","COUNTY","COLORADO","08","EAST CENTRAL","60","WASHINGTON","121","","","00000000","","CORN","CORN, GRAIN - YIELD, MEASURED IN BU / ACRE","TOTAL","NOT SPECIFIED","46.7","14.2"
"SURVEY","2021","YEAR","","COUNTY","COLORADO","08","EAST CENTRAL","60","YUMA","125","","","00000000","","CORN","CORN, GRAIN - YIELD, MEASURED IN BU / ACRE","TOTAL","NOT SPECIFIED","187.6","5.6"
"SURVEY","2021","YEAR","","COUNTY","COLORADO","08","NORTHEAST","20","LOGAN","075","","","00000000","","CORN","CORN, GRAIN - YIELD, MEASURED IN BU / ACRE","TOTAL","NOT SPECIFIED","154","11.8"
"SURVEY","2021","YEAR","","COUNTY","COLORADO","08","NORTHEAST","20","MORGAN","087","","","00000000","","CORN","CORN, GRAIN - YIELD, MEASURED IN BU / ACRE","TOTAL","NOT SPECIFIED","193","7.4"
"SURVEY","2021","YEAR","","COUNTY","COLORADO","08","NORTHEAST","20","WELD","123","","","00000000","","CORN","CORN, GRAIN - YIELD, MEASURED IN BU / ACRE","TOTAL","NOT SPECIFIED","168.7","10.2"
"SURVEY","2021","YEAR","","COUNTY","COLORADO","08","SOUTHEAST","90","BENT","011","","","00000000","","CORN","CORN, GRAIN - YIELD, MEASURED IN BU / ACRE","TOTAL","NOT SPECIFIED","185.3","9.3"
"SURVEY","2021","YEAR","","COUNTY","COLORADO","08","SOUTHEAST","90","PUEBLO","101","","","00000000","","CORN","CORN, GRAIN - YIELD, MEASURED IN BU / ACRE","TOTAL","NOT SPECIFIED","204.5","16.3"
"SURVEY","2021","YEAR","","COUNTY","COLORADO","08","SOUTHWEST","70","DELTA","029","","","00000000","","CORN","CORN, GRAIN - YIELD, MEASURED IN BU / ACRE","TOTAL","NOT SPECIFIED","215.8","7.9"
"SURVEY","2021","YEAR","","COUNTY","COLORADO","08","SOUTHWEST","70","MESA","077","","","00000000","","CORN","CORN, GRAIN - YIELD, MEASURED IN BU / ACRE","TOTAL","NOT SPECIFIED","221.8","5.5"
"SURVEY","2021","YEAR","","COUNTY","MISSOURI","29","","99","OTHER COUNTIES","","","","00000000","","CORN","CORN, GRAIN - YIELD, MEASURED IN BU / ACRE","TOTAL","NOT SPECIFIED","157.2","0.9"
"SURVEY","2021","YEAR","","COUNTY","MISSOURI","29","CENTRAL","50","BOONE","019","","","00000000","","CORN","CORN, GRAIN - YIELD, MEASURED IN BU / ACRE","TOTAL","NOT SPECIFIED","136.3","6.5"
"SURVEY","2021","YEAR","","COUNTY","MISSOURI","29","CENTRAL","50","COLE","051","","","00000000","","CORN","CORN, GRAIN - YIELD, MEASURED IN BU / ACRE","TOTAL","NOT SPECIFIED","129","7.2"
"SURVEY","2021","YEAR","","COUNTY","MISSOURI","29","CENTRAL","50","COOPER","053","","","00000000","","CORN","CORN, GRAIN - YIELD, MEASURED IN BU / ACRE","TOTAL","NOT SPECIFIED","132.1","6.1"
"SURVEY","2021","YEAR","","COUNTY","MISSOURI","29","CENTRAL","50","DALLAS","059","","","00000000","","CORN","CORN, GRAIN - YIELD, MEASURED IN BU / ACRE","TOTAL","NOT SPECIFIED","139.3","4.4"
"SURVEY","2021","YEAR","","COUNTY","MISSOURI","29","CENTRAL","50","HICKORY","085","","","00000000","","CORN","CORN, GRAIN - YIELD, MEASURED IN BU / ACRE","TOTAL","NOT SPECIFIED","143.1","8.7"
"SURVEY","2021","YEAR","","COUNTY","MISSOURI","29","CENTRAL","50","HOWARD","089","","","00000000","","CORN","CORN, GRAIN - YIELD, MEASURED IN BU / ACRE","TOTAL","NOT SPECIFIED","129.2","7.2"
"SURVEY","2021","YEAR","","COUNTY","MISSOURI","29","CENTRAL","50","LACLEDE","105","","","00000000","","CORN","CORN, GRAIN - YIELD, MEASURED IN BU / ACRE","TOTAL","NOT SPECIFIED","129.5","8.9"
"SURVEY","2021","YEAR","","COUNTY","MISSOURI","29","CENTRAL","50","MARIES","125","","","00000000","","CORN","CORN, GRAIN - YIELD, MEASURED IN BU / ACRE","TOTAL","NOT SPECIFIED","132.4","6.9"
"SURVEY","2021","YEAR","","COUNTY","MISSOURI","29","CENTRAL","50","MILLER","131","","","00000000","","CORN","CORN, GRAIN - YIELD, MEASURED IN BU / ACRE","TOTAL","NOT SPECIFIED","134.2","9.8"
"SURVEY","2021","YEAR","","COUNTY","MISSOURI","29","CENTRAL","50","MONITEAU","135","","","00000000","","CORN","CORN, GRAIN - YIELD, MEASURED IN BU / ACRE","TOTAL","NOT SPECIFIED","110.8","8.2"
"SURVEY","2021","YEAR","","COUNTY","MISSOURI","29","CENTRAL","50","MORGAN","141","","","00000000","","CORN","CORN, GRAIN - YIELD, MEASURED IN BU / ACRE","TOTAL","NOT SPECIFIED","90.5","12.5"
"SURVEY","2021","YEAR","","COUNTY","MISSOURI","29","CENTRAL","50","OSAGE","151","","","00000000","","CORN","CORN, GRAIN - YIELD, MEASURED IN BU / ACRE","TOTAL","NOT SPECIFIED","137.6","5.4"
"SURVEY","2021","YEAR","","COUNTY","MISSOURI","29","CENTRAL","50","PETTIS","159","","","00000000","","CORN","CORN, GRAIN - YIELD, MEASURED IN BU / ACRE","TOTAL","NOT SPECIFIED","121.4","6.4"
"SURVEY","2021","YEAR","","COUNTY","MISSOURI","29","EAST","60","FRANKLIN","071","","","00000000","","CORN","CORN, GRAIN - YIELD, MEASURED IN BU / ACRE","TOTAL","NOT SPECIFIED","190.9","4.5"
"SURVEY","2021","YEAR","","COUNTY","MISSOURI","29","EAST","60","GASCONADE","073","","","00000000","","CORN","CORN, GRAIN - YIELD, MEASURED IN BU / ACRE","TOTAL","NOT SPECIFIED","137.9","6.9"
"SURVEY","2021","YEAR","","COUNTY","MISSOURI","29","EAST","60","JEFFERSON","099","","","00000000","","CORN","CORN, GRAIN - YIELD, MEASURED IN BU / ACRE","TOTAL","NOT SPECIFIED","145.2","8.3"
"SURVEY","2021","YEAR","","COUNTY","MISSOURI","29","EAST","60","LINCOLN","113","","","00000000","","CORN","CORN, GRAIN - YIELD, MEASURED IN BU / ACRE","TOTAL","NOT SPECIFIED","146.7","6.3"
"SURVEY","2021","YEAR","","COUNTY","MISSOURI","29","EAST","60","MONTGOMERY","139","","","00000000","","CORN","CORN, GRAIN - YIELD, MEASURED IN BU / ACRE","TOTAL","NOT SPECIFIED","122.9","5.0"
"SURVEY","2021","YEAR","","COUNTY","MISSOURI","29","EAST","60","PERRY","157","","","00000000","","CORN","CORN, GRAIN - YIELD, MEASURED IN BU / ACRE","TOTAL","NOT SPECIFIED","177.4","4.8"
"SURVEY","2021","YEAR","","COUNTY","MISSOURI","29","EAST","60","ST CHARLES","183","","","00000000","","CORN","CORN, GRAIN - YIELD, MEASURED IN BU / ACRE","TOTAL","NOT SPECIFIED","182.9","3.1"
"SURVEY","2021","YEAR","","COUNTY","MISSOURI","29","EAST","60","ST FRANCOIS","187","","","00000000","","CORN","CORN, GRAIN - YIELD, MEASURED IN BU / ACRE","TOTAL","NOT SPECIFIED","164","10.3"
"SURVEY","2021","YEAR","","COUNTY","MISSOURI","29","EAST","60","ST LOUIS","189","","","00000000","","CORN","CORN, GRAIN - YIELD, MEASURED IN BU / ACRE","TOTAL","NOT SPECIFIED","170.5","6.3"
"SURVEY","2021","YEAR","","COUNTY","MISSOURI","29","EAST","60","STE GENEVIEVE","186","","","00000000","","CORN","CORN, GRAIN - YIELD, MEASURED IN BU / ACRE","TOTAL","NOT SPECIFIED","177.8","2.1"
"SURVEY","2021","YEAR","","COUNTY","MISSOURI","29","EAST","60","WARREN","219","","","00000000","","CORN","CORN, GRAIN - YIELD, MEASURED IN BU / ACRE","TOTAL","NOT SPECIFIED","150.5","6.9"
"SURVEY","2021","YEAR","","COUNTY","MISSOURI","29","NORTH CENTRAL","20","ADAIR","001","","","00000000","","CORN","CORN, GRAIN - YIELD, MEASURED IN BU / ACRE","TOTAL","NOT SPECIFIED","169.5","2.2"
"SURVEY","2021","YEAR","","COUNTY","MISSOURI","29","NORTH CENTRAL","20","GRUNDY","079","","","00000000","","CORN","CORN, GRAIN - YIELD, MEASURED IN BU / ACRE","TOTAL","NOT SPECIFIED","128.9","4.7"
"SURVEY","2021","YEAR","","COUNTY","MISSOURI","29","NORTH CENTRAL","20","LINN","115","","","00000000","","CORN","CORN, GRAIN - YIELD, MEASURED IN BU / ACRE","TOTAL","NOT SPECIFIED","126.9","9.7"
"SURVEY","2021","YEAR","","COUNTY","MISSOURI","29","NORTH CENTRAL","20","RANDOLPH","175","","","00000000","","CORN","CORN, GRAIN - YIELD, MEASURED IN BU / ACRE","TOTAL","NOT SPECIFIED","151.7","3.4"
"SURVEY","2021","YEAR","","COUNTY","MISSOURI","29","NORTHEAST","30","MARION","127","","","00000000","","CORN","CORN, GRAIN - YIELD, MEASURED IN BU / ACRE","TOTAL","NOT SPECIFIED","153","8.6"
"SURVEY","2021","YEAR","","COUNTY","MISSOURI","29","NORTHEAST","30","MONROE","137","","","00000000","","CORN","CORN, GRAIN - YIELD, MEASURED IN BU / ACRE","TOTAL","NOT SPECIFIED","148.4","4.8"
"SURVEY","2021","YEAR","","COUNTY","MISSOURI","29","NORTHEAST","30","RALLS","173","","","00000000","","CORN","CORN, GRAIN - YIELD, MEASURED IN BU / ACRE","TOTAL","NOT SPECIFIED","147.5","4.9"
"SURVEY","2021","YEAR","","COUNTY","MISSOURI","29","NORTHEAST","30","SHELBY","205","","","00000000","","CORN","CORN, GRAIN - YIELD, MEASURED IN BU / ACRE","TOTAL","NOT SPECIFIED","154.9","4.5"
"SURVEY","2021","YEAR","","COUNTY","MISSOURI","29","NORTHWEST","10","ATCHISON","005","","","00000000","","CORN","CORN, GRAIN - YIELD, MEASURED IN BU / ACRE","TOTAL","NOT SPECIFIED","211","2.0"
"SURVEY","2021","YEAR","","COUNTY","MISSOURI","29","NORTHWEST","10","BUCHANAN","021","","","00000000","","CORN","CORN, GRAIN - YIELD, MEASURED IN BU / ACRE","TOTAL","NOT SPECIFIED","171.3","5.4"
"SURVEY","2021","YEAR","","COUNTY","MISSOURI","29","NORTHWEST","10","CALDWELL","025","","","00000000","","CORN","CORN, GRAIN - YIELD, MEASURED IN BU / ACRE","TOTAL","NOT SPECIFIED","134.7","2.8"
"SURVEY","2021","YEAR","","COUNTY","MISSOURI","29","NORTHWEST","10","CLAY","047","","","00000000","","CORN","CORN, GRAIN - YIELD, MEASURED IN BU / ACRE","TOTAL","NOT SPECIFIED","154.2","5.5"
"SURVEY","2021","YEAR","","COUNTY","MISSOURI","29","NORTHWEST","10","CLINTON","049","","","00000000","","CORN","CORN, GRAIN - YIELD, MEASURED IN BU / ACRE","TOTAL","NOT SPECIFIED","169.2","2.4"
"SURVEY","2021","YEAR","","COUNTY","MISSOURI","29","NORTHWEST","10","DAVIESS","061","","","00000000","","CORN","CORN, GRAIN - YIELD, MEASURED IN BU / ACRE","TOTAL","NOT SPECIFIED","142","5.3"
"SURVEY","2021","YEAR","","COUNTY","MISSOURI","29","NORTHWEST","10","DE KALB","063","","","00000000","","CORN","CORN, GRAIN - YIELD, MEASURED IN BU / ACRE","TOTAL","NOT SPECIFIED","157.2","5.6"
"SURVEY","2021","YEAR","","COUNTY","MISSOURI","29","NORTHWEST","10","HARRISON","081","","","00000000","","CORN","CORN, GRAIN - YIELD, MEASURED IN BU / ACRE","TOTAL","NOT SPECIFIED","155.9","3.5"
"SURVEY","2021","YEAR","","COUNTY","MISSOURI","29","NORTHWEST","10","PLATTE","165","","","00000000","","CORN","CORN, GRAIN - YIELD, MEASURED IN BU / ACRE","TOTAL","NOT SPECIFIED","178.8","3.5"
"SURVEY","2021","YEAR","","COUNTY","MISSOURI","29","NORTHWEST","10","RAY","177","","","00000000","","CORN","CORN, GRAIN - YIELD, MEASURED IN BU / ACRE","TOTAL","NOT SPECIFIED","151.5","4.3"
"SURVEY","2021","YEAR","","COUNTY","MISSOURI","29","NORTHWEST","10","WORTH","227","","","00000000","","CORN","CORN, GRAIN - YIELD, MEASURED IN BU / ACRE","TOTAL","NOT SPECIFIED","173.6","5.1"
"SURVEY","2021","YEAR","","COUNTY","MISSOURI","29","SOUTH CENTRAL","80","BOLLINGER","017","","","00000000","","CORN","CORN, GRAIN - YIELD, MEASURED IN BU / ACRE","TOTAL","NOT SPECIFIED","173.5","6.0"
"SURVEY","2021","YEAR","","COUNTY","MISSOURI","29","SOUTH CENTRAL","80","WEBSTER","225","","","00000000","","CORN","CORN, GRAIN - YIELD, MEASURED IN BU / ACRE","TOTAL","NOT SPECIFIED","138","9.6"
"SURVEY","2021","YEAR","","COUNTY","MISSOURI","29","SOUTHEAST","90","BUTLER","023","","","00000000","","CORN","CORN, GRAIN - YIELD, MEASURED IN BU / ACRE","TOTAL","NOT SPECIFIED","192.1","2.8"
"SURVEY","2021","YEAR","","COUNTY","MISSOURI","29","SOUTHEAST","90","CAPE GIRARDEAU","031","","","00000000","","CORN","CORN, GRAIN - YIELD, MEASURED IN BU / ACRE","TOTAL","NOT SPECIFIED","167.1","4.1"
"SURVEY","2021","YEAR","","COUNTY","MISSOURI","29","SOUTHEAST","90","DUNKLIN","069","","","00000000","","CORN","CORN, GRAIN - YIELD, MEASURED IN BU / ACRE","TOTAL","NOT SPECIFIED","191","3.7"
"SURVEY","2021","YEAR","","COUNTY","MISSOURI","29","SOUTHEAST","90","MISSISSIPPI","133","","","00000000","","CORN","CORN, GRAIN - YIELD, MEASURED IN BU / ACRE","TOTAL","NOT SPECIFIED","187.4","2.5"
"SURVEY","2021","YEAR","","COUNTY","MISSOURI","29","SOUTHEAST","90","NEW MADRID","143","","","00000000","","CORN","CORN, GRAIN - YIELD, MEASURED IN BU / ACRE","TOTAL","NOT SPECIFIED","194.4","2.9"
"SURVEY","2021","YEAR","","COUNTY","MISSOURI","29","SOUTHEAST","90","PEMISCOT","155","","","00000000","","CORN","CORN, GRAIN - YIELD, MEASURED IN BU / ACRE","TOTAL","NOT SPECIFIED","182.6","3.4"
"SURVEY","2021","YEAR","","COUNTY","MISSOURI","29","SOUTHEAST","90","SCOTT","201","","","00000000","","CORN","CORN, GRAIN - YIELD, MEASURED IN BU / ACRE","TOTAL","NOT SPECIFIED","189.1","2.2"
"SURVEY","2021","YEAR","","COUNTY","MISSOURI","29","SOUTHEAST","90","STODDARD","207","","","00000000","","CORN","CORN, GRAIN - YIELD, MEASURED IN BU / ACRE","TOTAL","NOT SPECIFIED","192.5","3.5"
"SURVEY","2021","YEAR","","COUNTY","MISSOURI","29","SOUTHWEST","70","BARRY","009","","","00000000","","CORN","CORN, GRAIN - YIELD, MEASURED IN BU / ACRE","TOTAL","NOT SPECIFIED","146.1","7.1"
"SURVEY","2021","YEAR","","COUNTY","MISSOURI","29","SOUTHWEST","70","BARTON","011","","","00000000","","CORN","CORN, GRAIN - YIELD, MEASURED IN BU / ACRE","TOTAL","NOT SPECIFIED","179","2.9"
"SURVEY","2021","YEAR","","COUNTY","MISSOURI","29","SOUTHWEST","70","DADE","057","","","00000000","","CORN","CORN, GRAIN - YIELD, MEASURED IN BU / ACRE","TOTAL","NOT SPECIFIED","138.7","6.6"
"SURVEY","2021","YEAR","","COUNTY","MISSOURI","29","SOUTHWEST","70","GREENE","077","","","00000000","","CORN","CORN, GRAIN - YIELD, MEASURED IN BU / ACRE","TOTAL","NOT SPECIFIED","139.9","5.3"
"SURVEY","2021","YEAR","","COUNTY","MISSOURI","29","SOUTHWEST","70","LAWRENCE","109","","","00000000","","CORN","CORN, GRAIN - YIELD, MEASURED IN BU / ACRE","TOTAL","NOT SPECIFIED","152","1.4"
"SURVEY","2021","YEAR","","COUNTY","MISSOURI","29","SOUTHWEST","70","NEWTON","145","","","00000000","","CORN","CORN, GRAIN - YIELD, MEASURED IN BU / ACRE","TOTAL","NOT SPECIFIED","153.7","5.0"
"SURVEY","2021","YEAR","","COUNTY","MISSOURI","29","WEST","40","BATES","013","","","00000000","","CORN","CORN, GRAIN - YIELD, MEASURED IN BU / ACRE","TOTAL","NOT SPECIFIED","153.1","9.8"
"SURVEY","2021","YEAR","","COUNTY","MISSOURI","29","WEST","40","CASS","037","","","00000000","","CORN","CORN, GRAIN - YIELD, MEASURED IN BU / ACRE","TOTAL","NOT SPECIFIED","109.3","8.0"
"SURVEY","2021","YEAR","","COUNTY","MISSOURI","29","WEST","40","CEDAR","039","","","00000000","","CORN","CORN, GRAIN - YIELD, MEASURED IN BU / ACRE","TOTAL","NOT SPECIFIED","137.5","5.5"
"SURVEY","2021","YEAR","","COUNTY","MISSOURI","29","WEST","40","HENRY","083","","","00000000","","CORN","CORN, GRAIN - YIELD, MEASURED IN BU / ACRE","TOTAL","NOT SPECIFIED","111.4","9.6"
"SURVEY","2021","YEAR","","COUNTY","MISSOURI","29","WEST","40","JOHNSON","101","","","00000000","","CORN","CORN, GRAIN - YIELD, MEASURED IN BU / ACRE","TOTAL","NOT SPECIFIED","128.8","7.0"
"SURVEY","2021","YEAR","","COUNTY","MISSOURI","29","WEST","40","ST CLAIR","185","","","00000000","","CORN","CORN, GRAIN - YIELD, MEASURED IN BU / ACRE","TOTAL","NOT SPECIFIED","137.1","6.8"
"SURVEY","2021","YEAR","","COUNTY","WISCONSIN","55","","99","OTHER COUNTIES","","","","00000000","","CORN","CORN, GRAIN - YIELD, MEASURED IN BU / ACRE","TOTAL","NOT SPECIFIED","136.7","1.8"
"SURVEY","2021","YEAR","","COUNTY","WISCONSIN","55","CENTRAL","50","ADAMS","001","","","00000000","","CORN","CORN, GRAIN - YIELD, MEASURED IN BU / ACRE","TOTAL","NOT SPECIFIED","128.8","7.3"
"SURVEY","2021","YEAR","","COUNTY","WISCONSIN","55","CENTRAL","50","GREEN LAKE","047","","","00000000","","CORN","CORN, GRAIN - YIELD, MEASURED IN BU / ACRE","TOTAL","NOT SPECIFIED","178.4","4.5"
"SURVEY","2021","YEAR","","COUNTY","WISCONSIN","55","CENTRAL","50","JUNEAU","057","","","00000000","","CORN","CORN, GRAIN - YIELD, MEASURED IN BU / ACRE","TOTAL","NOT SPECIFIED","155.3","4.6"
"SURVEY","2021","YEAR","","COUNTY","WISCONSIN","55","CENTRAL","50","MARQUETTE","077","","","00000000","","CORN","CORN, GRAIN - YIELD, MEASURED IN BU / ACRE","TOTAL","NOT SPECIFIED","141.5","4.5"
"SURVEY","2021","YEAR","","COUNTY","WISCONSIN","55","CENTRAL","50","PORTAGE","097","","","00000000","","CORN","CORN, GRAIN - YIELD, MEASURED IN BU / ACRE","TOTAL","NOT SPECIFIED","167","4.7"
"SURVEY","2021","YEAR","","COUNTY","WISCONSIN","55","CENTRAL","50","WAUPACA","135","","","00000000","","CORN","CORN, GRAIN - YIELD, MEASURED IN BU / ACRE","TOTAL","NOT SPECIFIED","171.7","4.9"
"SURVEY","2021","YEAR","","COUNTY","WISCONSIN","55","CENTRAL","50","WAUSHARA","137","","","00000000","","CORN","CORN, GRAIN - YIELD, MEASURED IN BU / ACRE","TOTAL","NOT SPECIFIED","187.8","4.2"
"SURVEY","2021","YEAR","","COUNTY","WISCONSIN","55","CENTRAL","50","WOOD","141","","","00000000","","CORN","CORN, GRAIN - YIELD, MEASURED IN BU / ACRE","TOTAL","NOT SPECIFIED","172.1","4.9"
"SURVEY","2021","YEAR","","COUNTY","WISCONSIN","55","EAST CENTRAL","60","BROWN","009","","","00000000","","CORN","CORN, GRAIN - YIELD, MEASURED IN BU / ACRE","TOTAL","NOT SPECIFIED","173.9","3.1"
"SURVEY","2021","YEAR","","COUNTY","WISCONSIN","55","EAST CENTRAL","60","CALUMET","015","","","00000000","","CORN","CORN, GRAIN - YIELD, MEASURED IN BU / ACRE","TOTAL","NOT SPECIFIED","186.6","2.4"
"SURVEY","2021","YEAR","","COUNTY","WISCONSIN","55","EAST CENTRAL","60","DOOR","029","","","00000000","","CORN","CORN, GRAIN - YIELD, MEASURED IN BU / ACRE","TOTAL","NOT SPECIFIED","176","3.5"
"SURVEY","2021","YEAR","","COUNTY","WISCONSIN","55","EAST CENTRAL","60","FOND DU LAC","039","","","00000000","","CORN","CORN, GRAIN - YIELD, MEASURED IN BU / ACRE","TOTAL","NOT SPECIFIED","194.5","3.7"
"SURVEY","2021","YEAR","","COUNTY","WISCONSIN","55","EAST CENTRAL","60","KEWAUNEE","061","","","00000000","","CORN","CORN, GRAIN - YIELD, MEASURED IN BU / ACRE","TOTAL","NOT SPECIFIED","182.4","3.0"
"SURVEY","2021","YEAR","","COUNTY","WISCONSIN","55","EAST CENTRAL","60","MANITOWOC","071","","","00000000","","CORN","CORN, GRAIN - YIELD, MEASURED IN BU / ACRE","TOTAL","NOT SPECIFIED","189.4","1.4"
"SURVEY","2021","YEAR","","COUNTY","WISCONSIN","55","EAST CENTRAL","60","OUTAGAMIE","087","","","00000000","","CORN","CORN, GRAIN - YIELD, MEASURED IN BU / ACRE","TOTAL","NOT SPECIFIED","181.4","4.1"
"SURVEY","2021","YEAR","","COUNTY","WISCONSIN","55","EAST CENTRAL","60","SHEBOYGAN","117","","","00000000","","CORN","CORN, GRAIN - YIELD, MEASURED IN BU / ACRE","TOTAL","NOT SPECIFIED","178.4","2.2"
"SURVEY","2021","YEAR","","COUNTY","WISCONSIN","55","EAST CENTRAL","60","WINNEBAGO","139","","","00000000","","CORN","CORN, GRAIN - YIELD, MEASURED IN BU / ACRE","TOTAL","NOT SPECIFIED","173.3","2.1"
"SURVEY","2021","YEAR","","COUNTY","WISCONSIN","55","NORTH CENTRAL","20","CLARK","019","","","00000000","","CORN","CORN, GRAIN - YIELD, MEASURED IN BU / ACRE","TOTAL","NOT SPECIFIED","162.7","4.7"
"SURVEY","2021","YEAR","","COUNTY","WISCONSIN","55","NORTH CENTRAL","20","LINCOLN","069","","","00000000","","CORN","CORN, GRAIN - YIELD, MEASURED IN BU / ACRE","TOTAL","NOT SPECIFIED","159.7","3.2"
"SURVEY","2021","YEAR","","COUNTY","WISCONSIN","55","NORTH CENTRAL","20","MARATHON","073","","","00000000","","CORN","CORN, GRAIN - YIELD, MEASURED IN BU / ACRE","TOTAL","NOT SPECIFIED","156.7","7.0"
"SURVEY","2021","YEAR","","COUNTY","WISCONSIN","55","NORTH CENTRAL","20","PRICE","099","","","00000000","","CORN","CORN, GRAIN - YIELD, MEASURED IN BU / ACRE","TOTAL","NOT SPECIFIED","126.8","5.5"
"SURVEY","2021","YEAR","","COUNTY","WISCONSIN","55","NORTH CENTRAL","20","TAYLOR","119","","","00000000","","CORN","CORN, GRAIN - YIELD, MEASURED IN BU / ACRE","TOTAL","NOT SPECIFIED","174.3","4.7"
"SURVEY","2021","YEAR","","COUNTY","WISCONSIN","55","NORTHEAST","30","LANGLADE","067","","","00000000","","CORN","CORN, GRAIN - YIELD, MEASURED IN BU / ACRE","TOTAL","NOT SPECIFIED","166.5","4.7"
"SURVEY","2021","YEAR","","COUNTY","WISCONSIN","55","NORTHEAST","30","MARINETTE","075","","","00000000","","CORN","CORN, GRAIN - YIELD, MEASURED IN BU / ACRE","TOTAL","NOT SPECIFIED","169.6","3.3"
"SURVEY","2021","YEAR","","COUNTY","WISCONSIN","55","NORTHEAST","30","OCONTO","083","","","00000000","","CORN","CORN, GRAIN - YIELD, MEASURED IN BU / ACRE","TOTAL","NOT SPECIFIED","168.7","3.7"
"SURVEY","2021","YEAR","","COUNTY","WISCONSIN","55","NORTHEAST","30","SHAWANO","115","","","00000000","","CORN","CORN, GRAIN - YIELD, MEASURED IN BU / ACRE","TOTAL","NOT SPECIFIED","176.2","2.1"
"SURVEY","2021","YEAR","","COUNTY","WISCONSIN","55","NORTHWEST","10","BARRON","005","","","00000000","","CORN","CORN, GRAIN - YIELD, MEASURED IN BU / ACRE","TOTAL","NOT SPECIFIED","169.1","1.7"
"SURVEY","2021","YEAR","","COUNTY","WISCONSIN","55","NORTHWEST","10","BAYFIELD","007","","","00000000","","CORN","CORN, GRAIN - YIELD, MEASURED IN BU / ACRE","TOTAL","NOT SPECIFIED","126.2","7.8"
"SURVEY","2021","YEAR","","COUNTY","WISCONSIN","55","NORTHWEST","10","BURNETT","013","","","00000000","","CORN","CORN, GRAIN - YIELD, MEASURED IN BU / ACRE","TOTAL","NOT SPECIFIED","137.7","5.1"
"SURVEY","2021","YEAR","","COUNTY","WISCONSIN","55","NORTHWEST","10","CHIPPEWA","017","","","00000000","","CORN","CORN, GRAIN - YIELD, MEASURED IN BU / ACRE","TOTAL","NOT SPECIFIED","170.3","2.6"
"SURVEY","2021","YEAR","","COUNTY","WISCONSIN","55","NORTHWEST","10","POLK","095","","","00000000","","CORN","CORN, GRAIN - YIELD, MEASURED IN BU / ACRE","TOTAL","NOT SPECIFIED","159.8","3.9"
"SURVEY","2021","YEAR","","COUNTY","WISCONSIN","55","NORTHWEST","10","RUSK","107","","","00000000","","CORN","CORN, GRAIN - YIELD, MEASURED IN BU / ACRE","TOTAL","NOT SPECIFIED","161.4","3.2"
"SURVEY","2021","YEAR","","COUNTY","WISCONSIN","55","NORTHWEST","10","SAWYER","113","","","00000000","","CORN","CORN, GRAIN - YIELD, MEASURED IN BU / ACRE","TOTAL","NOT SPECIFIED","150.9","5.8"
"SURVEY","2021","YEAR","","COUNTY","WISCONSIN","55","NORTHWEST","10","WASHBURN","129","","","00000000","","CORN","CORN, GRAIN - YIELD, MEASURED IN BU / ACRE","TOTAL","NOT SPECIFIED","167.3","4.3"
"SURVEY","2021","YEAR","","COUNTY","WISCONSIN","55","SOUTH CENTRAL","80","COLUMBIA","021","","","00000000","","CORN","CORN, GRAIN - YIELD, MEASURED IN BU / ACRE","TOTAL","NOT SPECIFIED","191.7","1.7"
"SURVEY","2021","YEAR","","COUNTY","WISCONSIN","55","SOUTH CENTRAL","80","DANE","025","","","00000000","","CORN","CORN, GRAIN - YIELD, MEASURED IN BU / ACRE","TOTAL","NOT SPECIFIED","192.4","3.9"
"SURVEY","2021","YEAR","","COUNTY","WISCONSIN","55","SOUTH CENTRAL","80","DODGE","027","","","00000000","","CORN","CORN, GRAIN - YIELD, MEASURED IN BU / ACRE","TOTAL","NOT SPECIFIED","199.5","1.0"
"SURVEY","2021","YEAR","","COUNTY","WISCONSIN","55","SOUTH CENTRAL","80","GREEN","045","","","00000000","","CORN","CORN, GRAIN - YIELD, MEASURED IN BU / ACRE","TOTAL","NOT SPECIFIED","196.7","1.7"
"SURVEY","2021","YEAR","","COUNTY","WISCONSIN","55","SOUTH CENTRAL","80","JEFFERSON","055","","","00000000","","CORN","CORN, GRAIN - YIELD, MEASURED IN BU / ACRE","TOTAL","NOT SPECIFIED","183.8","1.7"
"SURVEY","2021","YEAR","","COUNTY","WISCONSIN","55","SOUTH CENTRAL","80","ROCK","105","","","00000000","","CORN","CORN, GRAIN - YIELD, MEASURED IN BU / ACRE","TOTAL","NOT SPECIFIED","194.4","2.3"
"SURVEY","2021","YEAR","","COUNTY","WISCONSIN","55","SOUTHEAST","90","KENOSHA","059","","","00000000","","CORN","CORN, GRAIN - YIELD, MEASURED IN BU / ACRE","TOTAL","NOT SPECIFIED","175.1","4.2"
"SURVEY","2021","YEAR","","COUNTY","WISCONSIN","55","SOUTHEAST","90","MILWAUKEE","079","","","00000000","","CORN","CORN, GRAIN - YIELD, MEASURED IN BU / ACRE","TOTAL","NOT SPECIFIED","185.7","6.7"
"SURVEY","2021","YEAR","","COUNTY","WISCONSIN","55","SOUTHEAST","90","OZAUKEE","089","","","00000000","","CORN","CORN, GRAIN - YIELD, MEASURED IN BU / ACRE","TOTAL","NOT SPECIFIED","187.7","2.5"
"SURVEY","2021","YEAR","","COUNTY","WISCONSIN","55","SOUTHEAST","90","RACINE","101","","","00000000","","CORN","CORN, GRAIN - YIELD, MEASURED IN BU / ACRE","TOTAL","NOT SPECIFIED","181.2","3.4"
"SURVEY","2021","YEAR","","COUNTY","WISCONSIN","55","SOUTHEAST","90","WALWORTH","127","","","00000000","","CORN","CORN, GRAIN - YIELD, MEASURED IN BU / ACRE","TOTAL","NOT SPECIFIED","178.7","1.5"
"SURVEY","2021","YEAR","","COUNTY","WISCONSIN","55","SOUTHEAST","90","WASHINGTON","131","","","00000000","","CORN","CORN, GRAIN - YIELD, MEASURED IN BU / ACRE","TOTAL","NOT SPECIFIED","179.8","2.2"
"SURVEY","2021","YEAR","","COUNTY","WISCONSIN","55","SOUTHEAST","90","WAUKESHA","133","","","00000000","","CORN","CORN, GRAIN - YIELD, MEASURED IN BU / ACRE","TOTAL","NOT SPECIFIED","184.4","3.8"
"SURVEY","2021","YEAR","","COUNTY","WISCONSIN","55","SOUTHWEST","70","CRAWFORD","023","","","00000000","","CORN","CORN, GRAIN - YIELD, MEASURED IN BU / ACRE","TOTAL","NOT SPECIFIED","178.5","1.5"
"SURVEY","2021","YEAR","","COUNTY","WISCONSIN","55","SOUTHWEST","70","GRANT","043","","","00000000","","CORN","CORN, GRAIN - YIELD, MEASURED IN BU / ACRE","TOTAL","NOT SPECIFIED","208.3","2.3"
"SURVEY","2021","YEAR","","COUNTY","WISCONSIN","55","SOUTHWEST","70","IOWA","049","","","00000000","","CORN","CORN, GRAIN - YIELD, MEASURED IN BU / ACRE","TOTAL","NOT SPECIFIED","189.3","2.3"
"SURVEY","2021","YEAR","","COUNTY","WISCONSIN","55","SOUTHWEST","70","LAFAYETTE","065","","","00000000","","CORN","CORN, GRAIN - YIELD, MEASURED IN BU / ACRE","TOTAL","NOT SPECIFIED","210.9","1.8"
"SURVEY","2021","YEAR","","COUNTY","WISCONSIN","55","SOUTHWEST","70","RICHLAND","103","","","00000000","","CORN","CORN, GRAIN - YIELD, MEASURED IN BU / ACRE","TOTAL","NOT SPECIFIED","164.8","2.7"
"SURVEY","2021","YEAR","","COUNTY","WISCONSIN","55","SOUTHWEST","70","SAUK","111","","","00000000","","CORN","CORN, GRAIN - YIELD, MEASURED IN BU / ACRE","TOTAL","NOT SPECIFIED","171.3","2.7"
"SURVEY","2021","YEAR","","COUNTY","WISCONSIN","55","SOUTHWEST","70","VERNON","123","","","00000000","","CORN","CORN, GRAIN - YIELD, MEASURED IN BU / ACRE","TOTAL","NOT SPECIFIED","169.3","1.3"
"SURVEY","2021","YEAR","","COUNTY","WISCONSIN","55","WEST CENTRAL","40","BUFFALO","011","","","00000000","","CORN","CORN, GRAIN - YIELD, MEASURED IN BU / ACRE","TOTAL","NOT SPECIFIED","170.3","3.4"
"SURVEY","2021","YEAR","","COUNTY","WISCONSIN","55","WEST CENTRAL","40","DUNN","033","","","00000000","","CORN","CORN, GRAIN - YIELD, MEASURED IN BU / ACRE","TOTAL","NOT SPECIFIED","190.4","2.7"
"SURVEY","2021","YEAR","","COUNTY","WISCONSIN","55","WEST CENTRAL","40","EAU CLAIRE","035","","","00000000","","CORN","CORN, GRAIN - YIELD, MEASURED IN BU / ACRE","TOTAL","NOT SPECIFIED","177.9","4.0"
"SURVEY","2021","YEAR","","COUNTY","WISCONSIN","55","WEST CENTRAL","40","JACKSON","053","","","00000000","","CORN","CORN, GRAIN - YIELD, MEASURED IN BU / ACRE","TOTAL","NOT SPECIFIED","178.2","2.5"
"SURVEY","2021","YEAR","","COUNTY","WISCONSIN","55","WEST CENTRAL","40","LA CROSSE","063","","","00000000","","CORN","CORN, GRAIN - YIELD, MEASURED IN BU / ACRE","TOTAL","NOT SPECIFIED","172.3","2.8"
"SURVEY","2021","YEAR","","COUNTY","WISCONSIN","55","WEST CENTRAL","40","MONROE","081","","","00000000","","CORN","CORN, GRAIN - YIELD, MEASURED IN BU / ACRE","TOTAL","NOT SPECIFIED","146.3","9.8"
"SURVEY","2021","YEAR","","COUNTY","WISCONSIN","55","WEST CENTRAL","40","PEPIN","091","","","00000000","","CORN","CORN, GRAIN - YIELD, MEASURED IN BU / ACRE","TOTAL","NOT SPECIFIED","176.8","2.4"
"SURVEY","2021","YEAR","","COUNTY","WISCONSIN","55","WEST CENTRAL","40","PIERCE","093","","","00000000","","CORN","CORN, GRAIN - YIELD, MEASURED IN BU / ACRE","TOTAL","NOT SPECIFIED","185.9","2.8"
"SURVEY","2021","YEAR","","COUNTY","WISCONSIN","55","WEST CENTRAL","40","ST CROIX","109","","","00000000","","CORN","CORN, GRAIN - YIELD, MEASURED IN BU / ACRE","TOTAL","NOT SPECIFIED","171.7","2.2"
"SURVEY","2021","YEAR","","COUNTY","WISCONSIN","55","WEST CENTRAL","40","TREMPEALEAU","121","","","00000000","","CORN","CORN, GRAIN - YIELD, MEASURED IN BU / ACRE","TOTAL","NOT SPECIFIED","164.9","4.0"
"SURVEY","2020","YEAR","","COUNTY","COLORADO","08","","99","OTHER COUNTIES","","","","00000000","","CORN","CORN, GRAIN - YIELD, MEASURED IN BU / ACRE","TOTAL","NOT SPECIFIED","158.2","6.1"
"SURVEY","2020","YEAR","","COUNTY","COLORADO","08","EAST CENTRAL","60","ADAMS","001","","","00000000","","CORN","CORN, GRAIN - YIELD, MEASURED IN BU / ACRE","TOTAL","NOT SPECIFIED","42.1","31.0"
"SURVEY","2020","YEAR","","COUNTY","COLORADO","08","EAST CENTRAL","60","CHEYENNE","017","","","00000000","","CORN","CORN, GRAIN - YIELD, MEASURED IN BU / ACRE","TOTAL","NOT SPECIFIED","57.7","25.2"
"SURVEY","2020","YEAR","","COUNTY","COLORADO","08","EAST CENTRAL","60","ELBERT","039","","","00000000","","CORN","CORN, GRAIN - YIELD, MEASURED IN BU / ACRE","TOTAL","NOT SPECIFIED","34","6.2"
"SURVEY","2020","YEAR","","COUNTY","COLORADO","08","EAST CENTRAL","60","KIOWA","061","","","00000000","","CORN","CORN, GRAIN - YIELD, MEASURED IN BU / ACRE","TOTAL","NOT SPECIFIED","22.8","4.4"
"SURVEY","2020","YEAR","","COUNTY","COLORADO","08","EAST CENTRAL","60","KIT CARSON","063","","","00000000","","CORN","CORN, GRAIN - YIELD, MEASURED IN BU / ACRE","TOTAL","NOT SPECIFIED","87.3","8.4"
"SURVEY","2020","YEAR","","COUNTY","COLORADO","08","EAST CENTRAL","60","LINCOLN","073","","","00000000","","CORN","CORN, GRAIN - YIELD, MEASURED IN BU / ACRE","TOTAL","NOT SPECIFIED","38.6","13.2"
"SURVEY","2020","YEAR","","COUNTY","COLORADO","08","EAST CENTRAL","60","PHILLIPS","095","","","00000000","","CORN","CORN, GRAIN - YIELD, MEASURED IN BU / ACRE","TOTAL","NOT SPECIFIED","111.9","17.2"
"SURVEY","2020","YEAR","","COUNTY","COLORADO","08","EAST CENTRAL","60","WASHINGTON","121","","","00000000","","CORN","CORN, GRAIN - YIELD, MEASURED IN BU / ACRE","TOTAL","NOT SPECIFIED","64.3","15.7"
"SURVEY","2020","YEAR","","COUNTY","COLORADO","08","EAST CENTRAL","60","YUMA","125","","","00000000","","CORN","CORN, GRAIN - YIELD, MEASURED IN BU / ACRE","TOTAL","NOT SPECIFIED","174.8","4.5"
"SURVEY","2020","YEAR","","COUNTY","COLORADO","08","NORTHEAST","20","BOULDER","013","","","00000000","","CORN","CORN, GRAIN - YIELD, MEASURED IN BU / ACRE","TOTAL","NOT SPECIFIED","100","24.0"
"SURVEY","2020","YEAR","","COUNTY","COLORADO","08","NORTHEAST","20","LARIMER","069","","","00000000","","CORN","CORN, GRAIN - YIELD, MEASURED IN BU / ACRE","TOTAL","NOT SPECIFIED","128.2","9.4"
"SURVEY","2020","YEAR","","COUNTY","COLORADO","08","NORTHEAST","20","LOGAN","075","","","00000000","","CORN","CORN, GRAIN - YIELD, MEASURED IN BU / ACRE","TOTAL","NOT SPECIFIED","130.9","10.4"
"SURVEY","2020","YEAR","","COUNTY","COLORADO","08","NORTHEAST","20","MORGAN","087","","","00000000","","CORN","CORN, GRAIN - YIELD, MEASURED IN BU / ACRE","TOTAL","NOT SPECIFIED","146.1","10.3"
"SURVEY","2020","YEAR","","COUNTY","COLORADO","08","NORTHEAST","20","SEDGWICK","115","","","00000000","","CORN","CORN, GRAIN - YIELD, MEASURED IN BU / ACRE","TOTAL","NOT SPECIFIED","108.5","7.2"
"SURVEY","2020","YEAR","","COUNTY","COLORADO","08","SOUTHEAST","90","BACA","009","","","00000000","","CORN","CORN, GRAIN - YIELD, MEASURED IN BU / ACRE","TOTAL","NOT SPECIFIED","106.3","17.7"
"SURVEY","2020","YEAR","","COUNTY","COLORADO","08","SOUTHEAST","90","BENT","011","","","00000000","","CORN","CORN, GRAIN - YIELD, MEASURED IN BU / ACRE","TOTAL","NOT SPECIFIED","111.8","16.0"
"SURVEY","2020","YEAR","","COUNTY","COLORADO","08","SOUTHEAST","90","OTERO","089","","","00000000","","CORN","CORN, GRAIN - YIELD, MEASURED IN BU / ACRE","TOTAL","NOT SPECIFIED","182","6.5"
"SURVEY","2020","YEAR","","COUNTY","COLORADO","08","SOUTHEAST","90","PROWERS","099","","","00000000","","CORN","CORN, GRAIN - YIELD, MEASURED IN BU / ACRE","TOTAL","NOT SPECIFIED","170.1","10.2"
"SURVEY","2020","YEAR","","COUNTY","COLORADO","08","SOUTHEAST","90","PUEBLO","101","","","00000000","","CORN","CORN, GRAIN - YIELD, MEASURED IN BU / ACRE","TOTAL","NOT SPECIFIED","190.5","9.8"
"SURVEY","2020","YEAR","","COUNTY","COLORADO","08","SOUTHWEST","70","DELTA","029","","","00000000","","CORN","CORN, GRAIN - YIELD, MEASURED IN BU / ACRE","TOTAL","NOT SPECIFIED","191","9.7"
"SURVEY","2020","YEAR","","COUNTY","COLORADO","08","SOUTHWEST","70","MONTROSE","085","","","00000000","","CORN","CORN, GRAIN - YIELD, MEASURED IN BU / ACRE","TOTAL","NOT SPECIFIED","180.7","5.7"
"SURVEY","2020","YEAR","","COUNTY","MISSOURI","29","","99","OTHER COUNTIES","","","","00000000","","CORN","CORN, GRAIN - YIELD, MEASURED IN BU / ACRE","TOTAL","NOT SPECIFIED","177.9","1.2"
"SURVEY","2020","YEAR","","COUNTY","MISSOURI","29","CENTRAL","50","BENTON","015","","","00000000","","CORN","CORN, GRAIN - YIELD, MEASURED IN BU / ACRE","TOTAL","NOT SPECIFIED","149.6","5.4"
"SURVEY","2020","YEAR","","COUNTY","MISSOURI","29","CENTRAL","50","BOONE","019","","","00000000","","CORN","CORN, GRAIN - YIELD, MEASURED IN BU / ACRE","TOTAL","NOT SPECIFIED","157.5","6.3"
"SURVEY","2020","YEAR","","COUNTY","MISSOURI","29","CENTRAL","50","CALLAWAY","027","","","00000000","","CORN","CORN, GRAIN - YIELD, MEASURED IN BU / ACRE","TOTAL","NOT SPECIFIED","149","3.8"
"SURVEY","2020","YEAR","","COUNTY","MISSOURI","29","CENTRAL","50","COLE","051","","","00000000","","CORN","CORN, GRAIN - YIELD, MEASURED IN BU / ACRE","TOTAL","NOT SPECIFIED","150.8","7.2"
"SURVEY","2020","YEAR","","COUNTY","MISSOURI","29","CENTRAL","50","COOPER","053","","","00000000","","CORN","CORN, GRAIN - YIELD, MEASURED IN BU / ACRE","TOTAL","NOT SPECIFIED","163.8","4.2"
"SURVEY","2020","YEAR","","COUNTY","MISSOURI","29","CENTRAL","50","DALLAS","059","","","00000000","","CORN","CORN, GRAIN - YIELD, MEASURED IN BU / ACRE","TOTAL","NOT SPECIFIED","109","34.6"
"SURVEY","2020","YEAR","","COUNTY","MISSOURI","29","CENTRAL","50","HICKORY","085","","","00000000","","CORN","CORN, GRAIN - YIELD, MEASURED IN BU / ACRE","TOTAL","NOT SPECIFIED","93.5","12.3"
"SURVEY","2020","YEAR","","COUNTY","MISSOURI","29","CENTRAL","50","HOWARD","089","","","00000000","","CORN","CORN, GRAIN - YIELD, MEASURED IN BU / ACRE","TOTAL","NOT SPECIFIED","168.4","3.5"
"SURVEY","2020","YEAR","","COUNTY","MISSOURI","29","CENTRAL","50","LACLEDE","105","","","00000000","","CORN","CORN, GRAIN - YIELD, MEASURED IN BU / ACRE","TOTAL","NOT SPECIFIED","159.9","10.9"
"SURVEY","2020","YEAR","","COUNTY","MISSOURI","29","CENTRAL","50","MARIES","125","","","00000000","","CORN","CORN, GRAIN - YIELD, MEASURED IN BU / ACRE","TOTAL","NOT SPECIFIED","132.3","7.7"
"SURVEY","2020","YEAR","","COUNTY","MISSOURI","29","CENTRAL","50","MILLER","131","","","00000000","","CORN","CORN, GRAIN - YIELD, MEASURED IN BU / ACRE","TOTAL","NOT SPECIFIED","132.8","8.4"
"SURVEY","2020","YEAR","","COUNTY","MISSOURI","29","CENTRAL","50","MONITEAU","135","","","00000000","","CORN","CORN, GRAIN - YIELD, MEASURED IN BU / ACRE","TOTAL","NOT SPECIFIED","142.8","4.7"
"SURVEY","2020","YEAR","","COUNTY","MISSOURI","29","CENTRAL","50","MORGAN","141","","","00000000","","CORN","CORN, GRAIN - YIELD, MEASURED IN BU / ACRE","TOTAL","NOT SPECIFIED","144.3","3.1"
"SURVEY","2020","YEAR","","COUNTY","MISSOURI","29","CENTRAL","50","OSAGE","151","","","00000000","","CORN","CORN, GRAIN - YIELD, MEASURED IN BU / ACRE","TOTAL","NOT SPECIFIED","157.6","5.5"
"SURVEY","2020","YEAR","","COUNTY","MISSOURI","29","CENTRAL","50","PETTIS","159","","","00000000","","CORN","CORN, GRAIN - YIELD, MEASURED IN BU / ACRE","TOTAL","NOT SPECIFIED","151.4","5.2"
"SURVEY","2020","YEAR","","COUNTY","MISSOURI","29","CENTRAL","50","POLK","167","","","00000000","","CORN","CORN, GRAIN - YIELD, MEASURED IN BU / ACRE","TOTAL","NOT SPECIFIED","143.8","8.1"
"SURVEY","2020","YEAR","","COUNTY","MISSOURI","29","CENTRAL","50","SALINE","195","","","00000000","","CORN","CORN, GRAIN - YIELD, MEASURED IN BU / ACRE","TOTAL","NOT SPECIFIED","195.7","2.9"
"SURVEY","2020","YEAR","","COUNTY","MISSOURI","29","EAST","60","FRANKLIN","071","","","00000000","","CORN","CORN, GRAIN - YIELD, MEASURED IN BU / ACRE","TOTAL","NOT SPECIFIED","161.6","3.6"
"SURVEY","2020","YEAR","","COUNTY","MISSOURI","29","EAST","60","GASCONADE","073","","","00000000","","CORN","CORN, GRAIN - YIELD, MEASURED IN BU / ACRE","TOTAL","NOT SPECIFIED","149.2","7.3"
"SURVEY","2020","YEAR","","COUNTY","MISSOURI","29","EAST","60","JEFFERSON","099","","","00000000","","CORN","CORN, GRAIN - YIELD, MEASURED IN BU / ACRE","TOTAL","NOT SPECIFIED","149.1","6.2"
"SURVEY","2020","YEAR","","COUNTY","MISSOURI","29","EAST","60","LINCOLN","113","","","00000000","","CORN","CORN, GRAIN - YIELD, MEASURED IN BU / ACRE","TOTAL","NOT SPECIFIED","162.4","7.7"
"SURVEY","2020","YEAR","","COUNTY","MISSOURI","29","EAST","60","MONTGOMERY","139","","","00000000","","CORN","CORN, GRAIN - YIELD, MEASURED IN BU / ACRE","TOTAL","NOT SPECIFIED","158.3","6.6"
"SURVEY","2020","YEAR","","COUNTY","MISSOURI","29","EAST","60","PERRY","157","","","00000000","","CORN","CORN, GRAIN - YIELD, MEASURED IN BU / ACRE","TOTAL","NOT SPECIFIED","177.5","5.8"
"SURVEY","2020","YEAR","","COUNTY","MISSOURI","29","EAST","60","ST CHARLES","183","","","00000000","","CORN","CORN, GRAIN - YIELD, MEASURED IN BU / ACRE","TOTAL","NOT SPECIFIED","183.9","2.7"
"SURVEY","2020","YEAR","","COUNTY","MISSOURI","29","EAST","60","ST FRANCOIS","187","","","00000000","","CORN","CORN, GRAIN - YIELD, MEASURED IN BU / ACRE","TOTAL","NOT SPECIFIED","179.4","9.8"
"SURVEY","2020","YEAR","","COUNTY","MISSOURI","29","EAST","60","ST LOUIS","189","","","00000000","","CORN","CORN, GRAIN - YIELD, MEASURED IN BU / ACRE","TOTAL","NOT SPECIFIED","192.9","6.2"
"SURVEY","2020","YEAR","","COUNTY","MISSOURI","29","EAST","60","STE GENEVIEVE","186","","","00000000","","CORN","CORN, GRAIN - YIELD, MEASURED IN BU / ACRE","TOTAL","NOT SPECIFIED","161.2","3.0"
"SURVEY","2020","YEAR","","COUNTY","MISSOURI","29","EAST","60","WARREN","219","","","00000000","","CORN","CORN, GRAIN - YIELD, MEASURED IN BU / ACRE","TOTAL","NOT SPECIFIED","164.9","3.6"
"SURVEY","2020","YEAR","","COUNTY","MISSOURI","29","NORTH CENTRAL","20","ADAIR","001","","","00000000","","CORN","CORN, GRAIN - YIELD, MEASURED IN BU / ACRE","TOTAL","NOT SPECIFIED","176.2","3.1"
"SURVEY","2020","YEAR","","COUNTY","MISSOURI","29","NORTH CENTRAL","20","CARROLL","033","","","00000000","","CORN","CORN, GRAIN - YIELD, MEASURED IN BU / ACRE","TOTAL","NOT SPECIFIED","175.7","6.1"
"SURVEY","2020","YEAR","","COUNTY","MISSOURI","29","NORTH CENTRAL","20","CHARITON","041","","","00000000","","CORN","CORN, GRAIN - YIELD, MEASURED IN BU / ACRE","TOTAL","NOT SPECIFIED","173.9","2.3"
"SURVEY","2020","YEAR","","COUNTY","MISSOURI","29","NORTH CENTRAL","20","GRUNDY","079","","","00000000","","CORN","CORN, GRAIN - YIELD, MEASURED IN BU / ACRE","TOTAL","NOT SPECIFIED","158.5","2.3"
"SURVEY","2020","YEAR","","COUNTY","MISSOURI","29","NORTH CENTRAL","20","LINN","115","","","00000000","","CORN","CORN, GRAIN - YIELD, MEASURED IN BU / ACRE","TOTAL","NOT SPECIFIED","168.5","2.6"
"SURVEY","2020","YEAR","","COUNTY","MISSOURI","29","NORTH CENTRAL","20","LIVINGSTON","117","","","00000000","","CORN","CORN, GRAIN - YIELD, MEASURED IN BU / ACRE","TOTAL","NOT SPECIFIED","171.7","4.6"
"SURVEY","2020","YEAR","","COUNTY","MISSOURI","29","NORTH CENTRAL","20","MACON","121","","","00000000","","CORN","CORN, GRAIN - YIELD, MEASURED IN BU / ACRE","TOTAL","NOT SPECIFIED","163.1","4.2"
"SURVEY","2020","YEAR","","COUNTY","MISSOURI","29","NORTH CENTRAL","20","MERCER","129","","","00000000","","CORN","CORN, GRAIN - YIELD, MEASURED IN BU / ACRE","TOTAL","NOT SPECIFIED","152.9","4.1"
"SURVEY","2020","YEAR","","COUNTY","MISSOURI","29","NORTH CENTRAL","20","RANDOLPH","175","","","00000000","","CORN","CORN, GRAIN - YIELD, MEASURED IN BU / ACRE","TOTAL","NOT SPECIFIED","153.4","6.4"
"SURVEY","2020","YEAR","","COUNTY","MISSOURI","29","NORTH CENTRAL","20","SULLIVAN","211","","","00000000","","CORN","CORN, GRAIN - YIELD, MEASURED IN BU / ACRE","TOTAL","NOT SPECIFIED","150.2","5.5"
"SURVEY","2020","YEAR","","COUNTY","MISSOURI","29","NORTHEAST","30","AUDRAIN","007","","","00000000","","CORN","CORN, GRAIN - YIELD, MEASURED IN BU / ACRE","TOTAL","NOT SPECIFIED","176.1","2.2"
"SURVEY","2020","YEAR","","COUNTY","MISSOURI","29","NORTHEAST","30","CLARK","045","","","00000000","","CORN","CORN, GRAIN - YIELD, MEASURED IN BU / ACRE","TOTAL","NOT SPECIFIED","173.5","6.8"
"SURVEY","2020","YEAR","","COUNTY","MISSOURI","29","NORTHEAST","30","KNOX","103","","","00000000","","CORN","CORN, GRAIN - YIELD, MEASURED IN BU / ACRE","TOTAL","NOT SPECIFIED","167.8","3.6"
"SURVEY","2020","YEAR","","COUNTY","MISSOURI","29","NORTHEAST","30","LEWIS","111","","","00000000","","CORN","CORN, GRAIN - YIELD, MEASURED IN BU / ACRE","TOTAL","NOT SPECIFIED","167.1","3.8"
"SURVEY","2020","YEAR","","COUNTY","MISSOURI","29","NORTHEAST","30","MARION","127","","","00000000","","CORN","CORN, GRAIN - YIELD, MEASURED IN BU / ACRE","TOTAL","NOT SPECIFIED","169.8","3.8"
"SURVEY","2020","YEAR","","COUNTY","MISSOURI","29","NORTHEAST","30","MONROE","137","","","00000000","","CORN","CORN, GRAIN - YIELD, MEASURED IN BU / ACRE","TOTAL","NOT SPECIFIED","164.6","2.5"
"SURVEY","2020","YEAR","","COUNTY","MISSOURI","29","NORTHEAST","30","PIKE","163","","","00000000","","CORN","CORN, GRAIN - YIELD, MEASURED IN BU / ACRE","TOTAL","NOT SPECIFIED","165.3","3.4"
"SURVEY","2020","YEAR","","COUNTY","MISSOURI","29","NORTHEAST","30","RALLS","173","","","00000000","","CORN","CORN, GRAIN - YIELD, MEASURED IN BU / ACRE","TOTAL","NOT SPECIFIED","167.5","2.6"
"SURVEY","2020","YEAR","","COUNTY","MISSOURI","29","NORTHEAST","30","SCOTLAND","199","","","00000000","","CORN","CORN, GRAIN - YIELD, MEASURED IN BU / ACRE","TOTAL","NOT SPECIFIED","153.5","3.0"
"SURVEY","2020","YEAR","","COUNTY","MISSOURI","29","NORTHEAST","30","SHELBY","205","","","00000000","","CORN","CORN, GRAIN - YIELD, MEASURED IN BU / ACRE","TOTAL","NOT SPECIFIED","172.3","3.0"
"SURVEY","2020","YEAR","","COUNTY","MISSOURI","29","NORTHWEST","10","ANDREW","003","","","00000000","","CORN","CORN, GRAIN - YIELD, MEASURED IN BU / ACRE","TOTAL","NOT SPECIFIED","173.6","3.6"
"SURVEY","2020","YEAR","","COUNTY","MISSOURI","29","NORTHWEST","10","ATCHISON","005","","","00000000","","CORN","CORN, GRAIN - YIELD, MEASURED IN BU / ACRE","TOTAL","NOT SPECIFIED","205.2","2.2"
"SURVEY","2020","YEAR","","COUNTY","MISSOURI","29","NORTHWEST","10","BUCHANAN","021","","","00000000","","CORN","CORN, GRAIN - YIELD, MEASURED IN BU / ACRE","TOTAL","NOT SPECIFIED","181.8","3.0"
"SURVEY","2020","YEAR","","COUNTY","MISSOURI","29","NORTHWEST","10","CALDWELL","025","","","00000000","","CORN","CORN, GRAIN - YIELD, MEASURED IN BU / ACRE","TOTAL","NOT SPECIFIED","164","3.7"
"SURVEY","2020","YEAR","","COUNTY","MISSOURI","29","NORTHWEST","10","CLAY","047","","","00000000","","CORN","CORN, GRAIN - YIELD, MEASURED IN BU / ACRE","TOTAL","NOT SPECIFIED","187.1","4.9"
"SURVEY","2020","YEAR","","COUNTY","MISSOURI","29","NORTHWEST","10","CLINTON","049","","","00000000","","CORN","CORN, GRAIN - YIELD, MEASURED IN BU / ACRE","TOTAL","NOT SPECIFIED","182.7","2.8"
"SURVEY","2020","YEAR","","COUNTY","MISSOURI","29","NORTHWEST","10","DAVIESS","061","","","00000000","","CORN","CORN, GRAIN - YIELD, MEASURED IN BU / ACRE","TOTAL","NOT SPECIFIED","161.1","2.9"
"SURVEY","2020","YEAR","","COUNTY","MISSOURI","29","NORTHWEST","10","DE KALB","063","","","00000000","","CORN","CORN, GRAIN - YIELD, MEASURED IN BU / ACRE","TOTAL","NOT SPECIFIED","173.2","4.8"
"SURVEY","2020","YEAR","","COUNTY","MISSOURI","29","NORTHWEST","10","GENTRY","075","","","00000000","","CORN","CORN, GRAIN - YIELD, MEASURED IN BU / ACRE","TOTAL","NOT SPECIFIED","159.6","3.3"
"SURVEY","2020","YEAR","","COUNTY","MISSOURI","29","NORTHWEST","10","HARRISON","081","","","00000000","","CORN","CORN, GRAIN - YIELD, MEASURED IN BU / ACRE","TOTAL","NOT SPECIFIED","164.7","2.4"
"SURVEY","2020","YEAR","","COUNTY","MISSOURI","29","NORTHWEST","10","HOLT","087","","","00000000","","CORN","CORN, GRAIN - YIELD, MEASURED IN BU / ACRE","TOTAL","NOT SPECIFIED","203.7","2.3"
"SURVEY","2020","YEAR","","COUNTY","MISSOURI","29","NORTHWEST","10","PLATTE","165","","","00000000","","CORN","CORN, GRAIN - YIELD, MEASURED IN BU / ACRE","TOTAL","NOT SPECIFIED","185.9","6.2"
"SURVEY","2020","YEAR","","COUNTY","MISSOURI","29","NORTHWEST","10","RAY","177","","","00000000","","CORN","CORN, GRAIN - YIELD, MEASURED IN BU / ACRE","TOTAL","NOT SPECIFIED","185.9","3.1"
"SURVEY","2020","YEAR","","COUNTY","MISSOURI","29","NORTHWEST","10","WORTH","227","","","00000000","","CORN","CORN, GRAIN - YIELD, MEASURED IN BU / ACRE","TOTAL","NOT SPECIFIED","163.4","3.8"
"SURVEY","2020","YEAR","","COUNTY","MISSOURI","29","SOUTH CENTRAL","80","BOLLINGER","017","","","00000000","","CORN","CORN, GRAIN - YIELD, MEASURED IN BU / ACRE","TOTAL","NOT SPECIFIED","179.3","7.7"
"SURVEY","2020","YEAR","","COUNTY","MISSOURI","29","SOUTH CENTRAL","80","TEXAS","215","","","00000000","","CORN","CORN, GRAIN - YIELD, MEASURED IN BU / ACRE","TOTAL","NOT SPECIFIED","103.5","19.0"
"SURVEY","2020","YEAR","","COUNTY","MISSOURI","29","SOUTHEAST","90","BUTLER","023","","","00000000","","CORN","CORN, GRAIN - YIELD, MEASURED IN BU / ACRE","TOTAL","NOT SPECIFIED","173.1","3.7"
"SURVEY","2020","YEAR","","COUNTY","MISSOURI","29","SOUTHEAST","90","CAPE GIRARDEAU","031","","","00000000","","CORN","CORN, GRAIN - YIELD, MEASURED IN BU / ACRE","TOTAL","NOT SPECIFIED","174","4.7"
"SURVEY","2020","YEAR","","COUNTY","MISSOURI","29","SOUTHEAST","90","DUNKLIN","069","","","00000000","","CORN","CORN, GRAIN - YIELD, MEASURED IN BU / ACRE","TOTAL","NOT SPECIFIED","189.8","3.9"
"SURVEY","2020","YEAR","","COUNTY","MISSOURI","29","SOUTHEAST","90","MISSISSIPPI","133","","","00000000","","CORN","CORN, GRAIN - YIELD, MEASURED IN BU / ACRE","TOTAL","NOT SPECIFIED","183.8","2.0"
"SURVEY","2020","YEAR","","COUNTY","MISSOURI","29","SOUTHEAST","90","NEW MADRID","143","","","00000000","","CORN","CORN, GRAIN - YIELD, MEASURED IN BU / ACRE","TOTAL","NOT SPECIFIED","184.3","2.8"
"SURVEY","2020","YEAR","","COUNTY","MISSOURI","29","SOUTHEAST","90","PEMISCOT","155","","","00000000","","CORN","CORN, GRAIN - YIELD, MEASURED IN BU / ACRE","TOTAL","NOT SPECIFIED","175.9","2.8"
"SURVEY","2020","YEAR","","COUNTY","MISSOURI","29","SOUTHEAST","90","SCOTT","201","","","00000000","","CORN","CORN, GRAIN - YIELD, MEASURED IN BU / ACRE","TOTAL","NOT SPECIFIED","182.6","2.4"
"SURVEY","2020","YEAR","","COUNTY","MISSOURI","29","SOUTHEAST","90","STODDARD","207","","","00000000","","CORN","CORN, GRAIN - YIELD, MEASURED IN BU / ACRE","TOTAL","NOT SPECIFIED","174.4","3.5"
"SURVEY","2020","YEAR","","COUNTY","MISSOURI","29","SOUTHWEST","70","BARRY","009","","","00000000","","CORN","CORN, GRAIN - YIELD, MEASURED IN BU / ACRE","TOTAL","NOT SPECIFIED","101","8.3"
"SURVEY","2020","YEAR","","COUNTY","MISSOURI","29","SOUTHWEST","70","BARTON","011","","","00000000","","CORN","CORN, GRAIN - YIELD, MEASURED IN BU / ACRE","TOTAL","NOT SPECIFIED","102.5","8.6"
"SURVEY","2020","YEAR","","COUNTY","MISSOURI","29","SOUTHWEST","70","CHRISTIAN","043","","","00000000","","CORN","CORN, GRAIN - YIELD, MEASURED IN BU / ACRE","TOTAL","NOT SPECIFIED","91.7","24.7"
"SURVEY","2020","YEAR","","COUNTY","MISSOURI","29","SOUTHWEST","70","DADE","057","","","00000000","","CORN","CORN, GRAIN - YIELD, MEASURED IN BU / ACRE","TOTAL","NOT SPECIFIED","103.2","8.3"
"SURVEY","2020","YEAR","","COUNTY","MISSOURI","29","SOUTHWEST","70","GREENE","077","","","00000000","","CORN","CORN, GRAIN - YIELD, MEASURED IN BU / ACRE","TOTAL","NOT SPECIFIED","88.6","11.6"
"SURVEY","2020","YEAR","","COUNTY","MISSOURI","29","SOUTHWEST","70","JASPER","097","","","00000000","","CORN","CORN, GRAIN - YIELD, MEASURED IN BU / ACRE","TOTAL","NOT SPECIFIED","106.3","4.4"
"SURVEY","2020","YEAR","","COUNTY","MISSOURI","29","SOUTHWEST","70","LAWRENCE","109","","","00000000","","CORN","CORN, GRAIN - YIELD, MEASURED IN BU / ACRE","TOTAL","NOT SPECIFIED","99.4","17.9"
"SURVEY","2020","YEAR","","COUNTY","MISSOURI","29","SOUTHWEST","70","NEWTON","145","","","00000000","","CORN","CORN, GRAIN - YIELD, MEASURED IN BU / ACRE","TOTAL","NOT SPECIFIED","102.1","9.6"
"SURVEY","2020","YEAR","","COUNTY","MISSOURI","29","WEST","40","BATES","013","","","00000000","","CORN","CORN, GRAIN - YIELD, MEASURED IN BU / ACRE","TOTAL","NOT SPECIFIED","154.6","2.3"
"SURVEY","2020","YEAR","","COUNTY","MISSOURI","29","WEST","40","CASS","037","","","00000000","","CORN","CORN, GRAIN - YIELD, MEASURED IN BU / ACRE","TOTAL","NOT SPECIFIED","152.7","7.9"
"SURVEY","2020","YEAR","","COUNTY","MISSOURI","29","WEST","40","CEDAR","039","","","00000000","","CORN","CORN, GRAIN - YIELD, MEASURED IN BU / ACRE","TOTAL","NOT SPECIFIED","140","10.2"
"SURVEY","2020","YEAR","","COUNTY","MISSOURI","29","WEST","40","HENRY","083","","","00000000","","CORN","CORN, GRAIN - YIELD, MEASURED IN BU / ACRE","TOTAL","NOT SPECIFIED","146.1","3.6"
"SURVEY","2020","YEAR","","COUNTY","MISSOURI","29","WEST","40","JACKSON","095","","","00000000","","CORN","CORN, GRAIN - YIELD, MEASURED IN BU / ACRE","TOTAL","NOT SPECIFIED","174.6","6.7"
"SURVEY","2020","YEAR","","COUNTY","MISSOURI","29","WEST","40","JOHNSON","101","","","00000000","","CORN","CORN, GRAIN - YIELD, MEASURED IN BU / ACRE","TOTAL","NOT SPECIFIED","150.8","6.4"
"SURVEY","2020","YEAR","","COUNTY","MISSOURI","29","WEST","40","LAFAYETTE","107","","","00000000","","CORN","CORN, GRAIN - YIELD, MEASURED IN BU / ACRE","TOTAL","NOT SPECIFIED","197.9","2.7"
"SURVEY","2020","YEAR","","COUNTY","MISSOURI","29","WEST","40","ST CLAIR","185","","","00000000","","CORN","CORN, GRAIN - YIELD, MEASURED IN BU / ACRE","TOTAL","NOT SPECIFIED","117","9.6"
"SURVEY","2020","YEAR","","COUNTY","MISSOURI","29","WEST","40","VERNON","217","","","00000000","","CORN","CORN, GRAIN - YIELD, MEASURED IN BU / ACRE","TOTAL","NOT SPECIFIED","109.6","8.2"
"SURVEY","2020","YEAR","","COUNTY","WISCONSIN","55","","99","OTHER COUNTIES","","","","00000000","","CORN","CORN, GRAIN - YIELD, MEASURED IN BU / ACRE","TOTAL","NOT SPECIFIED","120.2","8.1"
"SURVEY","2020","YEAR","","COUNTY","WISCONSIN","55","CENTRAL","50","ADAMS","001","","","00000000","","CORN","CORN, GRAIN - YIELD, MEASURED IN BU / ACRE","TOTAL","NOT SPECIFIED","124.8","8.9"
"SURVEY","2020","YEAR","","COUNTY","WISCONSIN","55","CENTRAL","50","GREEN LAKE","047","","","00000000","","CORN","CORN, GRAIN - YIELD, MEASURED IN BU / ACRE","TOTAL","NOT SPECIFIED","165.4","4.5"
"SURVEY","2020","YEAR","","COUNTY","WISCONSIN","55","CENTRAL","50","JUNEAU","057","","","00000000","","CORN","CORN, GRAIN - YIELD, MEASURED IN BU / ACRE","TOTAL","NOT SPECIFIED","156.7","3.3"
"SURVEY","2020","YEAR","","COUNTY","WISCONSIN","55","CENTRAL","50","MARQUETTE","077","","","00000000","","CORN","CORN, GRAIN - YIELD, MEASURED IN BU / ACRE","TOTAL","NOT SPECIFIED","126.2","6.8"
"SURVEY","2020","YEAR","","COUNTY","WISCONSIN","55","CENTRAL","50","PORTAGE","097","","","00000000","","CORN","CORN, GRAIN - YIELD, MEASURED IN BU / ACRE","TOTAL","NOT SPECIFIED","146.9","2.5"
"SURVEY","2020","YEAR","","COUNTY","WISCONSIN","55","CENTRAL","50","WAUPACA","135","","","00000000","","CORN","CORN, GRAIN - YIELD, MEASURED IN BU / ACRE","TOTAL","NOT SPECIFIED","159.4","3.7"
"SURVEY","2020","YEAR","","COUNTY","WISCONSIN","55","CENTRAL","50","WAUSHARA","137","","","00000000","","CORN","CORN, GRAIN - YIELD, MEASURED IN BU / ACRE","TOTAL","NOT SPECIFIED","151.8","8.3"
"SURVEY","2020","YEAR","","COUNTY","WISCONSIN","55","CENTRAL","50","WOOD","141","","","00000000","","CORN","CORN, GRAIN - YIELD, MEASURED IN BU / ACRE","TOTAL","NOT SPECIFIED","160.9","3.7"
"SURVEY","2020","YEAR","","COUNTY","WISCONSIN","55","EAST CENTRAL","60","BROWN","009","","","00000000","","CORN","CORN, GRAIN - YIELD, MEASURED IN BU / ACRE","TOTAL","NOT SPECIFIED","157.5","3.4"
"SURVEY","2020","YEAR","","COUNTY","WISCONSIN","55","EAST CENTRAL","60","CALUMET","015","","","00000000","","CORN","CORN, GRAIN - YIELD, MEASURED IN BU / ACRE","TOTAL","NOT SPECIFIED","164.8","2.2"
"SURVEY","2020","YEAR","","COUNTY","WISCONSIN","55","EAST CENTRAL","60","DOOR","029","","","00000000","","CORN","CORN, GRAIN - YIELD, MEASURED IN BU / ACRE","TOTAL","NOT SPECIFIED","124.6","9.1"
"SURVEY","2020","YEAR","","COUNTY","WISCONSIN","55","EAST CENTRAL","60","FOND DU LAC","039","","","00000000","","CORN","CORN, GRAIN - YIELD, MEASURED IN BU / ACRE","TOTAL","NOT SPECIFIED","177.7","3.2"
"SURVEY","2020","YEAR","","COUNTY","WISCONSIN","55","EAST CENTRAL","60","KEWAUNEE","061","","","00000000","","CORN","CORN, GRAIN - YIELD, MEASURED IN BU / ACRE","TOTAL","NOT SPECIFIED","152","2.9"
"SURVEY","2020","YEAR","","COUNTY","WISCONSIN","55","EAST CENTRAL","60","MANITOWOC","071","","","00000000","","CORN","CORN, GRAIN - YIELD, MEASURED IN BU / ACRE","TOTAL","NOT SPECIFIED","156.5","3.2"
"SURVEY","2020","YEAR","","COUNTY","WISCONSIN","55","EAST CENTRAL","60","OUTAGAMIE","087","","","00000000","","CORN","CORN, GRAIN - YIELD, MEASURED IN BU / ACRE","TOTAL","NOT SPECIFIED","173.4","2.5"
"SURVEY","2020","YEAR","","COUNTY","WISCONSIN","55","EAST CENTRAL","60","SHEBOYGAN","117","","","00000000","","CORN","CORN, GRAIN - YIELD, MEASURED IN BU / ACRE","TOTAL","NOT SPECIFIED","161.3","1.5"
"SURVEY","2020","YEAR","","COUNTY","WISCONSIN","55","EAST CENTRAL","60","WINNEBAGO","139","","","00000000","","CORN","CORN, GRAIN - YIELD, MEASURED IN BU / ACRE","TOTAL","NOT SPECIFIED","149.9","3.9"
"SURVEY","2020","YEAR","","COUNTY","WISCONSIN","55","NORTH CENTRAL","20","CLARK","019","","","00000000","","CORN","CORN, GRAIN - YIELD, MEASURED IN BU / ACRE","TOTAL","NOT SPECIFIED","167.2","2.5"
"SURVEY","2020","YEAR","","COUNTY","WISCONSIN","55","NORTH CENTRAL","20","LINCOLN","069","","","00000000","","CORN","CORN, GRAIN - YIELD, MEASURED IN BU / ACRE","TOTAL","NOT SPECIFIED","136.4","3.2"
"SURVEY","2020","YEAR","","COUNTY","WISCONSIN","55","NORTH CENTRAL","20","MARATHON","073","","","00000000","","CORN","CORN, GRAIN - YIELD, MEASURED IN BU / ACRE","TOTAL","NOT SPECIFIED","136.3","7.2"
"SURVEY","2020","YEAR","","COUNTY","WISCONSIN","55","NORTH CENTRAL","20","PRICE","099","","","00000000","","CORN","CORN, GRAIN - YIELD, MEASURED IN BU / ACRE","TOTAL","NOT SPECIFIED","119.6","5.7"
"SURVEY","2020","YEAR","","COUNTY","WISCONSIN","55","NORTH CENTRAL","20","TAYLOR","119","","","00000000","","CORN","CORN, GRAIN - YIELD, MEASURED IN BU / ACRE","TOTAL","NOT SPECIFIED","146.9","3.4"
"SURVEY","2020","YEAR","","COUNTY","WISCONSIN","55","NORTHEAST","30","LANGLADE","067","","","00000000","","CORN","CORN, GRAIN - YIELD, MEASURED IN BU / ACRE","TOTAL","NOT SPECIFIED","139.1","3.6"
"SURVEY","2020","YEAR","","COUNTY","WISCONSIN","55","NORTHEAST","30","MARINETTE","075","","","00000000","","CORN","CORN, GRAIN - YIELD, MEASURED IN BU / ACRE","TOTAL","NOT SPECIFIED","140.8","4.5"
"SURVEY","2020","YEAR","","COUNTY","WISCONSIN","55","NORTHEAST","30","OCONTO","083","","","00000000","","CORN","CORN, GRAIN - YIELD, MEASURED IN BU / ACRE","TOTAL","NOT SPECIFIED","149.7","3.2"
"SURVEY","2020","YEAR","","COUNTY","WISCONSIN","55","NORTHEAST","30","SHAWANO","115","","","00000000","","CORN","CORN, GRAIN - YIELD, MEASURED IN BU / ACRE","TOTAL","NOT SPECIFIED","152.1","2.6"
"SURVEY","2020","YEAR","","COUNTY","WISCONSIN","55","NORTHWEST","10","BARRON","005","","","00000000","","CORN","CORN, GRAIN - YIELD, MEASURED IN BU / ACRE","TOTAL","NOT SPECIFIED","165.7","2.7"
"SURVEY","2020","YEAR","","COUNTY","WISCONSIN","55","NORTHWEST","10","BAYFIELD","007","","","00000000","","CORN","CORN, GRAIN - YIELD, MEASURED IN BU / ACRE","TOTAL","NOT SPECIFIED","128.9","4.4"
"SURVEY","2020","YEAR","","COUNTY","WISCONSIN","55","NORTHWEST","10","BURNETT","013","","","00000000","","CORN","CORN, GRAIN - YIELD, MEASURED IN BU / ACRE","TOTAL","NOT SPECIFIED","143.5","3.3"
"SURVEY","2020","YEAR","","COUNTY","WISCONSIN","55","NORTHWEST","10","CHIPPEWA","017","","","00000000","","CORN","CORN, GRAIN - YIELD, MEASURED IN BU / ACRE","TOTAL","NOT SPECIFIED","163.4","2.5"
"SURVEY","2020","YEAR","","COUNTY","WISCONSIN","55","NORTHWEST","10","POLK","095","","","00000000","","CORN","CORN, GRAIN - YIELD, MEASURED IN BU / ACRE","TOTAL","NOT SPECIFIED","170.3","2.3"
"SURVEY","2020","YEAR","","COUNTY","WISCONSIN","55","NORTHWEST","10","RUSK","107","","","00000000","","CORN","CORN, GRAIN - YIELD, MEASURED IN BU / ACRE","TOTAL","NOT SPECIFIED","136.1","3.2"
"SURVEY","2020","YEAR","","COUNTY","WISCONSIN","55","NORTHWEST","10","SAWYER","113","","","00000000","","CORN","CORN, GRAIN - YIELD, MEASURED IN BU / ACRE","TOTAL","NOT SPECIFIED","143.2","7.6"
"SURVEY","2020","YEAR","","COUNTY","WISCONSIN","55","NORTHWEST","10","WASHBURN","129","","","00000000","","CORN","CORN, GRAIN - YIELD, MEASURED IN BU / ACRE","TOTAL","NOT SPECIFIED","158.1","2.2"
"SURVEY","2020","YEAR","","COUNTY","WISCONSIN","55","SOUTH CENTRAL","80","COLUMBIA","021","","","00000000","","CORN","CORN, GRAIN - YIELD, MEASURED IN BU / ACRE","TOTAL","NOT SPECIFIED","181.2","4.7"
"SURVEY","2020","YEAR","","COUNTY","WISCONSIN","55","SOUTH CENTRAL","80","DANE","025","","","00000000","","CORN","CORN, GRAIN - YIELD, MEASURED IN BU / ACRE","TOTAL","NOT SPECIFIED","187.8","2.7"
"SURVEY","2020","YEAR","","COUNTY","WISCONSIN","55","SOUTH CENTRAL","80","DODGE","027","","","00000000","","CORN","CORN, GRAIN - YIELD, MEASURED IN BU / ACRE","TOTAL","NOT SPECIFIED","200.4","2.0"
"SURVEY","2020","YEAR","","COUNTY","WISCONSIN","55","SOUTH CENTRAL","80","GREEN","045","","","00000000","","CORN","CORN, GRAIN - YIELD, MEASURED IN BU / ACRE","TOTAL","NOT SPECIFIED","194","2.8"
"SURVEY","2020","YEAR","","COUNTY","WISCONSIN","55","SOUTH CENTRAL","80","JEFFERSON","055","","","00000000","","CORN","CORN, GRAIN - YIELD, MEASURED IN BU / ACRE","TOTAL","NOT SPECIFIED","172.8","2.3"
"SURVEY","2020","YEAR","","COUNTY","WISCONSIN","55","SOUTH CENTRAL","80","ROCK","105","","","00000000","","CORN","CORN, GRAIN - YIELD, MEASURED IN BU / ACRE","TOTAL","NOT SPECIFIED","193.4","1.9"
"SURVEY","2020","YEAR","","COUNTY","WISCONSIN","55","SOUTHEAST","90","KENOSHA","059","","","00000000","","CORN","CORN, GRAIN - YIELD, MEASURED IN BU / ACRE","TOTAL","NOT SPECIFIED","177.7","1.6"
"SURVEY","2020","YEAR","","COUNTY","WISCONSIN","55","SOUTHEAST","90","MILWAUKEE","079","","","00000000","","CORN","CORN, GRAIN - YIELD, MEASURED IN BU / ACRE","TOTAL","NOT SPECIFIED","191.1","6.3"
"SURVEY","2020","YEAR","","COUNTY","WISCONSIN","55","SOUTHEAST","90","OZAUKEE","089","","","00000000","","CORN","CORN, GRAIN - YIELD, MEASURED IN BU / ACRE","TOTAL","NOT SPECIFIED","151.7","3.0"
"SURVEY","2020","YEAR","","COUNTY","WISCONSIN","55","SOUTHEAST","90","RACINE","101","","","00000000","","CORN","CORN, GRAIN - YIELD, MEASURED IN BU / ACRE","TOTAL","NOT SPECIFIED","180.7","2.7"
"SURVEY","2020","YEAR","","COUNTY","WISCONSIN","55","SOUTHEAST","90","WALWORTH","127","","","00000000","","CORN","CORN, GRAIN - YIELD, MEASURED IN BU / ACRE","TOTAL","NOT SPECIFIED","190.5","1.9"
"SURVEY","2020","YEAR","","COUNTY","WISCONSIN","55","SOUTHEAST","90","WASHINGTON","131","","","00000000","","CORN","CORN, GRAIN - YIELD, MEASURED IN BU / ACRE","TOTAL","NOT SPECIFIED","171","2.8"
"SURVEY","2020","YEAR","","COUNTY","WISCONSIN","55","SOUTHEAST","90","WAUKESHA","133","","","00000000","","CORN","CORN, GRAIN - YIELD, MEASURED IN BU / ACRE","TOTAL","NOT SPECIFIED","166.2","3.0"
"SURVEY","2020","YEAR","","COUNTY","WISCONSIN","55","SOUTHWEST","70","CRAWFORD","023","","","00000000","","CORN","CORN, GRAIN - YIELD, MEASURED IN BU / ACRE","TOTAL","NOT SPECIFIED","169.5","1.5"
"SURVEY","2020","YEAR","","COUNTY","WISCONSIN","55","SOUTHWEST","70","GRANT","043","","","00000000","","CORN","CORN, GRAIN - YIELD, MEASURED IN BU / ACRE","TOTAL","NOT SPECIFIED","190","1.9"
"SURVEY","2020","YEAR","","COUNTY","WISCONSIN","55","SOUTHWEST","70","IOWA","049","","","00000000","","CORN","CORN, GRAIN - YIELD, MEASURED IN BU / ACRE","TOTAL","NOT SPECIFIED","191.5","1.7"
"SURVEY","2020","YEAR","","COUNTY","WISCONSIN","55","SOUTHWEST","70","LAFAYETTE","065","","","00000000","","CORN","CORN, GRAIN - YIELD, MEASURED IN BU / ACRE","TOTAL","NOT SPECIFIED","204","1.4"
"SURVEY","2020","YEAR","","COUNTY","WISCONSIN","55","SOUTHWEST","70","RICHLAND","103","","","00000000","","CORN","CORN, GRAIN - YIELD, MEASURED IN BU / ACRE","TOTAL","NOT SPECIFIED","163.2","2.6"
"SURVEY","2020","YEAR","","COUNTY","WISCONSIN","55","SOUTHWEST","70","SAUK","111","","","00000000","","CORN","CORN, GRAIN - YIELD, MEASURED IN BU / ACRE","TOTAL","NOT SPECIFIED","168.9","3.1"
"SURVEY","2020","YEAR","","COUNTY","WISCONSIN","55","SOUTHWEST","70","VERNON","123","","","00000000","","CORN","CORN, GRAIN - YIELD, MEASURED IN BU / ACRE","TOTAL","NOT SPECIFIED","176","1.7"
"SURVEY","2020","YEAR","","COUNTY","WISCONSIN","55","WEST CENTRAL","40","BUFFALO","011","","","00000000","","CORN","CORN, GRAIN - YIELD, MEASURED IN BU / ACRE","TOTAL","NOT SPECIFIED","170.9","4.2"
"SURVEY","2020","YEAR","","COUNTY","WISCONSIN","55","WEST CENTRAL","40","DUNN","033","","","00000000","","CORN","CORN, GRAIN - YIELD, MEASURED IN BU / ACRE","TOTAL","NOT SPECIFIED","170.2","2.7"
"SURVEY","2020","YEAR","","COUNTY","WISCONSIN","55","WEST CENTRAL","40","EAU CLAIRE","035","","","00000000","","CORN","CORN, GRAIN - YIELD, MEASURED IN BU / ACRE","TOTAL","NOT SPECIFIED","168.5","2.0"
"SURVEY","2020","YEAR","","COUNTY","WISCONSIN","55","WEST CENTRAL","40","JACKSON","053","","","00000000","","CORN","CORN, GRAIN - YIELD, MEASURED IN BU / ACRE","TOTAL","NOT SPECIFIED","164.4","4.5"
"SURVEY","2020","YEAR","","COUNTY","WISCONSIN","55","WEST CENTRAL","40","LA CROSSE","063","","","00000000","","CORN","CORN, GRAIN - YIELD, MEASURED IN BU / ACRE","TOTAL","NOT SPECIFIED","168","4.1"
"SURVEY","2020","YEAR","","COUNTY","WISCONSIN","55","WEST CENTRAL","40","MONROE","081","","","00000000","","CORN","CORN, GRAIN - YIELD, MEASURED IN BU / ACRE","TOTAL","NOT SPECIFIED","154.2","3.0"
"SURVEY","2020","YEAR","","COUNTY","WISCONSIN","55","WEST CENTRAL","40","PEPIN","091","","","00000000","","CORN","CORN, GRAIN - YIELD, MEASURED IN BU / ACRE","TOTAL","NOT SPECIFIED","168.4","4.5"
"SURVEY","2020","YEAR","","COUNTY","WISCONSIN","55","WEST CENTRAL","40","PIERCE","093","","","00000000","","CORN","CORN, GRAIN - YIELD, MEASURED IN BU / ACRE","TOTAL","NOT SPECIFIED","186.4","2.1"
"SURVEY","2020","YEAR","","COUNTY","WISCONSIN","55","WEST CENTRAL","40","ST CROIX","109","","","00000000","","CORN","CORN, GRAIN - YIELD, MEASURED IN BU / ACRE","TOTAL","NOT SPECIFIED","182.7","2.8"
"SURVEY","2020","YEAR","","COUNTY","WISCONSIN","55","WEST CENTRAL","40","TREMPEALEAU","121","","","00000000","","CORN","CORN, GRAIN - YIELD, MEASURED IN BU / ACRE","TOTAL","NOT SPECIFIED","161.6","1.1"
"SURVEY","2019","YEAR","","COUNTY","COLORADO","08","EAST CENTRAL","60","ADAMS","001","","","00000000","","CORN","CORN, GRAIN - YIELD, MEASURED IN BU / ACRE","TOTAL","NOT SPECIFIED","54.8",""
"SURVEY","2019","YEAR","","COUNTY","COLORADO","08","EAST CENTRAL","60","CHEYENNE","017","","","00000000","","CORN","CORN, GRAIN - YIELD, MEASURED IN BU / ACRE","TOTAL","NOT SPECIFIED","91.4",""
"SURVEY","2019","YEAR","","COUNTY","COLORADO","08","EAST CENTRAL","60","KIT CARSON","063","","","00000000","","CORN","CORN, GRAIN - YIELD, MEASURED IN BU / ACRE","TOTAL","NOT SPECIFIED","100.5",""
"SURVEY","2019","YEAR","","COUNTY","COLORADO","08","EAST CENTRAL","60","OTHER (COMBINED) COUNTIES","","","","00000000","","CORN","CORN, GRAIN - YIELD, MEASURED IN BU / ACRE","TOTAL","NOT SPECIFIED","72.8",""
"SURVEY","2019","YEAR","","COUNTY","COLORADO","08","EAST CENTRAL","60","PHILLIPS","095","","","00000000","","CORN","CORN, GRAIN - YIELD, MEASURED IN BU / ACRE","TOTAL","NOT SPECIFIED","133.6",""
"SURVEY","2019","YEAR","","COUNTY","COLORADO","08","EAST CENTRAL","60","WASHINGTON","121","","","00000000","","CORN","CORN, GRAIN - YIELD, MEASURED IN BU / ACRE","TOTAL","NOT SPECIFIED","70.6",""
"SURVEY","2019","YEAR","","COUNTY","COLORADO","08","EAST CENTRAL","60","YUMA","125","","","00000000","","CORN","CORN, GRAIN - YIELD, MEASURED IN BU / ACRE","TOTAL","NOT SPECIFIED","174.8",""
"SURVEY","2019","YEAR","","COUNTY","COLORADO","08","NORTHEAST","20","BOULDER","013","","","00000000","","CORN","CORN, GRAIN - YIELD, MEASURED IN BU / ACRE","TOTAL","NOT SPECIFIED","125.8",""
"SURVEY","2019","YEAR","","COUNTY","COLORADO","08","NORTHEAST","20","LARIMER","069","","","00000000","","CORN","CORN, GRAIN - YIELD, MEASURED IN BU / ACRE","TOTAL","NOT SPECIFIED","148.5",""
"SURVEY","2019","YEAR","","COUNTY","COLORADO","08","NORTHEAST","20","OTHER (COMBINED) COUNTIES","","","","00000000","","CORN","CORN, GRAIN - YIELD, MEASURED IN BU / ACRE","TOTAL","NOT SPECIFIED","125.3",""
"SURVEY","2019","YEAR","","COUNTY","COLORADO","08","NORTHEAST","20","SEDGWICK","115","","","00000000","","CORN","CORN, GRAIN - YIELD, MEASURED IN BU / ACRE","TOTAL","NOT SPECIFIED","144.3",""
"SURVEY","2019","YEAR","","COUNTY","COLORADO","08","NORTHEAST","20","WELD","123","","","00000000","","CORN","CORN, GRAIN - YIELD, MEASURED IN BU / ACRE","TOTAL","NOT SPECIFIED","177.1",""
"SURVEY","2019","YEAR","","COUNTY","COLORADO","08","SOUTHEAST","90","BENT","011","","","00000000","","CORN","CORN, GRAIN - YIELD, MEASURED IN BU / ACRE","TOTAL","NOT SPECIFIED","182.7",""
"SURVEY","2019","YEAR","","COUNTY","COLORADO","08","SOUTHEAST","90","OTHER (COMBINED) COUNTIES","","","","00000000","","CORN","CORN, GRAIN - YIELD, MEASURED IN BU / ACRE","TOTAL","NOT SPECIFIED","106.6",""
"SURVEY","2019","YEAR","","COUNTY","COLORADO","08","SOUTHEAST","90","PROWERS","099","","","00000000","","CORN","CORN, GRAIN - YIELD, MEASURED IN BU / ACRE","TOTAL","NOT SPECIFIED","166.7",""
"SURVEY","2019","YEAR","","COUNTY","COLORADO","08","SOUTHEAST","90","PUEBLO","101","","","00000000","","CORN","CORN, GRAIN - YIELD, MEASURED IN BU / ACRE","TOTAL","NOT SPECIFIED","199.6",""
"SURVEY","2019","YEAR","","COUNTY","MISSOURI","29","CENTRAL","50","BOONE","019","","","00000000","","CORN","CORN, GRAIN - YIELD, MEASURED IN BU / ACRE","TOTAL","NOT SPECIFIED","168.8",""
"SURVEY","2019","YEAR","","COUNTY","MISSOURI","29","CENTRAL","50","DALLAS","059","","","00000000","","CORN","CORN, GRAIN - YIELD, MEASURED IN BU / ACRE","TOTAL","NOT SPECIFIED","114",""
"SURVEY","2019","YEAR","","COUNTY","MISSOURI","29","CENTRAL","50","LACLEDE","105","","","00000000","","CORN","CORN, GRAIN - YIELD, MEASURED IN BU / ACRE","TOTAL","NOT SPECIFIED","136.7",""
"SURVEY","2019","YEAR","","COUNTY","MISSOURI","29","CENTRAL","50","MARIES","125","","","00000000","","CORN","CORN, GRAIN - YIELD, MEASURED IN BU / ACRE","TOTAL","NOT SPECIFIED","124.7",""
"SURVEY","2019","YEAR","","COUNTY","MISSOURI","29","CENTRAL","50","MILLER","131","","","00000000","","CORN","CORN, GRAIN - YIELD, MEASURED IN BU / ACRE","TOTAL","NOT SPECIFIED","148.8",""
"SURVEY","2019","YEAR","","COUNTY","MISSOURI","29","CENTRAL","50","MONITEAU","135","","","00000000","","CORN","CORN, GRAIN - YIELD, MEASURED IN BU / ACRE","TOTAL","NOT SPECIFIED","144.1",""
"SURVEY","2019","YEAR","","COUNTY","MISSOURI","29","CENTRAL","50","MORGAN","141","","","00000000","","CORN","CORN, GRAIN - YIELD, MEASURED IN BU / ACRE","TOTAL","NOT SPECIFIED","151",""
"SURVEY","2019","YEAR","","COUNTY","MISSOURI","29","CENTRAL","50","OSAGE","151","","","00000000","","CORN","CORN, GRAIN - YIELD, MEASURED IN BU / ACRE","TOTAL","NOT SPECIFIED","132.5",""
"SURVEY","2019","YEAR","","COUNTY","MISSOURI","29","CENTRAL","50","OTHER (COMBINED) COUNTIES","","","","00000000","","CORN","CORN, GRAIN - YIELD, MEASURED IN BU / ACRE","TOTAL","NOT SPECIFIED","161.7",""
"SURVEY","2019","YEAR","","COUNTY","MISSOURI","29","CENTRAL","50","POLK","167","","","00000000","","CORN","CORN, GRAIN - YIELD, MEASURED IN BU / ACRE","TOTAL","NOT SPECIFIED","162.6",""
"SURVEY","2019","YEAR","","COUNTY","MISSOURI","29","CENTRAL","50","SALINE","195","","","00000000","","CORN","CORN, GRAIN - YIELD, MEASURED IN BU / ACRE","TOTAL","NOT SPECIFIED","192.5",""
"SURVEY","2019","YEAR","","COUNTY","MISSOURI","29","EAST","60","FRANKLIN","071","","","00000000","","CORN","CORN, GRAIN - YIELD, MEASURED IN BU / ACRE","TOTAL","NOT SPECIFIED","155.3",""
"SURVEY","2019","YEAR","","COUNTY","MISSOURI","29","EAST","60","GASCONADE","073","","","00000000","","CORN","CORN, GRAIN - YIELD, MEASURED IN BU / ACRE","TOTAL","NOT SPECIFIED","137.1",""
"SURVEY","2019","YEAR","","COUNTY","MISSOURI","29","EAST","60","JEFFERSON","099","","","00000000","","CORN","CORN, GRAIN - YIELD, MEASURED IN BU / ACRE","TOTAL","NOT SPECIFIED","132.5",""
"SURVEY","2019","YEAR","","COUNTY","MISSOURI","29","EAST","60","OTHER (COMBINED) COUNTIES","","","","00000000","","CORN","CORN, GRAIN - YIELD, MEASURED IN BU / ACRE","TOTAL","NOT SPECIFIED","149.5",""
"SURVEY","2019","YEAR","","COUNTY","MISSOURI","29","EAST","60","ST CHARLES","183","","","00000000","","CORN","CORN, GRAIN - YIELD, MEASURED IN BU / ACRE","TOTAL","NOT SPECIFIED","174.3",""
"SURVEY","2019","YEAR","","COUNTY","MISSOURI","29","EAST","60","STE GENEVIEVE","186","","","00000000","","CORN","CORN, GRAIN - YIELD, MEASURED IN BU / ACRE","TOTAL","NOT SPECIFIED","151.6",""
"SURVEY","2019","YEAR","","COUNTY","MISSOURI","29","EAST","60","WARREN","219","","","00000000","","CORN","CORN, GRAIN - YIELD, MEASURED IN BU / ACRE","TOTAL","NOT SPECIFIED","150.2",""
"SURVEY","2019","YEAR","","COUNTY","MISSOURI","29","NORTH CENTRAL","20","ADAIR","001","","","00000000","","CORN","CORN, GRAIN - YIELD, MEASURED IN BU / ACRE","TOTAL","NOT SPECIFIED","134",""
"SURVEY","2019","YEAR","","COUNTY","MISSOURI","29","NORTH CENTRAL","20","CARROLL","033","","","00000000","","CORN","CORN, GRAIN - YIELD, MEASURED IN BU / ACRE","TOTAL","NOT SPECIFIED","145.6",""
"SURVEY","2019","YEAR","","COUNTY","MISSOURI","29","NORTH CENTRAL","20","LIVINGSTON","117","","","00000000","","CORN","CORN, GRAIN - YIELD, MEASURED IN BU / ACRE","TOTAL","NOT SPECIFIED","126.3",""
"SURVEY","2019","YEAR","","COUNTY","MISSOURI","29","NORTH CENTRAL","20","OTHER (COMBINED) COUNTIES","","","","00000000","","CORN","CORN, GRAIN - YIELD, MEASURED IN BU / ACRE","TOTAL","NOT SPECIFIED","136.8",""
"SURVEY","2019","YEAR","","COUNTY","MISSOURI","29","NORTH CENTRAL","20","RANDOLPH","175","","","00000000","","CORN","CORN, GRAIN - YIELD, MEASURED IN BU / ACRE","TOTAL","NOT SPECIFIED","158",""
"SURVEY","2019","YEAR","","COUNTY","MISSOURI","29","NORTH CENTRAL","20","SULLIVAN","211","","","00000000","","CORN","CORN, GRAIN - YIELD, MEASURED IN BU / ACRE","TOTAL","NOT SPECIFIED","123.5",""
"SURVEY","2019","YEAR","","COUNTY","MISSOURI","29","NORTHEAST","30","AUDRAIN","007","","","00000000","","CORN","CORN, GRAIN - YIELD, MEASURED IN BU / ACRE","TOTAL","NOT SPECIFIED","168.8",""
"SURVEY","2019","YEAR","","COUNTY","MISSOURI","29","NORTHEAST","30","MARION","127","","","00000000","","CORN","CORN, GRAIN - YIELD, MEASURED IN BU / ACRE","TOTAL","NOT SPECIFIED","164.9",""
"SURVEY","2019","YEAR","","COUNTY","MISSOURI","29","NORTHEAST","30","OTHER (COMBINED) COUNTIES","","","","00000000","","CORN","CORN, GRAIN - YIELD, MEASURED IN BU / ACRE","TOTAL","NOT SPECIFIED","146",""
"SURVEY","2019","YEAR","","COUNTY","MISSOURI","29","NORTHEAST","30","RALLS","173","","","00000000","","CORN","CORN, GRAIN - YIELD, MEASURED IN BU / ACRE","TOTAL","NOT SPECIFIED","157.2",""
"SURVEY","2019","YEAR","","COUNTY","MISSOURI","29","NORTHWEST","10","CLINTON","049","","","00000000","","CORN","CORN, GRAIN - YIELD, MEASURED IN BU / ACRE","TOTAL","NOT SPECIFIED","139.2",""
"SURVEY","2019","YEAR","","COUNTY","MISSOURI","29","NORTHWEST","10","DE KALB","063","","","00000000","","CORN","CORN, GRAIN - YIELD, MEASURED IN BU / ACRE","TOTAL","NOT SPECIFIED","126",""
"SURVEY","2019","YEAR","","COUNTY","MISSOURI","29","NORTHWEST","10","GENTRY","075","","","00000000","","CORN","CORN, GRAIN - YIELD, MEASURED IN BU / ACRE","TOTAL","NOT SPECIFIED","126.9",""
"SURVEY","2019","YEAR","","COUNTY","MISSOURI","29","NORTHWEST","10","OTHER (COMBINED) COUNTIES","","","","00000000","","CORN","CORN, GRAIN - YIELD, MEASURED IN BU / ACRE","TOTAL","NOT SPECIFIED","157.5",""
"SURVEY","2019","YEAR","","COUNTY","MISSOURI","29","NORTHWEST","10","PLATTE","165","","","00000000","","CORN","CORN, GRAIN - YIELD, MEASURED IN BU / ACRE","TOTAL","NOT SPECIFIED","146.6",""
"SURVEY","2019","YEAR","","COUNTY","MISSOURI","29","NORTHWEST","10","RAY","177","","","00000000","","CORN","CORN, GRAIN - YIELD, MEASURED IN BU / ACRE","TOTAL","NOT SPECIFIED","150",""
"SURVEY","2019","YEAR","","COUNTY","MISSOURI","29","SOUTH CENTRAL","80","BOLLINGER","017","","","00000000","","CORN","CORN, GRAIN - YIELD, MEASURED IN BU / ACRE","TOTAL","NOT SPECIFIED","157.5",""
"SURVEY","2019","YEAR","","COUNTY","MISSOURI","29","SOUTH CENTRAL","80","OTHER (COMBINED) COUNTIES","","","","00000000","","CORN","CORN, GRAIN - YIELD, MEASURED IN BU / ACRE","TOTAL","NOT SPECIFIED","149.5",""
"SURVEY","2019","YEAR","","COUNTY","MISSOURI","29","SOUTH CENTRAL","80","TEXAS","215","","","00000000","","CORN","CORN, GRAIN - YIELD, MEASURED IN BU / ACRE","TOTAL","NOT SPECIFIED","126.7",""
"SURVEY","2019","YEAR","","COUNTY","MISSOURI","29","SOUTH CENTRAL","80","WEBSTER","225","","","00000000","","CORN","CORN, GRAIN - YIELD, MEASURED IN BU / ACRE","TOTAL","NOT SPECIFIED","160",""
"SURVEY","2019","YEAR","","COUNTY","MISSOURI","29","SOUTHEAST","90","BUTLER","023","","","00000000","","CORN","CORN, GRAIN - YIELD, MEASURED IN BU / ACRE","TOTAL","NOT SPECIFIED","161.8",""
"SURVEY","2019","YEAR","","COUNTY","MISSOURI","29","SOUTHEAST","90","DUNKLIN","069","","","00000000","","CORN","CORN, GRAIN - YIELD, MEASURED IN BU / ACRE","TOTAL","NOT SPECIFIED","180.6",""
"SURVEY","2019","YEAR","","COUNTY","MISSOURI","29","SOUTHEAST","90","MISSISSIPPI","133","","","00000000","","CORN","CORN, GRAIN - YIELD, MEASURED IN BU / ACRE","TOTAL","NOT SPECIFIED","152.3",""
"SURVEY","2019","YEAR","","COUNTY","MISSOURI","29","SOUTHEAST","90","NEW MADRID","143","","","00000000","","CORN","CORN, GRAIN - YIELD, MEASURED IN BU / ACRE","TOTAL","NOT SPECIFIED","172.8",""
"SURVEY","2019","YEAR","","COUNTY","MISSOURI","29","SOUTHEAST","90","OTHER (COMBINED) COUNTIES","","","","00000000","","CORN","CORN, GRAIN - YIELD, MEASURED IN BU / ACRE","TOTAL","NOT SPECIFIED","158.9",""
"SURVEY","2019","YEAR","","COUNTY","MISSOURI","29","SOUTHEAST","90","SCOTT","201","","","00000000","","CORN","CORN, GRAIN - YIELD, MEASURED IN BU / ACRE","TOTAL","NOT SPECIFIED","174.2",""
"SURVEY","2019","YEAR","","COUNTY","MISSOURI","29","SOUTHEAST","90","STODDARD","207","","","00000000","","CORN","CORN, GRAIN - YIELD, MEASURED IN BU / ACRE","TOTAL","NOT SPECIFIED","170",""
"SURVEY","2019","YEAR","","COUNTY","MISSOURI","29","SOUTHWEST","70","BARRY","009","","","00000000","","CORN","CORN, GRAIN - YIELD, MEASURED IN BU / ACRE","TOTAL","NOT SPECIFIED","148.3",""
"SURVEY","2019","YEAR","","COUNTY","MISSOURI","29","SOUTHWEST","70","BARTON","011","","","00000000","","CORN","CORN, GRAIN - YIELD, MEASURED IN BU / ACRE","TOTAL","NOT SPECIFIED","141.5",""
"SURVEY","2019","YEAR","","COUNTY","MISSOURI","29","SOUTHWEST","70","DADE","057","","","00000000","","CORN","CORN, GRAIN - YIELD, MEASURED IN BU / ACRE","TOTAL","NOT SPECIFIED","122.9",""
"SURVEY","2019","YEAR","","COUNTY","MISSOURI","29","SOUTHWEST","70","NEWTON","145","","","00000000","","CORN","CORN, GRAIN - YIELD, MEASURED IN BU / ACRE","TOTAL","NOT SPECIFIED","150.3",""
"SURVEY","2019","YEAR","","COUNTY","MISSOURI","29","SOUTHWEST","70","OTHER (COMBINED) COUNTIES","","","","00000000","","CORN","CORN, GRAIN - YIELD, MEASURED IN BU / ACRE","TOTAL","NOT SPECIFIED","133",""
"SURVEY","2019","YEAR","","COUNTY","MISSOURI","29","WEST","40","BATES","013","","","00000000","","CORN","CORN, GRAIN - YIELD, MEASURED IN BU / ACRE","TOTAL","NOT SPECIFIED","160.4",""
"SURVEY","2019","YEAR","","COUNTY","MISSOURI","29","WEST","40","CEDAR","039","","","00000000","","CORN","CORN, GRAIN - YIELD, MEASURED IN BU / ACRE","TOTAL","NOT SPECIFIED","131.5",""
"SURVEY","2019","YEAR","","COUNTY","MISSOURI","29","WEST","40","JACKSON","095","","","00000000","","CORN","CORN, GRAIN - YIELD, MEASURED IN BU / ACRE","TOTAL","NOT SPECIFIED","158",""
"SURVEY","2019","YEAR","","COUNTY","MISSOURI","29","WEST","40","LAFAYETTE","107","","","00000000","","CORN","CORN, GRAIN - YIELD, MEASURED IN BU / ACRE","TOTAL","NOT SPECIFIED","185.1",""
"SURVEY","2019","YEAR","","COUNTY","MISSOURI","29","WEST","40","OTHER (COMBINED) COUNTIES","","","","00000000","","CORN","CORN, GRAIN - YIELD, MEASURED IN BU / ACRE","TOTAL","NOT SPECIFIED","145",""
"SURVEY","2019","YEAR","","COUNTY","MISSOURI","29","WEST","40","ST CLAIR","185","","","00000000","","CORN","CORN, GRAIN - YIELD, MEASURED IN BU / ACRE","TOTAL","NOT SPECIFIED","136.8",""
"SURVEY","2019","YEAR","","COUNTY","WISCONSIN","55","CENTRAL","50","ADAMS","001","","","00000000","","CORN","CORN, GRAIN - YIELD, MEASURED IN BU / ACRE","TOTAL","NOT SPECIFIED","116.8",""
"SURVEY","2019","YEAR","","COUNTY","WISCONSIN","55","CENTRAL","50","GREEN LAKE","047","","","00000000","","CORN","CORN, GRAIN - YIELD, MEASURED IN BU / ACRE","TOTAL","NOT SPECIFIED","187.2",""
"SURVEY","2019","YEAR","","COUNTY","WISCONSIN","55","CENTRAL","50","JUNEAU","057","","","00000000","","CORN","CORN, GRAIN - YIELD, MEASURED IN BU / ACRE","TOTAL","NOT SPECIFIED","150.5",""
"SURVEY","2019","YEAR","","COUNTY","WISCONSIN","55","CENTRAL","50","MARQUETTE","077","","","00000000","","CORN","CORN, GRAIN - YIELD, MEASURED IN BU / ACRE","TOTAL","NOT SPECIFIED","138",""
"SURVEY","2019","YEAR","","COUNTY","WISCONSIN","55","CENTRAL","50","PORTAGE","097","","","00000000","","CORN","CORN, GRAIN - YIELD, MEASURED IN BU / ACRE","TOTAL","NOT SPECIFIED","170.6",""
"SURVEY","2019","YEAR","","COUNTY","WISCONSIN","55","CENTRAL","50","WAUPACA","135","","","00000000","","CORN","CORN, GRAIN - YIELD, MEASURED IN BU / ACRE","TOTAL","NOT SPECIFIED","138.8",""
"SURVEY","2019","YEAR","","COUNTY","WISCONSIN","55","CENTRAL","50","WAUSHARA","137","","","00000000","","CORN","CORN, GRAIN - YIELD, MEASURED IN BU / ACRE","TOTAL","NOT SPECIFIED","172",""
"SURVEY","2019","YEAR","","COUNTY","WISCONSIN","55","CENTRAL","50","WOOD","141","","","00000000","","CORN","CORN, GRAIN - YIELD, MEASURED IN BU / ACRE","TOTAL","NOT SPECIFIED","141",""
"SURVEY","2019","YEAR","","COUNTY","WISCONSIN","55","EAST CENTRAL","60","DOOR","029","","","00000000","","CORN","CORN, GRAIN - YIELD, MEASURED IN BU / ACRE","TOTAL","NOT SPECIFIED","132.5",""
"SURVEY","2019","YEAR","","COUNTY","WISCONSIN","55","EAST CENTRAL","60","FOND DU LAC","039","","","00000000","","CORN","CORN, GRAIN - YIELD, MEASURED IN BU / ACRE","TOTAL","NOT SPECIFIED","183.6",""
"SURVEY","2019","YEAR","","COUNTY","WISCONSIN","55","EAST CENTRAL","60","MANITOWOC","071","","","00000000","","CORN","CORN, GRAIN - YIELD, MEASURED IN BU / ACRE","TOTAL","NOT SPECIFIED","163",""
"SURVEY","2019","YEAR","","COUNTY","WISCONSIN","55","EAST CENTRAL","60","OTHER (COMBINED) COUNTIES","","","","00000000","","CORN","CORN, GRAIN - YIELD, MEASURED IN BU / ACRE","TOTAL","NOT SPECIFIED","134",""
"SURVEY","2019","YEAR","","COUNTY","WISCONSIN","55","EAST CENTRAL","60","OUTAGAMIE","087","","","00000000","","CORN","CORN, GRAIN - YIELD, MEASURED IN BU / ACRE","TOTAL","NOT SPECIFIED","127.5",""
"SURVEY","2019","YEAR","","COUNTY","WISCONSIN","55","EAST CENTRAL","60","SHEBOYGAN","117","","","00000000","","CORN","CORN, GRAIN - YIELD, MEASURED IN BU / ACRE","TOTAL","NOT SPECIFIED","183.2",""
"SURVEY","2019","YEAR","","COUNTY","WISCONSIN","55","EAST CENTRAL","60","WINNEBAGO","139","","","00000000","","CORN","CORN, GRAIN - YIELD, MEASURED IN BU / ACRE","TOTAL","NOT SPECIFIED","140.2",""
"SURVEY","2019","YEAR","","COUNTY","WISCONSIN","55","NORTH CENTRAL","20","CLARK","019","","","00000000","","CORN","CORN, GRAIN - YIELD, MEASURED IN BU / ACRE","TOTAL","NOT SPECIFIED","121.6",""
"SURVEY","2019","YEAR","","COUNTY","WISCONSIN","55","NORTH CENTRAL","20","OTHER (COMBINED) COUNTIES","","","","00000000","","CORN","CORN, GRAIN - YIELD, MEASURED IN BU / ACRE","TOTAL","NOT SPECIFIED","135.3",""
"SURVEY","2019","YEAR","","COUNTY","WISCONSIN","55","NORTH CENTRAL","20","PRICE","099","","","00000000","","CORN","CORN, GRAIN - YIELD, MEASURED IN BU / ACRE","TOTAL","NOT SPECIFIED","125",""
"SURVEY","2019","YEAR","","COUNTY","WISCONSIN","55","NORTHEAST","30","MARINETTE","075","","","00000000","","CORN","CORN, GRAIN - YIELD, MEASURED IN BU / ACRE","TOTAL","NOT SPECIFIED","126.9",""
"SURVEY","2019","YEAR","","COUNTY","WISCONSIN","55","NORTHEAST","30","OCONTO","083","","","00000000","","CORN","CORN, GRAIN - YIELD, MEASURED IN BU / ACRE","TOTAL","NOT SPECIFIED","118.8",""
"SURVEY","2019","YEAR","","COUNTY","WISCONSIN","55","NORTHEAST","30","OTHER (COMBINED) COUNTIES","","","","00000000","","CORN","CORN, GRAIN - YIELD, MEASURED IN BU / ACRE","TOTAL","NOT SPECIFIED","130.3",""
"SURVEY","2019","YEAR","","COUNTY","WISCONSIN","55","NORTHEAST","30","SHAWANO","115","","","00000000","","CORN","CORN, GRAIN - YIELD, MEASURED IN BU / ACRE","TOTAL","NOT SPECIFIED","131.1",""
"SURVEY","2019","YEAR","","COUNTY","WISCONSIN","55","NORTHWEST","10","BARRON","005","","","00000000","","CORN","CORN, GRAIN - YIELD, MEASURED IN BU / ACRE","TOTAL","NOT SPECIFIED","133.2",""
"SURVEY","2019","YEAR","","COUNTY","WISCONSIN","55","NORTHWEST","10","BURNETT","013","","","00000000","","CORN","CORN, GRAIN - YIELD, MEASURED IN BU / ACRE","TOTAL","NOT SPECIFIED","119.6",""
"SURVEY","2019","YEAR","","COUNTY","WISCONSIN","55","NORTHWEST","10","CHIPPEWA","017","","","00000000","","CORN","CORN, GRAIN - YIELD, MEASURED IN BU / ACRE","TOTAL","NOT SPECIFIED","152",""
"SURVEY","2019","YEAR","","COUNTY","WISCONSIN","55","NORTHWEST","10","OTHER (COMBINED) COUNTIES","","","","00000000","","CORN","CORN, GRAIN - YIELD, MEASURED IN BU / ACRE","TOTAL","NOT SPECIFIED","136.2",""
"SURVEY","2019","YEAR","","COUNTY","WISCONSIN","55","NORTHWEST","10","POLK","095","","","00000000","","CORN","CORN, GRAIN - YIELD, MEASURED IN BU / ACRE","TOTAL","NOT SPECIFIED","148.5",""
"SURVEY","2019","YEAR","","COUNTY","WISCONSIN","55","NORTHWEST","10","RUSK","107","","","00000000","","CORN","CORN, GRAIN - YIELD, MEASURED IN BU / ACRE","TOTAL","NOT SPECIFIED","111.1",""
"SURVEY","2019","YEAR","","COUNTY","WISCONSIN","55","NORTHWEST","10","WASHBURN","129","","","00000000","","CORN","CORN, GRAIN - YIELD, MEASURED IN BU / ACRE","TOTAL","NOT SPECIFIED","155.1",""
"SURVEY","2019","YEAR","","COUNTY","WISCONSIN","55","SOUTH CENTRAL","80","COLUMBIA","021","","","00000000","","CORN","CORN, GRAIN - YIELD, MEASURED IN BU / ACRE","TOTAL","NOT SPECIFIED","166.8",""
"SURVEY","2019","YEAR","","COUNTY","WISCONSIN","55","SOUTH CENTRAL","80","DANE","025","","","00000000","","CORN","CORN, GRAIN - YIELD, MEASURED IN BU / ACRE","TOTAL","NOT SPECIFIED","178.7",""
"SURVEY","2019","YEAR","","COUNTY","WISCONSIN","55","SOUTH CENTRAL","80","DODGE","027","","","00000000","","CORN","CORN, GRAIN - YIELD, MEASURED IN BU / ACRE","TOTAL","NOT SPECIFIED","170.9",""
"SURVEY","2019","YEAR","","COUNTY","WISCONSIN","55","SOUTH CENTRAL","80","GREEN","045","","","00000000","","CORN","CORN, GRAIN - YIELD, MEASURED IN BU / ACRE","TOTAL","NOT SPECIFIED","186.8",""
"SURVEY","2019","YEAR","","COUNTY","WISCONSIN","55","SOUTH CENTRAL","80","JEFFERSON","055","","","00000000","","CORN","CORN, GRAIN - YIELD, MEASURED IN BU / ACRE","TOTAL","NOT SPECIFIED","174.3",""
"SURVEY","2019","YEAR","","COUNTY","WISCONSIN","55","SOUTH CENTRAL","80","ROCK","105","","","00000000","","CORN","CORN, GRAIN - YIELD, MEASURED IN BU / ACRE","TOTAL","NOT SPECIFIED","198.1",""
"SURVEY","2019","YEAR","","COUNTY","WISCONSIN","55","SOUTHEAST","90","OTHER (COMBINED) COUNTIES","","","","00000000","","CORN","CORN, GRAIN - YIELD, MEASURED IN BU / ACRE","TOTAL","NOT SPECIFIED","152",""
"SURVEY","2019","YEAR","","COUNTY","WISCONSIN","55","SOUTHEAST","90","OZAUKEE","089","","","00000000","","CORN","CORN, GRAIN - YIELD, MEASURED IN BU / ACRE","TOTAL","NOT SPECIFIED","154.6",""
"SURVEY","2019","YEAR","","COUNTY","WISCONSIN","55","SOUTHEAST","90","RACINE","101","","","00000000","","CORN","CORN, GRAIN - YIELD, MEASURED IN BU / ACRE","TOTAL","NOT SPECIFIED","161",""
"SURVEY","2019","YEAR","","COUNTY","WISCONSIN","55","SOUTHEAST","90","WALWORTH","127","","","00000000","","CORN","CORN, GRAIN - YIELD, MEASURED IN BU / ACRE","TOTAL","NOT SPECIFIED","174.1",""
"SURVEY","2019","YEAR","","COUNTY","WISCONSIN","55","SOUTHEAST","90","WASHINGTON","131","","","00000000","","CORN","CORN, GRAIN - YIELD, MEASURED IN BU / ACRE","TOTAL","NOT SPECIFIED","166.7",""
"SURVEY","2019","YEAR","","COUNTY","WISCONSIN","55","SOUTHEAST","90","WAUKESHA","133","","","00000000","","CORN","CORN, GRAIN - YIELD, MEASURED IN BU / ACRE","TOTAL","NOT SPECIFIED","169.3",""
"SURVEY","2019","YEAR","","COUNTY","WISCONSIN","55","SOUTHWEST","70","CRAWFORD","023","","","00000000","","CORN","CORN, GRAIN - YIELD, MEASURED IN BU / ACRE","TOTAL","NOT SPECIFIED","159.4",""
"SURVEY","2019","YEAR","","COUNTY","WISCONSIN","55","SOUTHWEST","70","GRANT","043","","","00000000","","CORN","CORN, GRAIN - YIELD, MEASURED IN BU / ACRE","TOTAL","NOT SPECIFIED","196",""
"SURVEY","2019","YEAR","","COUNTY","WISCONSIN","55","SOUTHWEST","70","IOWA","049","","","00000000","","CORN","CORN, GRAIN - YIELD, MEASURED IN BU / ACRE","TOTAL","NOT SPECIFIED","190.2",""
"SURVEY","2019","YEAR","","COUNTY","WISCONSIN","55","SOUTHWEST","70","LAFAYETTE","065","","","00000000","","CORN","CORN, GRAIN - YIELD, MEASURED IN BU / ACRE","TOTAL","NOT SPECIFIED","194.3",""
"SURVEY","2019","YEAR","","COUNTY","WISCONSIN","55","SOUTHWEST","70","RICHLAND","103","","","00000000","","CORN","CORN, GRAIN - YIELD, MEASURED IN BU / ACRE","TOTAL","NOT SPECIFIED","151.8",""
"SURVEY","2019","YEAR","","COUNTY","WISCONSIN","55","SOUTHWEST","70","SAUK","111","","","00000000","","CORN","CORN, GRAIN - YIELD, MEASURED IN BU / ACRE","TOTAL","NOT SPECIFIED","152.6",""
"SURVEY","2019","YEAR","","COUNTY","WISCONSIN","55","SOUTHWEST","70","VERNON","123","","","00000000","","CORN","CORN, GRAIN - YIELD, MEASURED IN BU / ACRE","TOTAL","NOT SPECIFIED","155.3",""
"SURVEY","2019","YEAR","","COUNTY","WISCONSIN","55","WEST CENTRAL","40","BUFFALO","011","","","00000000","","CORN","CORN, GRAIN - YIELD, MEASURED IN BU / ACRE","TOTAL","NOT SPECIFIED","156.8",""
"SURVEY","2019","YEAR","","COUNTY","WISCONSIN","55","WEST CENTRAL","40","DUNN","033","","","00000000","","CORN","CORN, GRAIN - YIELD, MEASURED IN BU / ACRE","TOTAL","NOT SPECIFIED","177.2",""
"SURVEY","2019","YEAR","","COUNTY","WISCONSIN","55","WEST CENTRAL","40","EAU CLAIRE","035","","","00000000","","CORN","CORN, GRAIN - YIELD, MEASURED IN BU / ACRE","TOTAL","NOT SPECIFIED","161.9",""
"SURVEY","2019","YEAR","","COUNTY","WISCONSIN","55","WEST CENTRAL","40","JACKSON","053","","","00000000","","CORN","CORN, GRAIN - YIELD, MEASURED IN BU / ACRE","TOTAL","NOT SPECIFIED","160.6",""
"SURVEY","2019","YEAR","","COUNTY","WISCONSIN","55","WEST CENTRAL","40","LA CROSSE","063","","","00000000","","CORN","CORN, GRAIN - YIELD, MEASURED IN BU / ACRE","TOTAL","NOT SPECIFIED","171.4",""
"SURVEY","2019","YEAR","","COUNTY","WISCONSIN","55","WEST CENTRAL","40","MONROE","081","","","00000000","","CORN","CORN, GRAIN - YIELD, MEASURED IN BU / ACRE","TOTAL","NOT SPECIFIED","156.8",""
"SURVEY","2019","YEAR","","COUNTY","WISCONSIN","55","WEST CENTRAL","40","PEPIN","091","","","00000000","","CORN","CORN, GRAIN - YIELD, MEASURED IN BU / ACRE","TOTAL","NOT SPECIFIED","174.1",""
"SURVEY","2019","YEAR","","COUNTY","WISCONSIN","55","WEST CENTRAL","40","PIERCE","093","","","00000000","","CORN","CORN, GRAIN - YIELD, MEASURED IN BU / ACRE","TOTAL","NOT SPECIFIED","173.5",""
"SURVEY","2019","YEAR","","COUNTY","WISCONSIN","55","WEST CENTRAL","40","ST CROIX","109","","","00000000","","CORN","CORN, GRAIN - YIELD, MEASURED IN BU / ACRE","TOTAL","NOT SPECIFIED","178.8",""
"SURVEY","2019","YEAR","","COUNTY","WISCONSIN","55","WEST CENTRAL","40","TREMPEALEAU","121","","","00000000","","CORN","CORN, GRAIN - YIELD, MEASURED IN BU / ACRE","TOTAL","NOT SPECIFIED","158.3",""
"SURVEY","2018","YEAR","","COUNTY","COLORADO","08","EAST CENTRAL","60","ADAMS","001","","","00000000","","CORN","CORN, GRAIN - YIELD, MEASURED IN BU / ACRE","TOTAL","NOT SPECIFIED","51.2",""
"SURVEY","2018","YEAR","","COUNTY","COLORADO","08","EAST CENTRAL","60","CHEYENNE","017","","","00000000","","CORN","CORN, GRAIN - YIELD, MEASURED IN BU / ACRE","TOTAL","NOT SPECIFIED","92.4",""
"SURVEY","2018","YEAR","","COUNTY","COLORADO","08","EAST CENTRAL","60","KIOWA","061","","","00000000","","CORN","CORN, GRAIN - YIELD, MEASURED IN BU / ACRE","TOTAL","NOT SPECIFIED","66.5",""
"SURVEY","2018","YEAR","","COUNTY","COLORADO","08","EAST CENTRAL","60","KIT CARSON","063","","","00000000","","CORN","CORN, GRAIN - YIELD, MEASURED IN BU / ACRE","TOTAL","NOT SPECIFIED","121.3",""
"SURVEY","2018","YEAR","","COUNTY","COLORADO","08","EAST CENTRAL","60","LINCOLN","073","","","00000000","","CORN","CORN, GRAIN - YIELD, MEASURED IN BU / ACRE","TOTAL","NOT SPECIFIED","52.4",""
"SURVEY","2018","YEAR","","COUNTY","COLORADO","08","EAST CENTRAL","60","OTHER (COMBINED) COUNTIES","","","","00000000","","CORN","CORN, GRAIN - YIELD, MEASURED IN BU / ACRE","TOTAL","NOT SPECIFIED","43.5",""
"SURVEY","2018","YEAR","","COUNTY","COLORADO","08","EAST CENTRAL","60","PHILLIPS","095","","","00000000","","CORN","CORN, GRAIN - YIELD, MEASURED IN BU / ACRE","TOTAL","NOT SPECIFIED","126.3",""
"SURVEY","2018","YEAR","","COUNTY","COLORADO","08","EAST CENTRAL","60","WASHINGTON","121","","","00000000","","CORN","CORN, GRAIN - YIELD, MEASURED IN BU / ACRE","TOTAL","NOT SPECIFIED","61.6",""
"SURVEY","2018","YEAR","","COUNTY","COLORADO","08","EAST CENTRAL","60","YUMA","125","","","00000000","","CORN","CORN, GRAIN - YIELD, MEASURED IN BU / ACRE","TOTAL","NOT SPECIFIED","196.5",""
"SURVEY","2018","YEAR","","COUNTY","COLORADO","08","NORTHEAST","20","MORGAN","087","","","00000000","","CORN","CORN, GRAIN - YIELD, MEASURED IN BU / ACRE","TOTAL","NOT SPECIFIED","163.2",""
"SURVEY","2018","YEAR","","COUNTY","COLORADO","08","NORTHEAST","20","OTHER (COMBINED) COUNTIES","","","","00000000","","CORN","CORN, GRAIN - YIELD, MEASURED IN BU / ACRE","TOTAL","NOT SPECIFIED","148",""
"SURVEY","2018","YEAR","","COUNTY","COLORADO","08","NORTHEAST","20","SEDGWICK","115","","","00000000","","CORN","CORN, GRAIN - YIELD, MEASURED IN BU / ACRE","TOTAL","NOT SPECIFIED","128.7",""
"SURVEY","2018","YEAR","","COUNTY","COLORADO","08","NORTHEAST","20","WELD","123","","","00000000","","CORN","CORN, GRAIN - YIELD, MEASURED IN BU / ACRE","TOTAL","NOT SPECIFIED","135.2",""
"SURVEY","2018","YEAR","","COUNTY","COLORADO","08","SOUTHEAST","90","BENT","011","","","00000000","","CORN","CORN, GRAIN - YIELD, MEASURED IN BU / ACRE","TOTAL","NOT SPECIFIED","174.9",""
"SURVEY","2018","YEAR","","COUNTY","COLORADO","08","SOUTHEAST","90","OTERO","089","","","00000000","","CORN","CORN, GRAIN - YIELD, MEASURED IN BU / ACRE","TOTAL","NOT SPECIFIED","127.2",""
"SURVEY","2018","YEAR","","COUNTY","COLORADO","08","SOUTHEAST","90","OTHER (COMBINED) COUNTIES","","","","00000000","","CORN","CORN, GRAIN - YIELD, MEASURED IN BU / ACRE","TOTAL","NOT SPECIFIED","138.8",""
"SURVEY","2018","YEAR","","COUNTY","COLORADO","08","SOUTHEAST","90","PUEBLO","101","","","00000000","","CORN","CORN, GRAIN - YIELD, MEASURED IN BU / ACRE","TOTAL","NOT SPECIFIED","136.7",""
"SURVEY","2018","YEAR","","COUNTY","MISSOURI","29","CENTRAL","50","BENTON","015","","","00000000","","CORN","CORN, GRAIN - YIELD, MEASURED IN BU / ACRE","TOTAL","NOT SPECIFIED","170.1",""
"SURVEY","2018","YEAR","","COUNTY","MISSOURI","29","CENTRAL","50","COLE","051","","","00000000","","CORN","CORN, GRAIN - YIELD, MEASURED IN BU / ACRE","TOTAL","NOT SPECIFIED","157.6",""
"SURVEY","2018","YEAR","","COUNTY","MISSOURI","29","CENTRAL","50","HICKORY","085","","","00000000","","CORN","CORN, GRAIN - YIELD, MEASURED IN BU / ACRE","TOTAL","NOT SPECIFIED","136.8",""
"SURVEY","2018","YEAR","","COUNTY","MISSOURI","29","CENTRAL","50","LACLEDE","105","","","00000000","","CORN","CORN, GRAIN - YIELD, MEASURED IN BU / ACRE","TOTAL","NOT SPECIFIED","132.2",""
"SURVEY","2018","YEAR","","COUNTY","MISSOURI","29","CENTRAL","50","MILLER","131","","","00000000","","CORN","CORN, GRAIN - YIELD, MEASURED IN BU / ACRE","TOTAL","NOT SPECIFIED","121.1",""
"SURVEY","2018","YEAR","","COUNTY","MISSOURI","29","CENTRAL","50","MONITEAU","135","","","00000000","","CORN","CORN, GRAIN - YIELD, MEASURED IN BU / ACRE","TOTAL","NOT SPECIFIED","144.7",""
"SURVEY","2018","YEAR","","COUNTY","MISSOURI","29","CENTRAL","50","MORGAN","141","","","00000000","","CORN","CORN, GRAIN - YIELD, MEASURED IN BU / ACRE","TOTAL","NOT SPECIFIED","136.3",""
"SURVEY","2018","YEAR","","COUNTY","MISSOURI","29","CENTRAL","50","OSAGE","151","","","00000000","","CORN","CORN, GRAIN - YIELD, MEASURED IN BU / ACRE","TOTAL","NOT SPECIFIED","158.6",""
"SURVEY","2018","YEAR","","COUNTY","MISSOURI","29","CENTRAL","50","OTHER (COMBINED) COUNTIES","","","","00000000","","CORN","CORN, GRAIN - YIELD, MEASURED IN BU / ACRE","TOTAL","NOT SPECIFIED","141.1",""
"SURVEY","2018","YEAR","","COUNTY","MISSOURI","29","CENTRAL","50","PETTIS","159","","","00000000","","CORN","CORN, GRAIN - YIELD, MEASURED IN BU / ACRE","TOTAL","NOT SPECIFIED","159.4",""
"SURVEY","2018","YEAR","","COUNTY","MISSOURI","29","CENTRAL","50","POLK","167","","","00000000","","CORN","CORN, GRAIN - YIELD, MEASURED IN BU / ACRE","TOTAL","NOT SPECIFIED","112.6",""
"SURVEY","2018","YEAR","","COUNTY","MISSOURI","29","CENTRAL","50","SALINE","195","","","00000000","","CORN","CORN, GRAIN - YIELD, MEASURED IN BU / ACRE","TOTAL","NOT SPECIFIED","147.6",""
"SURVEY","2018","YEAR","","COUNTY","MISSOURI","29","EAST","60","FRANKLIN","071","","","00000000","","CORN","CORN, GRAIN - YIELD, MEASURED IN BU / ACRE","TOTAL","NOT SPECIFIED","139.2",""
"SURVEY","2018","YEAR","","COUNTY","MISSOURI","29","EAST","60","GASCONADE","073","","","00000000","","CORN","CORN, GRAIN - YIELD, MEASURED IN BU / ACRE","TOTAL","NOT SPECIFIED","145.8",""
"SURVEY","2018","YEAR","","COUNTY","MISSOURI","29","EAST","60","JEFFERSON","099","","","00000000","","CORN","CORN, GRAIN - YIELD, MEASURED IN BU / ACRE","TOTAL","NOT SPECIFIED","130.9",""
"SURVEY","2018","YEAR","","COUNTY","MISSOURI","29","EAST","60","MONTGOMERY","139","","","00000000","","CORN","CORN, GRAIN - YIELD, MEASURED IN BU / ACRE","TOTAL","NOT SPECIFIED","126.3",""
"SURVEY","2018","YEAR","","COUNTY","MISSOURI","29","EAST","60","OTHER (COMBINED) COUNTIES","","","","00000000","","CORN","CORN, GRAIN - YIELD, MEASURED IN BU / ACRE","TOTAL","NOT SPECIFIED","140.6",""
"SURVEY","2018","YEAR","","COUNTY","MISSOURI","29","EAST","60","PERRY","157","","","00000000","","CORN","CORN, GRAIN - YIELD, MEASURED IN BU / ACRE","TOTAL","NOT SPECIFIED","152.3",""
"SURVEY","2018","YEAR","","COUNTY","MISSOURI","29","EAST","60","ST CHARLES","183","","","00000000","","CORN","CORN, GRAIN - YIELD, MEASURED IN BU / ACRE","TOTAL","NOT SPECIFIED","161.7",""
"SURVEY","2018","YEAR","","COUNTY","MISSOURI","29","EAST","60","STE GENEVIEVE","186","","","00000000","","CORN","CORN, GRAIN - YIELD, MEASURED IN BU / ACRE","TOTAL","NOT SPECIFIED","172.2",""
"SURVEY","2018","YEAR","","COUNTY","MISSOURI","29","NORTH CENTRAL","20","GRUNDY","079","","","00000000","","CORN","CORN, GRAIN - YIELD, MEASURED IN BU / ACRE","TOTAL","NOT SPECIFIED","110.4",""
"SURVEY","2018","YEAR","","COUNTY","MISSOURI","29","NORTH CENTRAL","20","OTHER (COMBINED) COUNTIES","","","","00000000","","CORN","CORN, GRAIN - YIELD, MEASURED IN BU / ACRE","TOTAL","NOT SPECIFIED","125.5",""
"SURVEY","2018","YEAR","","COUNTY","MISSOURI","29","NORTH CENTRAL","20","RANDOLPH","175","","","00000000","","CORN","CORN, GRAIN - YIELD, MEASURED IN BU / ACRE","TOTAL","NOT SPECIFIED","126.3",""
"SURVEY","2018","YEAR","","COUNTY","MISSOURI","29","NORTHEAST","30","AUDRAIN","007","","","00000000","","CORN","CORN, GRAIN - YIELD, MEASURED IN BU / ACRE","TOTAL","NOT SPECIFIED","131.3",""
"SURVEY","2018","YEAR","","COUNTY","MISSOURI","29","NORTHEAST","30","KNOX","103","","","00000000","","CORN","CORN, GRAIN - YIELD, MEASURED IN BU / ACRE","TOTAL","NOT SPECIFIED","125.6",""
"SURVEY","2018","YEAR","","COUNTY","MISSOURI","29","NORTHEAST","30","LEWIS","111","","","00000000","","CORN","CORN, GRAIN - YIELD, MEASURED IN BU / ACRE","TOTAL","NOT SPECIFIED","117",""
"SURVEY","2018","YEAR","","COUNTY","MISSOURI","29","NORTHEAST","30","MONROE","137","","","00000000","","CORN","CORN, GRAIN - YIELD, MEASURED IN BU / ACRE","TOTAL","NOT SPECIFIED","124.8",""
"SURVEY","2018","YEAR","","COUNTY","MISSOURI","29","NORTHEAST","30","OTHER (COMBINED) COUNTIES","","","","00000000","","CORN","CORN, GRAIN - YIELD, MEASURED IN BU / ACRE","TOTAL","NOT SPECIFIED","157.7",""
"SURVEY","2018","YEAR","","COUNTY","MISSOURI","29","NORTHEAST","30","PIKE","163","","","00000000","","CORN","CORN, GRAIN - YIELD, MEASURED IN BU / ACRE","TOTAL","NOT SPECIFIED","139.6",""
"SURVEY","2018","YEAR","","COUNTY","MISSOURI","29","NORTHEAST","30","RALLS","173","","","00000000","","CORN","CORN, GRAIN - YIELD, MEASURED IN BU / ACRE","TOTAL","NOT SPECIFIED","148.7",""
"SURVEY","2018","YEAR","","COUNTY","MISSOURI","29","NORTHWEST","10","ATCHISON","005","","","00000000","","CORN","CORN, GRAIN - YIELD, MEASURED IN BU / ACRE","TOTAL","NOT SPECIFIED","170.2",""
"SURVEY","2018","YEAR","","COUNTY","MISSOURI","29","NORTHWEST","10","CLINTON","049","","","00000000","","CORN","CORN, GRAIN - YIELD, MEASURED IN BU / ACRE","TOTAL","NOT SPECIFIED","107.5",""
"SURVEY","2018","YEAR","","COUNTY","MISSOURI","29","NORTHWEST","10","DAVIESS","061","","","00000000","","CORN","CORN, GRAIN - YIELD, MEASURED IN BU / ACRE","TOTAL","NOT SPECIFIED","93.2",""
"SURVEY","2018","YEAR","","COUNTY","MISSOURI","29","NORTHWEST","10","DE KALB","063","","","00000000","","CORN","CORN, GRAIN - YIELD, MEASURED IN BU / ACRE","TOTAL","NOT SPECIFIED","95.6",""
"SURVEY","2018","YEAR","","COUNTY","MISSOURI","29","NORTHWEST","10","NODAWAY","147","","","00000000","","CORN","CORN, GRAIN - YIELD, MEASURED IN BU / ACRE","TOTAL","NOT SPECIFIED","124.5",""
"SURVEY","2018","YEAR","","COUNTY","MISSOURI","29","NORTHWEST","10","OTHER (COMBINED) COUNTIES","","","","00000000","","CORN","CORN, GRAIN - YIELD, MEASURED IN BU / ACRE","TOTAL","NOT SPECIFIED","117.5",""
"SURVEY","2018","YEAR","","COUNTY","MISSOURI","29","NORTHWEST","10","PLATTE","165","","","00000000","","CORN","CORN, GRAIN - YIELD, MEASURED IN BU / ACRE","TOTAL","NOT SPECIFIED","159",""
"SURVEY","2018","YEAR","","COUNTY","MISSOURI","29","NORTHWEST","10","WORTH","227","","","00000000","","CORN","CORN, GRAIN - YIELD, MEASURED IN BU / ACRE","TOTAL","NOT SPECIFIED","105.1",""
"SURVEY","2018","YEAR","","COUNTY","MISSOURI","29","SOUTH CENTRAL","80","OTHER (COMBINED) COUNTIES","","","","00000000","","CORN","CORN, GRAIN - YIELD, MEASURED IN BU / ACRE","TOTAL","NOT SPECIFIED","140.5",""
"SURVEY","2018","YEAR","","COUNTY","MISSOURI","29","SOUTH CENTRAL","80","WEBSTER","225","","","00000000","","CORN","CORN, GRAIN - YIELD, MEASURED IN BU / ACRE","TOTAL","NOT SPECIFIED","72",""
"SURVEY","2018","YEAR","","COUNTY","MISSOURI","29","SOUTHEAST","90","DUNKLIN","069","","","00000000","","CORN","CORN, GRAIN - YIELD, MEASURED IN BU / ACRE","TOTAL","NOT SPECIFIED","173.7",""
"SURVEY","2018","YEAR","","COUNTY","MISSOURI","29","SOUTHEAST","90","MISSISSIPPI","133","","","00000000","","CORN","CORN, GRAIN - YIELD, MEASURED IN BU / ACRE","TOTAL","NOT SPECIFIED","179.3",""
"SURVEY","2018","YEAR","","COUNTY","MISSOURI","29","SOUTHEAST","90","OTHER (COMBINED) COUNTIES","","","","00000000","","CORN","CORN, GRAIN - YIELD, MEASURED IN BU / ACRE","TOTAL","NOT SPECIFIED","175.2",""
"SURVEY","2018","YEAR","","COUNTY","MISSOURI","29","SOUTHEAST","90","PEMISCOT","155","","","00000000","","CORN","CORN, GRAIN - YIELD, MEASURED IN BU / ACRE","TOTAL","NOT SPECIFIED","175.9",""
"SURVEY","2018","YEAR","","COUNTY","MISSOURI","29","SOUTHEAST","90","STODDARD","207","","","00000000","","CORN","CORN, GRAIN - YIELD, MEASURED IN BU / ACRE","TOTAL","NOT SPECIFIED","172.5",""
"SURVEY","2018","YEAR","","COUNTY","MISSOURI","29","SOUTHWEST","70","BARRY","009","","","00000000","","CORN","CORN, GRAIN - YIELD, MEASURED IN BU / ACRE","TOTAL","NOT SPECIFIED","76",""
"SURVEY","2018","YEAR","","COUNTY","MISSOURI","29","SOUTHWEST","70","BARTON","011","","","00000000","","CORN","CORN, GRAIN - YIELD, MEASURED IN BU / ACRE","TOTAL","NOT SPECIFIED","116.6",""
"SURVEY","2018","YEAR","","COUNTY","MISSOURI","29","SOUTHWEST","70","CHRISTIAN","043","","","00000000","","CORN","CORN, GRAIN - YIELD, MEASURED IN BU / ACRE","TOTAL","NOT SPECIFIED","75",""
"SURVEY","2018","YEAR","","COUNTY","MISSOURI","29","SOUTHWEST","70","DADE","057","","","00000000","","CORN","CORN, GRAIN - YIELD, MEASURED IN BU / ACRE","TOTAL","NOT SPECIFIED","94.6",""
"SURVEY","2018","YEAR","","COUNTY","MISSOURI","29","SOUTHWEST","70","GREENE","077","","","00000000","","CORN","CORN, GRAIN - YIELD, MEASURED IN BU / ACRE","TOTAL","NOT SPECIFIED","66.7",""
"SURVEY","2018","YEAR","","COUNTY","MISSOURI","29","SOUTHWEST","70","NEWTON","145","","","00000000","","CORN","CORN, GRAIN - YIELD, MEASURED IN BU / ACRE","TOTAL","NOT SPECIFIED","77.6",""
"SURVEY","2018","YEAR","","COUNTY","MISSOURI","29","SOUTHWEST","70","OTHER (COMBINED) COUNTIES","","","","00000000","","CORN","CORN, GRAIN - YIELD, MEASURED IN BU / ACRE","TOTAL","NOT SPECIFIED","108.3",""
"SURVEY","2018","YEAR","","COUNTY","MISSOURI","29","WEST","40","BATES","013","","","00000000","","CORN","CORN, GRAIN - YIELD, MEASURED IN BU / ACRE","TOTAL","NOT SPECIFIED","159",""
"SURVEY","2018","YEAR","","COUNTY","MISSOURI","29","WEST","40","CEDAR","039","","","00000000","","CORN","CORN, GRAIN - YIELD, MEASURED IN BU / ACRE","TOTAL","NOT SPECIFIED","109.4",""
"SURVEY","2018","YEAR","","COUNTY","MISSOURI","29","WEST","40","HENRY","083","","","00000000","","CORN","CORN, GRAIN - YIELD, MEASURED IN BU / ACRE","TOTAL","NOT SPECIFIED","159.6",""
"SURVEY","2018","YEAR","","COUNTY","MISSOURI","29","WEST","40","JACKSON","095","","","00000000","","CORN","CORN, GRAIN - YIELD, MEASURED IN BU / ACRE","TOTAL","NOT SPECIFIED","146.2",""
"SURVEY","2018","YEAR","","COUNTY","MISSOURI","29","WEST","40","JOHNSON","101","","","00000000","","CORN","CORN, GRAIN - YIELD, MEASURED IN BU / ACRE","TOTAL","NOT SPECIFIED","170.3",""
"SURVEY","2018","YEAR","","COUNTY","MISSOURI","29","WEST","40","LAFAYETTE","107","","","00000000","","CORN","CORN, GRAIN - YIELD, MEASURED IN BU / ACRE","TOTAL","NOT SPECIFIED","173.3",""
"SURVEY","2018","YEAR","","COUNTY","MISSOURI","29","WEST","40","OTHER (COMBINED) COUNTIES","","","","00000000","","CORN","CORN, GRAIN - YIELD, MEASURED IN BU / ACRE","TOTAL","NOT SPECIFIED","132.9",""
"SURVEY","2018","YEAR","","COUNTY","WISCONSIN","55","CENTRAL","50","GREEN LAKE","047","","","00000000","","CORN","CORN, GRAIN - YIELD, MEASURED IN BU / ACRE","TOTAL","NOT SPECIFIED","168.2",""
"SURVEY","2018","YEAR","","COUNTY","WISCONSIN","55","CENTRAL","50","JUNEAU","057","","","00000000","","CORN","CORN, GRAIN - YIELD, MEASURED IN BU / ACRE","TOTAL","NOT SPECIFIED","158.8",""
"SURVEY","2018","YEAR","","COUNTY","WISCONSIN","55","CENTRAL","50","OTHER (COMBINED) COUNTIES","","","","00000000","","CORN","CORN, GRAIN - YIELD, MEASURED IN BU / ACRE","TOTAL","NOT SPECIFIED","137.8",""
"SURVEY","2018","YEAR","","COUNTY","WISCONSIN","55","CENTRAL","50","PORTAGE","097","","","00000000","","CORN","CORN, GRAIN - YIELD, MEASURED IN BU / ACRE","TOTAL","NOT SPECIFIED","168.1",""
"SURVEY","2018","YEAR","","COUNTY","WISCONSIN","55","CENTRAL","50","WAUPACA","135","","","00000000","","CORN","CORN, GRAIN - YIELD, MEASURED IN BU / ACRE","TOTAL","NOT SPECIFIED","156.8",""
"SURVEY","2018","YEAR","","COUNTY","WISCONSIN","55","CENTRAL","50","WAUSHARA","137","","","00000000","","CORN","CORN, GRAIN - YIELD, MEASURED IN BU / ACRE","TOTAL","NOT SPECIFIED","163.4",""
"SURVEY","2018","YEAR","","COUNTY","WISCONSIN","55","CENTRAL","50","WOOD","141","","","00000000","","CORN","CORN, GRAIN - YIELD, MEASURED IN BU / ACRE","TOTAL","NOT SPECIFIED","155.7",""
"SURVEY","2018","YEAR","","COUNTY","WISCONSIN","55","EAST CENTRAL","60","CALUMET","015","","","00000000","","CORN","CORN, GRAIN - YIELD, MEASURED IN BU / ACRE","TOTAL","NOT SPECIFIED","158.8",""
"SURVEY","2018","YEAR","","COUNTY","WISCONSIN","55","EAST CENTRAL","60","FOND DU LAC","039","","","00000000","","CORN","CORN, GRAIN - YIELD, MEASURED IN BU / ACRE","TOTAL","NOT SPECIFIED","183.8",""
"SURVEY","2018","YEAR","","COUNTY","WISCONSIN","55","EAST CENTRAL","60","MANITOWOC","071","","","00000000","","CORN","CORN, GRAIN - YIELD, MEASURED IN BU / ACRE","TOTAL","NOT SPECIFIED","177.8",""
"SURVEY","2018","YEAR","","COUNTY","WISCONSIN","55","EAST CENTRAL","60","OTHER (COMBINED) COUNTIES","","","","00000000","","CORN","CORN, GRAIN - YIELD, MEASURED IN BU / ACRE","TOTAL","NOT SPECIFIED","160.3",""
"SURVEY","2018","YEAR","","COUNTY","WISCONSIN","55","EAST CENTRAL","60","OUTAGAMIE","087","","","00000000","","CORN","CORN, GRAIN - YIELD, MEASURED IN BU / ACRE","TOTAL","NOT SPECIFIED","174.7",""
"SURVEY","2018","YEAR","","COUNTY","WISCONSIN","55","EAST CENTRAL","60","SHEBOYGAN","117","","","00000000","","CORN","CORN, GRAIN - YIELD, MEASURED IN BU / ACRE","TOTAL","NOT SPECIFIED","156.4",""
"SURVEY","2018","YEAR","","COUNTY","WISCONSIN","55","EAST CENTRAL","60","WINNEBAGO","139","","","00000000","","CORN","CORN, GRAIN - YIELD, MEASURED IN BU / ACRE","TOTAL","NOT SPECIFIED","160.4",""
"SURVEY","2018","YEAR","","COUNTY","WISCONSIN","55","NORTH CENTRAL","20","CLARK","019","","","00000000","","CORN","CORN, GRAIN - YIELD, MEASURED IN BU / ACRE","TOTAL","NOT SPECIFIED","112.3",""
"SURVEY","2018","YEAR","","COUNTY","WISCONSIN","55","NORTH CENTRAL","20","LINCOLN","069","","","00000000","","CORN","CORN, GRAIN - YIELD, MEASURED IN BU / ACRE","TOTAL","NOT SPECIFIED","135.8",""
"SURVEY","2018","YEAR","","COUNTY","WISCONSIN","55","NORTH CENTRAL","20","MARATHON","073","","","00000000","","CORN","CORN, GRAIN - YIELD, MEASURED IN BU / ACRE","TOTAL","NOT SPECIFIED","150.4",""
"SURVEY","2018","YEAR","","COUNTY","WISCONSIN","55","NORTH CENTRAL","20","OTHER (COMBINED) COUNTIES","","","","00000000","","CORN","CORN, GRAIN - YIELD, MEASURED IN BU / ACRE","TOTAL","NOT SPECIFIED","151.6",""
"SURVEY","2018","YEAR","","COUNTY","WISCONSIN","55","NORTHEAST","30","LANGLADE","067","","","00000000","","CORN","CORN, GRAIN - YIELD, MEASURED IN BU / ACRE","TOTAL","NOT SPECIFIED","118.2",""
"SURVEY","2018","YEAR","","COUNTY","WISCONSIN","55","NORTHEAST","30","MARINETTE","075","","","00000000","","CORN","CORN, GRAIN - YIELD, MEASURED IN BU / ACRE","TOTAL","NOT SPECIFIED","135.2",""
"SURVEY","2018","YEAR","","COUNTY","WISCONSIN","55","NORTHEAST","30","OCONTO","083","","","00000000","","CORN","CORN, GRAIN - YIELD, MEASURED IN BU / ACRE","TOTAL","NOT SPECIFIED","143.9",""
"SURVEY","2018","YEAR","","COUNTY","WISCONSIN","55","NORTHEAST","30","OTHER (COMBINED) COUNTIES","","","","00000000","","CORN","CORN, GRAIN - YIELD, MEASURED IN BU / ACRE","TOTAL","NOT SPECIFIED","136",""
"SURVEY","2018","YEAR","","COUNTY","WISCONSIN","55","NORTHEAST","30","SHAWANO","115","","","00000000","","CORN","CORN, GRAIN - YIELD, MEASURED IN BU / ACRE","TOTAL","NOT SPECIFIED","153.4",""
"SURVEY","2018","YEAR","","COUNTY","WISCONSIN","55","NORTHWEST","10","BARRON","005","","","00000000","","CORN","CORN, GRAIN - YIELD, MEASURED IN BU / ACRE","TOTAL","NOT SPECIFIED","161.7",""
"SURVEY","2018","YEAR","","COUNTY","WISCONSIN","55","NORTHWEST","10","BURNETT","013","","","00000000","","CORN","CORN, GRAIN - YIELD, MEASURED IN BU / ACRE","TOTAL","NOT SPECIFIED","127.9",""
"SURVEY","2018","YEAR","","COUNTY","WISCONSIN","55","NORTHWEST","10","CHIPPEWA","017","","","00000000","","CORN","CORN, GRAIN - YIELD, MEASURED IN BU / ACRE","TOTAL","NOT SPECIFIED","146.6",""
"SURVEY","2018","YEAR","","COUNTY","WISCONSIN","55","NORTHWEST","10","OTHER (COMBINED) COUNTIES","","","","00000000","","CORN","CORN, GRAIN - YIELD, MEASURED IN BU / ACRE","TOTAL","NOT SPECIFIED","123.2",""
"SURVEY","2018","YEAR","","COUNTY","WISCONSIN","55","NORTHWEST","10","POLK","095","","","00000000","","CORN","CORN, GRAIN - YIELD, MEASURED IN BU / ACRE","TOTAL","NOT SPECIFIED","164",""
"SURVEY","2018","YEAR","","COUNTY","WISCONSIN","55","NORTHWEST","10","RUSK","107","","","00000000","","CORN","CORN, GRAIN - YIELD, MEASURED IN BU / ACRE","TOTAL","NOT SPECIFIED","143.7",""
"SURVEY","2018","YEAR","","COUNTY","WISCONSIN","55","NORTHWEST","10","SAWYER","113","","","00000000","","CORN","CORN, GRAIN - YIELD, MEASURED IN BU / ACRE","TOTAL","NOT SPECIFIED","127.8",""
"SURVEY","2018","YEAR","","COUNTY","WISCONSIN","55","NORTHWEST","10","WASHBURN","129","","","00000000","","CORN","CORN, GRAIN - YIELD, MEASURED IN BU / ACRE","TOTAL","NOT SPECIFIED","170.6",""
"SURVEY","2018","YEAR","","COUNTY","WISCONSIN","55","SOUTH CENTRAL","80","COLUMBIA","021","","","00000000","","CORN","CORN, GRAIN - YIELD, MEASURED IN BU / ACRE","TOTAL","NOT SPECIFIED","185.7",""
"SURVEY","2018","YEAR","","COUNTY","WISCONSIN","55","SOUTH CENTRAL","80","DANE","025","","","00000000","","CORN","CORN, GRAIN - YIELD, MEASURED IN BU / ACRE","TOTAL","NOT SPECIFIED","188.9",""
"SURVEY","2018","YEAR","","COUNTY","WISCONSIN","55","SOUTH CENTRAL","80","DODGE","027","","","00000000","","CORN","CORN, GRAIN - YIELD, MEASURED IN BU / ACRE","TOTAL","NOT SPECIFIED","191.6",""
"SURVEY","2018","YEAR","","COUNTY","WISCONSIN","55","SOUTH CENTRAL","80","OTHER (COMBINED) COUNTIES","","","","00000000","","CORN","CORN, GRAIN - YIELD, MEASURED IN BU / ACRE","TOTAL","NOT SPECIFIED","188.5",""
"SURVEY","2018","YEAR","","COUNTY","WISCONSIN","55","SOUTH CENTRAL","80","ROCK","105","","","00000000","","CORN","CORN, GRAIN - YIELD, MEASURED IN BU / ACRE","TOTAL","NOT SPECIFIED","184.2",""
"SURVEY","2018","YEAR","","COUNTY","WISCONSIN","55","SOUTHEAST","90","OTHER (COMBINED) COUNTIES","","","","00000000","","CORN","CORN, GRAIN - YIELD, MEASURED IN BU / ACRE","TOTAL","NOT SPECIFIED","170.6",""
"SURVEY","2018","YEAR","","COUNTY","WISCONSIN","55","SOUTHEAST","90","RACINE","101","","","00000000","","CORN","CORN, GRAIN - YIELD, MEASURED IN BU / ACRE","TOTAL","NOT SPECIFIED","172.8",""
"SURVEY","2018","YEAR","","COUNTY","WISCONSIN","55","SOUTHEAST","90","WALWORTH","127","","","00000000","","CORN","CORN, GRAIN - YIELD, MEASURED IN BU / ACRE","TOTAL","NOT SPECIFIED","194.1",""
"SURVEY","2018","YEAR","","COUNTY","WISCONSIN","55","SOUTHEAST","90","WASHINGTON","131","","","00000000","","CORN","CORN, GRAIN - YIELD, MEASURED IN BU / ACRE","TOTAL","NOT SPECIFIED","165.9",""
"SURVEY","2018","YEAR","","COUNTY","WISCONSIN","55","SOUTHEAST","90","WAUKESHA","133","","","00000000","","CORN","CORN, GRAIN - YIELD, MEASURED IN BU / ACRE","TOTAL","NOT SPECIFIED","182",""
"SURVEY","2018","YEAR","","COUNTY","WISCONSIN","55","SOUTHWEST","70","CRAWFORD","023","","","00000000","","CORN","CORN, GRAIN - YIELD, MEASURED IN BU / ACRE","TOTAL","NOT SPECIFIED","166.2",""
"SURVEY","2018","YEAR","","COUNTY","WISCONSIN","55","SOUTHWEST","70","GRANT","043","","","00000000","","CORN","CORN, GRAIN - YIELD, MEASURED IN BU / ACRE","TOTAL","NOT SPECIFIED","202.7",""
"SURVEY","2018","YEAR","","COUNTY","WISCONSIN","55","SOUTHWEST","70","IOWA","049","","","00000000","","CORN","CORN, GRAIN - YIELD, MEASURED IN BU / ACRE","TOTAL","NOT SPECIFIED","190.4",""
"SURVEY","2018","YEAR","","COUNTY","WISCONSIN","55","SOUTHWEST","70","LAFAYETTE","065","","","00000000","","CORN","CORN, GRAIN - YIELD, MEASURED IN BU / ACRE","TOTAL","NOT SPECIFIED","197.3",""
"SURVEY","2018","YEAR","","COUNTY","WISCONSIN","55","SOUTHWEST","70","RICHLAND","103","","","00000000","","CORN","CORN, GRAIN - YIELD, MEASURED IN BU / ACRE","TOTAL","NOT SPECIFIED","164.9",""
"SURVEY","2018","YEAR","","COUNTY","WISCONSIN","55","SOUTHWEST","70","SAUK","111","","","00000000","","CORN","CORN, GRAIN - YIELD, MEASURED IN BU / ACRE","TOTAL","NOT SPECIFIED","172.8",""
"SURVEY","2018","YEAR","","COUNTY","WISCONSIN","55","SOUTHWEST","70","VERNON","123","","","00000000","","CORN","CORN, GRAIN - YIELD, MEASURED IN BU / ACRE","TOTAL","NOT SPECIFIED","164.7",""
"SURVEY","2018","YEAR","","COUNTY","WISCONSIN","55","WEST CENTRAL","40","BUFFALO","011","","","00000000","","CORN","CORN, GRAIN - YIELD, MEASURED IN BU / ACRE","TOTAL","NOT SPECIFIED","169.5",""
"SURVEY","2018","YEAR","","COUNTY","WISCONSIN","55","WEST CENTRAL","40","DUNN","033","","","00000000","","CORN","CORN, GRAIN - YIELD, MEASURED IN BU / ACRE","TOTAL","NOT SPECIFIED","173.7",""
"SURVEY","2018","YEAR","","COUNTY","WISCONSIN","55","WEST CENTRAL","40","EAU CLAIRE","035","","","00000000","","CORN","CORN, GRAIN - YIELD, MEASURED IN BU / ACRE","TOTAL","NOT SPECIFIED","159.2",""
"SURVEY","2018","YEAR","","COUNTY","WISCONSIN","55","WEST CENTRAL","40","JACKSON","053","","","00000000","","CORN","CORN, GRAIN - YIELD, MEASURED IN BU / ACRE","TOTAL","NOT SPECIFIED","151.1",""
"SURVEY","2018","YEAR","","COUNTY","WISCONSIN","55","WEST CENTRAL","40","LA CROSSE","063","","","00000000","","CORN","CORN, GRAIN - YIELD, MEASURED IN BU / ACRE","TOTAL","NOT SPECIFIED","170",""
"SURVEY","2018","YEAR","","COUNTY","WISCONSIN","55","WEST CENTRAL","40","MONROE","081","","","00000000","","CORN","CORN, GRAIN - YIELD, MEASURED IN BU / ACRE","TOTAL","NOT SPECIFIED","149.6",""
"SURVEY","2018","YEAR","","COUNTY","WISCONSIN","55","WEST CENTRAL","40","PEPIN","091","","","00000000","","CORN","CORN, GRAIN - YIELD, MEASURED IN BU / ACRE","TOTAL","NOT SPECIFIED","173.3",""
"SURVEY","2018","YEAR","","COUNTY","WISCONSIN","55","WEST CENTRAL","40","PIERCE","093","","","00000000","","CORN","CORN, GRAIN - YIELD, MEASURED IN BU / ACRE","TOTAL","NOT SPECIFIED","189.2",""
"SURVEY","2018","YEAR","","COUNTY","WISCONSIN","55","WEST CENTRAL","40","ST CROIX","109","","","00000000","","CORN","CORN, GRAIN - YIELD, MEASURED IN BU / ACRE","TOTAL","NOT SPECIFIED","162.9",""
"SURVEY","2018","YEAR","","COUNTY","WISCONSIN","55","WEST CENTRAL","40","TREMPEALEAU","121","","","00000000","","CORN","CORN, GRAIN - YIELD, MEASURED IN BU / ACRE","TOTAL","NOT SPECIFIED","156.7",""
"SURVEY","2017","YEAR","","COUNTY","COLORADO","08","EAST CENTRAL","60","ADAMS","001","","","00000000","","CORN","CORN, GRAIN - YIELD, MEASURED IN BU / ACRE","TOTAL","NOT SPECIFIED","82",""
"SURVEY","2017","YEAR","","COUNTY","COLORADO","08","EAST CENTRAL","60","CHEYENNE","017","","","00000000","","CORN","CORN, GRAIN - YIELD, MEASURED IN BU / ACRE","TOTAL","NOT SPECIFIED","110.7",""
"SURVEY","2017","YEAR","","COUNTY","COLORADO","08","EAST CENTRAL","60","ELBERT","039","","","00000000","","CORN","CORN, GRAIN - YIELD, MEASURED IN BU / ACRE","TOTAL","NOT SPECIFIED","71.4",""
"SURVEY","2017","YEAR","","COUNTY","COLORADO","08","EAST CENTRAL","60","KIT CARSON","063","","","00000000","","CORN","CORN, GRAIN - YIELD, MEASURED IN BU / ACRE","TOTAL","NOT SPECIFIED","133.7",""
"SURVEY","2017","YEAR","","COUNTY","COLORADO","08","EAST CENTRAL","60","OTHER (COMBINED) COUNTIES","","","","00000000","","CORN","CORN, GRAIN - YIELD, MEASURED IN BU / ACRE","TOTAL","NOT SPECIFIED","70.9",""
"SURVEY","2017","YEAR","","COUNTY","COLORADO","08","EAST CENTRAL","60","PHILLIPS","095","","","00000000","","CORN","CORN, GRAIN - YIELD, MEASURED IN BU / ACRE","TOTAL","NOT SPECIFIED","148.6",""
"SURVEY","2017","YEAR","","COUNTY","COLORADO","08","EAST CENTRAL","60","WASHINGTON","121","","","00000000","","CORN","CORN, GRAIN - YIELD, MEASURED IN BU / ACRE","TOTAL","NOT SPECIFIED","79.5",""
"SURVEY","2017","YEAR","","COUNTY","COLORADO","08","EAST CENTRAL","60","YUMA","125","","","00000000","","CORN","CORN, GRAIN - YIELD, MEASURED IN BU / ACRE","TOTAL","NOT SPECIFIED","194.4",""
"SURVEY","2017","YEAR","","COUNTY","COLORADO","08","NORTHEAST","20","BOULDER","013","","","00000000","","CORN","CORN, GRAIN - YIELD, MEASURED IN BU / ACRE","TOTAL","NOT SPECIFIED","160",""
"SURVEY","2017","YEAR","","COUNTY","COLORADO","08","NORTHEAST","20","MORGAN","087","","","00000000","","CORN","CORN, GRAIN - YIELD, MEASURED IN BU / ACRE","TOTAL","NOT SPECIFIED","184.8",""
"SURVEY","2017","YEAR","","COUNTY","COLORADO","08","NORTHEAST","20","OTHER (COMBINED) COUNTIES","","","","00000000","","CORN","CORN, GRAIN - YIELD, MEASURED IN BU / ACRE","TOTAL","NOT SPECIFIED","153.7",""
"SURVEY","2017","YEAR","","COUNTY","COLORADO","08","NORTHEAST","20","SEDGWICK","115","","","00000000","","CORN","CORN, GRAIN - YIELD, MEASURED IN BU / ACRE","TOTAL","NOT SPECIFIED","140.5",""
"SURVEY","2017","YEAR","","COUNTY","COLORADO","08","NORTHEAST","20","WELD","123","","","00000000","","CORN","CORN, GRAIN - YIELD, MEASURED IN BU / ACRE","TOTAL","NOT SPECIFIED","175.4",""
"SURVEY","2017","YEAR","","COUNTY","COLORADO","08","SOUTHEAST","90","BENT","011","","","00000000","","CORN","CORN, GRAIN - YIELD, MEASURED IN BU / ACRE","TOTAL","NOT SPECIFIED","164.3",""
"SURVEY","2017","YEAR","","COUNTY","COLORADO","08","SOUTHEAST","90","OTERO","089","","","00000000","","CORN","CORN, GRAIN - YIELD, MEASURED IN BU / ACRE","TOTAL","NOT SPECIFIED","171.7",""
"SURVEY","2017","YEAR","","COUNTY","COLORADO","08","SOUTHEAST","90","OTHER (COMBINED) COUNTIES","","","","00000000","","CORN","CORN, GRAIN - YIELD, MEASURED IN BU / ACRE","TOTAL","NOT SPECIFIED","145.2",""
"SURVEY","2017","YEAR","","COUNTY","COLORADO","08","SOUTHEAST","90","PUEBLO","101","","","00000000","","CORN","CORN, GRAIN - YIELD, MEASURED IN BU / ACRE","TOTAL","NOT SPECIFIED","193.6",""
"SURVEY","2017","YEAR","","COUNTY","MISSOURI","29","CENTRAL","50","BOONE","019","","","00000000","","CORN","CORN, GRAIN - YIELD, MEASURED IN BU / ACRE","TOTAL","NOT SPECIFIED","170.4",""
"SURVEY","2017","YEAR","","COUNTY","MISSOURI","29","CENTRAL","50","CALLAWAY","027","","","00000000","","CORN","CORN, GRAIN - YIELD, MEASURED IN BU / ACRE","TOTAL","NOT SPECIFIED","180.7",""
"SURVEY","2017","YEAR","","COUNTY","MISSOURI","29","CENTRAL","50","COLE","051","","","00000000","","CORN","CORN, GRAIN - YIELD, MEASURED IN BU / ACRE","TOTAL","NOT SPECIFIED","177.4",""
"SURVEY","2017","YEAR","","COUNTY","MISSOURI","29","CENTRAL","50","COOPER","053","","","00000000","","CORN","CORN, GRAIN - YIELD, MEASURED IN BU / ACRE","TOTAL","NOT SPECIFIED","184.5",""
"SURVEY","2017","YEAR","","COUNTY","MISSOURI","29","CENTRAL","50","DALLAS","059","","","00000000","","CORN","CORN, GRAIN - YIELD, MEASURED IN BU / ACRE","TOTAL","NOT SPECIFIED","90",""
"SURVEY","2017","YEAR","","COUNTY","MISSOURI","29","CENTRAL","50","HICKORY","085","","","00000000","","CORN","CORN, GRAIN - YIELD, MEASURED IN BU / ACRE","TOTAL","NOT SPECIFIED","112.2",""
"SURVEY","2017","YEAR","","COUNTY","MISSOURI","29","CENTRAL","50","MARIES","125","","","00000000","","CORN","CORN, GRAIN - YIELD, MEASURED IN BU / ACRE","TOTAL","NOT SPECIFIED","131.9",""
"SURVEY","2017","YEAR","","COUNTY","MISSOURI","29","CENTRAL","50","MILLER","131","","","00000000","","CORN","CORN, GRAIN - YIELD, MEASURED IN BU / ACRE","TOTAL","NOT SPECIFIED","155",""
"SURVEY","2017","YEAR","","COUNTY","MISSOURI","29","CENTRAL","50","MONITEAU","135","","","00000000","","CORN","CORN, GRAIN - YIELD, MEASURED IN BU / ACRE","TOTAL","NOT SPECIFIED","155.5",""
"SURVEY","2017","YEAR","","COUNTY","MISSOURI","29","CENTRAL","50","MORGAN","141","","","00000000","","CORN","CORN, GRAIN - YIELD, MEASURED IN BU / ACRE","TOTAL","NOT SPECIFIED","155.2",""
"SURVEY","2017","YEAR","","COUNTY","MISSOURI","29","CENTRAL","50","OSAGE","151","","","00000000","","CORN","CORN, GRAIN - YIELD, MEASURED IN BU / ACRE","TOTAL","NOT SPECIFIED","167.6",""
"SURVEY","2017","YEAR","","COUNTY","MISSOURI","29","CENTRAL","50","OTHER (COMBINED) COUNTIES","","","","00000000","","CORN","CORN, GRAIN - YIELD, MEASURED IN BU / ACRE","TOTAL","NOT SPECIFIED","174.8",""
"SURVEY","2017","YEAR","","COUNTY","MISSOURI","29","CENTRAL","50","PETTIS","159","","","00000000","","CORN","CORN, GRAIN - YIELD, MEASURED IN BU / ACRE","TOTAL","NOT SPECIFIED","182.2",""
"SURVEY","2017","YEAR","","COUNTY","MISSOURI","29","CENTRAL","50","POLK","167","","","00000000","","CORN","CORN, GRAIN - YIELD, MEASURED IN BU / ACRE","TOTAL","NOT SPECIFIED","122.6",""
"SURVEY","2017","YEAR","","COUNTY","MISSOURI","29","CENTRAL","50","SALINE","195","","","00000000","","CORN","CORN, GRAIN - YIELD, MEASURED IN BU / ACRE","TOTAL","NOT SPECIFIED","198.9",""
"SURVEY","2017","YEAR","","COUNTY","MISSOURI","29","EAST","60","GASCONADE","073","","","00000000","","CORN","CORN, GRAIN - YIELD, MEASURED IN BU / ACRE","TOTAL","NOT SPECIFIED","149.9",""
"SURVEY","2017","YEAR","","COUNTY","MISSOURI","29","EAST","60","JEFFERSON","099","","","00000000","","CORN","CORN, GRAIN - YIELD, MEASURED IN BU / ACRE","TOTAL","NOT SPECIFIED","108.3",""
"SURVEY","2017","YEAR","","COUNTY","MISSOURI","29","EAST","60","LINCOLN","113","","","00000000","","CORN","CORN, GRAIN - YIELD, MEASURED IN BU / ACRE","TOTAL","NOT SPECIFIED","142.2",""
"SURVEY","2017","YEAR","","COUNTY","MISSOURI","29","EAST","60","MONTGOMERY","139","","","00000000","","CORN","CORN, GRAIN - YIELD, MEASURED IN BU / ACRE","TOTAL","NOT SPECIFIED","167",""
"SURVEY","2017","YEAR","","COUNTY","MISSOURI","29","EAST","60","OTHER (COMBINED) COUNTIES","","","","00000000","","CORN","CORN, GRAIN - YIELD, MEASURED IN BU / ACRE","TOTAL","NOT SPECIFIED","144.8",""
"SURVEY","2017","YEAR","","COUNTY","MISSOURI","29","EAST","60","PERRY","157","","","00000000","","CORN","CORN, GRAIN - YIELD, MEASURED IN BU / ACRE","TOTAL","NOT SPECIFIED","137.3",""
"SURVEY","2017","YEAR","","COUNTY","MISSOURI","29","EAST","60","ST CHARLES","183","","","00000000","","CORN","CORN, GRAIN - YIELD, MEASURED IN BU / ACRE","TOTAL","NOT SPECIFIED","155.1",""
"SURVEY","2017","YEAR","","COUNTY","MISSOURI","29","EAST","60","ST FRANCOIS","187","","","00000000","","CORN","CORN, GRAIN - YIELD, MEASURED IN BU / ACRE","TOTAL","NOT SPECIFIED","155.6",""
"SURVEY","2017","YEAR","","COUNTY","MISSOURI","29","EAST","60","ST LOUIS","189","","","00000000","","CORN","CORN, GRAIN - YIELD, MEASURED IN BU / ACRE","TOTAL","NOT SPECIFIED","146.8",""
"SURVEY","2017","YEAR","","COUNTY","MISSOURI","29","EAST","60","STE GENEVIEVE","186","","","00000000","","CORN","CORN, GRAIN - YIELD, MEASURED IN BU / ACRE","TOTAL","NOT SPECIFIED","135.3",""
"SURVEY","2017","YEAR","","COUNTY","MISSOURI","29","EAST","60","WARREN","219","","","00000000","","CORN","CORN, GRAIN - YIELD, MEASURED IN BU / ACRE","TOTAL","NOT SPECIFIED","160.7",""
"SURVEY","2017","YEAR","","COUNTY","MISSOURI","29","NORTH CENTRAL","20","CARROLL","033","","","00000000","","CORN","CORN, GRAIN - YIELD, MEASURED IN BU / ACRE","TOTAL","NOT SPECIFIED","179.1",""
"SURVEY","2017","YEAR","","COUNTY","MISSOURI","29","NORTH CENTRAL","20","CHARITON","041","","","00000000","","CORN","CORN, GRAIN - YIELD, MEASURED IN BU / ACRE","TOTAL","NOT SPECIFIED","178.8",""
"SURVEY","2017","YEAR","","COUNTY","MISSOURI","29","NORTH CENTRAL","20","LIVINGSTON","117","","","00000000","","CORN","CORN, GRAIN - YIELD, MEASURED IN BU / ACRE","TOTAL","NOT SPECIFIED","177.9",""
"SURVEY","2017","YEAR","","COUNTY","MISSOURI","29","NORTH CENTRAL","20","MERCER","129","","","00000000","","CORN","CORN, GRAIN - YIELD, MEASURED IN BU / ACRE","TOTAL","NOT SPECIFIED","149.5",""
"SURVEY","2017","YEAR","","COUNTY","MISSOURI","29","NORTH CENTRAL","20","OTHER (COMBINED) COUNTIES","","","","00000000","","CORN","CORN, GRAIN - YIELD, MEASURED IN BU / ACRE","TOTAL","NOT SPECIFIED","160.1",""
"SURVEY","2017","YEAR","","COUNTY","MISSOURI","29","NORTH CENTRAL","20","RANDOLPH","175","","","00000000","","CORN","CORN, GRAIN - YIELD, MEASURED IN BU / ACRE","TOTAL","NOT SPECIFIED","164.8",""
"SURVEY","2017","YEAR","","COUNTY","MISSOURI","29","NORTHEAST","30","AUDRAIN","007","","","00000000","","CORN","CORN, GRAIN - YIELD, MEASURED IN BU / ACRE","TOTAL","NOT SPECIFIED","178.9",""
"SURVEY","2017","YEAR","","COUNTY","MISSOURI","29","NORTHEAST","30","KNOX","103","","","00000000","","CORN","CORN, GRAIN - YIELD, MEASURED IN BU / ACRE","TOTAL","NOT SPECIFIED","165.6",""
"SURVEY","2017","YEAR","","COUNTY","MISSOURI","29","NORTHEAST","30","LEWIS","111","","","00000000","","CORN","CORN, GRAIN - YIELD, MEASURED IN BU / ACRE","TOTAL","NOT SPECIFIED","158.7",""
"SURVEY","2017","YEAR","","COUNTY","MISSOURI","29","NORTHEAST","30","MARION","127","","","00000000","","CORN","CORN, GRAIN - YIELD, MEASURED IN BU / ACRE","TOTAL","NOT SPECIFIED","160.4",""
"SURVEY","2017","YEAR","","COUNTY","MISSOURI","29","NORTHEAST","30","MONROE","137","","","00000000","","CORN","CORN, GRAIN - YIELD, MEASURED IN BU / ACRE","TOTAL","NOT SPECIFIED","144.3",""
"SURVEY","2017","YEAR","","COUNTY","MISSOURI","29","NORTHEAST","30","OTHER (COMBINED) COUNTIES","","","","00000000","","CORN","CORN, GRAIN - YIELD, MEASURED IN BU / ACRE","TOTAL","NOT SPECIFIED","153.4",""
"SURVEY","2017","YEAR","","COUNTY","MISSOURI","29","NORTHEAST","30","PIKE","163","","","00000000","","CORN","CORN, GRAIN - YIELD, MEASURED IN BU / ACRE","TOTAL","NOT SPECIFIED","171.4",""
"SURVEY","2017","YEAR","","COUNTY","MISSOURI","29","NORTHEAST","30","RALLS","173","","","00000000","","CORN","CORN, GRAIN - YIELD, MEASURED IN BU / ACRE","TOTAL","NOT SPECIFIED","160.1",""
"SURVEY","2017","YEAR","","COUNTY","MISSOURI","29","NORTHEAST","30","SCOTLAND","199","","","00000000","","CORN","CORN, GRAIN - YIELD, MEASURED IN BU / ACRE","TOTAL","NOT SPECIFIED","147.5",""
"SURVEY","2017","YEAR","","COUNTY","MISSOURI","29","NORTHWEST","10","ANDREW","003","","","00000000","","CORN","CORN, GRAIN - YIELD, MEASURED IN BU / ACRE","TOTAL","NOT SPECIFIED","161.2",""
"SURVEY","2017","YEAR","","COUNTY","MISSOURI","29","NORTHWEST","10","ATCHISON","005","","","00000000","","CORN","CORN, GRAIN - YIELD, MEASURED IN BU / ACRE","TOTAL","NOT SPECIFIED","184.1",""
"SURVEY","2017","YEAR","","COUNTY","MISSOURI","29","NORTHWEST","10","BUCHANAN","021","","","00000000","","CORN","CORN, GRAIN - YIELD, MEASURED IN BU / ACRE","TOTAL","NOT SPECIFIED","178.7",""
"SURVEY","2017","YEAR","","COUNTY","MISSOURI","29","NORTHWEST","10","CALDWELL","025","","","00000000","","CORN","CORN, GRAIN - YIELD, MEASURED IN BU / ACRE","TOTAL","NOT SPECIFIED","162.5",""
"SURVEY","2017","YEAR","","COUNTY","MISSOURI","29","NORTHWEST","10","CLAY","047","","","00000000","","CORN","CORN, GRAIN - YIELD, MEASURED IN BU / ACRE","TOTAL","NOT SPECIFIED","171.4",""
"SURVEY","2017","YEAR","","COUNTY","MISSOURI","29","NORTHWEST","10","CLINTON","049","","","00000000","","CORN","CORN, GRAIN - YIELD, MEASURED IN BU / ACRE","TOTAL","NOT SPECIFIED","177.5",""
"SURVEY","2017","YEAR","","COUNTY","MISSOURI","29","NORTHWEST","10","DAVIESS","061","","","00000000","","CORN","CORN, GRAIN - YIELD, MEASURED IN BU / ACRE","TOTAL","NOT SPECIFIED","142.8",""
"SURVEY","2017","YEAR","","COUNTY","MISSOURI","29","NORTHWEST","10","DE KALB","063","","","00000000","","CORN","CORN, GRAIN - YIELD, MEASURED IN BU / ACRE","TOTAL","NOT SPECIFIED","159.1",""
"SURVEY","2017","YEAR","","COUNTY","MISSOURI","29","NORTHWEST","10","GENTRY","075","","","00000000","","CORN","CORN, GRAIN - YIELD, MEASURED IN BU / ACRE","TOTAL","NOT SPECIFIED","150",""
"SURVEY","2017","YEAR","","COUNTY","MISSOURI","29","NORTHWEST","10","HARRISON","081","","","00000000","","CORN","CORN, GRAIN - YIELD, MEASURED IN BU / ACRE","TOTAL","NOT SPECIFIED","147.2",""
"SURVEY","2017","YEAR","","COUNTY","MISSOURI","29","NORTHWEST","10","HOLT","087","","","00000000","","CORN","CORN, GRAIN - YIELD, MEASURED IN BU / ACRE","TOTAL","NOT SPECIFIED","203.2",""
"SURVEY","2017","YEAR","","COUNTY","MISSOURI","29","NORTHWEST","10","NODAWAY","147","","","00000000","","CORN","CORN, GRAIN - YIELD, MEASURED IN BU / ACRE","TOTAL","NOT SPECIFIED","180.1",""
"SURVEY","2017","YEAR","","COUNTY","MISSOURI","29","NORTHWEST","10","PLATTE","165","","","00000000","","CORN","CORN, GRAIN - YIELD, MEASURED IN BU / ACRE","TOTAL","NOT SPECIFIED","172",""
"SURVEY","2017","YEAR","","COUNTY","MISSOURI","29","NORTHWEST","10","RAY","177","","","00000000","","CORN","CORN, GRAIN - YIELD, MEASURED IN BU / ACRE","TOTAL","NOT SPECIFIED","179.6",""
"SURVEY","2017","YEAR","","COUNTY","MISSOURI","29","NORTHWEST","10","WORTH","227","","","00000000","","CORN","CORN, GRAIN - YIELD, MEASURED IN BU / ACRE","TOTAL","NOT SPECIFIED","144.4",""
"SURVEY","2017","YEAR","","COUNTY","MISSOURI","29","SOUTH CENTRAL","80","BOLLINGER","017","","","00000000","","CORN","CORN, GRAIN - YIELD, MEASURED IN BU / ACRE","TOTAL","NOT SPECIFIED","164.7",""
"SURVEY","2017","YEAR","","COUNTY","MISSOURI","29","SOUTH CENTRAL","80","OTHER (COMBINED) COUNTIES","","","","00000000","","CORN","CORN, GRAIN - YIELD, MEASURED IN BU / ACRE","TOTAL","NOT SPECIFIED","136.9",""
"SURVEY","2017","YEAR","","COUNTY","MISSOURI","29","SOUTH CENTRAL","80","WAYNE","223","","","00000000","","CORN","CORN, GRAIN - YIELD, MEASURED IN BU / ACRE","TOTAL","NOT SPECIFIED","133.3",""
"SURVEY","2017","YEAR","","COUNTY","MISSOURI","29","SOUTH CENTRAL","80","WEBSTER","225","","","00000000","","CORN","CORN, GRAIN - YIELD, MEASURED IN BU / ACRE","TOTAL","NOT SPECIFIED","123.6",""
"SURVEY","2017","YEAR","","COUNTY","MISSOURI","29","SOUTHEAST","90","CAPE GIRARDEAU","031","","","00000000","","CORN","CORN, GRAIN - YIELD, MEASURED IN BU / ACRE","TOTAL","NOT SPECIFIED","151.5",""
"SURVEY","2017","YEAR","","COUNTY","MISSOURI","29","SOUTHEAST","90","DUNKLIN","069","","","00000000","","CORN","CORN, GRAIN - YIELD, MEASURED IN BU / ACRE","TOTAL","NOT SPECIFIED","189.9",""
"SURVEY","2017","YEAR","","COUNTY","MISSOURI","29","SOUTHEAST","90","MISSISSIPPI","133","","","00000000","","CORN","CORN, GRAIN - YIELD, MEASURED IN BU / ACRE","TOTAL","NOT SPECIFIED","183.3",""
"SURVEY","2017","YEAR","","COUNTY","MISSOURI","29","SOUTHEAST","90","NEW MADRID","143","","","00000000","","CORN","CORN, GRAIN - YIELD, MEASURED IN BU / ACRE","TOTAL","NOT SPECIFIED","194.7",""
"SURVEY","2017","YEAR","","COUNTY","MISSOURI","29","SOUTHEAST","90","OTHER (COMBINED) COUNTIES","","","","00000000","","CORN","CORN, GRAIN - YIELD, MEASURED IN BU / ACRE","TOTAL","NOT SPECIFIED","187.1",""
"SURVEY","2017","YEAR","","COUNTY","MISSOURI","29","SOUTHEAST","90","SCOTT","201","","","00000000","","CORN","CORN, GRAIN - YIELD, MEASURED IN BU / ACRE","TOTAL","NOT SPECIFIED","185.7",""
"SURVEY","2017","YEAR","","COUNTY","MISSOURI","29","SOUTHEAST","90","STODDARD","207","","","00000000","","CORN","CORN, GRAIN - YIELD, MEASURED IN BU / ACRE","TOTAL","NOT SPECIFIED","169.2",""
"SURVEY","2017","YEAR","","COUNTY","MISSOURI","29","SOUTHWEST","70","BARRY","009","","","00000000","","CORN","CORN, GRAIN - YIELD, MEASURED IN BU / ACRE","TOTAL","NOT SPECIFIED","146.6",""
"SURVEY","2017","YEAR","","COUNTY","MISSOURI","29","SOUTHWEST","70","BARTON","011","","","00000000","","CORN","CORN, GRAIN - YIELD, MEASURED IN BU / ACRE","TOTAL","NOT SPECIFIED","155.4",""
"SURVEY","2017","YEAR","","COUNTY","MISSOURI","29","SOUTHWEST","70","DADE","057","","","00000000","","CORN","CORN, GRAIN - YIELD, MEASURED IN BU / ACRE","TOTAL","NOT SPECIFIED","123.7",""
"SURVEY","2017","YEAR","","COUNTY","MISSOURI","29","SOUTHWEST","70","GREENE","077","","","00000000","","CORN","CORN, GRAIN - YIELD, MEASURED IN BU / ACRE","TOTAL","NOT SPECIFIED","150.5",""
"SURVEY","2017","YEAR","","COUNTY","MISSOURI","29","SOUTHWEST","70","JASPER","097","","","00000000","","CORN","CORN, GRAIN - YIELD, MEASURED IN BU / ACRE","TOTAL","NOT SPECIFIED","152.7",""
"SURVEY","2017","YEAR","","COUNTY","MISSOURI","29","SOUTHWEST","70","LAWRENCE","109","","","00000000","","CORN","CORN, GRAIN - YIELD, MEASURED IN BU / ACRE","TOTAL","NOT SPECIFIED","118.8",""
"SURVEY","2017","YEAR","","COUNTY","MISSOURI","29","SOUTHWEST","70","NEWTON","145","","","00000000","","CORN","CORN, GRAIN - YIELD, MEASURED IN BU / ACRE","TOTAL","NOT SPECIFIED","154.3",""
"SURVEY","2017","YEAR","","COUNTY","MISSOURI","29","SOUTHWEST","70","OTHER (COMBINED) COUNTIES","","","","00000000","","CORN","CORN, GRAIN - YIELD, MEASURED IN BU / ACRE","TOTAL","NOT SPECIFIED","121.3",""
"SURVEY","2017","YEAR","","COUNTY","MISSOURI","29","WEST","40","BATES","013","","","00000000","","CORN","CORN, GRAIN - YIELD, MEASURED IN BU / ACRE","TOTAL","NOT SPECIFIED","167.1",""
"SURVEY","2017","YEAR","","COUNTY","MISSOURI","29","WEST","40","CASS","037","","","00000000","","CORN","CORN, GRAIN - YIELD, MEASURED IN BU / ACRE","TOTAL","NOT SPECIFIED","160.6",""
"SURVEY","2017","YEAR","","COUNTY","MISSOURI","29","WEST","40","CEDAR","039","","","00000000","","CORN","CORN, GRAIN - YIELD, MEASURED IN BU / ACRE","TOTAL","NOT SPECIFIED","171.4",""
"SURVEY","2017","YEAR","","COUNTY","MISSOURI","29","WEST","40","HENRY","083","","","00000000","","CORN","CORN, GRAIN - YIELD, MEASURED IN BU / ACRE","TOTAL","NOT SPECIFIED","161.9",""
"SURVEY","2017","YEAR","","COUNTY","MISSOURI","29","WEST","40","JACKSON","095","","","00000000","","CORN","CORN, GRAIN - YIELD, MEASURED IN BU / ACRE","TOTAL","NOT SPECIFIED","192.6",""
"SURVEY","2017","YEAR","","COUNTY","MISSOURI","29","WEST","40","JOHNSON","101","","","00000000","","CORN","CORN, GRAIN - YIELD, MEASURED IN BU / ACRE","TOTAL","NOT SPECIFIED","173.2",""
"SURVEY","2017","YEAR","","COUNTY","MISSOURI","29","WEST","40","LAFAYETTE","107","","","00000000","","CORN","CORN, GRAIN - YIELD, MEASURED IN BU / ACRE","TOTAL","NOT SPECIFIED","205.6",""
"SURVEY","2017","YEAR","","COUNTY","MISSOURI","29","WEST","40","OTHER (COMBINED) COUNTIES","","","","00000000","","CORN","CORN, GRAIN - YIELD, MEASURED IN BU / ACRE","TOTAL","NOT SPECIFIED","138.6",""
"SURVEY","2017","YEAR","","COUNTY","WISCONSIN","55","CENTRAL","50","ADAMS","001","","","00000000","","CORN","CORN, GRAIN - YIELD, MEASURED IN BU / ACRE","TOTAL","NOT SPECIFIED","114.3",""
"SURVEY","2017","YEAR","","COUNTY","WISCONSIN","55","CENTRAL","50","GREEN LAKE","047","","","00000000","","CORN","CORN, GRAIN - YIELD, MEASURED IN BU / ACRE","TOTAL","NOT SPECIFIED","182.6",""
"SURVEY","2017","YEAR","","COUNTY","WISCONSIN","55","CENTRAL","50","JUNEAU","057","","","00000000","","CORN","CORN, GRAIN - YIELD, MEASURED IN BU / ACRE","TOTAL","NOT SPECIFIED","164.5",""
"SURVEY","2017","YEAR","","COUNTY","WISCONSIN","55","CENTRAL","50","MARQUETTE","077","","","00000000","","CORN","CORN, GRAIN - YIELD, MEASURED IN BU / ACRE","TOTAL","NOT SPECIFIED","145.9",""
"SURVEY","2017","YEAR","","COUNTY","WISCONSIN","55","CENTRAL","50","PORTAGE","097","","","00000000","","CORN","CORN, GRAIN - YIELD, MEASURED IN BU / ACRE","TOTAL","NOT SPECIFIED","162.7",""
"SURVEY","2017","YEAR","","COUNTY","WISCONSIN","55","CENTRAL","50","WAUPACA","135","","","00000000","","CORN","CORN, GRAIN - YIELD, MEASURED IN BU / ACRE","TOTAL","NOT SPECIFIED","165.7",""
"SURVEY","2017","YEAR","","COUNTY","WISCONSIN","55","CENTRAL","50","WAUSHARA","137","","","00000000","","CORN","CORN, GRAIN - YIELD, MEASURED IN BU / ACRE","TOTAL","NOT SPECIFIED","161.5",""
"SURVEY","2017","YEAR","","COUNTY","WISCONSIN","55","CENTRAL","50","WOOD","141","","","00000000","","CORN","CORN, GRAIN - YIELD, MEASURED IN BU / ACRE","TOTAL","NOT SPECIFIED","138.5",""
"SURVEY","2017","YEAR","","COUNTY","WISCONSIN","55","EAST CENTRAL","60","CALUMET","015","","","00000000","","CORN","CORN, GRAIN - YIELD, MEASURED IN BU / ACRE","TOTAL","NOT SPECIFIED","173.1",""
"SURVEY","2017","YEAR","","COUNTY","WISCONSIN","55","EAST CENTRAL","60","DOOR","029","","","00000000","","CORN","CORN, GRAIN - YIELD, MEASURED IN BU / ACRE","TOTAL","NOT SPECIFIED","146.9",""
"SURVEY","2017","YEAR","","COUNTY","WISCONSIN","55","EAST CENTRAL","60","FOND DU LAC","039","","","00000000","","CORN","CORN, GRAIN - YIELD, MEASURED IN BU / ACRE","TOTAL","NOT SPECIFIED","182.7",""
"SURVEY","2017","YEAR","","COUNTY","WISCONSIN","55","EAST CENTRAL","60","MANITOWOC","071","","","00000000","","CORN","CORN, GRAIN - YIELD, MEASURED IN BU / ACRE","TOTAL","NOT SPECIFIED","177.7",""
"SURVEY","2017","YEAR","","COUNTY","WISCONSIN","55","EAST CENTRAL","60","OTHER (COMBINED) COUNTIES","","","","00000000","","CORN","CORN, GRAIN - YIELD, MEASURED IN BU / ACRE","TOTAL","NOT SPECIFIED","166.6",""
"SURVEY","2017","YEAR","","COUNTY","WISCONSIN","55","EAST CENTRAL","60","OUTAGAMIE","087","","","00000000","","CORN","CORN, GRAIN - YIELD, MEASURED IN BU / ACRE","TOTAL","NOT SPECIFIED","166.7",""
"SURVEY","2017","YEAR","","COUNTY","WISCONSIN","55","EAST CENTRAL","60","SHEBOYGAN","117","","","00000000","","CORN","CORN, GRAIN - YIELD, MEASURED IN BU / ACRE","TOTAL","NOT SPECIFIED","169.3",""
"SURVEY","2017","YEAR","","COUNTY","WISCONSIN","55","EAST CENTRAL","60","WINNEBAGO","139","","","00000000","","CORN","CORN, GRAIN - YIELD, MEASURED IN BU / ACRE","TOTAL","NOT SPECIFIED","164",""
"SURVEY","2017","YEAR","","COUNTY","WISCONSIN","55","NORTH CENTRAL","20","ASHLAND","003","","","00000000","","CORN","CORN, GRAIN - YIELD, MEASURED IN BU / ACRE","TOTAL","NOT SPECIFIED","82.6",""
"SURVEY","2017","YEAR","","COUNTY","WISCONSIN","55","NORTH CENTRAL","20","CLARK","019","","","00000000","","CORN","CORN, GRAIN - YIELD, MEASURED IN BU / ACRE","TOTAL","NOT SPECIFIED","144.9",""
"SURVEY","2017","YEAR","","COUNTY","WISCONSIN","55","NORTH CENTRAL","20","LINCOLN","069","","","00000000","","CORN","CORN, GRAIN - YIELD, MEASURED IN BU / ACRE","TOTAL","NOT SPECIFIED","128.7",""
"SURVEY","2017","YEAR","","COUNTY","WISCONSIN","55","NORTH CENTRAL","20","MARATHON","073","","","00000000","","CORN","CORN, GRAIN - YIELD, MEASURED IN BU / ACRE","TOTAL","NOT SPECIFIED","157.2",""
"SURVEY","2017","YEAR","","COUNTY","WISCONSIN","55","NORTH CENTRAL","20","OTHER (COMBINED) COUNTIES","","","","00000000","","CORN","CORN, GRAIN - YIELD, MEASURED IN BU / ACRE","TOTAL","NOT SPECIFIED","121.3",""
"SURVEY","2017","YEAR","","COUNTY","WISCONSIN","55","NORTH CENTRAL","20","TAYLOR","119","","","00000000","","CORN","CORN, GRAIN - YIELD, MEASURED IN BU / ACRE","TOTAL","NOT SPECIFIED","111.9",""
"SURVEY","2017","YEAR","","COUNTY","WISCONSIN","55","NORTHEAST","30","OCONTO","083","","","00000000","","CORN","CORN, GRAIN - YIELD, MEASURED IN BU / ACRE","TOTAL","NOT SPECIFIED","146.5",""
"SURVEY","2017","YEAR","","COUNTY","WISCONSIN","55","NORTHEAST","30","OTHER (COMBINED) COUNTIES","","","","00000000","","CORN","CORN, GRAIN - YIELD, MEASURED IN BU / ACRE","TOTAL","NOT SPECIFIED","133.8",""
"SURVEY","2017","YEAR","","COUNTY","WISCONSIN","55","NORTHEAST","30","SHAWANO","115","","","00000000","","CORN","CORN, GRAIN - YIELD, MEASURED IN BU / ACRE","TOTAL","NOT SPECIFIED","166.6",""
"SURVEY","2017","YEAR","","COUNTY","WISCONSIN","55","NORTHWEST","10","BARRON","005","","","00000000","","CORN","CORN, GRAIN - YIELD, MEASURED IN BU / ACRE","TOTAL","NOT SPECIFIED","152.4",""
"SURVEY","2017","YEAR","","COUNTY","WISCONSIN","55","NORTHWEST","10","BURNETT","013","","","00000000","","CORN","CORN, GRAIN - YIELD, MEASURED IN BU / ACRE","TOTAL","NOT SPECIFIED","148.6",""
"SURVEY","2017","YEAR","","COUNTY","WISCONSIN","55","NORTHWEST","10","CHIPPEWA","017","","","00000000","","CORN","CORN, GRAIN - YIELD, MEASURED IN BU / ACRE","TOTAL","NOT SPECIFIED","162.9",""
"SURVEY","2017","YEAR","","COUNTY","WISCONSIN","55","NORTHWEST","10","OTHER (COMBINED) COUNTIES","","","","00000000","","CORN","CORN, GRAIN - YIELD, MEASURED IN BU / ACRE","TOTAL","NOT SPECIFIED","126.6",""
"SURVEY","2017","YEAR","","COUNTY","WISCONSIN","55","NORTHWEST","10","POLK","095","","","00000000","","CORN","CORN, GRAIN - YIELD, MEASURED IN BU / ACRE","TOTAL","NOT SPECIFIED","158.7",""
"SURVEY","2017","YEAR","","COUNTY","WISCONSIN","55","NORTHWEST","10","WASHBURN","129","","","00000000","","CORN","CORN, GRAIN - YIELD, MEASURED IN BU / ACRE","TOTAL","NOT SPECIFIED","152.3",""
"SURVEY","2017","YEAR","","COUNTY","WISCONSIN","55","SOUTH CENTRAL","80","COLUMBIA","021","","","00000000","","CORN","CORN, GRAIN - YIELD, MEASURED IN BU / ACRE","TOTAL","NOT SPECIFIED","193.5",""
"SURVEY","2017","YEAR","","COUNTY","WISCONSIN","55","SOUTH CENTRAL","80","DANE","025","","","00000000","","CORN","CORN, GRAIN - YIELD, MEASURED IN BU / ACRE","TOTAL","NOT SPECIFIED","191.4",""
"SURVEY","2017","YEAR","","COUNTY","WISCONSIN","55","SOUTH CENTRAL","80","DODGE","027","","","00000000","","CORN","CORN, GRAIN - YIELD, MEASURED IN BU / ACRE","TOTAL","NOT SPECIFIED","187.7",""
"SURVEY","2017","YEAR","","COUNTY","WISCONSIN","55","SOUTH CENTRAL","80","GREEN","045","","","00000000","","CORN","CORN, GRAIN - YIELD, MEASURED IN BU / ACRE","TOTAL","NOT SPECIFIED","192.5",""
"SURVEY","2017","YEAR","","COUNTY","WISCONSIN","55","SOUTH CENTRAL","80","JEFFERSON","055","","","00000000","","CORN","CORN, GRAIN - YIELD, MEASURED IN BU / ACRE","TOTAL","NOT SPECIFIED","173.4",""
"SURVEY","2017","YEAR","","COUNTY","WISCONSIN","55","SOUTH CENTRAL","80","ROCK","105","","","00000000","","CORN","CORN, GRAIN - YIELD, MEASURED IN BU / ACRE","TOTAL","NOT SPECIFIED","194.8",""
"SURVEY","2017","YEAR","","COUNTY","WISCONSIN","55","SOUTHEAST","90","KENOSHA","059","","","00000000","","CORN","CORN, GRAIN - YIELD, MEASURED IN BU / ACRE","TOTAL","NOT SPECIFIED","168.1",""
"SURVEY","2017","YEAR","","COUNTY","WISCONSIN","55","SOUTHEAST","90","OTHER (COMBINED) COUNTIES","","","","00000000","","CORN","CORN, GRAIN - YIELD, MEASURED IN BU / ACRE","TOTAL","NOT SPECIFIED","180.2",""
"SURVEY","2017","YEAR","","COUNTY","WISCONSIN","55","SOUTHEAST","90","RACINE","101","","","00000000","","CORN","CORN, GRAIN - YIELD, MEASURED IN BU / ACRE","TOTAL","NOT SPECIFIED","175.6",""
"SURVEY","2017","YEAR","","COUNTY","WISCONSIN","55","SOUTHEAST","90","WALWORTH","127","","","00000000","","CORN","CORN, GRAIN - YIELD, MEASURED IN BU / ACRE","TOTAL","NOT SPECIFIED","175.8",""
"SURVEY","2017","YEAR","","COUNTY","WISCONSIN","55","SOUTHEAST","90","WASHINGTON","131","","","00000000","","CORN","CORN, GRAIN - YIELD, MEASURED IN BU / ACRE","TOTAL","NOT SPECIFIED","177.8",""
"SURVEY","2017","YEAR","","COUNTY","WISCONSIN","55","SOUTHEAST","90","WAUKESHA","133","","","00000000","","CORN","CORN, GRAIN - YIELD, MEASURED IN BU / ACRE","TOTAL","NOT SPECIFIED","181.5",""
"SURVEY","2017","YEAR","","COUNTY","WISCONSIN","55","SOUTHWEST","70","CRAWFORD","023","","","00000000","","CORN","CORN, GRAIN - YIELD, MEASURED IN BU / ACRE","TOTAL","NOT SPECIFIED","167.9",""
"SURVEY","2017","YEAR","","COUNTY","WISCONSIN","55","SOUTHWEST","70","GRANT","043","","","00000000","","CORN","CORN, GRAIN - YIELD, MEASURED IN BU / ACRE","TOTAL","NOT SPECIFIED","191.3",""
"SURVEY","2017","YEAR","","COUNTY","WISCONSIN","55","SOUTHWEST","70","IOWA","049","","","00000000","","CORN","CORN, GRAIN - YIELD, MEASURED IN BU / ACRE","TOTAL","NOT SPECIFIED","169.4",""
"SURVEY","2017","YEAR","","COUNTY","WISCONSIN","55","SOUTHWEST","70","LAFAYETTE","065","","","00000000","","CORN","CORN, GRAIN - YIELD, MEASURED IN BU / ACRE","TOTAL","NOT SPECIFIED","206",""
"SURVEY","2017","YEAR","","COUNTY","WISCONSIN","55","SOUTHWEST","70","RICHLAND","103","","","00000000","","CORN","CORN, GRAIN - YIELD, MEASURED IN BU / ACRE","TOTAL","NOT SPECIFIED","158",""
"SURVEY","2017","YEAR","","COUNTY","WISCONSIN","55","SOUTHWEST","70","SAUK","111","","","00000000","","CORN","CORN, GRAIN - YIELD, MEASURED IN BU / ACRE","TOTAL","NOT SPECIFIED","169.7",""
"SURVEY","2017","YEAR","","COUNTY","WISCONSIN","55","SOUTHWEST","70","VERNON","123","","","00000000","","CORN","CORN, GRAIN - YIELD, MEASURED IN BU / ACRE","TOTAL","NOT SPECIFIED","159.6",""
"SURVEY","2017","YEAR","","COUNTY","WISCONSIN","55","WEST CENTRAL","40","BUFFALO","011","","","00000000","","CORN","CORN, GRAIN - YIELD, MEASURED IN BU / ACRE","TOTAL","NOT SPECIFIED","167.8",""
"SURVEY","2017","YEAR","","COUNTY","WISCONSIN","55","WEST CENTRAL","40","DUNN","033","","","00000000","","CORN","CORN, GRAIN - YIELD, MEASURED IN BU / ACRE","TOTAL","NOT SPECIFIED","180.5",""
"SURVEY","2017","YEAR","","COUNTY","WISCONSIN","55","WEST CENTRAL","40","EAU CLAIRE","035","","","00000000","","CORN","CORN, GRAIN - YIELD, MEASURED IN BU / ACRE","TOTAL","NOT SPECIFIED","162.6",""
"SURVEY","2017","YEAR","","COUNTY","WISCONSIN","55","WEST CENTRAL","40","JACKSON","053","","","00000000","","CORN","CORN, GRAIN - YIELD, MEASURED IN BU / ACRE","TOTAL","NOT SPECIFIED","166.5",""
"SURVEY","2017","YEAR","","COUNTY","WISCONSIN","55","WEST CENTRAL","40","LA CROSSE","063","","","00000000","","CORN","CORN, GRAIN - YIELD, MEASURED IN BU / ACRE","TOTAL","NOT SPECIFIED","166.5",""
"SURVEY","2017","YEAR","","COUNTY","WISCONSIN","55","WEST CENTRAL","40","MONROE","081","","","00000000","","CORN","CORN, GRAIN - YIELD, MEASURED IN BU / ACRE","TOTAL","NOT SPECIFIED","161.8",""
"SURVEY","2017","YEAR","","COUNTY","WISCONSIN","55","WEST CENTRAL","40","PEPIN","091","","","00000000","","CORN","CORN, GRAIN - YIELD, MEASURED IN BU / ACRE","TOTAL","NOT SPECIFIED","176",""
"SURVEY","2017","YEAR","","COUNTY","WISCONSIN","55","WEST CENTRAL","40","PIERCE","093","","","00000000","","CORN","CORN, GRAIN - YIELD, MEASURED IN BU / ACRE","TOTAL","NOT SPECIFIED","194.7",""
"SURVEY","2017","YEAR","","COUNTY","WISCONSIN","55","WEST CENTRAL","40","ST CROIX","109","","","00000000","","CORN","CORN, GRAIN - YIELD, MEASURED IN BU / ACRE","TOTAL","NOT SPECIFIED","174.8",""
"SURVEY","2017","YEAR","","COUNTY","WISCONSIN","55","WEST CENTRAL","40","TREMPEALEAU","121","","","00000000","","CORN","CORN, GRAIN - YIELD, MEASURED IN BU / ACRE","TOTAL","NOT SPECIFIED","162.9",""
"SURVEY","2016","YEAR","","COUNTY","COLORADO","08","EAST CENTRAL","60","ADAMS","001","","","00000000","","CORN","CORN, GRAIN - YIELD, MEASURED IN BU / ACRE","TOTAL","NOT SPECIFIED","90.1",""
"SURVEY","2016","YEAR","","COUNTY","COLORADO","08","EAST CENTRAL","60","CHEYENNE","017","","","00000000","","CORN","CORN, GRAIN - YIELD, MEASURED IN BU / ACRE","TOTAL","NOT SPECIFIED","81.8",""
"SURVEY","2016","YEAR","","COUNTY","COLORADO","08","EAST CENTRAL","60","ELBERT","039","","","00000000","","CORN","CORN, GRAIN - YIELD, MEASURED IN BU / ACRE","TOTAL","NOT SPECIFIED","40.4",""
"SURVEY","2016","YEAR","","COUNTY","COLORADO","08","EAST CENTRAL","60","KIOWA","061","","","00000000","","CORN","CORN, GRAIN - YIELD, MEASURED IN BU / ACRE","TOTAL","NOT SPECIFIED","50.7",""
"SURVEY","2016","YEAR","","COUNTY","COLORADO","08","EAST CENTRAL","60","KIT CARSON","063","","","00000000","","CORN","CORN, GRAIN - YIELD, MEASURED IN BU / ACRE","TOTAL","NOT SPECIFIED","116.7",""
"SURVEY","2016","YEAR","","COUNTY","COLORADO","08","EAST CENTRAL","60","LINCOLN","073","","","00000000","","CORN","CORN, GRAIN - YIELD, MEASURED IN BU / ACRE","TOTAL","NOT SPECIFIED","64.2",""
"SURVEY","2016","YEAR","","COUNTY","COLORADO","08","EAST CENTRAL","60","OTHER (COMBINED) COUNTIES","","","","00000000","","CORN","CORN, GRAIN - YIELD, MEASURED IN BU / ACRE","TOTAL","NOT SPECIFIED","90",""
"SURVEY","2016","YEAR","","COUNTY","COLORADO","08","EAST CENTRAL","60","PHILLIPS","095","","","00000000","","CORN","CORN, GRAIN - YIELD, MEASURED IN BU / ACRE","TOTAL","NOT SPECIFIED","142.9",""
"SURVEY","2016","YEAR","","COUNTY","COLORADO","08","EAST CENTRAL","60","YUMA","125","","","00000000","","CORN","CORN, GRAIN - YIELD, MEASURED IN BU / ACRE","TOTAL","NOT SPECIFIED","183.5",""
"SURVEY","2016","YEAR","","COUNTY","COLORADO","08","NORTHEAST","20","BOULDER","013","","","00000000","","CORN","CORN, GRAIN - YIELD, MEASURED IN BU / ACRE","TOTAL","NOT SPECIFIED","153.1",""
"SURVEY","2016","YEAR","","COUNTY","COLORADO","08","NORTHEAST","20","LARIMER","069","","","00000000","","CORN","CORN, GRAIN - YIELD, MEASURED IN BU / ACRE","TOTAL","NOT SPECIFIED","101.2",""
"SURVEY","2016","YEAR","","COUNTY","COLORADO","08","NORTHEAST","20","OTHER (COMBINED) COUNTIES","","","","00000000","","CORN","CORN, GRAIN - YIELD, MEASURED IN BU / ACRE","TOTAL","NOT SPECIFIED","171",""
"SURVEY","2016","YEAR","","COUNTY","COLORADO","08","NORTHEAST","20","SEDGWICK","115","","","00000000","","CORN","CORN, GRAIN - YIELD, MEASURED IN BU / ACRE","TOTAL","NOT SPECIFIED","122.2",""
"SURVEY","2016","YEAR","","COUNTY","COLORADO","08","NORTHEAST","20","WELD","123","","","00000000","","CORN","CORN, GRAIN - YIELD, MEASURED IN BU / ACRE","TOTAL","NOT SPECIFIED","157.4",""
"SURVEY","2016","YEAR","","COUNTY","COLORADO","08","SOUTHEAST","90","BACA","009","","","00000000","","CORN","CORN, GRAIN - YIELD, MEASURED IN BU / ACRE","TOTAL","NOT SPECIFIED","128.2",""
"SURVEY","2016","YEAR","","COUNTY","COLORADO","08","SOUTHEAST","90","BENT","011","","","00000000","","CORN","CORN, GRAIN - YIELD, MEASURED IN BU / ACRE","TOTAL","NOT SPECIFIED","155.4",""
"SURVEY","2016","YEAR","","COUNTY","COLORADO","08","SOUTHEAST","90","OTERO","089","","","00000000","","CORN","CORN, GRAIN - YIELD, MEASURED IN BU / ACRE","TOTAL","NOT SPECIFIED","187.7",""
"SURVEY","2016","YEAR","","COUNTY","COLORADO","08","SOUTHEAST","90","OTHER (COMBINED) COUNTIES","","","","00000000","","CORN","CORN, GRAIN - YIELD, MEASURED IN BU / ACRE","TOTAL","NOT SPECIFIED","166.7",""
"SURVEY","2016","YEAR","","COUNTY","MISSOURI","29","CENTRAL","50","BENTON","015","","","00000000","","CORN","CORN, GRAIN - YIELD, MEASURED IN BU / ACRE","TOTAL","NOT SPECIFIED","166.8",""
"SURVEY","2016","YEAR","","COUNTY","MISSOURI","29","CENTRAL","50","COLE","051","","","00000000","","CORN","CORN, GRAIN - YIELD, MEASURED IN BU / ACRE","TOTAL","NOT SPECIFIED","152",""
"SURVEY","2016","YEAR","","COUNTY","MISSOURI","29","CENTRAL","50","COOPER","053","","","00000000","","CORN","CORN, GRAIN - YIELD, MEASURED IN BU / ACRE","TOTAL","NOT SPECIFIED","173.8",""
"SURVEY","2016","YEAR","","COUNTY","MISSOURI","29","CENTRAL","50","LACLEDE","105","","","00000000","","CORN","CORN, GRAIN - YIELD, MEASURED IN BU / ACRE","TOTAL","NOT SPECIFIED","158.6",""
"SURVEY","2016","YEAR","","COUNTY","MISSOURI","29","CENTRAL","50","MARIES","125","","","00000000","","CORN","CORN, GRAIN - YIELD, MEASURED IN BU / ACRE","TOTAL","NOT SPECIFIED","141.6",""
"SURVEY","2016","YEAR","","COUNTY","MISSOURI","29","CENTRAL","50","MILLER","131","","","00000000","","CORN","CORN, GRAIN - YIELD, MEASURED IN BU / ACRE","TOTAL","NOT SPECIFIED","130.6",""
"SURVEY","2016","YEAR","","COUNTY","MISSOURI","29","CENTRAL","50","MORGAN","141","","","00000000","","CORN","CORN, GRAIN - YIELD, MEASURED IN BU / ACRE","TOTAL","NOT SPECIFIED","155.3",""
"SURVEY","2016","YEAR","","COUNTY","MISSOURI","29","CENTRAL","50","OSAGE","151","","","00000000","","CORN","CORN, GRAIN - YIELD, MEASURED IN BU / ACRE","TOTAL","NOT SPECIFIED","184.2",""
"SURVEY","2016","YEAR","","COUNTY","MISSOURI","29","CENTRAL","50","OTHER (COMBINED) COUNTIES","","","","00000000","","CORN","CORN, GRAIN - YIELD, MEASURED IN BU / ACRE","TOTAL","NOT SPECIFIED","160.4",""
"SURVEY","2016","YEAR","","COUNTY","MISSOURI","29","CENTRAL","50","PETTIS","159","","","00000000","","CORN","CORN, GRAIN - YIELD, MEASURED IN BU / ACRE","TOTAL","NOT SPECIFIED","166.5",""
"SURVEY","2016","YEAR","","COUNTY","MISSOURI","29","CENTRAL","50","POLK","167","","","00000000","","CORN","CORN, GRAIN - YIELD, MEASURED IN BU / ACRE","TOTAL","NOT SPECIFIED","163",""
"SURVEY","2016","YEAR","","COUNTY","MISSOURI","29","CENTRAL","50","SALINE","195","","","00000000","","CORN","CORN, GRAIN - YIELD, MEASURED IN BU / ACRE","TOTAL","NOT SPECIFIED","185.9",""
"SURVEY","2016","YEAR","","COUNTY","MISSOURI","29","EAST","60","GASCONADE","073","","","00000000","","CORN","CORN, GRAIN - YIELD, MEASURED IN BU / ACRE","TOTAL","NOT SPECIFIED","126.3",""
"SURVEY","2016","YEAR","","COUNTY","MISSOURI","29","EAST","60","JEFFERSON","099","","","00000000","","CORN","CORN, GRAIN - YIELD, MEASURED IN BU / ACRE","TOTAL","NOT SPECIFIED","128.5",""
"SURVEY","2016","YEAR","","COUNTY","MISSOURI","29","EAST","60","LINCOLN","113","","","00000000","","CORN","CORN, GRAIN - YIELD, MEASURED IN BU / ACRE","TOTAL","NOT SPECIFIED","155.8",""
"SURVEY","2016","YEAR","","COUNTY","MISSOURI","29","EAST","60","OTHER (COMBINED) COUNTIES","","","","00000000","","CORN","CORN, GRAIN - YIELD, MEASURED IN BU / ACRE","TOTAL","NOT SPECIFIED","143.6",""
"SURVEY","2016","YEAR","","COUNTY","MISSOURI","29","EAST","60","ST CHARLES","183","","","00000000","","CORN","CORN, GRAIN - YIELD, MEASURED IN BU / ACRE","TOTAL","NOT SPECIFIED","169",""
"SURVEY","2016","YEAR","","COUNTY","MISSOURI","29","EAST","60","ST FRANCOIS","187","","","00000000","","CORN","CORN, GRAIN - YIELD, MEASURED IN BU / ACRE","TOTAL","NOT SPECIFIED","142.1",""
"SURVEY","2016","YEAR","","COUNTY","MISSOURI","29","EAST","60","ST LOUIS","189","","","00000000","","CORN","CORN, GRAIN - YIELD, MEASURED IN BU / ACRE","TOTAL","NOT SPECIFIED","154.3",""
"SURVEY","2016","YEAR","","COUNTY","MISSOURI","29","EAST","60","STE GENEVIEVE","186","","","00000000","","CORN","CORN, GRAIN - YIELD, MEASURED IN BU / ACRE","TOTAL","NOT SPECIFIED","149.4",""
"SURVEY","2016","YEAR","","COUNTY","MISSOURI","29","EAST","60","WARREN","219","","","00000000","","CORN","CORN, GRAIN - YIELD, MEASURED IN BU / ACRE","TOTAL","NOT SPECIFIED","154",""
"SURVEY","2016","YEAR","","COUNTY","MISSOURI","29","NORTH CENTRAL","20","ADAIR","001","","","00000000","","CORN","CORN, GRAIN - YIELD, MEASURED IN BU / ACRE","TOTAL","NOT SPECIFIED","170.1",""
"SURVEY","2016","YEAR","","COUNTY","MISSOURI","29","NORTH CENTRAL","20","CARROLL","033","","","00000000","","CORN","CORN, GRAIN - YIELD, MEASURED IN BU / ACRE","TOTAL","NOT SPECIFIED","161.4",""
"SURVEY","2016","YEAR","","COUNTY","MISSOURI","29","NORTH CENTRAL","20","LINN","115","","","00000000","","CORN","CORN, GRAIN - YIELD, MEASURED IN BU / ACRE","TOTAL","NOT SPECIFIED","160.2",""
"SURVEY","2016","YEAR","","COUNTY","MISSOURI","29","NORTH CENTRAL","20","LIVINGSTON","117","","","00000000","","CORN","CORN, GRAIN - YIELD, MEASURED IN BU / ACRE","TOTAL","NOT SPECIFIED","167.5",""
"SURVEY","2016","YEAR","","COUNTY","MISSOURI","29","NORTH CENTRAL","20","OTHER (COMBINED) COUNTIES","","","","00000000","","CORN","CORN, GRAIN - YIELD, MEASURED IN BU / ACRE","TOTAL","NOT SPECIFIED","172.1",""
"SURVEY","2016","YEAR","","COUNTY","MISSOURI","29","NORTH CENTRAL","20","RANDOLPH","175","","","00000000","","CORN","CORN, GRAIN - YIELD, MEASURED IN BU / ACRE","TOTAL","NOT SPECIFIED","176.9",""
"SURVEY","2016","YEAR","","COUNTY","MISSOURI","29","NORTHEAST","30","AUDRAIN","007","","","00000000","","CORN","CORN, GRAIN - YIELD, MEASURED IN BU / ACRE","TOTAL","NOT SPECIFIED","171.8",""
"SURVEY","2016","YEAR","","COUNTY","MISSOURI","29","NORTHEAST","30","KNOX","103","","","00000000","","CORN","CORN, GRAIN - YIELD, MEASURED IN BU / ACRE","TOTAL","NOT SPECIFIED","166.4",""
"SURVEY","2016","YEAR","","COUNTY","MISSOURI","29","NORTHEAST","30","LEWIS","111","","","00000000","","CORN","CORN, GRAIN - YIELD, MEASURED IN BU / ACRE","TOTAL","NOT SPECIFIED","163.6",""
"SURVEY","2016","YEAR","","COUNTY","MISSOURI","29","NORTHEAST","30","MARION","127","","","00000000","","CORN","CORN, GRAIN - YIELD, MEASURED IN BU / ACRE","TOTAL","NOT SPECIFIED","188.4",""
"SURVEY","2016","YEAR","","COUNTY","MISSOURI","29","NORTHEAST","30","MONROE","137","","","00000000","","CORN","CORN, GRAIN - YIELD, MEASURED IN BU / ACRE","TOTAL","NOT SPECIFIED","164",""
"SURVEY","2016","YEAR","","COUNTY","MISSOURI","29","NORTHEAST","30","OTHER (COMBINED) COUNTIES","","","","00000000","","CORN","CORN, GRAIN - YIELD, MEASURED IN BU / ACRE","TOTAL","NOT SPECIFIED","165.2",""
"SURVEY","2016","YEAR","","COUNTY","MISSOURI","29","NORTHEAST","30","PIKE","163","","","00000000","","CORN","CORN, GRAIN - YIELD, MEASURED IN BU / ACRE","TOTAL","NOT SPECIFIED","163",""
"SURVEY","2016","YEAR","","COUNTY","MISSOURI","29","NORTHEAST","30","RALLS","173","","","00000000","","CORN","CORN, GRAIN - YIELD, MEASURED IN BU / ACRE","TOTAL","NOT SPECIFIED","174.1",""
"SURVEY","2016","YEAR","","COUNTY","MISSOURI","29","NORTHEAST","30","SHELBY","205","","","00000000","","CORN","CORN, GRAIN - YIELD, MEASURED IN BU / ACRE","TOTAL","NOT SPECIFIED","175",""
"SURVEY","2016","YEAR","","COUNTY","MISSOURI","29","NORTHWEST","10","ANDREW","003","","","00000000","","CORN","CORN, GRAIN - YIELD, MEASURED IN BU / ACRE","TOTAL","NOT SPECIFIED","152",""
"SURVEY","2016","YEAR","","COUNTY","MISSOURI","29","NORTHWEST","10","ATCHISON","005","","","00000000","","CORN","CORN, GRAIN - YIELD, MEASURED IN BU / ACRE","TOTAL","NOT SPECIFIED","169.3",""
"SURVEY","2016","YEAR","","COUNTY","MISSOURI","29","NORTHWEST","10","BUCHANAN","021","","","00000000","","CORN","CORN, GRAIN - YIELD, MEASURED IN BU / ACRE","TOTAL","NOT SPECIFIED","158.6",""
"SURVEY","2016","YEAR","","COUNTY","MISSOURI","29","NORTHWEST","10","CALDWELL","025","","","00000000","","CORN","CORN, GRAIN - YIELD, MEASURED IN BU / ACRE","TOTAL","NOT SPECIFIED","179.6",""
"SURVEY","2016","YEAR","","COUNTY","MISSOURI","29","NORTHWEST","10","CLAY","047","","","00000000","","CORN","CORN, GRAIN - YIELD, MEASURED IN BU / ACRE","TOTAL","NOT SPECIFIED","165",""
"SURVEY","2016","YEAR","","COUNTY","MISSOURI","29","NORTHWEST","10","CLINTON","049","","","00000000","","CORN","CORN, GRAIN - YIELD, MEASURED IN BU / ACRE","TOTAL","NOT SPECIFIED","156.7",""
"SURVEY","2016","YEAR","","COUNTY","MISSOURI","29","NORTHWEST","10","DAVIESS","061","","","00000000","","CORN","CORN, GRAIN - YIELD, MEASURED IN BU / ACRE","TOTAL","NOT SPECIFIED","161",""
"SURVEY","2016","YEAR","","COUNTY","MISSOURI","29","NORTHWEST","10","HOLT","087","","","00000000","","CORN","CORN, GRAIN - YIELD, MEASURED IN BU / ACRE","TOTAL","NOT SPECIFIED","170.7",""
"SURVEY","2016","YEAR","","COUNTY","MISSOURI","29","NORTHWEST","10","NODAWAY","147","","","00000000","","CORN","CORN, GRAIN - YIELD, MEASURED IN BU / ACRE","TOTAL","NOT SPECIFIED","167",""
"SURVEY","2016","YEAR","","COUNTY","MISSOURI","29","NORTHWEST","10","OTHER (COMBINED) COUNTIES","","","","00000000","","CORN","CORN, GRAIN - YIELD, MEASURED IN BU / ACRE","TOTAL","NOT SPECIFIED","151.8",""
"SURVEY","2016","YEAR","","COUNTY","MISSOURI","29","NORTHWEST","10","PLATTE","165","","","00000000","","CORN","CORN, GRAIN - YIELD, MEASURED IN BU / ACRE","TOTAL","NOT SPECIFIED","160.1",""
"SURVEY","2016","YEAR","","COUNTY","MISSOURI","29","NORTHWEST","10","WORTH","227","","","00000000","","CORN","CORN, GRAIN - YIELD, MEASURED IN BU / ACRE","TOTAL","NOT SPECIFIED","159.3",""
"SURVEY","2016","YEAR","","COUNTY","MISSOURI","29","SOUTH CENTRAL","80","MADISON","123","","","00000000","","CORN","CORN, GRAIN - YIELD, MEASURED IN BU / ACRE","TOTAL","NOT SPECIFIED","105",""
"SURVEY","2016","YEAR","","COUNTY","MISSOURI","29","SOUTH CENTRAL","80","OTHER (COMBINED) COUNTIES","","","","00000000","","CORN","CORN, GRAIN - YIELD, MEASURED IN BU / ACRE","TOTAL","NOT SPECIFIED","136.9",""
"SURVEY","2016","YEAR","","COUNTY","MISSOURI","29","SOUTH CENTRAL","80","WEBSTER","225","","","00000000","","CORN","CORN, GRAIN - YIELD, MEASURED IN BU / ACRE","TOTAL","NOT SPECIFIED","157.4",""
"SURVEY","2016","YEAR","","COUNTY","MISSOURI","29","SOUTHEAST","90","CAPE GIRARDEAU","031","","","00000000","","CORN","CORN, GRAIN - YIELD, MEASURED IN BU / ACRE","TOTAL","NOT SPECIFIED","128.4",""
"SURVEY","2016","YEAR","","COUNTY","MISSOURI","29","SOUTHEAST","90","DUNKLIN","069","","","00000000","","CORN","CORN, GRAIN - YIELD, MEASURED IN BU / ACRE","TOTAL","NOT SPECIFIED","153.8",""
"SURVEY","2016","YEAR","","COUNTY","MISSOURI","29","SOUTHEAST","90","MISSISSIPPI","133","","","00000000","","CORN","CORN, GRAIN - YIELD, MEASURED IN BU / ACRE","TOTAL","NOT SPECIFIED","143.6",""
"SURVEY","2016","YEAR","","COUNTY","MISSOURI","29","SOUTHEAST","90","NEW MADRID","143","","","00000000","","CORN","CORN, GRAIN - YIELD, MEASURED IN BU / ACRE","TOTAL","NOT SPECIFIED","168.1",""
"SURVEY","2016","YEAR","","COUNTY","MISSOURI","29","SOUTHEAST","90","OTHER (COMBINED) COUNTIES","","","","00000000","","CORN","CORN, GRAIN - YIELD, MEASURED IN BU / ACRE","TOTAL","NOT SPECIFIED","156.4",""
"SURVEY","2016","YEAR","","COUNTY","MISSOURI","29","SOUTHEAST","90","PEMISCOT","155","","","00000000","","CORN","CORN, GRAIN - YIELD, MEASURED IN BU / ACRE","TOTAL","NOT SPECIFIED","159.7",""
"SURVEY","2016","YEAR","","COUNTY","MISSOURI","29","SOUTHEAST","90","STODDARD","207","","","00000000","","CORN","CORN, GRAIN - YIELD, MEASURED IN BU / ACRE","TOTAL","NOT SPECIFIED","147.1",""
"SURVEY","2016","YEAR","","COUNTY","MISSOURI","29","SOUTHWEST","70","BARTON","011","","","00000000","","CORN","CORN, GRAIN - YIELD, MEASURED IN BU / ACRE","TOTAL","NOT SPECIFIED","155.7",""
"SURVEY","2016","YEAR","","COUNTY","MISSOURI","29","SOUTHWEST","70","CHRISTIAN","043","","","00000000","","CORN","CORN, GRAIN - YIELD, MEASURED IN BU / ACRE","TOTAL","NOT SPECIFIED","120.9",""
"SURVEY","2016","YEAR","","COUNTY","MISSOURI","29","SOUTHWEST","70","DADE","057","","","00000000","","CORN","CORN, GRAIN - YIELD, MEASURED IN BU / ACRE","TOTAL","NOT SPECIFIED","136.7",""
"SURVEY","2016","YEAR","","COUNTY","MISSOURI","29","SOUTHWEST","70","GREENE","077","","","00000000","","CORN","CORN, GRAIN - YIELD, MEASURED IN BU / ACRE","TOTAL","NOT SPECIFIED","144.7",""
"SURVEY","2016","YEAR","","COUNTY","MISSOURI","29","SOUTHWEST","70","LAWRENCE","109","","","00000000","","CORN","CORN, GRAIN - YIELD, MEASURED IN BU / ACRE","TOTAL","NOT SPECIFIED","121.6",""
"SURVEY","2016","YEAR","","COUNTY","MISSOURI","29","SOUTHWEST","70","NEWTON","145","","","00000000","","CORN","CORN, GRAIN - YIELD, MEASURED IN BU / ACRE","TOTAL","NOT SPECIFIED","144.8",""
"SURVEY","2016","YEAR","","COUNTY","MISSOURI","29","SOUTHWEST","70","OTHER (COMBINED) COUNTIES","","","","00000000","","CORN","CORN, GRAIN - YIELD, MEASURED IN BU / ACRE","TOTAL","NOT SPECIFIED","148.3",""
"SURVEY","2016","YEAR","","COUNTY","MISSOURI","29","WEST","40","CASS","037","","","00000000","","CORN","CORN, GRAIN - YIELD, MEASURED IN BU / ACRE","TOTAL","NOT SPECIFIED","159.8",""
"SURVEY","2016","YEAR","","COUNTY","MISSOURI","29","WEST","40","HENRY","083","","","00000000","","CORN","CORN, GRAIN - YIELD, MEASURED IN BU / ACRE","TOTAL","NOT SPECIFIED","148.4",""
"SURVEY","2016","YEAR","","COUNTY","MISSOURI","29","WEST","40","JACKSON","095","","","00000000","","CORN","CORN, GRAIN - YIELD, MEASURED IN BU / ACRE","TOTAL","NOT SPECIFIED","161.8",""
"SURVEY","2016","YEAR","","COUNTY","MISSOURI","29","WEST","40","JOHNSON","101","","","00000000","","CORN","CORN, GRAIN - YIELD, MEASURED IN BU / ACRE","TOTAL","NOT SPECIFIED","160.3",""
"SURVEY","2016","YEAR","","COUNTY","MISSOURI","29","WEST","40","LAFAYETTE","107","","","00000000","","CORN","CORN, GRAIN - YIELD, MEASURED IN BU / ACRE","TOTAL","NOT SPECIFIED","186.7",""
"SURVEY","2016","YEAR","","COUNTY","MISSOURI","29","WEST","40","OTHER (COMBINED) COUNTIES","","","","00000000","","CORN","CORN, GRAIN - YIELD, MEASURED IN BU / ACRE","TOTAL","NOT SPECIFIED","154.5",""
"SURVEY","2016","YEAR","","COUNTY","MISSOURI","29","WEST","40","VERNON","217","","","00000000","","CORN","CORN, GRAIN - YIELD, MEASURED IN BU / ACRE","TOTAL","NOT SPECIFIED","147.5",""
"SURVEY","2016","YEAR","","COUNTY","WISCONSIN","55","CENTRAL","50","ADAMS","001","","","00000000","","CORN","CORN, GRAIN - YIELD, MEASURED IN BU / ACRE","TOTAL","NOT SPECIFIED","132.2",""
"SURVEY","2016","YEAR","","COUNTY","WISCONSIN","55","CENTRAL","50","GREEN LAKE","047","","","00000000","","CORN","CORN, GRAIN - YIELD, MEASURED IN BU / ACRE","TOTAL","NOT SPECIFIED","184.3",""
"SURVEY","2016","YEAR","","COUNTY","WISCONSIN","55","CENTRAL","50","JUNEAU","057","","","00000000","","CORN","CORN, GRAIN - YIELD, MEASURED IN BU / ACRE","TOTAL","NOT SPECIFIED","177.4",""
"SURVEY","2016","YEAR","","COUNTY","WISCONSIN","55","CENTRAL","50","MARQUETTE","077","","","00000000","","CORN","CORN, GRAIN - YIELD, MEASURED IN BU / ACRE","TOTAL","NOT SPECIFIED","150.8",""
"SURVEY","2016","YEAR","","COUNTY","WISCONSIN","55","CENTRAL","50","PORTAGE","097","","","00000000","","CORN","CORN, GRAIN - YIELD, MEASURED IN BU / ACRE","TOTAL","NOT SPECIFIED","162.7",""
"SURVEY","2016","YEAR","","COUNTY","WISCONSIN","55","CENTRAL","50","WAUPACA","135","","","00000000","","CORN","CORN, GRAIN - YIELD, MEASURED IN BU / ACRE","TOTAL","NOT SPECIFIED","157.9",""
"SURVEY","2016","YEAR","","COUNTY","WISCONSIN","55","CENTRAL","50","WAUSHARA","137","","","00000000","","CORN","CORN, GRAIN - YIELD, MEASURED IN BU / ACRE","TOTAL","NOT SPECIFIED","165.4",""
"SURVEY","2016","YEAR","","COUNTY","WISCONSIN","55","CENTRAL","50","WOOD","141","","","00000000","","CORN","CORN, GRAIN - YIELD, MEASURED IN BU / ACRE","TOTAL","NOT SPECIFIED","157.1",""
"SURVEY","2016","YEAR","","COUNTY","WISCONSIN","55","EAST CENTRAL","60","BROWN","009","","","00000000","","CORN","CORN, GRAIN - YIELD, MEASURED IN BU / ACRE","TOTAL","NOT SPECIFIED","174",""
"SURVEY","2016","YEAR","","COUNTY","WISCONSIN","55","EAST CENTRAL","60","FOND DU LAC","039","","","00000000","","CORN","CORN, GRAIN - YIELD, MEASURED IN BU / ACRE","TOTAL","NOT SPECIFIED","186.1",""
"SURVEY","2016","YEAR","","COUNTY","WISCONSIN","55","EAST CENTRAL","60","KEWAUNEE","061","","","00000000","","CORN","CORN, GRAIN - YIELD, MEASURED IN BU / ACRE","TOTAL","NOT SPECIFIED","170.6",""
"SURVEY","2016","YEAR","","COUNTY","WISCONSIN","55","EAST CENTRAL","60","MANITOWOC","071","","","00000000","","CORN","CORN, GRAIN - YIELD, MEASURED IN BU / ACRE","TOTAL","NOT SPECIFIED","178",""
"SURVEY","2016","YEAR","","COUNTY","WISCONSIN","55","EAST CENTRAL","60","OTHER (COMBINED) COUNTIES","","","","00000000","","CORN","CORN, GRAIN - YIELD, MEASURED IN BU / ACRE","TOTAL","NOT SPECIFIED","167.5",""
"SURVEY","2016","YEAR","","COUNTY","WISCONSIN","55","EAST CENTRAL","60","OUTAGAMIE","087","","","00000000","","CORN","CORN, GRAIN - YIELD, MEASURED IN BU / ACRE","TOTAL","NOT SPECIFIED","185.2",""
"SURVEY","2016","YEAR","","COUNTY","WISCONSIN","55","EAST CENTRAL","60","SHEBOYGAN","117","","","00000000","","CORN","CORN, GRAIN - YIELD, MEASURED IN BU / ACRE","TOTAL","NOT SPECIFIED","168.4",""
"SURVEY","2016","YEAR","","COUNTY","WISCONSIN","55","EAST CENTRAL","60","WINNEBAGO","139","","","00000000","","CORN","CORN, GRAIN - YIELD, MEASURED IN BU / ACRE","TOTAL","NOT SPECIFIED","156.2",""
"SURVEY","2016","YEAR","","COUNTY","WISCONSIN","55","NORTH CENTRAL","20","CLARK","019","","","00000000","","CORN","CORN, GRAIN - YIELD, MEASURED IN BU / ACRE","TOTAL","NOT SPECIFIED","154.7",""
"SURVEY","2016","YEAR","","COUNTY","WISCONSIN","55","NORTH CENTRAL","20","MARATHON","073","","","00000000","","CORN","CORN, GRAIN - YIELD, MEASURED IN BU / ACRE","TOTAL","NOT SPECIFIED","148.2",""
"SURVEY","2016","YEAR","","COUNTY","WISCONSIN","55","NORTH CENTRAL","20","OTHER (COMBINED) COUNTIES","","","","00000000","","CORN","CORN, GRAIN - YIELD, MEASURED IN BU / ACRE","TOTAL","NOT SPECIFIED","134.3",""
"SURVEY","2016","YEAR","","COUNTY","WISCONSIN","55","NORTH CENTRAL","20","TAYLOR","119","","","00000000","","CORN","CORN, GRAIN - YIELD, MEASURED IN BU / ACRE","TOTAL","NOT SPECIFIED","152.7",""
"SURVEY","2016","YEAR","","COUNTY","WISCONSIN","55","NORTHEAST","30","OCONTO","083","","","00000000","","CORN","CORN, GRAIN - YIELD, MEASURED IN BU / ACRE","TOTAL","NOT SPECIFIED","153.4",""
"SURVEY","2016","YEAR","","COUNTY","WISCONSIN","55","NORTHEAST","30","OTHER (COMBINED) COUNTIES","","","","00000000","","CORN","CORN, GRAIN - YIELD, MEASURED IN BU / ACRE","TOTAL","NOT SPECIFIED","144.2",""
"SURVEY","2016","YEAR","","COUNTY","WISCONSIN","55","NORTHEAST","30","SHAWANO","115","","","00000000","","CORN","CORN, GRAIN - YIELD, MEASURED IN BU / ACRE","TOTAL","NOT SPECIFIED","164.5",""
"SURVEY","2016","YEAR","","COUNTY","WISCONSIN","55","NORTHWEST","10","BARRON","005","","","00000000","","CORN","CORN, GRAIN - YIELD, MEASURED IN BU / ACRE","TOTAL","NOT SPECIFIED","164.4",""
"SURVEY","2016","YEAR","","COUNTY","WISCONSIN","55","NORTHWEST","10","BURNETT","013","","","00000000","","CORN","CORN, GRAIN - YIELD, MEASURED IN BU / ACRE","TOTAL","NOT SPECIFIED","143.9",""
"SURVEY","2016","YEAR","","COUNTY","WISCONSIN","55","NORTHWEST","10","CHIPPEWA","017","","","00000000","","CORN","CORN, GRAIN - YIELD, MEASURED IN BU / ACRE","TOTAL","NOT SPECIFIED","161.9",""
"SURVEY","2016","YEAR","","COUNTY","WISCONSIN","55","NORTHWEST","10","OTHER (COMBINED) COUNTIES","","","","00000000","","CORN","CORN, GRAIN - YIELD, MEASURED IN BU / ACRE","TOTAL","NOT SPECIFIED","115.1",""
"SURVEY","2016","YEAR","","COUNTY","WISCONSIN","55","NORTHWEST","10","POLK","095","","","00000000","","CORN","CORN, GRAIN - YIELD, MEASURED IN BU / ACRE","TOTAL","NOT SPECIFIED","169.3",""
"SURVEY","2016","YEAR","","COUNTY","WISCONSIN","55","NORTHWEST","10","RUSK","107","","","00000000","","CORN","CORN, GRAIN - YIELD, MEASURED IN BU / ACRE","TOTAL","NOT SPECIFIED","145.8",""
"SURVEY","2016","YEAR","","COUNTY","WISCONSIN","55","NORTHWEST","10","SAWYER","113","","","00000000","","CORN","CORN, GRAIN - YIELD, MEASURED IN BU / ACRE","TOTAL","NOT SPECIFIED","139.2",""
"SURVEY","2016","YEAR","","COUNTY","WISCONSIN","55","NORTHWEST","10","WASHBURN","129","","","00000000","","CORN","CORN, GRAIN - YIELD, MEASURED IN BU / ACRE","TOTAL","NOT SPECIFIED","154.3",""
"SURVEY","2016","YEAR","","COUNTY","WISCONSIN","55","SOUTH CENTRAL","80","COLUMBIA","021","","","00000000","","CORN","CORN, GRAIN - YIELD, MEASURED IN BU / ACRE","TOTAL","NOT SPECIFIED","200.9",""
"SURVEY","2016","YEAR","","COUNTY","WISCONSIN","55","SOUTH CENTRAL","80","DANE","025","","","00000000","","CORN","CORN, GRAIN - YIELD, MEASURED IN BU / ACRE","TOTAL","NOT SPECIFIED","192.5",""
"SURVEY","2016","YEAR","","COUNTY","WISCONSIN","55","SOUTH CENTRAL","80","DODGE","027","","","00000000","","CORN","CORN, GRAIN - YIELD, MEASURED IN BU / ACRE","TOTAL","NOT SPECIFIED","187.4",""
"SURVEY","2016","YEAR","","COUNTY","WISCONSIN","55","SOUTH CENTRAL","80","GREEN","045","","","00000000","","CORN","CORN, GRAIN - YIELD, MEASURED IN BU / ACRE","TOTAL","NOT SPECIFIED","199",""
"SURVEY","2016","YEAR","","COUNTY","WISCONSIN","55","SOUTH CENTRAL","80","JEFFERSON","055","","","00000000","","CORN","CORN, GRAIN - YIELD, MEASURED IN BU / ACRE","TOTAL","NOT SPECIFIED","195.3",""
"SURVEY","2016","YEAR","","COUNTY","WISCONSIN","55","SOUTH CENTRAL","80","ROCK","105","","","00000000","","CORN","CORN, GRAIN - YIELD, MEASURED IN BU / ACRE","TOTAL","NOT SPECIFIED","201.6",""
"SURVEY","2016","YEAR","","COUNTY","WISCONSIN","55","SOUTHEAST","90","KENOSHA","059","","","00000000","","CORN","CORN, GRAIN - YIELD, MEASURED IN BU / ACRE","TOTAL","NOT SPECIFIED","157.6",""
"SURVEY","2016","YEAR","","COUNTY","WISCONSIN","55","SOUTHEAST","90","MILWAUKEE","079","","","00000000","","CORN","CORN, GRAIN - YIELD, MEASURED IN BU / ACRE","TOTAL","NOT SPECIFIED","145",""
"SURVEY","2016","YEAR","","COUNTY","WISCONSIN","55","SOUTHEAST","90","OZAUKEE","089","","","00000000","","CORN","CORN, GRAIN - YIELD, MEASURED IN BU / ACRE","TOTAL","NOT SPECIFIED","174.7",""
"SURVEY","2016","YEAR","","COUNTY","WISCONSIN","55","SOUTHEAST","90","RACINE","101","","","00000000","","CORN","CORN, GRAIN - YIELD, MEASURED IN BU / ACRE","TOTAL","NOT SPECIFIED","184.6",""
"SURVEY","2016","YEAR","","COUNTY","WISCONSIN","55","SOUTHEAST","90","WALWORTH","127","","","00000000","","CORN","CORN, GRAIN - YIELD, MEASURED IN BU / ACRE","TOTAL","NOT SPECIFIED","182",""
"SURVEY","2016","YEAR","","COUNTY","WISCONSIN","55","SOUTHEAST","90","WASHINGTON","131","","","00000000","","CORN","CORN, GRAIN - YIELD, MEASURED IN BU / ACRE","TOTAL","NOT SPECIFIED","178.8",""
"SURVEY","2016","YEAR","","COUNTY","WISCONSIN","55","SOUTHEAST","90","WAUKESHA","133","","","00000000","","CORN","CORN, GRAIN - YIELD, MEASURED IN BU / ACRE","TOTAL","NOT SPECIFIED","180",""
"SURVEY","2016","YEAR","","COUNTY","WISCONSIN","55","SOUTHWEST","70","CRAWFORD","023","","","00000000","","CORN","CORN, GRAIN - YIELD, MEASURED IN BU / ACRE","TOTAL","NOT SPECIFIED","168.1",""
"SURVEY","2016","YEAR","","COUNTY","WISCONSIN","55","SOUTHWEST","70","GRANT","043","","","00000000","","CORN","CORN, GRAIN - YIELD, MEASURED IN BU / ACRE","TOTAL","NOT SPECIFIED","202.4",""
"SURVEY","2016","YEAR","","COUNTY","WISCONSIN","55","SOUTHWEST","70","IOWA","049","","","00000000","","CORN","CORN, GRAIN - YIELD, MEASURED IN BU / ACRE","TOTAL","NOT SPECIFIED","187.2",""
"SURVEY","2016","YEAR","","COUNTY","WISCONSIN","55","SOUTHWEST","70","LAFAYETTE","065","","","00000000","","CORN","CORN, GRAIN - YIELD, MEASURED IN BU / ACRE","TOTAL","NOT SPECIFIED","203",""
"SURVEY","2016","YEAR","","COUNTY","WISCONSIN","55","SOUTHWEST","70","RICHLAND","103","","","00000000","","CORN","CORN, GRAIN - YIELD, MEASURED IN BU / ACRE","TOTAL","NOT SPECIFIED","159.4",""
"SURVEY","2016","YEAR","","COUNTY","WISCONSIN","55","SOUTHWEST","70","SAUK","111","","","00000000","","CORN","CORN, GRAIN - YIELD, MEASURED IN BU / ACRE","TOTAL","NOT SPECIFIED","181.8",""
"SURVEY","2016","YEAR","","COUNTY","WISCONSIN","55","SOUTHWEST","70","VERNON","123","","","00000000","","CORN","CORN, GRAIN - YIELD, MEASURED IN BU / ACRE","TOTAL","NOT SPECIFIED","174.8",""
"SURVEY","2016","YEAR","","COUNTY","WISCONSIN","55","WEST CENTRAL","40","BUFFALO","011","","","00000000","","CORN","CORN, GRAIN - YIELD, MEASURED IN BU / ACRE","TOTAL","NOT SPECIFIED","169.5",""
"SURVEY","2016","YEAR","","COUNTY","WISCONSIN","55","WEST CENTRAL","40","DUNN","033","","","00000000","","CORN","CORN, GRAIN - YIELD, MEASURED IN BU / ACRE","TOTAL","NOT SPECIFIED","169.3",""
"SURVEY","2016","YEAR","","COUNTY","WISCONSIN","55","WEST CENTRAL","40","EAU CLAIRE","035","","","00000000","","CORN","CORN, GRAIN - YIELD, MEASURED IN BU / ACRE","TOTAL","NOT SPECIFIED","162",""
"SURVEY","2016","YEAR","","COUNTY","WISCONSIN","55","WEST CENTRAL","40","JACKSON","053","","","00000000","","CORN","CORN, GRAIN - YIELD, MEASURED IN BU / ACRE","TOTAL","NOT SPECIFIED","175.1",""
"SURVEY","2016","YEAR","","COUNTY","WISCONSIN","55","WEST CENTRAL","40","LA CROSSE","063","","","00000000","","CORN","CORN, GRAIN - YIELD, MEASURED IN BU / ACRE","TOTAL","NOT SPECIFIED","172",""
"SURVEY","2016","YEAR","","COUNTY","WISCONSIN","55","WEST CENTRAL","40","MONROE","081","","","00000000","","CORN","CORN, GRAIN - YIELD, MEASURED IN BU / ACRE","TOTAL","NOT SPECIFIED","162.4",""
"SURVEY","2016","YEAR","","COUNTY","WISCONSIN","55","WEST CENTRAL","40","PEPIN","091","","","00000000","","CORN","CORN, GRAIN - YIELD, MEASURED IN BU / ACRE","TOTAL","NOT SPECIFIED","170.3",""
"SURVEY","2016","YEAR","","COUNTY","WISCONSIN","55","WEST CENTRAL","40","PIERCE","093","","","00000000","","CORN","CORN, GRAIN - YIELD, MEASURED IN BU / ACRE","TOTAL","NOT SPECIFIED","189.2",""
"SURVEY","2016","YEAR","","COUNTY","WISCONSIN","55","WEST CENTRAL","40","ST CROIX","109","","","00000000","","CORN","CORN, GRAIN - YIELD, MEASURED IN BU / ACRE","TOTAL","NOT SPECIFIED","178.9",""
"SURVEY","2016","YEAR","","COUNTY","WISCONSIN","55","WEST CENTRAL","40","TREMPEALEAU","121","","","00000000","","CORN","CORN, GRAIN - YIELD, MEASURED IN BU / ACRE","TOTAL","NOT SPECIFIED","170",""
"SURVEY","2015","YEAR","","COUNTY","COLORADO","08","EAST CENTRAL","60","ADAMS","001","","","00000000","","CORN","CORN, GRAIN - YIELD, MEASURED IN BU / ACRE","TOTAL","NOT SPECIFIED","112.5",""
"SURVEY","2015","YEAR","","COUNTY","COLORADO","08","EAST CENTRAL","60","CHEYENNE","017","","","00000000","","CORN","CORN, GRAIN - YIELD, MEASURED IN BU / ACRE","TOTAL","NOT SPECIFIED","101.3",""
"SURVEY","2015","YEAR","","COUNTY","COLORADO","08","EAST CENTRAL","60","ELBERT","039","","","00000000","","CORN","CORN, GRAIN - YIELD, MEASURED IN BU / ACRE","TOTAL","NOT SPECIFIED","75",""
"SURVEY","2015","YEAR","","COUNTY","COLORADO","08","EAST CENTRAL","60","KIOWA","061","","","00000000","","CORN","CORN, GRAIN - YIELD, MEASURED IN BU / ACRE","TOTAL","NOT SPECIFIED","77.3",""
"SURVEY","2015","YEAR","","COUNTY","COLORADO","08","EAST CENTRAL","60","KIT CARSON","063","","","00000000","","CORN","CORN, GRAIN - YIELD, MEASURED IN BU / ACRE","TOTAL","NOT SPECIFIED","121.7",""
"SURVEY","2015","YEAR","","COUNTY","COLORADO","08","EAST CENTRAL","60","LINCOLN","073","","","00000000","","CORN","CORN, GRAIN - YIELD, MEASURED IN BU / ACRE","TOTAL","NOT SPECIFIED","73.8",""
"SURVEY","2015","YEAR","","COUNTY","COLORADO","08","EAST CENTRAL","60","OTHER (COMBINED) COUNTIES","","","","00000000","","CORN","CORN, GRAIN - YIELD, MEASURED IN BU / ACRE","TOTAL","NOT SPECIFIED","95.7",""
"SURVEY","2015","YEAR","","COUNTY","COLORADO","08","EAST CENTRAL","60","PHILLIPS","095","","","00000000","","CORN","CORN, GRAIN - YIELD, MEASURED IN BU / ACRE","TOTAL","NOT SPECIFIED","148.5",""
"SURVEY","2015","YEAR","","COUNTY","COLORADO","08","EAST CENTRAL","60","YUMA","125","","","00000000","","CORN","CORN, GRAIN - YIELD, MEASURED IN BU / ACRE","TOTAL","NOT SPECIFIED","193.2",""
"SURVEY","2015","YEAR","","COUNTY","COLORADO","08","NORTHEAST","20","LARIMER","069","","","00000000","","CORN","CORN, GRAIN - YIELD, MEASURED IN BU / ACRE","TOTAL","NOT SPECIFIED","130",""
"SURVEY","2015","YEAR","","COUNTY","COLORADO","08","NORTHEAST","20","LOGAN","075","","","00000000","","CORN","CORN, GRAIN - YIELD, MEASURED IN BU / ACRE","TOTAL","NOT SPECIFIED","143.4",""
"SURVEY","2015","YEAR","","COUNTY","COLORADO","08","NORTHEAST","20","MORGAN","087","","","00000000","","CORN","CORN, GRAIN - YIELD, MEASURED IN BU / ACRE","TOTAL","NOT SPECIFIED","157.6",""
"SURVEY","2015","YEAR","","COUNTY","COLORADO","08","NORTHEAST","20","OTHER (COMBINED) COUNTIES","","","","00000000","","CORN","CORN, GRAIN - YIELD, MEASURED IN BU / ACRE","TOTAL","NOT SPECIFIED","182.5",""
"SURVEY","2015","YEAR","","COUNTY","COLORADO","08","NORTHEAST","20","SEDGWICK","115","","","00000000","","CORN","CORN, GRAIN - YIELD, MEASURED IN BU / ACRE","TOTAL","NOT SPECIFIED","135",""
"SURVEY","2015","YEAR","","COUNTY","COLORADO","08","NORTHEAST","20","WELD","123","","","00000000","","CORN","CORN, GRAIN - YIELD, MEASURED IN BU / ACRE","TOTAL","NOT SPECIFIED","175.8",""
"SURVEY","2015","YEAR","","COUNTY","COLORADO","08","SOUTHWEST","70","DELTA","029","","","00000000","","CORN","CORN, GRAIN - YIELD, MEASURED IN BU / ACRE","TOTAL","NOT SPECIFIED","192.4",""
"SURVEY","2015","YEAR","","COUNTY","COLORADO","08","SOUTHWEST","70","MONTEZUMA","083","","","00000000","","CORN","CORN, GRAIN - YIELD, MEASURED IN BU / ACRE","TOTAL","NOT SPECIFIED","150",""
"SURVEY","2015","YEAR","","COUNTY","COLORADO","08","SOUTHWEST","70","OTHER (COMBINED) COUNTIES","","","","00000000","","CORN","CORN, GRAIN - YIELD, MEASURED IN BU / ACRE","TOTAL","NOT SPECIFIED","173.7",""
"SURVEY","2015","YEAR","","COUNTY","MISSOURI","29","CENTRAL","50","BOONE","019","","","00000000","","CORN","CORN, GRAIN - YIELD, MEASURED IN BU / ACRE","TOTAL","NOT SPECIFIED","125",""
"SURVEY","2015","YEAR","","COUNTY","MISSOURI","29","CENTRAL","50","COLE","051","","","00000000","","CORN","CORN, GRAIN - YIELD, MEASURED IN BU / ACRE","TOTAL","NOT SPECIFIED","123.1",""
"SURVEY","2015","YEAR","","COUNTY","MISSOURI","29","CENTRAL","50","LACLEDE","105","","","00000000","","CORN","CORN, GRAIN - YIELD, MEASURED IN BU / ACRE","TOTAL","NOT SPECIFIED","100",""
"SURVEY","2015","YEAR","","COUNTY","MISSOURI","29","CENTRAL","50","MILLER","131","","","00000000","","CORN","CORN, GRAIN - YIELD, MEASURED IN BU / ACRE","TOTAL","NOT SPECIFIED","95.8",""
"SURVEY","2015","YEAR","","COUNTY","MISSOURI","29","CENTRAL","50","MORGAN","141","","","00000000","","CORN","CORN, GRAIN - YIELD, MEASURED IN BU / ACRE","TOTAL","NOT SPECIFIED","136.9",""
"SURVEY","2015","YEAR","","COUNTY","MISSOURI","29","CENTRAL","50","OSAGE","151","","","00000000","","CORN","CORN, GRAIN - YIELD, MEASURED IN BU / ACRE","TOTAL","NOT SPECIFIED","135.1",""
"SURVEY","2015","YEAR","","COUNTY","MISSOURI","29","CENTRAL","50","OTHER (COMBINED) COUNTIES","","","","00000000","","CORN","CORN, GRAIN - YIELD, MEASURED IN BU / ACRE","TOTAL","NOT SPECIFIED","129.6",""
"SURVEY","2015","YEAR","","COUNTY","MISSOURI","29","CENTRAL","50","PETTIS","159","","","00000000","","CORN","CORN, GRAIN - YIELD, MEASURED IN BU / ACRE","TOTAL","NOT SPECIFIED","107.5",""
"SURVEY","2015","YEAR","","COUNTY","MISSOURI","29","CENTRAL","50","POLK","167","","","00000000","","CORN","CORN, GRAIN - YIELD, MEASURED IN BU / ACRE","TOTAL","NOT SPECIFIED","112.9",""
"SURVEY","2015","YEAR","","COUNTY","MISSOURI","29","CENTRAL","50","SALINE","195","","","00000000","","CORN","CORN, GRAIN - YIELD, MEASURED IN BU / ACRE","TOTAL","NOT SPECIFIED","163.5",""
"SURVEY","2015","YEAR","","COUNTY","MISSOURI","29","EAST","60","FRANKLIN","071","","","00000000","","CORN","CORN, GRAIN - YIELD, MEASURED IN BU / ACRE","TOTAL","NOT SPECIFIED","138.6",""
"SURVEY","2015","YEAR","","COUNTY","MISSOURI","29","EAST","60","GASCONADE","073","","","00000000","","CORN","CORN, GRAIN - YIELD, MEASURED IN BU / ACRE","TOTAL","NOT SPECIFIED","87.7",""
"SURVEY","2015","YEAR","","COUNTY","MISSOURI","29","EAST","60","JEFFERSON","099","","","00000000","","CORN","CORN, GRAIN - YIELD, MEASURED IN BU / ACRE","TOTAL","NOT SPECIFIED","135",""
"SURVEY","2015","YEAR","","COUNTY","MISSOURI","29","EAST","60","OTHER (COMBINED) COUNTIES","","","","00000000","","CORN","CORN, GRAIN - YIELD, MEASURED IN BU / ACRE","TOTAL","NOT SPECIFIED","112.7",""
"SURVEY","2015","YEAR","","COUNTY","MISSOURI","29","EAST","60","PERRY","157","","","00000000","","CORN","CORN, GRAIN - YIELD, MEASURED IN BU / ACRE","TOTAL","NOT SPECIFIED","160.9",""
"SURVEY","2015","YEAR","","COUNTY","MISSOURI","29","EAST","60","ST CHARLES","183","","","00000000","","CORN","CORN, GRAIN - YIELD, MEASURED IN BU / ACRE","TOTAL","NOT SPECIFIED","142.2",""
"SURVEY","2015","YEAR","","COUNTY","MISSOURI","29","EAST","60","ST FRANCOIS","187","","","00000000","","CORN","CORN, GRAIN - YIELD, MEASURED IN BU / ACRE","TOTAL","NOT SPECIFIED","140",""
"SURVEY","2015","YEAR","","COUNTY","MISSOURI","29","EAST","60","ST LOUIS","189","","","00000000","","CORN","CORN, GRAIN - YIELD, MEASURED IN BU / ACRE","TOTAL","NOT SPECIFIED","150.7",""
"SURVEY","2015","YEAR","","COUNTY","MISSOURI","29","EAST","60","STE GENEVIEVE","186","","","00000000","","CORN","CORN, GRAIN - YIELD, MEASURED IN BU / ACRE","TOTAL","NOT SPECIFIED","147.2",""
"SURVEY","2015","YEAR","","COUNTY","MISSOURI","29","NORTH CENTRAL","20","ADAIR","001","","","00000000","","CORN","CORN, GRAIN - YIELD, MEASURED IN BU / ACRE","TOTAL","NOT SPECIFIED","128.5",""
"SURVEY","2015","YEAR","","COUNTY","MISSOURI","29","NORTH CENTRAL","20","CARROLL","033","","","00000000","","CORN","CORN, GRAIN - YIELD, MEASURED IN BU / ACRE","TOTAL","NOT SPECIFIED","132.7",""
"SURVEY","2015","YEAR","","COUNTY","MISSOURI","29","NORTH CENTRAL","20","CHARITON","041","","","00000000","","CORN","CORN, GRAIN - YIELD, MEASURED IN BU / ACRE","TOTAL","NOT SPECIFIED","139.5",""
"SURVEY","2015","YEAR","","COUNTY","MISSOURI","29","NORTH CENTRAL","20","LIVINGSTON","117","","","00000000","","CORN","CORN, GRAIN - YIELD, MEASURED IN BU / ACRE","TOTAL","NOT SPECIFIED","140.3",""
"SURVEY","2015","YEAR","","COUNTY","MISSOURI","29","NORTH CENTRAL","20","OTHER (COMBINED) COUNTIES","","","","00000000","","CORN","CORN, GRAIN - YIELD, MEASURED IN BU / ACRE","TOTAL","NOT SPECIFIED","145.6",""
"SURVEY","2015","YEAR","","COUNTY","MISSOURI","29","NORTH CENTRAL","20","PUTNAM","171","","","00000000","","CORN","CORN, GRAIN - YIELD, MEASURED IN BU / ACRE","TOTAL","NOT SPECIFIED","141.4",""
"SURVEY","2015","YEAR","","COUNTY","MISSOURI","29","NORTH CENTRAL","20","RANDOLPH","175","","","00000000","","CORN","CORN, GRAIN - YIELD, MEASURED IN BU / ACRE","TOTAL","NOT SPECIFIED","148.5",""
"SURVEY","2015","YEAR","","COUNTY","MISSOURI","29","NORTH CENTRAL","20","SULLIVAN","211","","","00000000","","CORN","CORN, GRAIN - YIELD, MEASURED IN BU / ACRE","TOTAL","NOT SPECIFIED","120.9",""
"SURVEY","2015","YEAR","","COUNTY","MISSOURI","29","NORTHEAST","30","AUDRAIN","007","","","00000000","","CORN","CORN, GRAIN - YIELD, MEASURED IN BU / ACRE","TOTAL","NOT SPECIFIED","109.4",""
"SURVEY","2015","YEAR","","COUNTY","MISSOURI","29","NORTHEAST","30","LEWIS","111","","","00000000","","CORN","CORN, GRAIN - YIELD, MEASURED IN BU / ACRE","TOTAL","NOT SPECIFIED","118.5",""
"SURVEY","2015","YEAR","","COUNTY","MISSOURI","29","NORTHEAST","30","MONROE","137","","","00000000","","CORN","CORN, GRAIN - YIELD, MEASURED IN BU / ACRE","TOTAL","NOT SPECIFIED","140.5",""
"SURVEY","2015","YEAR","","COUNTY","MISSOURI","29","NORTHEAST","30","OTHER (COMBINED) COUNTIES","","","","00000000","","CORN","CORN, GRAIN - YIELD, MEASURED IN BU / ACRE","TOTAL","NOT SPECIFIED","134.2",""
"SURVEY","2015","YEAR","","COUNTY","MISSOURI","29","NORTHEAST","30","PIKE","163","","","00000000","","CORN","CORN, GRAIN - YIELD, MEASURED IN BU / ACRE","TOTAL","NOT SPECIFIED","96.3",""
"SURVEY","2015","YEAR","","COUNTY","MISSOURI","29","NORTHEAST","30","RALLS","173","","","00000000","","CORN","CORN, GRAIN - YIELD, MEASURED IN BU / ACRE","TOTAL","NOT SPECIFIED","111.4",""
"SURVEY","2015","YEAR","","COUNTY","MISSOURI","29","NORTHWEST","10","BUCHANAN","021","","","00000000","","CORN","CORN, GRAIN - YIELD, MEASURED IN BU / ACRE","TOTAL","NOT SPECIFIED","141.2",""
"SURVEY","2015","YEAR","","COUNTY","MISSOURI","29","NORTHWEST","10","CALDWELL","025","","","00000000","","CORN","CORN, GRAIN - YIELD, MEASURED IN BU / ACRE","TOTAL","NOT SPECIFIED","132.8",""
"SURVEY","2015","YEAR","","COUNTY","MISSOURI","29","NORTHWEST","10","CLAY","047","","","00000000","","CORN","CORN, GRAIN - YIELD, MEASURED IN BU / ACRE","TOTAL","NOT SPECIFIED","122.5",""
"SURVEY","2015","YEAR","","COUNTY","MISSOURI","29","NORTHWEST","10","CLINTON","049","","","00000000","","CORN","CORN, GRAIN - YIELD, MEASURED IN BU / ACRE","TOTAL","NOT SPECIFIED","127.1",""
"SURVEY","2015","YEAR","","COUNTY","MISSOURI","29","NORTHWEST","10","NODAWAY","147","","","00000000","","CORN","CORN, GRAIN - YIELD, MEASURED IN BU / ACRE","TOTAL","NOT SPECIFIED","137.5",""
"SURVEY","2015","YEAR","","COUNTY","MISSOURI","29","NORTHWEST","10","OTHER (COMBINED) COUNTIES","","","","00000000","","CORN","CORN, GRAIN - YIELD, MEASURED IN BU / ACRE","TOTAL","NOT SPECIFIED","154.4",""
"SURVEY","2015","YEAR","","COUNTY","MISSOURI","29","NORTHWEST","10","PLATTE","165","","","00000000","","CORN","CORN, GRAIN - YIELD, MEASURED IN BU / ACRE","TOTAL","NOT SPECIFIED","135.7",""
"SURVEY","2015","YEAR","","COUNTY","MISSOURI","29","NORTHWEST","10","WORTH","227","","","00000000","","CORN","CORN, GRAIN - YIELD, MEASURED IN BU / ACRE","TOTAL","NOT SPECIFIED","126.2",""
"SURVEY","2015","YEAR","","COUNTY","MISSOURI","29","SOUTH CENTRAL","80","BOLLINGER","017","","","00000000","","CORN","CORN, GRAIN - YIELD, MEASURED IN BU / ACRE","TOTAL","NOT SPECIFIED","146.2",""
"SURVEY","2015","YEAR","","COUNTY","MISSOURI","29","SOUTH CENTRAL","80","OTHER (COMBINED) COUNTIES","","","","00000000","","CORN","CORN, GRAIN - YIELD, MEASURED IN BU / ACRE","TOTAL","NOT SPECIFIED","145.2",""
"SURVEY","2015","YEAR","","COUNTY","MISSOURI","29","SOUTH CENTRAL","80","WAYNE","223","","","00000000","","CORN","CORN, GRAIN - YIELD, MEASURED IN BU / ACRE","TOTAL","NOT SPECIFIED","120",""
"SURVEY","2015","YEAR","","COUNTY","MISSOURI","29","SOUTH CENTRAL","80","WEBSTER","225","","","00000000","","CORN","CORN, GRAIN - YIELD, MEASURED IN BU / ACRE","TOTAL","NOT SPECIFIED","106.9",""
"SURVEY","2015","YEAR","","COUNTY","MISSOURI","29","SOUTHEAST","90","CAPE GIRARDEAU","031","","","00000000","","CORN","CORN, GRAIN - YIELD, MEASURED IN BU / ACRE","TOTAL","NOT SPECIFIED","158.7",""
"SURVEY","2015","YEAR","","COUNTY","MISSOURI","29","SOUTHEAST","90","DUNKLIN","069","","","00000000","","CORN","CORN, GRAIN - YIELD, MEASURED IN BU / ACRE","TOTAL","NOT SPECIFIED","179",""
"SURVEY","2015","YEAR","","COUNTY","MISSOURI","29","SOUTHEAST","90","MISSISSIPPI","133","","","00000000","","CORN","CORN, GRAIN - YIELD, MEASURED IN BU / ACRE","TOTAL","NOT SPECIFIED","194.8",""
"SURVEY","2015","YEAR","","COUNTY","MISSOURI","29","SOUTHEAST","90","OTHER (COMBINED) COUNTIES","","","","00000000","","CORN","CORN, GRAIN - YIELD, MEASURED IN BU / ACRE","TOTAL","NOT SPECIFIED","185",""
"SURVEY","2015","YEAR","","COUNTY","MISSOURI","29","SOUTHEAST","90","SCOTT","201","","","00000000","","CORN","CORN, GRAIN - YIELD, MEASURED IN BU / ACRE","TOTAL","NOT SPECIFIED","177.3",""
"SURVEY","2015","YEAR","","COUNTY","MISSOURI","29","SOUTHWEST","70","BARRY","009","","","00000000","","CORN","CORN, GRAIN - YIELD, MEASURED IN BU / ACRE","TOTAL","NOT SPECIFIED","140.4",""
"SURVEY","2015","YEAR","","COUNTY","MISSOURI","29","SOUTHWEST","70","BARTON","011","","","00000000","","CORN","CORN, GRAIN - YIELD, MEASURED IN BU / ACRE","TOTAL","NOT SPECIFIED","148.7",""
"SURVEY","2015","YEAR","","COUNTY","MISSOURI","29","SOUTHWEST","70","DADE","057","","","00000000","","CORN","CORN, GRAIN - YIELD, MEASURED IN BU / ACRE","TOTAL","NOT SPECIFIED","118.5",""
"SURVEY","2015","YEAR","","COUNTY","MISSOURI","29","SOUTHWEST","70","GREENE","077","","","00000000","","CORN","CORN, GRAIN - YIELD, MEASURED IN BU / ACRE","TOTAL","NOT SPECIFIED","138.6",""
"SURVEY","2015","YEAR","","COUNTY","MISSOURI","29","SOUTHWEST","70","JASPER","097","","","00000000","","CORN","CORN, GRAIN - YIELD, MEASURED IN BU / ACRE","TOTAL","NOT SPECIFIED","130.8",""
"SURVEY","2015","YEAR","","COUNTY","MISSOURI","29","SOUTHWEST","70","LAWRENCE","109","","","00000000","","CORN","CORN, GRAIN - YIELD, MEASURED IN BU / ACRE","TOTAL","NOT SPECIFIED","142.9",""
"SURVEY","2015","YEAR","","COUNTY","MISSOURI","29","SOUTHWEST","70","OTHER (COMBINED) COUNTIES","","","","00000000","","CORN","CORN, GRAIN - YIELD, MEASURED IN BU / ACRE","TOTAL","NOT SPECIFIED","129",""
"SURVEY","2015","YEAR","","COUNTY","MISSOURI","29","WEST","40","CASS","037","","","00000000","","CORN","CORN, GRAIN - YIELD, MEASURED IN BU / ACRE","TOTAL","NOT SPECIFIED","140.7",""
"SURVEY","2015","YEAR","","COUNTY","MISSOURI","29","WEST","40","CEDAR","039","","","00000000","","CORN","CORN, GRAIN - YIELD, MEASURED IN BU / ACRE","TOTAL","NOT SPECIFIED","98.2",""
"SURVEY","2015","YEAR","","COUNTY","MISSOURI","29","WEST","40","JOHNSON","101","","","00000000","","CORN","CORN, GRAIN - YIELD, MEASURED IN BU / ACRE","TOTAL","NOT SPECIFIED","138.2",""
"SURVEY","2015","YEAR","","COUNTY","MISSOURI","29","WEST","40","LAFAYETTE","107","","","00000000","","CORN","CORN, GRAIN - YIELD, MEASURED IN BU / ACRE","TOTAL","NOT SPECIFIED","156.4",""
"SURVEY","2015","YEAR","","COUNTY","MISSOURI","29","WEST","40","OTHER (COMBINED) COUNTIES","","","","00000000","","CORN","CORN, GRAIN - YIELD, MEASURED IN BU / ACRE","TOTAL","NOT SPECIFIED","132.4",""
"SURVEY","2015","YEAR","","COUNTY","MISSOURI","29","WEST","40","VERNON","217","","","00000000","","CORN","CORN, GRAIN - YIELD, MEASURED IN BU / ACRE","TOTAL","NOT SPECIFIED","122.5",""
"SURVEY","2015","YEAR","","COUNTY","WISCONSIN","55","CENTRAL","50","ADAMS","001","","","00000000","","CORN","CORN, GRAIN - YIELD, MEASURED IN BU / ACRE","TOTAL","NOT SPECIFIED","130.3",""
"SURVEY","2015","YEAR","","COUNTY","WISCONSIN","55","CENTRAL","50","GREEN LAKE","047","","","00000000","","CORN","CORN, GRAIN - YIELD, MEASURED IN BU / ACRE","TOTAL","NOT SPECIFIED","179.7",""
"SURVEY","2015","YEAR","","COUNTY","WISCONSIN","55","CENTRAL","50","JUNEAU","057","","","00000000","","CORN","CORN, GRAIN - YIELD, MEASURED IN BU / ACRE","TOTAL","NOT SPECIFIED","158.3",""
"SURVEY","2015","YEAR","","COUNTY","WISCONSIN","55","CENTRAL","50","MARQUETTE","077","","","00000000","","CORN","CORN, GRAIN - YIELD, MEASURED IN BU / ACRE","TOTAL","NOT SPECIFIED","128.4",""
"SURVEY","2015","YEAR","","COUNTY","WISCONSIN","55","CENTRAL","50","PORTAGE","097","","","00000000","","CORN","CORN, GRAIN - YIELD, MEASURED IN BU / ACRE","TOTAL","NOT SPECIFIED","149.4",""
"SURVEY","2015","YEAR","","COUNTY","WISCONSIN","55","CENTRAL","50","WAUPACA","135","","","00000000","","CORN","CORN, GRAIN - YIELD, MEASURED IN BU / ACRE","TOTAL","NOT SPECIFIED","153.2",""
"SURVEY","2015","YEAR","","COUNTY","WISCONSIN","55","CENTRAL","50","WAUSHARA","137","","","00000000","","CORN","CORN, GRAIN - YIELD, MEASURED IN BU / ACRE","TOTAL","NOT SPECIFIED","162.4",""
"SURVEY","2015","YEAR","","COUNTY","WISCONSIN","55","CENTRAL","50","WOOD","141","","","00000000","","CORN","CORN, GRAIN - YIELD, MEASURED IN BU / ACRE","TOTAL","NOT SPECIFIED","144",""
"SURVEY","2015","YEAR","","COUNTY","WISCONSIN","55","EAST CENTRAL","60","BROWN","009","","","00000000","","CORN","CORN, GRAIN - YIELD, MEASURED IN BU / ACRE","TOTAL","NOT SPECIFIED","156.5",""
"SURVEY","2015","YEAR","","COUNTY","WISCONSIN","55","EAST CENTRAL","60","CALUMET","015","","","00000000","","CORN","CORN, GRAIN - YIELD, MEASURED IN BU / ACRE","TOTAL","NOT SPECIFIED","164.8",""
"SURVEY","2015","YEAR","","COUNTY","WISCONSIN","55","EAST CENTRAL","60","FOND DU LAC","039","","","00000000","","CORN","CORN, GRAIN - YIELD, MEASURED IN BU / ACRE","TOTAL","NOT SPECIFIED","178.5",""
"SURVEY","2015","YEAR","","COUNTY","WISCONSIN","55","EAST CENTRAL","60","KEWAUNEE","061","","","00000000","","CORN","CORN, GRAIN - YIELD, MEASURED IN BU / ACRE","TOTAL","NOT SPECIFIED","157.3",""
"SURVEY","2015","YEAR","","COUNTY","WISCONSIN","55","EAST CENTRAL","60","MANITOWOC","071","","","00000000","","CORN","CORN, GRAIN - YIELD, MEASURED IN BU / ACRE","TOTAL","NOT SPECIFIED","160.6",""
"SURVEY","2015","YEAR","","COUNTY","WISCONSIN","55","EAST CENTRAL","60","OTHER (COMBINED) COUNTIES","","","","00000000","","CORN","CORN, GRAIN - YIELD, MEASURED IN BU / ACRE","TOTAL","NOT SPECIFIED","142.5",""
"SURVEY","2015","YEAR","","COUNTY","WISCONSIN","55","EAST CENTRAL","60","OUTAGAMIE","087","","","00000000","","CORN","CORN, GRAIN - YIELD, MEASURED IN BU / ACRE","TOTAL","NOT SPECIFIED","157.7",""
"SURVEY","2015","YEAR","","COUNTY","WISCONSIN","55","EAST CENTRAL","60","SHEBOYGAN","117","","","00000000","","CORN","CORN, GRAIN - YIELD, MEASURED IN BU / ACRE","TOTAL","NOT SPECIFIED","158.3",""
"SURVEY","2015","YEAR","","COUNTY","WISCONSIN","55","NORTH CENTRAL","20","CLARK","019","","","00000000","","CORN","CORN, GRAIN - YIELD, MEASURED IN BU / ACRE","TOTAL","NOT SPECIFIED","140.5",""
"SURVEY","2015","YEAR","","COUNTY","WISCONSIN","55","NORTH CENTRAL","20","LINCOLN","069","","","00000000","","CORN","CORN, GRAIN - YIELD, MEASURED IN BU / ACRE","TOTAL","NOT SPECIFIED","134.2",""
"SURVEY","2015","YEAR","","COUNTY","WISCONSIN","55","NORTH CENTRAL","20","MARATHON","073","","","00000000","","CORN","CORN, GRAIN - YIELD, MEASURED IN BU / ACRE","TOTAL","NOT SPECIFIED","136.5",""
"SURVEY","2015","YEAR","","COUNTY","WISCONSIN","55","NORTH CENTRAL","20","OTHER (COMBINED) COUNTIES","","","","00000000","","CORN","CORN, GRAIN - YIELD, MEASURED IN BU / ACRE","TOTAL","NOT SPECIFIED","110.2",""
"SURVEY","2015","YEAR","","COUNTY","WISCONSIN","55","NORTH CENTRAL","20","TAYLOR","119","","","00000000","","CORN","CORN, GRAIN - YIELD, MEASURED IN BU / ACRE","TOTAL","NOT SPECIFIED","132.5",""
"SURVEY","2015","YEAR","","COUNTY","WISCONSIN","55","NORTHEAST","30","LANGLADE","067","","","00000000","","CORN","CORN, GRAIN - YIELD, MEASURED IN BU / ACRE","TOTAL","NOT SPECIFIED","132.5",""
"SURVEY","2015","YEAR","","COUNTY","WISCONSIN","55","NORTHEAST","30","MARINETTE","075","","","00000000","","CORN","CORN, GRAIN - YIELD, MEASURED IN BU / ACRE","TOTAL","NOT SPECIFIED","130.6",""
"SURVEY","2015","YEAR","","COUNTY","WISCONSIN","55","NORTHEAST","30","OCONTO","083","","","00000000","","CORN","CORN, GRAIN - YIELD, MEASURED IN BU / ACRE","TOTAL","NOT SPECIFIED","133.1",""
"SURVEY","2015","YEAR","","COUNTY","WISCONSIN","55","NORTHEAST","30","OTHER (COMBINED) COUNTIES","","","","00000000","","CORN","CORN, GRAIN - YIELD, MEASURED IN BU / ACRE","TOTAL","NOT SPECIFIED","107.1",""
"SURVEY","2015","YEAR","","COUNTY","WISCONSIN","55","NORTHEAST","30","SHAWANO","115","","","00000000","","CORN","CORN, GRAIN - YIELD, MEASURED IN BU / ACRE","TOTAL","NOT SPECIFIED","147.5",""
"SURVEY","2015","YEAR","","COUNTY","WISCONSIN","55","NORTHWEST","10","BARRON","005","","","00000000","","CORN","CORN, GRAIN - YIELD, MEASURED IN BU / ACRE","TOTAL","NOT SPECIFIED","151.3",""
"SURVEY","2015","YEAR","","COUNTY","WISCONSIN","55","NORTHWEST","10","BURNETT","013","","","00000000","","CORN","CORN, GRAIN - YIELD, MEASURED IN BU / ACRE","TOTAL","NOT SPECIFIED","140.3",""
"SURVEY","2015","YEAR","","COUNTY","WISCONSIN","55","NORTHWEST","10","CHIPPEWA","017","","","00000000","","CORN","CORN, GRAIN - YIELD, MEASURED IN BU / ACRE","TOTAL","NOT SPECIFIED","144.9",""
"SURVEY","2015","YEAR","","COUNTY","WISCONSIN","55","NORTHWEST","10","OTHER (COMBINED) COUNTIES","","","","00000000","","CORN","CORN, GRAIN - YIELD, MEASURED IN BU / ACRE","TOTAL","NOT SPECIFIED","117",""
"SURVEY","2015","YEAR","","COUNTY","WISCONSIN","55","NORTHWEST","10","POLK","095","","","00000000","","CORN","CORN, GRAIN - YIELD, MEASURED IN BU / ACRE","TOTAL","NOT SPECIFIED","156.2",""
"SURVEY","2015","YEAR","","COUNTY","WISCONSIN","55","NORTHWEST","10","RUSK","107","","","00000000","","CORN","CORN, GRAIN - YIELD, MEASURED IN BU / ACRE","TOTAL","NOT SPECIFIED","114.7",""
"SURVEY","2015","YEAR","","COUNTY","WISCONSIN","55","NORTHWEST","10","WASHBURN","129","","","00000000","","CORN","CORN, GRAIN - YIELD, MEASURED IN BU / ACRE","TOTAL","NOT SPECIFIED","158",""
"SURVEY","2015","YEAR","","COUNTY","WISCONSIN","55","SOUTH CENTRAL","80","COLUMBIA","021","","","00000000","","CORN","CORN, GRAIN - YIELD, MEASURED IN BU / ACRE","TOTAL","NOT SPECIFIED","179.8",""
"SURVEY","2015","YEAR","","COUNTY","WISCONSIN","55","SOUTH CENTRAL","80","DANE","025","","","00000000","","CORN","CORN, GRAIN - YIELD, MEASURED IN BU / ACRE","TOTAL","NOT SPECIFIED","183.7",""
"SURVEY","2015","YEAR","","COUNTY","WISCONSIN","55","SOUTH CENTRAL","80","DODGE","027","","","00000000","","CORN","CORN, GRAIN - YIELD, MEASURED IN BU / ACRE","TOTAL","NOT SPECIFIED","181.3",""
"SURVEY","2015","YEAR","","COUNTY","WISCONSIN","55","SOUTH CENTRAL","80","GREEN","045","","","00000000","","CORN","CORN, GRAIN - YIELD, MEASURED IN BU / ACRE","TOTAL","NOT SPECIFIED","170.8",""
"SURVEY","2015","YEAR","","COUNTY","WISCONSIN","55","SOUTH CENTRAL","80","JEFFERSON","055","","","00000000","","CORN","CORN, GRAIN - YIELD, MEASURED IN BU / ACRE","TOTAL","NOT SPECIFIED","170.1",""
"SURVEY","2015","YEAR","","COUNTY","WISCONSIN","55","SOUTH CENTRAL","80","ROCK","105","","","00000000","","CORN","CORN, GRAIN - YIELD, MEASURED IN BU / ACRE","TOTAL","NOT SPECIFIED","177.1",""
"SURVEY","2015","YEAR","","COUNTY","WISCONSIN","55","SOUTHEAST","90","KENOSHA","059","","","00000000","","CORN","CORN, GRAIN - YIELD, MEASURED IN BU / ACRE","TOTAL","NOT SPECIFIED","179.5",""
"SURVEY","2015","YEAR","","COUNTY","WISCONSIN","55","SOUTHEAST","90","OTHER (COMBINED) COUNTIES","","","","00000000","","CORN","CORN, GRAIN - YIELD, MEASURED IN BU / ACRE","TOTAL","NOT SPECIFIED","167.9",""
"SURVEY","2015","YEAR","","COUNTY","WISCONSIN","55","SOUTHEAST","90","RACINE","101","","","00000000","","CORN","CORN, GRAIN - YIELD, MEASURED IN BU / ACRE","TOTAL","NOT SPECIFIED","180.9",""
"SURVEY","2015","YEAR","","COUNTY","WISCONSIN","55","SOUTHEAST","90","WALWORTH","127","","","00000000","","CORN","CORN, GRAIN - YIELD, MEASURED IN BU / ACRE","TOTAL","NOT SPECIFIED","180.8",""
"SURVEY","2015","YEAR","","COUNTY","WISCONSIN","55","SOUTHEAST","90","WASHINGTON","131","","","00000000","","CORN","CORN, GRAIN - YIELD, MEASURED IN BU / ACRE","TOTAL","NOT SPECIFIED","169.4",""
"SURVEY","2015","YEAR","","COUNTY","WISCONSIN","55","SOUTHEAST","90","WAUKESHA","133","","","00000000","","CORN","CORN, GRAIN - YIELD, MEASURED IN BU / ACRE","TOTAL","NOT SPECIFIED","165.8",""
"SURVEY","2015","YEAR","","COUNTY","WISCONSIN","55","SOUTHWEST","70","CRAWFORD","023","","","00000000","","CORN","CORN, GRAIN - YIELD, MEASURED IN BU / ACRE","TOTAL","NOT SPECIFIED","146.5",""
"SURVEY","2015","YEAR","","COUNTY","WISCONSIN","55","SOUTHWEST","70","GRANT","043","","","00000000","","CORN","CORN, GRAIN - YIELD, MEASURED IN BU / ACRE","TOTAL","NOT SPECIFIED","178.9",""
"SURVEY","2015","YEAR","","COUNTY","WISCONSIN","55","SOUTHWEST","70","IOWA","049","","","00000000","","CORN","CORN, GRAIN - YIELD, MEASURED IN BU / ACRE","TOTAL","NOT SPECIFIED","160.3",""
"SURVEY","2015","YEAR","","COUNTY","WISCONSIN","55","SOUTHWEST","70","LAFAYETTE","065","","","00000000","","CORN","CORN, GRAIN - YIELD, MEASURED IN BU / ACRE","TOTAL","NOT SPECIFIED","194.2",""
"SURVEY","2015","YEAR","","COUNTY","WISCONSIN","55","SOUTHWEST","70","RICHLAND","103","","","00000000","","CORN","CORN, GRAIN - YIELD, MEASURED IN BU / ACRE","TOTAL","NOT SPECIFIED","143.1",""
"SURVEY","2015","YEAR","","COUNTY","WISCONSIN","55","SOUTHWEST","70","SAUK","111","","","00000000","","CORN","CORN, GRAIN - YIELD, MEASURED IN BU / ACRE","TOTAL","NOT SPECIFIED","165.3",""
"SURVEY","2015","YEAR","","COUNTY","WISCONSIN","55","SOUTHWEST","70","VERNON","123","","","00000000","","CORN","CORN, GRAIN - YIELD, MEASURED IN BU / ACRE","TOTAL","NOT SPECIFIED","152.6",""
"SURVEY","2015","YEAR","","COUNTY","WISCONSIN","55","WEST CENTRAL","40","BUFFALO","011","","","00000000","","CORN","CORN, GRAIN - YIELD, MEASURED IN BU / ACRE","TOTAL","NOT SPECIFIED","159.9",""
"SURVEY","2015","YEAR","","COUNTY","WISCONSIN","55","WEST CENTRAL","40","DUNN","033","","","00000000","","CORN","CORN, GRAIN - YIELD, MEASURED IN BU / ACRE","TOTAL","NOT SPECIFIED","160.2",""
"SURVEY","2015","YEAR","","COUNTY","WISCONSIN","55","WEST CENTRAL","40","EAU CLAIRE","035","","","00000000","","CORN","CORN, GRAIN - YIELD, MEASURED IN BU / ACRE","TOTAL","NOT SPECIFIED","158.1",""
"SURVEY","2015","YEAR","","COUNTY","WISCONSIN","55","WEST CENTRAL","40","JACKSON","053","","","00000000","","CORN","CORN, GRAIN - YIELD, MEASURED IN BU / ACRE","TOTAL","NOT SPECIFIED","146.2",""
"SURVEY","2015","YEAR","","COUNTY","WISCONSIN","55","WEST CENTRAL","40","LA CROSSE","063","","","00000000","","CORN","CORN, GRAIN - YIELD, MEASURED IN BU / ACRE","TOTAL","NOT SPECIFIED","160.4",""
"SURVEY","2015","YEAR","","COUNTY","WISCONSIN","55","WEST CENTRAL","40","MONROE","081","","","00000000","","CORN","CORN, GRAIN - YIELD, MEASURED IN BU / ACRE","TOTAL","NOT SPECIFIED","157.9",""
"SURVEY","2015","YEAR","","COUNTY","WISCONSIN","55","WEST CENTRAL","40","PEPIN","091","","","00000000","","CORN","CORN, GRAIN - YIELD, MEASURED IN BU / ACRE","TOTAL","NOT SPECIFIED","163.3",""
"SURVEY","2015","YEAR","","COUNTY","WISCONSIN","55","WEST CENTRAL","40","PIERCE","093","","","00000000","","CORN","CORN, GRAIN - YIELD, MEASURED IN BU / ACRE","TOTAL","NOT SPECIFIED","179.2",""
"SURVEY","2015","YEAR","","COUNTY","WISCONSIN","55","WEST CENTRAL","40","ST CROIX","109","","","00000000","","CORN","CORN, GRAIN - YIELD, MEASURED IN BU / ACRE","TOTAL","NOT SPECIFIED","170.6",""
"SURVEY","2015","YEAR","","COUNTY","WISCONSIN","55","WEST CENTRAL","40","TREMPEALEAU","121","","","00000000","","CORN","CORN, GRAIN - YIELD, MEASURED IN BU / ACRE","TOTAL","NOT SPECIFIED","157.7",""
"SURVEY","2014","YEAR","","COUNTY","COLORADO","08","EAST CENTRAL","60","ADAMS","001","","","00000000","","CORN","CORN, GRAIN - YIELD, MEASURED IN BU / ACRE","TOTAL","NOT SPECIFIED","125.4",""
"SURVEY","2014","YEAR","","COUNTY","COLORADO","08","EAST CENTRAL","60","CHEYENNE","017","","","00000000","","CORN","CORN, GRAIN - YIELD, MEASURED IN BU / ACRE","TOTAL","NOT SPECIFIED","102.6",""
"SURVEY","2014","YEAR","","COUNTY","COLORADO","08","EAST CENTRAL","60","KIT CARSON","063","","","00000000","","CORN","CORN, GRAIN - YIELD, MEASURED IN BU / ACRE","TOTAL","NOT SPECIFIED","102.6",""
"SURVEY","2014","YEAR","","COUNTY","COLORADO","08","EAST CENTRAL","60","LINCOLN","073","","","00000000","","CORN","CORN, GRAIN - YIELD, MEASURED IN BU / ACRE","TOTAL","NOT SPECIFIED","62.8",""
"SURVEY","2014","YEAR","","COUNTY","COLORADO","08","EAST CENTRAL","60","OTHER (COMBINED) COUNTIES","","","","00000000","","CORN","CORN, GRAIN - YIELD, MEASURED IN BU / ACRE","TOTAL","NOT SPECIFIED","53",""
"SURVEY","2014","YEAR","","COUNTY","COLORADO","08","EAST CENTRAL","60","PHILLIPS","095","","","00000000","","CORN","CORN, GRAIN - YIELD, MEASURED IN BU / ACRE","TOTAL","NOT SPECIFIED","154.6",""
"SURVEY","2014","YEAR","","COUNTY","COLORADO","08","EAST CENTRAL","60","WASHINGTON","121","","","00000000","","CORN","CORN, GRAIN - YIELD, MEASURED IN BU / ACRE","TOTAL","NOT SPECIFIED","108.6",""
"SURVEY","2014","YEAR","","COUNTY","COLORADO","08","EAST CENTRAL","60","YUMA","125","","","00000000","","CORN","CORN, GRAIN - YIELD, MEASURED IN BU / ACRE","TOTAL","NOT SPECIFIED","196.9",""
"SURVEY","2014","YEAR","","COUNTY","COLORADO","08","NORTHEAST","20","LARIMER","069","","","00000000","","CORN","CORN, GRAIN - YIELD, MEASURED IN BU / ACRE","TOTAL","NOT SPECIFIED","146.6",""
"SURVEY","2014","YEAR","","COUNTY","COLORADO","08","NORTHEAST","20","LOGAN","075","","","00000000","","CORN","CORN, GRAIN - YIELD, MEASURED IN BU / ACRE","TOTAL","NOT SPECIFIED","148.9",""
"SURVEY","2014","YEAR","","COUNTY","COLORADO","08","NORTHEAST","20","MORGAN","087","","","00000000","","CORN","CORN, GRAIN - YIELD, MEASURED IN BU / ACRE","TOTAL","NOT SPECIFIED","162.2",""
"SURVEY","2014","YEAR","","COUNTY","COLORADO","08","NORTHEAST","20","OTHER (COMBINED) COUNTIES","","","","00000000","","CORN","CORN, GRAIN - YIELD, MEASURED IN BU / ACRE","TOTAL","NOT SPECIFIED","114",""
"SURVEY","2014","YEAR","","COUNTY","COLORADO","08","NORTHEAST","20","SEDGWICK","115","","","00000000","","CORN","CORN, GRAIN - YIELD, MEASURED IN BU / ACRE","TOTAL","NOT SPECIFIED","149.8",""
"SURVEY","2014","YEAR","","COUNTY","COLORADO","08","NORTHEAST","20","WELD","123","","","00000000","","CORN","CORN, GRAIN - YIELD, MEASURED IN BU / ACRE","TOTAL","NOT SPECIFIED","169.5",""
"SURVEY","2014","YEAR","","COUNTY","COLORADO","08","SOUTHEAST","90","BENT","011","","","00000000","","CORN","CORN, GRAIN - YIELD, MEASURED IN BU / ACRE","TOTAL","NOT SPECIFIED","131.6",""
"SURVEY","2014","YEAR","","COUNTY","COLORADO","08","SOUTHEAST","90","OTERO","089","","","00000000","","CORN","CORN, GRAIN - YIELD, MEASURED IN BU / ACRE","TOTAL","NOT SPECIFIED","191.8",""
"SURVEY","2014","YEAR","","COUNTY","COLORADO","08","SOUTHEAST","90","OTHER (COMBINED) COUNTIES","","","","00000000","","CORN","CORN, GRAIN - YIELD, MEASURED IN BU / ACRE","TOTAL","NOT SPECIFIED","149.9",""
"SURVEY","2014","YEAR","","COUNTY","MISSOURI","29","CENTRAL","50","BOONE","019","","","00000000","","CORN","CORN, GRAIN - YIELD, MEASURED IN BU / ACRE","TOTAL","NOT SPECIFIED","187.8",""
"SURVEY","2014","YEAR","","COUNTY","MISSOURI","29","CENTRAL","50","CALLAWAY","027","","","00000000","","CORN","CORN, GRAIN - YIELD, MEASURED IN BU / ACRE","TOTAL","NOT SPECIFIED","183.9",""
"SURVEY","2014","YEAR","","COUNTY","MISSOURI","29","CENTRAL","50","COLE","051","","","00000000","","CORN","CORN, GRAIN - YIELD, MEASURED IN BU / ACRE","TOTAL","NOT SPECIFIED","178.3",""
"SURVEY","2014","YEAR","","COUNTY","MISSOURI","29","CENTRAL","50","DALLAS","059","","","00000000","","CORN","CORN, GRAIN - YIELD, MEASURED IN BU / ACRE","TOTAL","NOT SPECIFIED","145",""
"SURVEY","2014","YEAR","","COUNTY","MISSOURI","29","CENTRAL","50","HICKORY","085","","","00000000","","CORN","CORN, GRAIN - YIELD, MEASURED IN BU / ACRE","TOTAL","NOT SPECIFIED","167.3",""
"SURVEY","2014","YEAR","","COUNTY","MISSOURI","29","CENTRAL","50","LACLEDE","105","","","00000000","","CORN","CORN, GRAIN - YIELD, MEASURED IN BU / ACRE","TOTAL","NOT SPECIFIED","126.7",""
"SURVEY","2014","YEAR","","COUNTY","MISSOURI","29","CENTRAL","50","MARIES","125","","","00000000","","CORN","CORN, GRAIN - YIELD, MEASURED IN BU / ACRE","TOTAL","NOT SPECIFIED","166.3",""
"SURVEY","2014","YEAR","","COUNTY","MISSOURI","29","CENTRAL","50","MILLER","131","","","00000000","","CORN","CORN, GRAIN - YIELD, MEASURED IN BU / ACRE","TOTAL","NOT SPECIFIED","175.4",""
"SURVEY","2014","YEAR","","COUNTY","MISSOURI","29","CENTRAL","50","MORGAN","141","","","00000000","","CORN","CORN, GRAIN - YIELD, MEASURED IN BU / ACRE","TOTAL","NOT SPECIFIED","147.3",""
"SURVEY","2014","YEAR","","COUNTY","MISSOURI","29","CENTRAL","50","OSAGE","151","","","00000000","","CORN","CORN, GRAIN - YIELD, MEASURED IN BU / ACRE","TOTAL","NOT SPECIFIED","182.5",""
"SURVEY","2014","YEAR","","COUNTY","MISSOURI","29","CENTRAL","50","OTHER (COMBINED) COUNTIES","","","","00000000","","CORN","CORN, GRAIN - YIELD, MEASURED IN BU / ACRE","TOTAL","NOT SPECIFIED","189.4",""
"SURVEY","2014","YEAR","","COUNTY","MISSOURI","29","CENTRAL","50","PETTIS","159","","","00000000","","CORN","CORN, GRAIN - YIELD, MEASURED IN BU / ACRE","TOTAL","NOT SPECIFIED","187.5",""
"SURVEY","2014","YEAR","","COUNTY","MISSOURI","29","CENTRAL","50","POLK","167","","","00000000","","CORN","CORN, GRAIN - YIELD, MEASURED IN BU / ACRE","TOTAL","NOT SPECIFIED","167.8",""
"SURVEY","2014","YEAR","","COUNTY","MISSOURI","29","CENTRAL","50","SALINE","195","","","00000000","","CORN","CORN, GRAIN - YIELD, MEASURED IN BU / ACRE","TOTAL","NOT SPECIFIED","207.2",""
"SURVEY","2014","YEAR","","COUNTY","MISSOURI","29","EAST","60","FRANKLIN","071","","","00000000","","CORN","CORN, GRAIN - YIELD, MEASURED IN BU / ACRE","TOTAL","NOT SPECIFIED","173",""
"SURVEY","2014","YEAR","","COUNTY","MISSOURI","29","EAST","60","GASCONADE","073","","","00000000","","CORN","CORN, GRAIN - YIELD, MEASURED IN BU / ACRE","TOTAL","NOT SPECIFIED","159.7",""
"SURVEY","2014","YEAR","","COUNTY","MISSOURI","29","EAST","60","JEFFERSON","099","","","00000000","","CORN","CORN, GRAIN - YIELD, MEASURED IN BU / ACRE","TOTAL","NOT SPECIFIED","126.8",""
"SURVEY","2014","YEAR","","COUNTY","MISSOURI","29","EAST","60","OTHER (COMBINED) COUNTIES","","","","00000000","","CORN","CORN, GRAIN - YIELD, MEASURED IN BU / ACRE","TOTAL","NOT SPECIFIED","174.4",""
"SURVEY","2014","YEAR","","COUNTY","MISSOURI","29","EAST","60","PERRY","157","","","00000000","","CORN","CORN, GRAIN - YIELD, MEASURED IN BU / ACRE","TOTAL","NOT SPECIFIED","169.8",""
"SURVEY","2014","YEAR","","COUNTY","MISSOURI","29","EAST","60","ST CHARLES","183","","","00000000","","CORN","CORN, GRAIN - YIELD, MEASURED IN BU / ACRE","TOTAL","NOT SPECIFIED","179.3",""
"SURVEY","2014","YEAR","","COUNTY","MISSOURI","29","EAST","60","ST FRANCOIS","187","","","00000000","","CORN","CORN, GRAIN - YIELD, MEASURED IN BU / ACRE","TOTAL","NOT SPECIFIED","164.7",""
"SURVEY","2014","YEAR","","COUNTY","MISSOURI","29","EAST","60","ST LOUIS","189","","","00000000","","CORN","CORN, GRAIN - YIELD, MEASURED IN BU / ACRE","TOTAL","NOT SPECIFIED","183.7",""
"SURVEY","2014","YEAR","","COUNTY","MISSOURI","29","EAST","60","STE GENEVIEVE","186","","","00000000","","CORN","CORN, GRAIN - YIELD, MEASURED IN BU / ACRE","TOTAL","NOT SPECIFIED","191.5",""
"SURVEY","2014","YEAR","","COUNTY","MISSOURI","29","EAST","60","WARREN","219","","","00000000","","CORN","CORN, GRAIN - YIELD, MEASURED IN BU / ACRE","TOTAL","NOT SPECIFIED","187.6",""
"SURVEY","2014","YEAR","","COUNTY","MISSOURI","29","NORTH CENTRAL","20","ADAIR","001","","","00000000","","CORN","CORN, GRAIN - YIELD, MEASURED IN BU / ACRE","TOTAL","NOT SPECIFIED","179.5",""
"SURVEY","2014","YEAR","","COUNTY","MISSOURI","29","NORTH CENTRAL","20","CHARITON","041","","","00000000","","CORN","CORN, GRAIN - YIELD, MEASURED IN BU / ACRE","TOTAL","NOT SPECIFIED","187.8",""
"SURVEY","2014","YEAR","","COUNTY","MISSOURI","29","NORTH CENTRAL","20","OTHER (COMBINED) COUNTIES","","","","00000000","","CORN","CORN, GRAIN - YIELD, MEASURED IN BU / ACRE","TOTAL","NOT SPECIFIED","181.3",""
"SURVEY","2014","YEAR","","COUNTY","MISSOURI","29","NORTH CENTRAL","20","RANDOLPH","175","","","00000000","","CORN","CORN, GRAIN - YIELD, MEASURED IN BU / ACRE","TOTAL","NOT SPECIFIED","171.9",""
"SURVEY","2014","YEAR","","COUNTY","MISSOURI","29","NORTH CENTRAL","20","SULLIVAN","211","","","00000000","","CORN","CORN, GRAIN - YIELD, MEASURED IN BU / ACRE","TOTAL","NOT SPECIFIED","162.7",""
"SURVEY","2014","YEAR","","COUNTY","MISSOURI","29","NORTHEAST","30","AUDRAIN","007","","","00000000","","CORN","CORN, GRAIN - YIELD, MEASURED IN BU / ACRE","TOTAL","NOT SPECIFIED","185.5",""
"SURVEY","2014","YEAR","","COUNTY","MISSOURI","29","NORTHEAST","30","KNOX","103","","","00000000","","CORN","CORN, GRAIN - YIELD, MEASURED IN BU / ACRE","TOTAL","NOT SPECIFIED","194.5",""
"SURVEY","2014","YEAR","","COUNTY","MISSOURI","29","NORTHEAST","30","LEWIS","111","","","00000000","","CORN","CORN, GRAIN - YIELD, MEASURED IN BU / ACRE","TOTAL","NOT SPECIFIED","183",""
"SURVEY","2014","YEAR","","COUNTY","MISSOURI","29","NORTHEAST","30","MARION","127","","","00000000","","CORN","CORN, GRAIN - YIELD, MEASURED IN BU / ACRE","TOTAL","NOT SPECIFIED","181.4",""
"SURVEY","2014","YEAR","","COUNTY","MISSOURI","29","NORTHEAST","30","MONROE","137","","","00000000","","CORN","CORN, GRAIN - YIELD, MEASURED IN BU / ACRE","TOTAL","NOT SPECIFIED","187.2",""
"SURVEY","2014","YEAR","","COUNTY","MISSOURI","29","NORTHEAST","30","OTHER (COMBINED) COUNTIES","","","","00000000","","CORN","CORN, GRAIN - YIELD, MEASURED IN BU / ACRE","TOTAL","NOT SPECIFIED","196.8",""
"SURVEY","2014","YEAR","","COUNTY","MISSOURI","29","NORTHEAST","30","PIKE","163","","","00000000","","CORN","CORN, GRAIN - YIELD, MEASURED IN BU / ACRE","TOTAL","NOT SPECIFIED","192.9",""
"SURVEY","2014","YEAR","","COUNTY","MISSOURI","29","NORTHEAST","30","SCOTLAND","199","","","00000000","","CORN","CORN, GRAIN - YIELD, MEASURED IN BU / ACRE","TOTAL","NOT SPECIFIED","179.6",""
"SURVEY","2014","YEAR","","COUNTY","MISSOURI","29","NORTHEAST","30","SHELBY","205","","","00000000","","CORN","CORN, GRAIN - YIELD, MEASURED IN BU / ACRE","TOTAL","NOT SPECIFIED","184",""
"SURVEY","2014","YEAR","","COUNTY","MISSOURI","29","NORTHWEST","10","ANDREW","003","","","00000000","","CORN","CORN, GRAIN - YIELD, MEASURED IN BU / ACRE","TOTAL","NOT SPECIFIED","171.9",""
"SURVEY","2014","YEAR","","COUNTY","MISSOURI","29","NORTHWEST","10","ATCHISON","005","","","00000000","","CORN","CORN, GRAIN - YIELD, MEASURED IN BU / ACRE","TOTAL","NOT SPECIFIED","192.2",""
"SURVEY","2014","YEAR","","COUNTY","MISSOURI","29","NORTHWEST","10","CALDWELL","025","","","00000000","","CORN","CORN, GRAIN - YIELD, MEASURED IN BU / ACRE","TOTAL","NOT SPECIFIED","184.7",""
"SURVEY","2014","YEAR","","COUNTY","MISSOURI","29","NORTHWEST","10","CLAY","047","","","00000000","","CORN","CORN, GRAIN - YIELD, MEASURED IN BU / ACRE","TOTAL","NOT SPECIFIED","182.8",""
"SURVEY","2014","YEAR","","COUNTY","MISSOURI","29","NORTHWEST","10","CLINTON","049","","","00000000","","CORN","CORN, GRAIN - YIELD, MEASURED IN BU / ACRE","TOTAL","NOT SPECIFIED","183.6",""
"SURVEY","2014","YEAR","","COUNTY","MISSOURI","29","NORTHWEST","10","DAVIESS","061","","","00000000","","CORN","CORN, GRAIN - YIELD, MEASURED IN BU / ACRE","TOTAL","NOT SPECIFIED","176.9",""
"SURVEY","2014","YEAR","","COUNTY","MISSOURI","29","NORTHWEST","10","HOLT","087","","","00000000","","CORN","CORN, GRAIN - YIELD, MEASURED IN BU / ACRE","TOTAL","NOT SPECIFIED","201",""
"SURVEY","2014","YEAR","","COUNTY","MISSOURI","29","NORTHWEST","10","NODAWAY","147","","","00000000","","CORN","CORN, GRAIN - YIELD, MEASURED IN BU / ACRE","TOTAL","NOT SPECIFIED","194.3",""
"SURVEY","2014","YEAR","","COUNTY","MISSOURI","29","NORTHWEST","10","OTHER (COMBINED) COUNTIES","","","","00000000","","CORN","CORN, GRAIN - YIELD, MEASURED IN BU / ACRE","TOTAL","NOT SPECIFIED","182.1",""
"SURVEY","2014","YEAR","","COUNTY","MISSOURI","29","NORTHWEST","10","RAY","177","","","00000000","","CORN","CORN, GRAIN - YIELD, MEASURED IN BU / ACRE","TOTAL","NOT SPECIFIED","191.3",""
"SURVEY","2014","YEAR","","COUNTY","MISSOURI","29","NORTHWEST","10","WORTH","227","","","00000000","","CORN","CORN, GRAIN - YIELD, MEASURED IN BU / ACRE","TOTAL","NOT SPECIFIED","190.4",""
"SURVEY","2014","YEAR","","COUNTY","MISSOURI","29","SOUTH CENTRAL","80","HOWELL","091","","","00000000","","CORN","CORN, GRAIN - YIELD, MEASURED IN BU / ACRE","TOTAL","NOT SPECIFIED","170.9",""
"SURVEY","2014","YEAR","","COUNTY","MISSOURI","29","SOUTH CENTRAL","80","OTHER (COMBINED) COUNTIES","","","","00000000","","CORN","CORN, GRAIN - YIELD, MEASURED IN BU / ACRE","TOTAL","NOT SPECIFIED","164",""
"SURVEY","2014","YEAR","","COUNTY","MISSOURI","29","SOUTH CENTRAL","80","WEBSTER","225","","","00000000","","CORN","CORN, GRAIN - YIELD, MEASURED IN BU / ACRE","TOTAL","NOT SPECIFIED","122.2",""
"SURVEY","2014","YEAR","","COUNTY","MISSOURI","29","SOUTHEAST","90","BUTLER","023","","","00000000","","CORN","CORN, GRAIN - YIELD, MEASURED IN BU / ACRE","TOTAL","NOT SPECIFIED","174.2",""
"SURVEY","2014","YEAR","","COUNTY","MISSOURI","29","SOUTHEAST","90","CAPE GIRARDEAU","031","","","00000000","","CORN","CORN, GRAIN - YIELD, MEASURED IN BU / ACRE","TOTAL","NOT SPECIFIED","157.6",""
"SURVEY","2014","YEAR","","COUNTY","MISSOURI","29","SOUTHEAST","90","MISSISSIPPI","133","","","00000000","","CORN","CORN, GRAIN - YIELD, MEASURED IN BU / ACRE","TOTAL","NOT SPECIFIED","196.4",""
"SURVEY","2014","YEAR","","COUNTY","MISSOURI","29","SOUTHEAST","90","NEW MADRID","143","","","00000000","","CORN","CORN, GRAIN - YIELD, MEASURED IN BU / ACRE","TOTAL","NOT SPECIFIED","197.6",""
"SURVEY","2014","YEAR","","COUNTY","MISSOURI","29","SOUTHEAST","90","OTHER (COMBINED) COUNTIES","","","","00000000","","CORN","CORN, GRAIN - YIELD, MEASURED IN BU / ACRE","TOTAL","NOT SPECIFIED","189.6",""
"SURVEY","2014","YEAR","","COUNTY","MISSOURI","29","SOUTHEAST","90","PEMISCOT","155","","","00000000","","CORN","CORN, GRAIN - YIELD, MEASURED IN BU / ACRE","TOTAL","NOT SPECIFIED","179.2",""
"SURVEY","2014","YEAR","","COUNTY","MISSOURI","29","SOUTHEAST","90","STODDARD","207","","","00000000","","CORN","CORN, GRAIN - YIELD, MEASURED IN BU / ACRE","TOTAL","NOT SPECIFIED","190.2",""
"SURVEY","2014","YEAR","","COUNTY","MISSOURI","29","SOUTHWEST","70","BARRY","009","","","00000000","","CORN","CORN, GRAIN - YIELD, MEASURED IN BU / ACRE","TOTAL","NOT SPECIFIED","143.5",""
"SURVEY","2014","YEAR","","COUNTY","MISSOURI","29","SOUTHWEST","70","BARTON","011","","","00000000","","CORN","CORN, GRAIN - YIELD, MEASURED IN BU / ACRE","TOTAL","NOT SPECIFIED","178.9",""
"SURVEY","2014","YEAR","","COUNTY","MISSOURI","29","SOUTHWEST","70","CHRISTIAN","043","","","00000000","","CORN","CORN, GRAIN - YIELD, MEASURED IN BU / ACRE","TOTAL","NOT SPECIFIED","138.6",""
"SURVEY","2014","YEAR","","COUNTY","MISSOURI","29","SOUTHWEST","70","DADE","057","","","00000000","","CORN","CORN, GRAIN - YIELD, MEASURED IN BU / ACRE","TOTAL","NOT SPECIFIED","167.3",""
"SURVEY","2014","YEAR","","COUNTY","MISSOURI","29","SOUTHWEST","70","GREENE","077","","","00000000","","CORN","CORN, GRAIN - YIELD, MEASURED IN BU / ACRE","TOTAL","NOT SPECIFIED","132.6",""
"SURVEY","2014","YEAR","","COUNTY","MISSOURI","29","SOUTHWEST","70","LAWRENCE","109","","","00000000","","CORN","CORN, GRAIN - YIELD, MEASURED IN BU / ACRE","TOTAL","NOT SPECIFIED","144.6",""
"SURVEY","2014","YEAR","","COUNTY","MISSOURI","29","SOUTHWEST","70","OTHER (COMBINED) COUNTIES","","","","00000000","","CORN","CORN, GRAIN - YIELD, MEASURED IN BU / ACRE","TOTAL","NOT SPECIFIED","159",""
"SURVEY","2014","YEAR","","COUNTY","MISSOURI","29","WEST","40","CASS","037","","","00000000","","CORN","CORN, GRAIN - YIELD, MEASURED IN BU / ACRE","TOTAL","NOT SPECIFIED","179.1",""
"SURVEY","2014","YEAR","","COUNTY","MISSOURI","29","WEST","40","HENRY","083","","","00000000","","CORN","CORN, GRAIN - YIELD, MEASURED IN BU / ACRE","TOTAL","NOT SPECIFIED","162.1",""
"SURVEY","2014","YEAR","","COUNTY","MISSOURI","29","WEST","40","JOHNSON","101","","","00000000","","CORN","CORN, GRAIN - YIELD, MEASURED IN BU / ACRE","TOTAL","NOT SPECIFIED","185.9",""
"SURVEY","2014","YEAR","","COUNTY","MISSOURI","29","WEST","40","LAFAYETTE","107","","","00000000","","CORN","CORN, GRAIN - YIELD, MEASURED IN BU / ACRE","TOTAL","NOT SPECIFIED","209.7",""
"SURVEY","2014","YEAR","","COUNTY","MISSOURI","29","WEST","40","OTHER (COMBINED) COUNTIES","","","","00000000","","CORN","CORN, GRAIN - YIELD, MEASURED IN BU / ACRE","TOTAL","NOT SPECIFIED","185.7",""
"SURVEY","2014","YEAR","","COUNTY","MISSOURI","29","WEST","40","ST CLAIR","185","","","00000000","","CORN","CORN, GRAIN - YIELD, MEASURED IN BU / ACRE","TOTAL","NOT SPECIFIED","157.4",""
"SURVEY","2014","YEAR","","COUNTY","WISCONSIN","55","CENTRAL","50","ADAMS","001","","","00000000","","CORN","CORN, GRAIN - YIELD, MEASURED IN BU / ACRE","TOTAL","NOT SPECIFIED","130.3",""
"SURVEY","2014","YEAR","","COUNTY","WISCONSIN","55","CENTRAL","50","GREEN LAKE","047","","","00000000","","CORN","CORN, GRAIN - YIELD, MEASURED IN BU / ACRE","TOTAL","NOT SPECIFIED","169.7",""
"SURVEY","2014","YEAR","","COUNTY","WISCONSIN","55","CENTRAL","50","JUNEAU","057","","","00000000","","CORN","CORN, GRAIN - YIELD, MEASURED IN BU / ACRE","TOTAL","NOT SPECIFIED","147.9",""
"SURVEY","2014","YEAR","","COUNTY","WISCONSIN","55","CENTRAL","50","MARQUETTE","077","","","00000000","","CORN","CORN, GRAIN - YIELD, MEASURED IN BU / ACRE","TOTAL","NOT SPECIFIED","143.2",""
"SURVEY","2014","YEAR","","COUNTY","WISCONSIN","55","CENTRAL","50","PORTAGE","097","","","00000000","","CORN","CORN, GRAIN - YIELD, MEASURED IN BU / ACRE","TOTAL","NOT SPECIFIED","153.7",""
"SURVEY","2014","YEAR","","COUNTY","WISCONSIN","55","CENTRAL","50","WAUPACA","135","","","00000000","","CORN","CORN, GRAIN - YIELD, MEASURED IN BU / ACRE","TOTAL","NOT SPECIFIED","141.6",""
"SURVEY","2014","YEAR","","COUNTY","WISCONSIN","55","CENTRAL","50","WAUSHARA","137","","","00000000","","CORN","CORN, GRAIN - YIELD, MEASURED IN BU / ACRE","TOTAL","NOT SPECIFIED","182.8",""
"SURVEY","2014","YEAR","","COUNTY","WISCONSIN","55","CENTRAL","50","WOOD","141","","","00000000","","CORN","CORN, GRAIN - YIELD, MEASURED IN BU / ACRE","TOTAL","NOT SPECIFIED","148.6",""
"SURVEY","2014","YEAR","","COUNTY","WISCONSIN","55","EAST CENTRAL","60","BROWN","009","","","00000000","","CORN","CORN, GRAIN - YIELD, MEASURED IN BU / ACRE","TOTAL","NOT SPECIFIED","142.2",""
"SURVEY","2014","YEAR","","COUNTY","WISCONSIN","55","EAST CENTRAL","60","CALUMET","015","","","00000000","","CORN","CORN, GRAIN - YIELD, MEASURED IN BU / ACRE","TOTAL","NOT SPECIFIED","145.5",""
"SURVEY","2014","YEAR","","COUNTY","WISCONSIN","55","EAST CENTRAL","60","DOOR","029","","","00000000","","CORN","CORN, GRAIN - YIELD, MEASURED IN BU / ACRE","TOTAL","NOT SPECIFIED","120.6",""
"SURVEY","2014","YEAR","","COUNTY","WISCONSIN","55","EAST CENTRAL","60","FOND DU LAC","039","","","00000000","","CORN","CORN, GRAIN - YIELD, MEASURED IN BU / ACRE","TOTAL","NOT SPECIFIED","164.8",""
"SURVEY","2014","YEAR","","COUNTY","WISCONSIN","55","EAST CENTRAL","60","KEWAUNEE","061","","","00000000","","CORN","CORN, GRAIN - YIELD, MEASURED IN BU / ACRE","TOTAL","NOT SPECIFIED","140.6",""
"SURVEY","2014","YEAR","","COUNTY","WISCONSIN","55","EAST CENTRAL","60","MANITOWOC","071","","","00000000","","CORN","CORN, GRAIN - YIELD, MEASURED IN BU / ACRE","TOTAL","NOT SPECIFIED","125.3",""
"SURVEY","2014","YEAR","","COUNTY","WISCONSIN","55","EAST CENTRAL","60","OUTAGAMIE","087","","","00000000","","CORN","CORN, GRAIN - YIELD, MEASURED IN BU / ACRE","TOTAL","NOT SPECIFIED","133.7",""
"SURVEY","2014","YEAR","","COUNTY","WISCONSIN","55","EAST CENTRAL","60","SHEBOYGAN","117","","","00000000","","CORN","CORN, GRAIN - YIELD, MEASURED IN BU / ACRE","TOTAL","NOT SPECIFIED","142.6",""
"SURVEY","2014","YEAR","","COUNTY","WISCONSIN","55","EAST CENTRAL","60","WINNEBAGO","139","","","00000000","","CORN","CORN, GRAIN - YIELD, MEASURED IN BU / ACRE","TOTAL","NOT SPECIFIED","145.8",""
"SURVEY","2014","YEAR","","COUNTY","WISCONSIN","55","NORTH CENTRAL","20","ASHLAND","003","","","00000000","","CORN","CORN, GRAIN - YIELD, MEASURED IN BU / ACRE","TOTAL","NOT SPECIFIED","95.6",""
"SURVEY","2014","YEAR","","COUNTY","WISCONSIN","55","NORTH CENTRAL","20","CLARK","019","","","00000000","","CORN","CORN, GRAIN - YIELD, MEASURED IN BU / ACRE","TOTAL","NOT SPECIFIED","133.6",""
"SURVEY","2014","YEAR","","COUNTY","WISCONSIN","55","NORTH CENTRAL","20","LINCOLN","069","","","00000000","","CORN","CORN, GRAIN - YIELD, MEASURED IN BU / ACRE","TOTAL","NOT SPECIFIED","119",""
"SURVEY","2014","YEAR","","COUNTY","WISCONSIN","55","NORTH CENTRAL","20","MARATHON","073","","","00000000","","CORN","CORN, GRAIN - YIELD, MEASURED IN BU / ACRE","TOTAL","NOT SPECIFIED","124",""
"SURVEY","2014","YEAR","","COUNTY","WISCONSIN","55","NORTH CENTRAL","20","OTHER (COMBINED) COUNTIES","","","","00000000","","CORN","CORN, GRAIN - YIELD, MEASURED IN BU / ACRE","TOTAL","NOT SPECIFIED","119.1",""
"SURVEY","2014","YEAR","","COUNTY","WISCONSIN","55","NORTHEAST","30","MARINETTE","075","","","00000000","","CORN","CORN, GRAIN - YIELD, MEASURED IN BU / ACRE","TOTAL","NOT SPECIFIED","112.4",""
"SURVEY","2014","YEAR","","COUNTY","WISCONSIN","55","NORTHEAST","30","OCONTO","083","","","00000000","","CORN","CORN, GRAIN - YIELD, MEASURED IN BU / ACRE","TOTAL","NOT SPECIFIED","116.2",""
"SURVEY","2014","YEAR","","COUNTY","WISCONSIN","55","NORTHEAST","30","OTHER (COMBINED) COUNTIES","","","","00000000","","CORN","CORN, GRAIN - YIELD, MEASURED IN BU / ACRE","TOTAL","NOT SPECIFIED","114.9",""
"SURVEY","2014","YEAR","","COUNTY","WISCONSIN","55","NORTHEAST","30","SHAWANO","115","","","00000000","","CORN","CORN, GRAIN - YIELD, MEASURED IN BU / ACRE","TOTAL","NOT SPECIFIED","137.6",""
"SURVEY","2014","YEAR","","COUNTY","WISCONSIN","55","NORTHWEST","10","BARRON","005","","","00000000","","CORN","CORN, GRAIN - YIELD, MEASURED IN BU / ACRE","TOTAL","NOT SPECIFIED","116.9",""
"SURVEY","2014","YEAR","","COUNTY","WISCONSIN","55","NORTHWEST","10","BURNETT","013","","","00000000","","CORN","CORN, GRAIN - YIELD, MEASURED IN BU / ACRE","TOTAL","NOT SPECIFIED","95",""
"SURVEY","2014","YEAR","","COUNTY","WISCONSIN","55","NORTHWEST","10","CHIPPEWA","017","","","00000000","","CORN","CORN, GRAIN - YIELD, MEASURED IN BU / ACRE","TOTAL","NOT SPECIFIED","126.8",""
"SURVEY","2014","YEAR","","COUNTY","WISCONSIN","55","NORTHWEST","10","OTHER (COMBINED) COUNTIES","","","","00000000","","CORN","CORN, GRAIN - YIELD, MEASURED IN BU / ACRE","TOTAL","NOT SPECIFIED","148.7",""
"SURVEY","2014","YEAR","","COUNTY","WISCONSIN","55","NORTHWEST","10","POLK","095","","","00000000","","CORN","CORN, GRAIN - YIELD, MEASURED IN BU / ACRE","TOTAL","NOT SPECIFIED","112.7",""
"SURVEY","2014","YEAR","","COUNTY","WISCONSIN","55","NORTHWEST","10","RUSK","107","","","00000000","","CORN","CORN, GRAIN - YIELD, MEASURED IN BU / ACRE","TOTAL","NOT SPECIFIED","99",""
"SURVEY","2014","YEAR","","COUNTY","WISCONSIN","55","NORTHWEST","10","SAWYER","113","","","00000000","","CORN","CORN, GRAIN - YIELD, MEASURED IN BU / ACRE","TOTAL","NOT SPECIFIED","127.9",""
"SURVEY","2014","YEAR","","COUNTY","WISCONSIN","55","NORTHWEST","10","WASHBURN","129","","","00000000","","CORN","CORN, GRAIN - YIELD, MEASURED IN BU / ACRE","TOTAL","NOT SPECIFIED","96.7",""
"SURVEY","2014","YEAR","","COUNTY","WISCONSIN","55","SOUTH CENTRAL","80","COLUMBIA","021","","","00000000","","CORN","CORN, GRAIN - YIELD, MEASURED IN BU / ACRE","TOTAL","NOT SPECIFIED","166.2",""
"SURVEY","2014","YEAR","","COUNTY","WISCONSIN","55","SOUTH CENTRAL","80","DANE","025","","","00000000","","CORN","CORN, GRAIN - YIELD, MEASURED IN BU / ACRE","TOTAL","NOT SPECIFIED","180.7",""
"SURVEY","2014","YEAR","","COUNTY","WISCONSIN","55","SOUTH CENTRAL","80","DODGE","027","","","00000000","","CORN","CORN, GRAIN - YIELD, MEASURED IN BU / ACRE","TOTAL","NOT SPECIFIED","166",""
"SURVEY","2014","YEAR","","COUNTY","WISCONSIN","55","SOUTH CENTRAL","80","GREEN","045","","","00000000","","CORN","CORN, GRAIN - YIELD, MEASURED IN BU / ACRE","TOTAL","NOT SPECIFIED","177.4",""
"SURVEY","2014","YEAR","","COUNTY","WISCONSIN","55","SOUTH CENTRAL","80","JEFFERSON","055","","","00000000","","CORN","CORN, GRAIN - YIELD, MEASURED IN BU / ACRE","TOTAL","NOT SPECIFIED","163.4",""
"SURVEY","2014","YEAR","","COUNTY","WISCONSIN","55","SOUTH CENTRAL","80","ROCK","105","","","00000000","","CORN","CORN, GRAIN - YIELD, MEASURED IN BU / ACRE","TOTAL","NOT SPECIFIED","184.1",""
"SURVEY","2014","YEAR","","COUNTY","WISCONSIN","55","SOUTHEAST","90","KENOSHA","059","","","00000000","","CORN","CORN, GRAIN - YIELD, MEASURED IN BU / ACRE","TOTAL","NOT SPECIFIED","174.9",""
"SURVEY","2014","YEAR","","COUNTY","WISCONSIN","55","SOUTHEAST","90","MILWAUKEE","079","","","00000000","","CORN","CORN, GRAIN - YIELD, MEASURED IN BU / ACRE","TOTAL","NOT SPECIFIED","126.4",""
"SURVEY","2014","YEAR","","COUNTY","WISCONSIN","55","SOUTHEAST","90","OZAUKEE","089","","","00000000","","CORN","CORN, GRAIN - YIELD, MEASURED IN BU / ACRE","TOTAL","NOT SPECIFIED","143.3",""
"SURVEY","2014","YEAR","","COUNTY","WISCONSIN","55","SOUTHEAST","90","RACINE","101","","","00000000","","CORN","CORN, GRAIN - YIELD, MEASURED IN BU / ACRE","TOTAL","NOT SPECIFIED","172.7",""
"SURVEY","2014","YEAR","","COUNTY","WISCONSIN","55","SOUTHEAST","90","WALWORTH","127","","","00000000","","CORN","CORN, GRAIN - YIELD, MEASURED IN BU / ACRE","TOTAL","NOT SPECIFIED","187.4",""
"SURVEY","2014","YEAR","","COUNTY","WISCONSIN","55","SOUTHEAST","90","WASHINGTON","131","","","00000000","","CORN","CORN, GRAIN - YIELD, MEASURED IN BU / ACRE","TOTAL","NOT SPECIFIED","150.6",""
"SURVEY","2014","YEAR","","COUNTY","WISCONSIN","55","SOUTHEAST","90","WAUKESHA","133","","","00000000","","CORN","CORN, GRAIN - YIELD, MEASURED IN BU / ACRE","TOTAL","NOT SPECIFIED","169.9",""
"SURVEY","2014","YEAR","","COUNTY","WISCONSIN","55","SOUTHWEST","70","CRAWFORD","023","","","00000000","","CORN","CORN, GRAIN - YIELD, MEASURED IN BU / ACRE","TOTAL","NOT SPECIFIED","154",""
"SURVEY","2014","YEAR","","COUNTY","WISCONSIN","55","SOUTHWEST","70","GRANT","043","","","00000000","","CORN","CORN, GRAIN - YIELD, MEASURED IN BU / ACRE","TOTAL","NOT SPECIFIED","176.3",""
"SURVEY","2014","YEAR","","COUNTY","WISCONSIN","55","SOUTHWEST","70","IOWA","049","","","00000000","","CORN","CORN, GRAIN - YIELD, MEASURED IN BU / ACRE","TOTAL","NOT SPECIFIED","186.7",""
"SURVEY","2014","YEAR","","COUNTY","WISCONSIN","55","SOUTHWEST","70","LAFAYETTE","065","","","00000000","","CORN","CORN, GRAIN - YIELD, MEASURED IN BU / ACRE","TOTAL","NOT SPECIFIED","182.4",""
"SURVEY","2014","YEAR","","COUNTY","WISCONSIN","55","SOUTHWEST","70","RICHLAND","103","","","00000000","","CORN","CORN, GRAIN - YIELD, MEASURED IN BU / ACRE","TOTAL","NOT SPECIFIED","155.1",""
"SURVEY","2014","YEAR","","COUNTY","WISCONSIN","55","SOUTHWEST","70","SAUK","111","","","00000000","","CORN","CORN, GRAIN - YIELD, MEASURED IN BU / ACRE","TOTAL","NOT SPECIFIED","154.5",""
"SURVEY","2014","YEAR","","COUNTY","WISCONSIN","55","SOUTHWEST","70","VERNON","123","","","00000000","","CORN","CORN, GRAIN - YIELD, MEASURED IN BU / ACRE","TOTAL","NOT SPECIFIED","159.2",""
"SURVEY","2014","YEAR","","COUNTY","WISCONSIN","55","WEST CENTRAL","40","BUFFALO","011","","","00000000","","CORN","CORN, GRAIN - YIELD, MEASURED IN BU / ACRE","TOTAL","NOT SPECIFIED","148.3",""
"SURVEY","2014","YEAR","","COUNTY","WISCONSIN","55","WEST CENTRAL","40","DUNN","033","","","00000000","","CORN","CORN, GRAIN - YIELD, MEASURED IN BU / ACRE","TOTAL","NOT SPECIFIED","140.8",""
"SURVEY","2014","YEAR","","COUNTY","WISCONSIN","55","WEST CENTRAL","40","EAU CLAIRE","035","","","00000000","","CORN","CORN, GRAIN - YIELD, MEASURED IN BU / ACRE","TOTAL","NOT SPECIFIED","149.2",""
"SURVEY","2014","YEAR","","COUNTY","WISCONSIN","55","WEST CENTRAL","40","JACKSON","053","","","00000000","","CORN","CORN, GRAIN - YIELD, MEASURED IN BU / ACRE","TOTAL","NOT SPECIFIED","149.5",""
"SURVEY","2014","YEAR","","COUNTY","WISCONSIN","55","WEST CENTRAL","40","LA CROSSE","063","","","00000000","","CORN","CORN, GRAIN - YIELD, MEASURED IN BU / ACRE","TOTAL","NOT SPECIFIED","167.1",""
"SURVEY","2014","YEAR","","COUNTY","WISCONSIN","55","WEST CENTRAL","40","MONROE","081","","","00000000","","CORN","CORN, GRAIN - YIELD, MEASURED IN BU / ACRE","TOTAL","NOT SPECIFIED","147.2",""
"SURVEY","2014","YEAR","","COUNTY","WISCONSIN","55","WEST CENTRAL","40","PEPIN","091","","","00000000","","CORN","CORN, GRAIN - YIELD, MEASURED IN BU / ACRE","TOTAL","NOT SPECIFIED","147.7",""
"SURVEY","2014","YEAR","","COUNTY","WISCONSIN","55","WEST CENTRAL","40","PIERCE","093","","","00000000","","CORN","CORN, GRAIN - YIELD, MEASURED IN BU / ACRE","TOTAL","NOT SPECIFIED","144.5",""
"SURVEY","2014","YEAR","","COUNTY","WISCONSIN","55","WEST CENTRAL","40","ST CROIX","109","","","00000000","","CORN","CORN, GRAIN - YIELD, MEASURED IN BU / ACRE","TOTAL","NOT SPECIFIED","135.4",""
"SURVEY","2014","YEAR","","COUNTY","WISCONSIN","55","WEST CENTRAL","40","TREMPEALEAU","121","","","00000000","","CORN","CORN, GRAIN - YIELD, MEASURED IN BU / ACRE","TOTAL","NOT SPECIFIED","158.3",""
"SURVEY","2013","YEAR","","COUNTY","COLORADO","08","EAST CENTRAL","60","ADAMS","001","","","00000000","","CORN","CORN, GRAIN - YIELD, MEASURED IN BU / ACRE","TOTAL","NOT SPECIFIED","61.8",""
"SURVEY","2013","YEAR","","COUNTY","COLORADO","08","EAST CENTRAL","60","CHEYENNE","017","","","00000000","","CORN","CORN, GRAIN - YIELD, MEASURED IN BU / ACRE","TOTAL","NOT SPECIFIED","101.8",""
"SURVEY","2013","YEAR","","COUNTY","COLORADO","08","EAST CENTRAL","60","KIOWA","061","","","00000000","","CORN","CORN, GRAIN - YIELD, MEASURED IN BU / ACRE","TOTAL","NOT SPECIFIED","59.6",""
"SURVEY","2013","YEAR","","COUNTY","COLORADO","08","EAST CENTRAL","60","KIT CARSON","063","","","00000000","","CORN","CORN, GRAIN - YIELD, MEASURED IN BU / ACRE","TOTAL","NOT SPECIFIED","95.7",""
"SURVEY","2013","YEAR","","COUNTY","COLORADO","08","EAST CENTRAL","60","LINCOLN","073","","","00000000","","CORN","CORN, GRAIN - YIELD, MEASURED IN BU / ACRE","TOTAL","NOT SPECIFIED","32.6",""
"SURVEY","2013","YEAR","","COUNTY","COLORADO","08","EAST CENTRAL","60","OTHER (COMBINED) COUNTIES","","","","00000000","","CORN","CORN, GRAIN - YIELD, MEASURED IN BU / ACRE","TOTAL","NOT SPECIFIED","70.3",""
"SURVEY","2013","YEAR","","COUNTY","COLORADO","08","EAST CENTRAL","60","PHILLIPS","095","","","00000000","","CORN","CORN, GRAIN - YIELD, MEASURED IN BU / ACRE","TOTAL","NOT SPECIFIED","122.2",""
"SURVEY","2013","YEAR","","COUNTY","COLORADO","08","EAST CENTRAL","60","YUMA","125","","","00000000","","CORN","CORN, GRAIN - YIELD, MEASURED IN BU / ACRE","TOTAL","NOT SPECIFIED","186.8",""
"SURVEY","2013","YEAR","","COUNTY","COLORADO","08","NORTHEAST","20","LARIMER","069","","","00000000","","CORN","CORN, GRAIN - YIELD, MEASURED IN BU / ACRE","TOTAL","NOT SPECIFIED","132",""
"SURVEY","2013","YEAR","","COUNTY","COLORADO","08","NORTHEAST","20","LOGAN","075","","","00000000","","CORN","CORN, GRAIN - YIELD, MEASURED IN BU / ACRE","TOTAL","NOT SPECIFIED","129.9",""
"SURVEY","2013","YEAR","","COUNTY","COLORADO","08","NORTHEAST","20","MORGAN","087","","","00000000","","CORN","CORN, GRAIN - YIELD, MEASURED IN BU / ACRE","TOTAL","NOT SPECIFIED","168.6",""
"SURVEY","2013","YEAR","","COUNTY","COLORADO","08","NORTHEAST","20","OTHER (COMBINED) COUNTIES","","","","00000000","","CORN","CORN, GRAIN - YIELD, MEASURED IN BU / ACRE","TOTAL","NOT SPECIFIED","112",""
"SURVEY","2013","YEAR","","COUNTY","COLORADO","08","NORTHEAST","20","SEDGWICK","115","","","00000000","","CORN","CORN, GRAIN - YIELD, MEASURED IN BU / ACRE","TOTAL","NOT SPECIFIED","117.4",""
"SURVEY","2013","YEAR","","COUNTY","COLORADO","08","NORTHEAST","20","WELD","123","","","00000000","","CORN","CORN, GRAIN - YIELD, MEASURED IN BU / ACRE","TOTAL","NOT SPECIFIED","162.2",""
"SURVEY","2013","YEAR","","COUNTY","COLORADO","08","SOUTHEAST","90","OTHER (COMBINED) COUNTIES","","","","00000000","","CORN","CORN, GRAIN - YIELD, MEASURED IN BU / ACRE","TOTAL","NOT SPECIFIED","177.9",""
"SURVEY","2013","YEAR","","COUNTY","MISSOURI","29","CENTRAL","50","BENTON","015","","","00000000","","CORN","CORN, GRAIN - YIELD, MEASURED IN BU / ACRE","TOTAL","NOT SPECIFIED","111",""
"SURVEY","2013","YEAR","","COUNTY","MISSOURI","29","CENTRAL","50","BOONE","019","","","00000000","","CORN","CORN, GRAIN - YIELD, MEASURED IN BU / ACRE","TOTAL","NOT SPECIFIED","131.9",""
"SURVEY","2013","YEAR","","COUNTY","MISSOURI","29","CENTRAL","50","CALLAWAY","027","","","00000000","","CORN","CORN, GRAIN - YIELD, MEASURED IN BU / ACRE","TOTAL","NOT SPECIFIED","135",""
"SURVEY","2013","YEAR","","COUNTY","MISSOURI","29","CENTRAL","50","COLE","051","","","00000000","","CORN","CORN, GRAIN - YIELD, MEASURED IN BU / ACRE","TOTAL","NOT SPECIFIED","136.1",""
"SURVEY","2013","YEAR","","COUNTY","MISSOURI","29","CENTRAL","50","HICKORY","085","","","00000000","","CORN","CORN, GRAIN - YIELD, MEASURED IN BU / ACRE","TOTAL","NOT SPECIFIED","118.8",""
"SURVEY","2013","YEAR","","COUNTY","MISSOURI","29","CENTRAL","50","LACLEDE","105","","","00000000","","CORN","CORN, GRAIN - YIELD, MEASURED IN BU / ACRE","TOTAL","NOT SPECIFIED","109.2",""
"SURVEY","2013","YEAR","","COUNTY","MISSOURI","29","CENTRAL","50","MARIES","125","","","00000000","","CORN","CORN, GRAIN - YIELD, MEASURED IN BU / ACRE","TOTAL","NOT SPECIFIED","130",""
"SURVEY","2013","YEAR","","COUNTY","MISSOURI","29","CENTRAL","50","MILLER","131","","","00000000","","CORN","CORN, GRAIN - YIELD, MEASURED IN BU / ACRE","TOTAL","NOT SPECIFIED","122.9",""
"SURVEY","2013","YEAR","","COUNTY","MISSOURI","29","CENTRAL","50","MONITEAU","135","","","00000000","","CORN","CORN, GRAIN - YIELD, MEASURED IN BU / ACRE","TOTAL","NOT SPECIFIED","124.5",""
"SURVEY","2013","YEAR","","COUNTY","MISSOURI","29","CENTRAL","50","MORGAN","141","","","00000000","","CORN","CORN, GRAIN - YIELD, MEASURED IN BU / ACRE","TOTAL","NOT SPECIFIED","126.2",""
"SURVEY","2013","YEAR","","COUNTY","MISSOURI","29","CENTRAL","50","OSAGE","151","","","00000000","","CORN","CORN, GRAIN - YIELD, MEASURED IN BU / ACRE","TOTAL","NOT SPECIFIED","143.9",""
"SURVEY","2013","YEAR","","COUNTY","MISSOURI","29","CENTRAL","50","OTHER (COMBINED) COUNTIES","","","","00000000","","CORN","CORN, GRAIN - YIELD, MEASURED IN BU / ACRE","TOTAL","NOT SPECIFIED","136.1",""
"SURVEY","2013","YEAR","","COUNTY","MISSOURI","29","CENTRAL","50","PETTIS","159","","","00000000","","CORN","CORN, GRAIN - YIELD, MEASURED IN BU / ACRE","TOTAL","NOT SPECIFIED","126",""
"SURVEY","2013","YEAR","","COUNTY","MISSOURI","29","CENTRAL","50","POLK","167","","","00000000","","CORN","CORN, GRAIN - YIELD, MEASURED IN BU / ACRE","TOTAL","NOT SPECIFIED","139.3",""
"SURVEY","2013","YEAR","","COUNTY","MISSOURI","29","CENTRAL","50","SALINE","195","","","00000000","","CORN","CORN, GRAIN - YIELD, MEASURED IN BU / ACRE","TOTAL","NOT SPECIFIED","153.4",""
"SURVEY","2013","YEAR","","COUNTY","MISSOURI","29","EAST","60","FRANKLIN","071","","","00000000","","CORN","CORN, GRAIN - YIELD, MEASURED IN BU / ACRE","TOTAL","NOT SPECIFIED","149.2",""
"SURVEY","2013","YEAR","","COUNTY","MISSOURI","29","EAST","60","GASCONADE","073","","","00000000","","CORN","CORN, GRAIN - YIELD, MEASURED IN BU / ACRE","TOTAL","NOT SPECIFIED","123",""
"SURVEY","2013","YEAR","","COUNTY","MISSOURI","29","EAST","60","JEFFERSON","099","","","00000000","","CORN","CORN, GRAIN - YIELD, MEASURED IN BU / ACRE","TOTAL","NOT SPECIFIED","134.1",""
"SURVEY","2013","YEAR","","COUNTY","MISSOURI","29","EAST","60","MONTGOMERY","139","","","00000000","","CORN","CORN, GRAIN - YIELD, MEASURED IN BU / ACRE","TOTAL","NOT SPECIFIED","122.6",""
"SURVEY","2013","YEAR","","COUNTY","MISSOURI","29","EAST","60","OTHER (COMBINED) COUNTIES","","","","00000000","","CORN","CORN, GRAIN - YIELD, MEASURED IN BU / ACRE","TOTAL","NOT SPECIFIED","137.4",""
"SURVEY","2013","YEAR","","COUNTY","MISSOURI","29","EAST","60","PERRY","157","","","00000000","","CORN","CORN, GRAIN - YIELD, MEASURED IN BU / ACRE","TOTAL","NOT SPECIFIED","160.6",""
"SURVEY","2013","YEAR","","COUNTY","MISSOURI","29","EAST","60","ST CHARLES","183","","","00000000","","CORN","CORN, GRAIN - YIELD, MEASURED IN BU / ACRE","TOTAL","NOT SPECIFIED","153",""
"SURVEY","2013","YEAR","","COUNTY","MISSOURI","29","EAST","60","ST LOUIS","189","","","00000000","","CORN","CORN, GRAIN - YIELD, MEASURED IN BU / ACRE","TOTAL","NOT SPECIFIED","158.1",""
"SURVEY","2013","YEAR","","COUNTY","MISSOURI","29","EAST","60","STE GENEVIEVE","186","","","00000000","","CORN","CORN, GRAIN - YIELD, MEASURED IN BU / ACRE","TOTAL","NOT SPECIFIED","163.3",""
"SURVEY","2013","YEAR","","COUNTY","MISSOURI","29","EAST","60","WARREN","219","","","00000000","","CORN","CORN, GRAIN - YIELD, MEASURED IN BU / ACRE","TOTAL","NOT SPECIFIED","149.6",""
"SURVEY","2013","YEAR","","COUNTY","MISSOURI","29","NORTH CENTRAL","20","ADAIR","001","","","00000000","","CORN","CORN, GRAIN - YIELD, MEASURED IN BU / ACRE","TOTAL","NOT SPECIFIED","126.2",""
"SURVEY","2013","YEAR","","COUNTY","MISSOURI","29","NORTH CENTRAL","20","CARROLL","033","","","00000000","","CORN","CORN, GRAIN - YIELD, MEASURED IN BU / ACRE","TOTAL","NOT SPECIFIED","141.5",""
"SURVEY","2013","YEAR","","COUNTY","MISSOURI","29","NORTH CENTRAL","20","CHARITON","041","","","00000000","","CORN","CORN, GRAIN - YIELD, MEASURED IN BU / ACRE","TOTAL","NOT SPECIFIED","114.1",""
"SURVEY","2013","YEAR","","COUNTY","MISSOURI","29","NORTH CENTRAL","20","LINN","115","","","00000000","","CORN","CORN, GRAIN - YIELD, MEASURED IN BU / ACRE","TOTAL","NOT SPECIFIED","101.5",""
"SURVEY","2013","YEAR","","COUNTY","MISSOURI","29","NORTH CENTRAL","20","LIVINGSTON","117","","","00000000","","CORN","CORN, GRAIN - YIELD, MEASURED IN BU / ACRE","TOTAL","NOT SPECIFIED","99.8",""
"SURVEY","2013","YEAR","","COUNTY","MISSOURI","29","NORTH CENTRAL","20","MACON","121","","","00000000","","CORN","CORN, GRAIN - YIELD, MEASURED IN BU / ACRE","TOTAL","NOT SPECIFIED","109.7",""
"SURVEY","2013","YEAR","","COUNTY","MISSOURI","29","NORTH CENTRAL","20","OTHER (COMBINED) COUNTIES","","","","00000000","","CORN","CORN, GRAIN - YIELD, MEASURED IN BU / ACRE","TOTAL","NOT SPECIFIED","109.5",""
"SURVEY","2013","YEAR","","COUNTY","MISSOURI","29","NORTH CENTRAL","20","RANDOLPH","175","","","00000000","","CORN","CORN, GRAIN - YIELD, MEASURED IN BU / ACRE","TOTAL","NOT SPECIFIED","118.2",""
"SURVEY","2013","YEAR","","COUNTY","MISSOURI","29","NORTH CENTRAL","20","SULLIVAN","211","","","00000000","","CORN","CORN, GRAIN - YIELD, MEASURED IN BU / ACRE","TOTAL","NOT SPECIFIED","95.5",""
"SURVEY","2013","YEAR","","COUNTY","MISSOURI","29","NORTHEAST","30","AUDRAIN","007","","","00000000","","CORN","CORN, GRAIN - YIELD, MEASURED IN BU / ACRE","TOTAL","NOT SPECIFIED","124.3",""
"SURVEY","2013","YEAR","","COUNTY","MISSOURI","29","NORTHEAST","30","LEWIS","111","","","00000000","","CORN","CORN, GRAIN - YIELD, MEASURED IN BU / ACRE","TOTAL","NOT SPECIFIED","104.1",""
"SURVEY","2013","YEAR","","COUNTY","MISSOURI","29","NORTHEAST","30","MONROE","137","","","00000000","","CORN","CORN, GRAIN - YIELD, MEASURED IN BU / ACRE","TOTAL","NOT SPECIFIED","123",""
"SURVEY","2013","YEAR","","COUNTY","MISSOURI","29","NORTHEAST","30","OTHER (COMBINED) COUNTIES","","","","00000000","","CORN","CORN, GRAIN - YIELD, MEASURED IN BU / ACRE","TOTAL","NOT SPECIFIED","118.3",""
"SURVEY","2013","YEAR","","COUNTY","MISSOURI","29","NORTHEAST","30","PIKE","163","","","00000000","","CORN","CORN, GRAIN - YIELD, MEASURED IN BU / ACRE","TOTAL","NOT SPECIFIED","157.1",""
"SURVEY","2013","YEAR","","COUNTY","MISSOURI","29","NORTHEAST","30","RALLS","173","","","00000000","","CORN","CORN, GRAIN - YIELD, MEASURED IN BU / ACRE","TOTAL","NOT SPECIFIED","148.2",""
"SURVEY","2013","YEAR","","COUNTY","MISSOURI","29","NORTHEAST","30","SCOTLAND","199","","","00000000","","CORN","CORN, GRAIN - YIELD, MEASURED IN BU / ACRE","TOTAL","NOT SPECIFIED","119.1",""
"SURVEY","2013","YEAR","","COUNTY","MISSOURI","29","NORTHEAST","30","SHELBY","205","","","00000000","","CORN","CORN, GRAIN - YIELD, MEASURED IN BU / ACRE","TOTAL","NOT SPECIFIED","97",""
"SURVEY","2013","YEAR","","COUNTY","MISSOURI","29","NORTHWEST","10","ANDREW","003","","","00000000","","CORN","CORN, GRAIN - YIELD, MEASURED IN BU / ACRE","TOTAL","NOT SPECIFIED","133.2",""
"SURVEY","2013","YEAR","","COUNTY","MISSOURI","29","NORTHWEST","10","ATCHISON","005","","","00000000","","CORN","CORN, GRAIN - YIELD, MEASURED IN BU / ACRE","TOTAL","NOT SPECIFIED","165",""
"SURVEY","2013","YEAR","","COUNTY","MISSOURI","29","NORTHWEST","10","BUCHANAN","021","","","00000000","","CORN","CORN, GRAIN - YIELD, MEASURED IN BU / ACRE","TOTAL","NOT SPECIFIED","148.9",""
"SURVEY","2013","YEAR","","COUNTY","MISSOURI","29","NORTHWEST","10","CALDWELL","025","","","00000000","","CORN","CORN, GRAIN - YIELD, MEASURED IN BU / ACRE","TOTAL","NOT SPECIFIED","90",""
"SURVEY","2013","YEAR","","COUNTY","MISSOURI","29","NORTHWEST","10","CLAY","047","","","00000000","","CORN","CORN, GRAIN - YIELD, MEASURED IN BU / ACRE","TOTAL","NOT SPECIFIED","141.1",""
"SURVEY","2013","YEAR","","COUNTY","MISSOURI","29","NORTHWEST","10","CLINTON","049","","","00000000","","CORN","CORN, GRAIN - YIELD, MEASURED IN BU / ACRE","TOTAL","NOT SPECIFIED","133.4",""
"SURVEY","2013","YEAR","","COUNTY","MISSOURI","29","NORTHWEST","10","DE KALB","063","","","00000000","","CORN","CORN, GRAIN - YIELD, MEASURED IN BU / ACRE","TOTAL","NOT SPECIFIED","101.4",""
"SURVEY","2013","YEAR","","COUNTY","MISSOURI","29","NORTHWEST","10","HOLT","087","","","00000000","","CORN","CORN, GRAIN - YIELD, MEASURED IN BU / ACRE","TOTAL","NOT SPECIFIED","182.3",""
"SURVEY","2013","YEAR","","COUNTY","MISSOURI","29","NORTHWEST","10","NODAWAY","147","","","00000000","","CORN","CORN, GRAIN - YIELD, MEASURED IN BU / ACRE","TOTAL","NOT SPECIFIED","129.8",""
"SURVEY","2013","YEAR","","COUNTY","MISSOURI","29","NORTHWEST","10","OTHER (COMBINED) COUNTIES","","","","00000000","","CORN","CORN, GRAIN - YIELD, MEASURED IN BU / ACRE","TOTAL","NOT SPECIFIED","113",""
"SURVEY","2013","YEAR","","COUNTY","MISSOURI","29","NORTHWEST","10","RAY","177","","","00000000","","CORN","CORN, GRAIN - YIELD, MEASURED IN BU / ACRE","TOTAL","NOT SPECIFIED","141.1",""
"SURVEY","2013","YEAR","","COUNTY","MISSOURI","29","NORTHWEST","10","WORTH","227","","","00000000","","CORN","CORN, GRAIN - YIELD, MEASURED IN BU / ACRE","TOTAL","NOT SPECIFIED","118.5",""
"SURVEY","2013","YEAR","","COUNTY","MISSOURI","29","SOUTH CENTRAL","80","BOLLINGER","017","","","00000000","","CORN","CORN, GRAIN - YIELD, MEASURED IN BU / ACRE","TOTAL","NOT SPECIFIED","153.5",""
"SURVEY","2013","YEAR","","COUNTY","MISSOURI","29","SOUTH CENTRAL","80","OTHER (COMBINED) COUNTIES","","","","00000000","","CORN","CORN, GRAIN - YIELD, MEASURED IN BU / ACRE","TOTAL","NOT SPECIFIED","131.6",""
"SURVEY","2013","YEAR","","COUNTY","MISSOURI","29","SOUTH CENTRAL","80","RIPLEY","181","","","00000000","","CORN","CORN, GRAIN - YIELD, MEASURED IN BU / ACRE","TOTAL","NOT SPECIFIED","150.8",""
"SURVEY","2013","YEAR","","COUNTY","MISSOURI","29","SOUTH CENTRAL","80","TEXAS","215","","","00000000","","CORN","CORN, GRAIN - YIELD, MEASURED IN BU / ACRE","TOTAL","NOT SPECIFIED","134.4",""
"SURVEY","2013","YEAR","","COUNTY","MISSOURI","29","SOUTH CENTRAL","80","WAYNE","223","","","00000000","","CORN","CORN, GRAIN - YIELD, MEASURED IN BU / ACRE","TOTAL","NOT SPECIFIED","95",""
"SURVEY","2013","YEAR","","COUNTY","MISSOURI","29","SOUTH CENTRAL","80","WEBSTER","225","","","00000000","","CORN","CORN, GRAIN - YIELD, MEASURED IN BU / ACRE","TOTAL","NOT SPECIFIED","125.8",""
"SURVEY","2013","YEAR","","COUNTY","MISSOURI","29","SOUTHEAST","90","CAPE GIRARDEAU","031","","","00000000","","CORN","CORN, GRAIN - YIELD, MEASURED IN BU / ACRE","TOTAL","NOT SPECIFIED","154.1",""
"SURVEY","2013","YEAR","","COUNTY","MISSOURI","29","SOUTHEAST","90","DUNKLIN","069","","","00000000","","CORN","CORN, GRAIN - YIELD, MEASURED IN BU / ACRE","TOTAL","NOT SPECIFIED","192.4",""
"SURVEY","2013","YEAR","","COUNTY","MISSOURI","29","SOUTHEAST","90","MISSISSIPPI","133","","","00000000","","CORN","CORN, GRAIN - YIELD, MEASURED IN BU / ACRE","TOTAL","NOT SPECIFIED","191.9",""
"SURVEY","2013","YEAR","","COUNTY","MISSOURI","29","SOUTHEAST","90","NEW MADRID","143","","","00000000","","CORN","CORN, GRAIN - YIELD, MEASURED IN BU / ACRE","TOTAL","NOT SPECIFIED","175.7",""
"SURVEY","2013","YEAR","","COUNTY","MISSOURI","29","SOUTHEAST","90","OTHER (COMBINED) COUNTIES","","","","00000000","","CORN","CORN, GRAIN - YIELD, MEASURED IN BU / ACRE","TOTAL","NOT SPECIFIED","174.3",""
"SURVEY","2013","YEAR","","COUNTY","MISSOURI","29","SOUTHEAST","90","PEMISCOT","155","","","00000000","","CORN","CORN, GRAIN - YIELD, MEASURED IN BU / ACRE","TOTAL","NOT SPECIFIED","173.9",""
"SURVEY","2013","YEAR","","COUNTY","MISSOURI","29","SOUTHEAST","90","STODDARD","207","","","00000000","","CORN","CORN, GRAIN - YIELD, MEASURED IN BU / ACRE","TOTAL","NOT SPECIFIED","185.1",""
"SURVEY","2013","YEAR","","COUNTY","MISSOURI","29","SOUTHWEST","70","BARRY","009","","","00000000","","CORN","CORN, GRAIN - YIELD, MEASURED IN BU / ACRE","TOTAL","NOT SPECIFIED","98.8",""
"SURVEY","2013","YEAR","","COUNTY","MISSOURI","29","SOUTHWEST","70","DADE","057","","","00000000","","CORN","CORN, GRAIN - YIELD, MEASURED IN BU / ACRE","TOTAL","NOT SPECIFIED","88",""
"SURVEY","2013","YEAR","","COUNTY","MISSOURI","29","SOUTHWEST","70","GREENE","077","","","00000000","","CORN","CORN, GRAIN - YIELD, MEASURED IN BU / ACRE","TOTAL","NOT SPECIFIED","150",""
"SURVEY","2013","YEAR","","COUNTY","MISSOURI","29","SOUTHWEST","70","LAWRENCE","109","","","00000000","","CORN","CORN, GRAIN - YIELD, MEASURED IN BU / ACRE","TOTAL","NOT SPECIFIED","88.3",""
"SURVEY","2013","YEAR","","COUNTY","MISSOURI","29","SOUTHWEST","70","OTHER (COMBINED) COUNTIES","","","","00000000","","CORN","CORN, GRAIN - YIELD, MEASURED IN BU / ACRE","TOTAL","NOT SPECIFIED","95.7",""
"SURVEY","2013","YEAR","","COUNTY","MISSOURI","29","WEST","40","CASS","037","","","00000000","","CORN","CORN, GRAIN - YIELD, MEASURED IN BU / ACRE","TOTAL","NOT SPECIFIED","107.4",""
"SURVEY","2013","YEAR","","COUNTY","MISSOURI","29","WEST","40","CEDAR","039","","","00000000","","CORN","CORN, GRAIN - YIELD, MEASURED IN BU / ACRE","TOTAL","NOT SPECIFIED","77.2",""
"SURVEY","2013","YEAR","","COUNTY","MISSOURI","29","WEST","40","HENRY","083","","","00000000","","CORN","CORN, GRAIN - YIELD, MEASURED IN BU / ACRE","TOTAL","NOT SPECIFIED","84.6",""
"SURVEY","2013","YEAR","","COUNTY","MISSOURI","29","WEST","40","JACKSON","095","","","00000000","","CORN","CORN, GRAIN - YIELD, MEASURED IN BU / ACRE","TOTAL","NOT SPECIFIED","142.3",""
"SURVEY","2013","YEAR","","COUNTY","MISSOURI","29","WEST","40","JOHNSON","101","","","00000000","","CORN","CORN, GRAIN - YIELD, MEASURED IN BU / ACRE","TOTAL","NOT SPECIFIED","124.6",""
"SURVEY","2013","YEAR","","COUNTY","MISSOURI","29","WEST","40","LAFAYETTE","107","","","00000000","","CORN","CORN, GRAIN - YIELD, MEASURED IN BU / ACRE","TOTAL","NOT SPECIFIED","161.5",""
"SURVEY","2013","YEAR","","COUNTY","MISSOURI","29","WEST","40","OTHER (COMBINED) COUNTIES","","","","00000000","","CORN","CORN, GRAIN - YIELD, MEASURED IN BU / ACRE","TOTAL","NOT SPECIFIED","82.6",""
"SURVEY","2013","YEAR","","COUNTY","MISSOURI","29","WEST","40","VERNON","217","","","00000000","","CORN","CORN, GRAIN - YIELD, MEASURED IN BU / ACRE","TOTAL","NOT SPECIFIED","93.5",""
"SURVEY","2013","YEAR","","COUNTY","WISCONSIN","55","CENTRAL","50","ADAMS","001","","","00000000","","CORN","CORN, GRAIN - YIELD, MEASURED IN BU / ACRE","TOTAL","NOT SPECIFIED","109.4",""
"SURVEY","2013","YEAR","","COUNTY","WISCONSIN","55","CENTRAL","50","GREEN LAKE","047","","","00000000","","CORN","CORN, GRAIN - YIELD, MEASURED IN BU / ACRE","TOTAL","NOT SPECIFIED","151.6",""
"SURVEY","2013","YEAR","","COUNTY","WISCONSIN","55","CENTRAL","50","JUNEAU","057","","","00000000","","CORN","CORN, GRAIN - YIELD, MEASURED IN BU / ACRE","TOTAL","NOT SPECIFIED","101.7",""
"SURVEY","2013","YEAR","","COUNTY","WISCONSIN","55","CENTRAL","50","MARQUETTE","077","","","00000000","","CORN","CORN, GRAIN - YIELD, MEASURED IN BU / ACRE","TOTAL","NOT SPECIFIED","110.3",""
"SURVEY","2013","YEAR","","COUNTY","WISCONSIN","55","CENTRAL","50","PORTAGE","097","","","00000000","","CORN","CORN, GRAIN - YIELD, MEASURED IN BU / ACRE","TOTAL","NOT SPECIFIED","135.7",""
"SURVEY","2013","YEAR","","COUNTY","WISCONSIN","55","CENTRAL","50","WAUPACA","135","","","00000000","","CORN","CORN, GRAIN - YIELD, MEASURED IN BU / ACRE","TOTAL","NOT SPECIFIED","151.4",""
"SURVEY","2013","YEAR","","COUNTY","WISCONSIN","55","CENTRAL","50","WAUSHARA","137","","","00000000","","CORN","CORN, GRAIN - YIELD, MEASURED IN BU / ACRE","TOTAL","NOT SPECIFIED","143.5",""
"SURVEY","2013","YEAR","","COUNTY","WISCONSIN","55","CENTRAL","50","WOOD","141","","","00000000","","CORN","CORN, GRAIN - YIELD, MEASURED IN BU / ACRE","TOTAL","NOT SPECIFIED","98.5",""
"SURVEY","2013","YEAR","","COUNTY","WISCONSIN","55","EAST CENTRAL","60","BROWN","009","","","00000000","","CORN","CORN, GRAIN - YIELD, MEASURED IN BU / ACRE","TOTAL","NOT SPECIFIED","149.5",""
"SURVEY","2013","YEAR","","COUNTY","WISCONSIN","55","EAST CENTRAL","60","CALUMET","015","","","00000000","","CORN","CORN, GRAIN - YIELD, MEASURED IN BU / ACRE","TOTAL","NOT SPECIFIED","140.2",""
"SURVEY","2013","YEAR","","COUNTY","WISCONSIN","55","EAST CENTRAL","60","DOOR","029","","","00000000","","CORN","CORN, GRAIN - YIELD, MEASURED IN BU / ACRE","TOTAL","NOT SPECIFIED","161.4",""
"SURVEY","2013","YEAR","","COUNTY","WISCONSIN","55","EAST CENTRAL","60","FOND DU LAC","039","","","00000000","","CORN","CORN, GRAIN - YIELD, MEASURED IN BU / ACRE","TOTAL","NOT SPECIFIED","166.8",""
"SURVEY","2013","YEAR","","COUNTY","WISCONSIN","55","EAST CENTRAL","60","KEWAUNEE","061","","","00000000","","CORN","CORN, GRAIN - YIELD, MEASURED IN BU / ACRE","TOTAL","NOT SPECIFIED","167.4",""
"SURVEY","2013","YEAR","","COUNTY","WISCONSIN","55","EAST CENTRAL","60","MANITOWOC","071","","","00000000","","CORN","CORN, GRAIN - YIELD, MEASURED IN BU / ACRE","TOTAL","NOT SPECIFIED","150.9",""
"SURVEY","2013","YEAR","","COUNTY","WISCONSIN","55","EAST CENTRAL","60","OUTAGAMIE","087","","","00000000","","CORN","CORN, GRAIN - YIELD, MEASURED IN BU / ACRE","TOTAL","NOT SPECIFIED","153.8",""
"SURVEY","2013","YEAR","","COUNTY","WISCONSIN","55","EAST CENTRAL","60","SHEBOYGAN","117","","","00000000","","CORN","CORN, GRAIN - YIELD, MEASURED IN BU / ACRE","TOTAL","NOT SPECIFIED","146.1",""
"SURVEY","2013","YEAR","","COUNTY","WISCONSIN","55","EAST CENTRAL","60","WINNEBAGO","139","","","00000000","","CORN","CORN, GRAIN - YIELD, MEASURED IN BU / ACRE","TOTAL","NOT SPECIFIED","155.6",""
"SURVEY","2013","YEAR","","COUNTY","WISCONSIN","55","NORTH CENTRAL","20","ASHLAND","003","","","00000000","","CORN","CORN, GRAIN - YIELD, MEASURED IN BU / ACRE","TOTAL","NOT SPECIFIED","115.7",""
"SURVEY","2013","YEAR","","COUNTY","WISCONSIN","55","NORTH CENTRAL","20","LINCOLN","069","","","00000000","","CORN","CORN, GRAIN - YIELD, MEASURED IN BU / ACRE","TOTAL","NOT SPECIFIED","134.8",""
"SURVEY","2013","YEAR","","COUNTY","WISCONSIN","55","NORTH CENTRAL","20","MARATHON","073","","","00000000","","CORN","CORN, GRAIN - YIELD, MEASURED IN BU / ACRE","TOTAL","NOT SPECIFIED","126.5",""
"SURVEY","2013","YEAR","","COUNTY","WISCONSIN","55","NORTH CENTRAL","20","OTHER (COMBINED) COUNTIES","","","","00000000","","CORN","CORN, GRAIN - YIELD, MEASURED IN BU / ACRE","TOTAL","NOT SPECIFIED","105.8",""
"SURVEY","2013","YEAR","","COUNTY","WISCONSIN","55","NORTH CENTRAL","20","PRICE","099","","","00000000","","CORN","CORN, GRAIN - YIELD, MEASURED IN BU / ACRE","TOTAL","NOT SPECIFIED","105.2",""
"SURVEY","2013","YEAR","","COUNTY","WISCONSIN","55","NORTHEAST","30","MARINETTE","075","","","00000000","","CORN","CORN, GRAIN - YIELD, MEASURED IN BU / ACRE","TOTAL","NOT SPECIFIED","145.2",""
"SURVEY","2013","YEAR","","COUNTY","WISCONSIN","55","NORTHEAST","30","OCONTO","083","","","00000000","","CORN","CORN, GRAIN - YIELD, MEASURED IN BU / ACRE","TOTAL","NOT SPECIFIED","154.4",""
"SURVEY","2013","YEAR","","COUNTY","WISCONSIN","55","NORTHEAST","30","OTHER (COMBINED) COUNTIES","","","","00000000","","CORN","CORN, GRAIN - YIELD, MEASURED IN BU / ACRE","TOTAL","NOT SPECIFIED","120.3",""
"SURVEY","2013","YEAR","","COUNTY","WISCONSIN","55","NORTHEAST","30","SHAWANO","115","","","00000000","","CORN","CORN, GRAIN - YIELD, MEASURED IN BU / ACRE","TOTAL","NOT SPECIFIED","152.6",""
"SURVEY","2013","YEAR","","COUNTY","WISCONSIN","55","NORTHWEST","10","BARRON","005","","","00000000","","CORN","CORN, GRAIN - YIELD, MEASURED IN BU / ACRE","TOTAL","NOT SPECIFIED","109.7",""
"SURVEY","2013","YEAR","","COUNTY","WISCONSIN","55","NORTHWEST","10","BURNETT","013","","","00000000","","CORN","CORN, GRAIN - YIELD, MEASURED IN BU / ACRE","TOTAL","NOT SPECIFIED","85.3",""
"SURVEY","2013","YEAR","","COUNTY","WISCONSIN","55","NORTHWEST","10","CHIPPEWA","017","","","00000000","","CORN","CORN, GRAIN - YIELD, MEASURED IN BU / ACRE","TOTAL","NOT SPECIFIED","101.9",""
"SURVEY","2013","YEAR","","COUNTY","WISCONSIN","55","NORTHWEST","10","OTHER (COMBINED) COUNTIES","","","","00000000","","CORN","CORN, GRAIN - YIELD, MEASURED IN BU / ACRE","TOTAL","NOT SPECIFIED","105.6",""
"SURVEY","2013","YEAR","","COUNTY","WISCONSIN","55","NORTHWEST","10","POLK","095","","","00000000","","CORN","CORN, GRAIN - YIELD, MEASURED IN BU / ACRE","TOTAL","NOT SPECIFIED","103",""
"SURVEY","2013","YEAR","","COUNTY","WISCONSIN","55","NORTHWEST","10","RUSK","107","","","00000000","","CORN","CORN, GRAIN - YIELD, MEASURED IN BU / ACRE","TOTAL","NOT SPECIFIED","106.4",""
"SURVEY","2013","YEAR","","COUNTY","WISCONSIN","55","NORTHWEST","10","SAWYER","113","","","00000000","","CORN","CORN, GRAIN - YIELD, MEASURED IN BU / ACRE","TOTAL","NOT SPECIFIED","115.6",""
"SURVEY","2013","YEAR","","COUNTY","WISCONSIN","55","NORTHWEST","10","WASHBURN","129","","","00000000","","CORN","CORN, GRAIN - YIELD, MEASURED IN BU / ACRE","TOTAL","NOT SPECIFIED","81.9",""
"SURVEY","2013","YEAR","","COUNTY","WISCONSIN","55","SOUTH CENTRAL","80","COLUMBIA","021","","","00000000","","CORN","CORN, GRAIN - YIELD, MEASURED IN BU / ACRE","TOTAL","NOT SPECIFIED","157.9",""
"SURVEY","2013","YEAR","","COUNTY","WISCONSIN","55","SOUTH CENTRAL","80","DANE","025","","","00000000","","CORN","CORN, GRAIN - YIELD, MEASURED IN BU / ACRE","TOTAL","NOT SPECIFIED","177.4",""
"SURVEY","2013","YEAR","","COUNTY","WISCONSIN","55","SOUTH CENTRAL","80","DODGE","027","","","00000000","","CORN","CORN, GRAIN - YIELD, MEASURED IN BU / ACRE","TOTAL","NOT SPECIFIED","163",""
"SURVEY","2013","YEAR","","COUNTY","WISCONSIN","55","SOUTH CENTRAL","80","GREEN","045","","","00000000","","CORN","CORN, GRAIN - YIELD, MEASURED IN BU / ACRE","TOTAL","NOT SPECIFIED","157.1",""
"SURVEY","2013","YEAR","","COUNTY","WISCONSIN","55","SOUTH CENTRAL","80","JEFFERSON","055","","","00000000","","CORN","CORN, GRAIN - YIELD, MEASURED IN BU / ACRE","TOTAL","NOT SPECIFIED","164.6",""
"SURVEY","2013","YEAR","","COUNTY","WISCONSIN","55","SOUTH CENTRAL","80","ROCK","105","","","00000000","","CORN","CORN, GRAIN - YIELD, MEASURED IN BU / ACRE","TOTAL","NOT SPECIFIED","168.4",""
"SURVEY","2013","YEAR","","COUNTY","WISCONSIN","55","SOUTHEAST","90","KENOSHA","059","","","00000000","","CORN","CORN, GRAIN - YIELD, MEASURED IN BU / ACRE","TOTAL","NOT SPECIFIED","157.7",""
"SURVEY","2013","YEAR","","COUNTY","WISCONSIN","55","SOUTHEAST","90","OTHER (COMBINED) COUNTIES","","","","00000000","","CORN","CORN, GRAIN - YIELD, MEASURED IN BU / ACRE","TOTAL","NOT SPECIFIED","139.4",""
"SURVEY","2013","YEAR","","COUNTY","WISCONSIN","55","SOUTHEAST","90","RACINE","101","","","00000000","","CORN","CORN, GRAIN - YIELD, MEASURED IN BU / ACRE","TOTAL","NOT SPECIFIED","162.8",""
"SURVEY","2013","YEAR","","COUNTY","WISCONSIN","55","SOUTHEAST","90","WALWORTH","127","","","00000000","","CORN","CORN, GRAIN - YIELD, MEASURED IN BU / ACRE","TOTAL","NOT SPECIFIED","161.3",""
"SURVEY","2013","YEAR","","COUNTY","WISCONSIN","55","SOUTHEAST","90","WASHINGTON","131","","","00000000","","CORN","CORN, GRAIN - YIELD, MEASURED IN BU / ACRE","TOTAL","NOT SPECIFIED","132.9",""
"SURVEY","2013","YEAR","","COUNTY","WISCONSIN","55","SOUTHEAST","90","WAUKESHA","133","","","00000000","","CORN","CORN, GRAIN - YIELD, MEASURED IN BU / ACRE","TOTAL","NOT SPECIFIED","153.3",""
"SURVEY","2013","YEAR","","COUNTY","WISCONSIN","55","SOUTHWEST","70","CRAWFORD","023","","","00000000","","CORN","CORN, GRAIN - YIELD, MEASURED IN BU / ACRE","TOTAL","NOT SPECIFIED","144.8",""
"SURVEY","2013","YEAR","","COUNTY","WISCONSIN","55","SOUTHWEST","70","GRANT","043","","","00000000","","CORN","CORN, GRAIN - YIELD, MEASURED IN BU / ACRE","TOTAL","NOT SPECIFIED","179.3",""
"SURVEY","2013","YEAR","","COUNTY","WISCONSIN","55","SOUTHWEST","70","IOWA","049","","","00000000","","CORN","CORN, GRAIN - YIELD, MEASURED IN BU / ACRE","TOTAL","NOT SPECIFIED","158.3",""
"SURVEY","2013","YEAR","","COUNTY","WISCONSIN","55","SOUTHWEST","70","LAFAYETTE","065","","","00000000","","CORN","CORN, GRAIN - YIELD, MEASURED IN BU / ACRE","TOTAL","NOT SPECIFIED","169.4",""
"SURVEY","2013","YEAR","","COUNTY","WISCONSIN","55","SOUTHWEST","70","RICHLAND","103","","","00000000","","CORN","CORN, GRAIN - YIELD, MEASURED IN BU / ACRE","TOTAL","NOT SPECIFIED","141.9",""
"SURVEY","2013","YEAR","","COUNTY","WISCONSIN","55","SOUTHWEST","70","SAUK","111","","","00000000","","CORN","CORN, GRAIN - YIELD, MEASURED IN BU / ACRE","TOTAL","NOT SPECIFIED","154.3",""
"SURVEY","2013","YEAR","","COUNTY","WISCONSIN","55","SOUTHWEST","70","VERNON","123","","","00000000","","CORN","CORN, GRAIN - YIELD, MEASURED IN BU / ACRE","TOTAL","NOT SPECIFIED","138.8",""
"SURVEY","2013","YEAR","","COUNTY","WISCONSIN","55","WEST CENTRAL","40","BUFFALO","011","","","00000000","","CORN","CORN, GRAIN - YIELD, MEASURED IN BU / ACRE","TOTAL","NOT SPECIFIED","141",""
"SURVEY","2013","YEAR","","COUNTY","WISCONSIN","55","WEST CENTRAL","40","DUNN","033","","","00000000","","CORN","CORN, GRAIN - YIELD, MEASURED IN BU / ACRE","TOTAL","NOT SPECIFIED","112.1",""
"SURVEY","2013","YEAR","","COUNTY","WISCONSIN","55","WEST CENTRAL","40","EAU CLAIRE","035","","","00000000","","CORN","CORN, GRAIN - YIELD, MEASURED IN BU / ACRE","TOTAL","NOT SPECIFIED","130",""
"SURVEY","2013","YEAR","","COUNTY","WISCONSIN","55","WEST CENTRAL","40","JACKSON","053","","","00000000","","CORN","CORN, GRAIN - YIELD, MEASURED IN BU / ACRE","TOTAL","NOT SPECIFIED","123.8",""
"SURVEY","2013","YEAR","","COUNTY","WISCONSIN","55","WEST CENTRAL","40","LA CROSSE","063","","","00000000","","CORN","CORN, GRAIN - YIELD, MEASURED IN BU / ACRE","TOTAL","NOT SPECIFIED","149.1",""
"SURVEY","2013","YEAR","","COUNTY","WISCONSIN","55","WEST CENTRAL","40","MONROE","081","","","00000000","","CORN","CORN, GRAIN - YIELD, MEASURED IN BU / ACRE","TOTAL","NOT SPECIFIED","121.4",""
"SURVEY","2013","YEAR","","COUNTY","WISCONSIN","55","WEST CENTRAL","40","PEPIN","091","","","00000000","","CORN","CORN, GRAIN - YIELD, MEASURED IN BU / ACRE","TOTAL","NOT SPECIFIED","134.8",""
"SURVEY","2013","YEAR","","COUNTY","WISCONSIN","55","WEST CENTRAL","40","PIERCE","093","","","00000000","","CORN","CORN, GRAIN - YIELD, MEASURED IN BU / ACRE","TOTAL","NOT SPECIFIED","140.3",""
"SURVEY","2013","YEAR","","COUNTY","WISCONSIN","55","WEST CENTRAL","40","ST CROIX","109","","","00000000","","CORN","CORN, GRAIN - YIELD, MEASURED IN BU / ACRE","TOTAL","NOT SPECIFIED","84.6",""
"SURVEY","2013","YEAR","","COUNTY","WISCONSIN","55","WEST CENTRAL","40","TREMPEALEAU","121","","","00000000","","CORN","CORN, GRAIN - YIELD, MEASURED IN BU / ACRE","TOTAL","NOT SPECIFIED","122.4",""
"SURVEY","2012","YEAR","","COUNTY","COLORADO","08","EAST CENTRAL","60","ADAMS","001","","","00000000","","CORN","CORN, GRAIN - YIELD, MEASURED IN BU / ACRE","TOTAL","NOT SPECIFIED","65",""
"SURVEY","2012","YEAR","","COUNTY","COLORADO","08","EAST CENTRAL","60","CHEYENNE","017","","","00000000","","CORN","CORN, GRAIN - YIELD, MEASURED IN BU / ACRE","TOTAL","NOT SPECIFIED","75.5",""
"SURVEY","2012","YEAR","","COUNTY","COLORADO","08","EAST CENTRAL","60","KIT CARSON","063","","","00000000","","CORN","CORN, GRAIN - YIELD, MEASURED IN BU / ACRE","TOTAL","NOT SPECIFIED","89.3",""
"SURVEY","2012","YEAR","","COUNTY","COLORADO","08","EAST CENTRAL","60","LINCOLN","073","","","00000000","","CORN","CORN, GRAIN - YIELD, MEASURED IN BU / ACRE","TOTAL","NOT SPECIFIED","27.5",""
"SURVEY","2012","YEAR","","COUNTY","COLORADO","08","EAST CENTRAL","60","OTHER (COMBINED) COUNTIES","","","","00000000","","CORN","CORN, GRAIN - YIELD, MEASURED IN BU / ACRE","TOTAL","NOT SPECIFIED","34.1",""
"SURVEY","2012","YEAR","","COUNTY","COLORADO","08","EAST CENTRAL","60","PHILLIPS","095","","","00000000","","CORN","CORN, GRAIN - YIELD, MEASURED IN BU / ACRE","TOTAL","NOT SPECIFIED","125.2",""
"SURVEY","2012","YEAR","","COUNTY","COLORADO","08","EAST CENTRAL","60","WASHINGTON","121","","","00000000","","CORN","CORN, GRAIN - YIELD, MEASURED IN BU / ACRE","TOTAL","NOT SPECIFIED","66.6",""
"SURVEY","2012","YEAR","","COUNTY","COLORADO","08","EAST CENTRAL","60","YUMA","125","","","00000000","","CORN","CORN, GRAIN - YIELD, MEASURED IN BU / ACRE","TOTAL","NOT SPECIFIED","189.3",""
"SURVEY","2012","YEAR","","COUNTY","COLORADO","08","NORTHEAST","20","LARIMER","069","","","00000000","","CORN","CORN, GRAIN - YIELD, MEASURED IN BU / ACRE","TOTAL","NOT SPECIFIED","133",""
"SURVEY","2012","YEAR","","COUNTY","COLORADO","08","NORTHEAST","20","LOGAN","075","","","00000000","","CORN","CORN, GRAIN - YIELD, MEASURED IN BU / ACRE","TOTAL","NOT SPECIFIED","130.1",""
"SURVEY","2012","YEAR","","COUNTY","COLORADO","08","NORTHEAST","20","MORGAN","087","","","00000000","","CORN","CORN, GRAIN - YIELD, MEASURED IN BU / ACRE","TOTAL","NOT SPECIFIED","180.7",""
"SURVEY","2012","YEAR","","COUNTY","COLORADO","08","NORTHEAST","20","OTHER (COMBINED) COUNTIES","","","","00000000","","CORN","CORN, GRAIN - YIELD, MEASURED IN BU / ACRE","TOTAL","NOT SPECIFIED","150.2",""
"SURVEY","2012","YEAR","","COUNTY","COLORADO","08","NORTHEAST","20","SEDGWICK","115","","","00000000","","CORN","CORN, GRAIN - YIELD, MEASURED IN BU / ACRE","TOTAL","NOT SPECIFIED","110.1",""
"SURVEY","2012","YEAR","","COUNTY","COLORADO","08","NORTHEAST","20","WELD","123","","","00000000","","CORN","CORN, GRAIN - YIELD, MEASURED IN BU / ACRE","TOTAL","NOT SPECIFIED","178.7",""
"SURVEY","2012","YEAR","","COUNTY","COLORADO","08","SOUTHEAST","90","BACA","009","","","00000000","","CORN","CORN, GRAIN - YIELD, MEASURED IN BU / ACRE","TOTAL","NOT SPECIFIED","138.2",""
"SURVEY","2012","YEAR","","COUNTY","COLORADO","08","SOUTHEAST","90","OTERO","089","","","00000000","","CORN","CORN, GRAIN - YIELD, MEASURED IN BU / ACRE","TOTAL","NOT SPECIFIED","148.1",""
"SURVEY","2012","YEAR","","COUNTY","COLORADO","08","SOUTHEAST","90","OTHER (COMBINED) COUNTIES","","","","00000000","","CORN","CORN, GRAIN - YIELD, MEASURED IN BU / ACRE","TOTAL","NOT SPECIFIED","96.7",""
"SURVEY","2012","YEAR","","COUNTY","COLORADO","08","SOUTHEAST","90","PROWERS","099","","","00000000","","CORN","CORN, GRAIN - YIELD, MEASURED IN BU / ACRE","TOTAL","NOT SPECIFIED","158.5",""
"SURVEY","2012","YEAR","","COUNTY","COLORADO","08","SOUTHEAST","90","PUEBLO","101","","","00000000","","CORN","CORN, GRAIN - YIELD, MEASURED IN BU / ACRE","TOTAL","NOT SPECIFIED","203.7",""
"SURVEY","2012","YEAR","","COUNTY","MISSOURI","29","CENTRAL","50","BENTON","015","","","00000000","","CORN","CORN, GRAIN - YIELD, MEASURED IN BU / ACRE","TOTAL","NOT SPECIFIED","43.4",""
"SURVEY","2012","YEAR","","COUNTY","MISSOURI","29","CENTRAL","50","BOONE","019","","","00000000","","CORN","CORN, GRAIN - YIELD, MEASURED IN BU / ACRE","TOTAL","NOT SPECIFIED","41.1",""
"SURVEY","2012","YEAR","","COUNTY","MISSOURI","29","CENTRAL","50","CALLAWAY","027","","","00000000","","CORN","CORN, GRAIN - YIELD, MEASURED IN BU / ACRE","TOTAL","NOT SPECIFIED","41.8",""
"SURVEY","2012","YEAR","","COUNTY","MISSOURI","29","CENTRAL","50","COLE","051","","","00000000","","CORN","CORN, GRAIN - YIELD, MEASURED IN BU / ACRE","TOTAL","NOT SPECIFIED","73.1",""
"SURVEY","2012","YEAR","","COUNTY","MISSOURI","29","CENTRAL","50","COOPER","053","","","00000000","","CORN","CORN, GRAIN - YIELD, MEASURED IN BU / ACRE","TOTAL","NOT SPECIFIED","57.2",""
"SURVEY","2012","YEAR","","COUNTY","MISSOURI","29","CENTRAL","50","HOWARD","089","","","00000000","","CORN","CORN, GRAIN - YIELD, MEASURED IN BU / ACRE","TOTAL","NOT SPECIFIED","81.3",""
"SURVEY","2012","YEAR","","COUNTY","MISSOURI","29","CENTRAL","50","LACLEDE","105","","","00000000","","CORN","CORN, GRAIN - YIELD, MEASURED IN BU / ACRE","TOTAL","NOT SPECIFIED","80.8",""
"SURVEY","2012","YEAR","","COUNTY","MISSOURI","29","CENTRAL","50","MARIES","125","","","00000000","","CORN","CORN, GRAIN - YIELD, MEASURED IN BU / ACRE","TOTAL","NOT SPECIFIED","45",""
"SURVEY","2012","YEAR","","COUNTY","MISSOURI","29","CENTRAL","50","MILLER","131","","","00000000","","CORN","CORN, GRAIN - YIELD, MEASURED IN BU / ACRE","TOTAL","NOT SPECIFIED","53.6",""
"SURVEY","2012","YEAR","","COUNTY","MISSOURI","29","CENTRAL","50","MONITEAU","135","","","00000000","","CORN","CORN, GRAIN - YIELD, MEASURED IN BU / ACRE","TOTAL","NOT SPECIFIED","43.9",""
"SURVEY","2012","YEAR","","COUNTY","MISSOURI","29","CENTRAL","50","MORGAN","141","","","00000000","","CORN","CORN, GRAIN - YIELD, MEASURED IN BU / ACRE","TOTAL","NOT SPECIFIED","40.5",""
"SURVEY","2012","YEAR","","COUNTY","MISSOURI","29","CENTRAL","50","OSAGE","151","","","00000000","","CORN","CORN, GRAIN - YIELD, MEASURED IN BU / ACRE","TOTAL","NOT SPECIFIED","78",""
"SURVEY","2012","YEAR","","COUNTY","MISSOURI","29","CENTRAL","50","OTHER (COMBINED) COUNTIES","","","","00000000","","CORN","CORN, GRAIN - YIELD, MEASURED IN BU / ACRE","TOTAL","NOT SPECIFIED","38.6",""
"SURVEY","2012","YEAR","","COUNTY","MISSOURI","29","CENTRAL","50","PETTIS","159","","","00000000","","CORN","CORN, GRAIN - YIELD, MEASURED IN BU / ACRE","TOTAL","NOT SPECIFIED","42.1",""
"SURVEY","2012","YEAR","","COUNTY","MISSOURI","29","CENTRAL","50","POLK","167","","","00000000","","CORN","CORN, GRAIN - YIELD, MEASURED IN BU / ACRE","TOTAL","NOT SPECIFIED","44",""
"SURVEY","2012","YEAR","","COUNTY","MISSOURI","29","CENTRAL","50","PULASKI","169","","","00000000","","CORN","CORN, GRAIN - YIELD, MEASURED IN BU / ACRE","TOTAL","NOT SPECIFIED","41.3",""
"SURVEY","2012","YEAR","","COUNTY","MISSOURI","29","CENTRAL","50","SALINE","195","","","00000000","","CORN","CORN, GRAIN - YIELD, MEASURED IN BU / ACRE","TOTAL","NOT SPECIFIED","84.3",""
"SURVEY","2012","YEAR","","COUNTY","MISSOURI","29","EAST","60","FRANKLIN","071","","","00000000","","CORN","CORN, GRAIN - YIELD, MEASURED IN BU / ACRE","TOTAL","NOT SPECIFIED","48.5",""
"SURVEY","2012","YEAR","","COUNTY","MISSOURI","29","EAST","60","GASCONADE","073","","","00000000","","CORN","CORN, GRAIN - YIELD, MEASURED IN BU / ACRE","TOTAL","NOT SPECIFIED","64",""
"SURVEY","2012","YEAR","","COUNTY","MISSOURI","29","EAST","60","JEFFERSON","099","","","00000000","","CORN","CORN, GRAIN - YIELD, MEASURED IN BU / ACRE","TOTAL","NOT SPECIFIED","44.7",""
"SURVEY","2012","YEAR","","COUNTY","MISSOURI","29","EAST","60","LINCOLN","113","","","00000000","","CORN","CORN, GRAIN - YIELD, MEASURED IN BU / ACRE","TOTAL","NOT SPECIFIED","44.8",""
"SURVEY","2012","YEAR","","COUNTY","MISSOURI","29","EAST","60","MONTGOMERY","139","","","00000000","","CORN","CORN, GRAIN - YIELD, MEASURED IN BU / ACRE","TOTAL","NOT SPECIFIED","31.1",""
"SURVEY","2012","YEAR","","COUNTY","MISSOURI","29","EAST","60","OTHER (COMBINED) COUNTIES","","","","00000000","","CORN","CORN, GRAIN - YIELD, MEASURED IN BU / ACRE","TOTAL","NOT SPECIFIED","30",""
"SURVEY","2012","YEAR","","COUNTY","MISSOURI","29","EAST","60","PERRY","157","","","00000000","","CORN","CORN, GRAIN - YIELD, MEASURED IN BU / ACRE","TOTAL","NOT SPECIFIED","60.7",""
"SURVEY","2012","YEAR","","COUNTY","MISSOURI","29","EAST","60","ST CHARLES","183","","","00000000","","CORN","CORN, GRAIN - YIELD, MEASURED IN BU / ACRE","TOTAL","NOT SPECIFIED","68.5",""
"SURVEY","2012","YEAR","","COUNTY","MISSOURI","29","EAST","60","ST FRANCOIS","187","","","00000000","","CORN","CORN, GRAIN - YIELD, MEASURED IN BU / ACRE","TOTAL","NOT SPECIFIED","68",""
"SURVEY","2012","YEAR","","COUNTY","MISSOURI","29","EAST","60","ST LOUIS","189","","","00000000","","CORN","CORN, GRAIN - YIELD, MEASURED IN BU / ACRE","TOTAL","NOT SPECIFIED","74.7",""
"SURVEY","2012","YEAR","","COUNTY","MISSOURI","29","EAST","60","STE GENEVIEVE","186","","","00000000","","CORN","CORN, GRAIN - YIELD, MEASURED IN BU / ACRE","TOTAL","NOT SPECIFIED","69.1",""
"SURVEY","2012","YEAR","","COUNTY","MISSOURI","29","EAST","60","WARREN","219","","","00000000","","CORN","CORN, GRAIN - YIELD, MEASURED IN BU / ACRE","TOTAL","NOT SPECIFIED","50",""
"SURVEY","2012","YEAR","","COUNTY","MISSOURI","29","NORTH CENTRAL","20","ADAIR","001","","","00000000","","CORN","CORN, GRAIN - YIELD, MEASURED IN BU / ACRE","TOTAL","NOT SPECIFIED","43.6",""
"SURVEY","2012","YEAR","","COUNTY","MISSOURI","29","NORTH CENTRAL","20","CARROLL","033","","","00000000","","CORN","CORN, GRAIN - YIELD, MEASURED IN BU / ACRE","TOTAL","NOT SPECIFIED","84.4",""
"SURVEY","2012","YEAR","","COUNTY","MISSOURI","29","NORTH CENTRAL","20","CHARITON","041","","","00000000","","CORN","CORN, GRAIN - YIELD, MEASURED IN BU / ACRE","TOTAL","NOT SPECIFIED","57.2",""
"SURVEY","2012","YEAR","","COUNTY","MISSOURI","29","NORTH CENTRAL","20","GRUNDY","079","","","00000000","","CORN","CORN, GRAIN - YIELD, MEASURED IN BU / ACRE","TOTAL","NOT SPECIFIED","60.5",""
"SURVEY","2012","YEAR","","COUNTY","MISSOURI","29","NORTH CENTRAL","20","LINN","115","","","00000000","","CORN","CORN, GRAIN - YIELD, MEASURED IN BU / ACRE","TOTAL","NOT SPECIFIED","51.3",""
"SURVEY","2012","YEAR","","COUNTY","MISSOURI","29","NORTH CENTRAL","20","LIVINGSTON","117","","","00000000","","CORN","CORN, GRAIN - YIELD, MEASURED IN BU / ACRE","TOTAL","NOT SPECIFIED","50.1",""
"SURVEY","2012","YEAR","","COUNTY","MISSOURI","29","NORTH CENTRAL","20","MACON","121","","","00000000","","CORN","CORN, GRAIN - YIELD, MEASURED IN BU / ACRE","TOTAL","NOT SPECIFIED","45.4",""
"SURVEY","2012","YEAR","","COUNTY","MISSOURI","29","NORTH CENTRAL","20","OTHER (COMBINED) COUNTIES","","","","00000000","","CORN","CORN, GRAIN - YIELD, MEASURED IN BU / ACRE","TOTAL","NOT SPECIFIED","46.1",""
"SURVEY","2012","YEAR","","COUNTY","MISSOURI","29","NORTH CENTRAL","20","PUTNAM","171","","","00000000","","CORN","CORN, GRAIN - YIELD, MEASURED IN BU / ACRE","TOTAL","NOT SPECIFIED","65.6",""
"SURVEY","2012","YEAR","","COUNTY","MISSOURI","29","NORTH CENTRAL","20","RANDOLPH","175","","","00000000","","CORN","CORN, GRAIN - YIELD, MEASURED IN BU / ACRE","TOTAL","NOT SPECIFIED","39.5",""
"SURVEY","2012","YEAR","","COUNTY","MISSOURI","29","NORTH CENTRAL","20","SULLIVAN","211","","","00000000","","CORN","CORN, GRAIN - YIELD, MEASURED IN BU / ACRE","TOTAL","NOT SPECIFIED","45.9",""
"SURVEY","2012","YEAR","","COUNTY","MISSOURI","29","NORTHEAST","30","AUDRAIN","007","","","00000000","","CORN","CORN, GRAIN - YIELD, MEASURED IN BU / ACRE","TOTAL","NOT SPECIFIED","33.4",""
"SURVEY","2012","YEAR","","COUNTY","MISSOURI","29","NORTHEAST","30","CLARK","045","","","00000000","","CORN","CORN, GRAIN - YIELD, MEASURED IN BU / ACRE","TOTAL","NOT SPECIFIED","68.6",""
"SURVEY","2012","YEAR","","COUNTY","MISSOURI","29","NORTHEAST","30","KNOX","103","","","00000000","","CORN","CORN, GRAIN - YIELD, MEASURED IN BU / ACRE","TOTAL","NOT SPECIFIED","40.6",""
"SURVEY","2012","YEAR","","COUNTY","MISSOURI","29","NORTHEAST","30","LEWIS","111","","","00000000","","CORN","CORN, GRAIN - YIELD, MEASURED IN BU / ACRE","TOTAL","NOT SPECIFIED","41",""
"SURVEY","2012","YEAR","","COUNTY","MISSOURI","29","NORTHEAST","30","MARION","127","","","00000000","","CORN","CORN, GRAIN - YIELD, MEASURED IN BU / ACRE","TOTAL","NOT SPECIFIED","66.7",""
"SURVEY","2012","YEAR","","COUNTY","MISSOURI","29","NORTHEAST","30","MONROE","137","","","00000000","","CORN","CORN, GRAIN - YIELD, MEASURED IN BU / ACRE","TOTAL","NOT SPECIFIED","22.3",""
"SURVEY","2012","YEAR","","COUNTY","MISSOURI","29","NORTHEAST","30","PIKE","163","","","00000000","","CORN","CORN, GRAIN - YIELD, MEASURED IN BU / ACRE","TOTAL","NOT SPECIFIED","43",""
"SURVEY","2012","YEAR","","COUNTY","MISSOURI","29","NORTHEAST","30","RALLS","173","","","00000000","","CORN","CORN, GRAIN - YIELD, MEASURED IN BU / ACRE","TOTAL","NOT SPECIFIED","40.7",""
"SURVEY","2012","YEAR","","COUNTY","MISSOURI","29","NORTHEAST","30","SCOTLAND","199","","","00000000","","CORN","CORN, GRAIN - YIELD, MEASURED IN BU / ACRE","TOTAL","NOT SPECIFIED","60.6",""
"SURVEY","2012","YEAR","","COUNTY","MISSOURI","29","NORTHEAST","30","SHELBY","205","","","00000000","","CORN","CORN, GRAIN - YIELD, MEASURED IN BU / ACRE","TOTAL","NOT SPECIFIED","35.5",""
"SURVEY","2012","YEAR","","COUNTY","MISSOURI","29","NORTHWEST","10","ANDREW","003","","","00000000","","CORN","CORN, GRAIN - YIELD, MEASURED IN BU / ACRE","TOTAL","NOT SPECIFIED","71",""
"SURVEY","2012","YEAR","","COUNTY","MISSOURI","29","NORTHWEST","10","ATCHISON","005","","","00000000","","CORN","CORN, GRAIN - YIELD, MEASURED IN BU / ACRE","TOTAL","NOT SPECIFIED","106",""
"SURVEY","2012","YEAR","","COUNTY","MISSOURI","29","NORTHWEST","10","BUCHANAN","021","","","00000000","","CORN","CORN, GRAIN - YIELD, MEASURED IN BU / ACRE","TOTAL","NOT SPECIFIED","112.3",""
"SURVEY","2012","YEAR","","COUNTY","MISSOURI","29","NORTHWEST","10","CALDWELL","025","","","00000000","","CORN","CORN, GRAIN - YIELD, MEASURED IN BU / ACRE","TOTAL","NOT SPECIFIED","41.1",""
"SURVEY","2012","YEAR","","COUNTY","MISSOURI","29","NORTHWEST","10","CLAY","047","","","00000000","","CORN","CORN, GRAIN - YIELD, MEASURED IN BU / ACRE","TOTAL","NOT SPECIFIED","86.7",""
"SURVEY","2012","YEAR","","COUNTY","MISSOURI","29","NORTHWEST","10","CLINTON","049","","","00000000","","CORN","CORN, GRAIN - YIELD, MEASURED IN BU / ACRE","TOTAL","NOT SPECIFIED","57.6",""
"SURVEY","2012","YEAR","","COUNTY","MISSOURI","29","NORTHWEST","10","DE KALB","063","","","00000000","","CORN","CORN, GRAIN - YIELD, MEASURED IN BU / ACRE","TOTAL","NOT SPECIFIED","56.4",""
"SURVEY","2012","YEAR","","COUNTY","MISSOURI","29","NORTHWEST","10","HARRISON","081","","","00000000","","CORN","CORN, GRAIN - YIELD, MEASURED IN BU / ACRE","TOTAL","NOT SPECIFIED","43.8",""
"SURVEY","2012","YEAR","","COUNTY","MISSOURI","29","NORTHWEST","10","HOLT","087","","","00000000","","CORN","CORN, GRAIN - YIELD, MEASURED IN BU / ACRE","TOTAL","NOT SPECIFIED","129.2",""
"SURVEY","2012","YEAR","","COUNTY","MISSOURI","29","NORTHWEST","10","NODAWAY","147","","","00000000","","CORN","CORN, GRAIN - YIELD, MEASURED IN BU / ACRE","TOTAL","NOT SPECIFIED","88.1",""
"SURVEY","2012","YEAR","","COUNTY","MISSOURI","29","NORTHWEST","10","OTHER (COMBINED) COUNTIES","","","","00000000","","CORN","CORN, GRAIN - YIELD, MEASURED IN BU / ACRE","TOTAL","NOT SPECIFIED","47.6",""
"SURVEY","2012","YEAR","","COUNTY","MISSOURI","29","NORTHWEST","10","PLATTE","165","","","00000000","","CORN","CORN, GRAIN - YIELD, MEASURED IN BU / ACRE","TOTAL","NOT SPECIFIED","83.7",""
"SURVEY","2012","YEAR","","COUNTY","MISSOURI","29","NORTHWEST","10","RAY","177","","","00000000","","CORN","CORN, GRAIN - YIELD, MEASURED IN BU / ACRE","TOTAL","NOT SPECIFIED","87.7",""
"SURVEY","2012","YEAR","","COUNTY","MISSOURI","29","NORTHWEST","10","WORTH","227","","","00000000","","CORN","CORN, GRAIN - YIELD, MEASURED IN BU / ACRE","TOTAL","NOT SPECIFIED","60.4",""
"SURVEY","2012","YEAR","","COUNTY","MISSOURI","29","SOUTH CENTRAL","80","BOLLINGER","017","","","00000000","","CORN","CORN, GRAIN - YIELD, MEASURED IN BU / ACRE","TOTAL","NOT SPECIFIED","107",""
"SURVEY","2012","YEAR","","COUNTY","MISSOURI","29","SOUTH CENTRAL","80","HOWELL","091","","","00000000","","CORN","CORN, GRAIN - YIELD, MEASURED IN BU / ACRE","TOTAL","NOT SPECIFIED","70.8",""
"SURVEY","2012","YEAR","","COUNTY","MISSOURI","29","SOUTH CENTRAL","80","OTHER (COMBINED) COUNTIES","","","","00000000","","CORN","CORN, GRAIN - YIELD, MEASURED IN BU / ACRE","TOTAL","NOT SPECIFIED","64.8",""
"SURVEY","2012","YEAR","","COUNTY","MISSOURI","29","SOUTH CENTRAL","80","WAYNE","223","","","00000000","","CORN","CORN, GRAIN - YIELD, MEASURED IN BU / ACRE","TOTAL","NOT SPECIFIED","53.8",""
"SURVEY","2012","YEAR","","COUNTY","MISSOURI","29","SOUTHEAST","90","BUTLER","023","","","00000000","","CORN","CORN, GRAIN - YIELD, MEASURED IN BU / ACRE","TOTAL","NOT SPECIFIED","156.9",""
"SURVEY","2012","YEAR","","COUNTY","MISSOURI","29","SOUTHEAST","90","CAPE GIRARDEAU","031","","","00000000","","CORN","CORN, GRAIN - YIELD, MEASURED IN BU / ACRE","TOTAL","NOT SPECIFIED","80.1",""
"SURVEY","2012","YEAR","","COUNTY","MISSOURI","29","SOUTHEAST","90","DUNKLIN","069","","","00000000","","CORN","CORN, GRAIN - YIELD, MEASURED IN BU / ACRE","TOTAL","NOT SPECIFIED","155.3",""
"SURVEY","2012","YEAR","","COUNTY","MISSOURI","29","SOUTHEAST","90","MISSISSIPPI","133","","","00000000","","CORN","CORN, GRAIN - YIELD, MEASURED IN BU / ACRE","TOTAL","NOT SPECIFIED","131.3",""
"SURVEY","2012","YEAR","","COUNTY","MISSOURI","29","SOUTHEAST","90","NEW MADRID","143","","","00000000","","CORN","CORN, GRAIN - YIELD, MEASURED IN BU / ACRE","TOTAL","NOT SPECIFIED","159.1",""
"SURVEY","2012","YEAR","","COUNTY","MISSOURI","29","SOUTHEAST","90","PEMISCOT","155","","","00000000","","CORN","CORN, GRAIN - YIELD, MEASURED IN BU / ACRE","TOTAL","NOT SPECIFIED","160.1",""
"SURVEY","2012","YEAR","","COUNTY","MISSOURI","29","SOUTHEAST","90","SCOTT","201","","","00000000","","CORN","CORN, GRAIN - YIELD, MEASURED IN BU / ACRE","TOTAL","NOT SPECIFIED","139.2",""
"SURVEY","2012","YEAR","","COUNTY","MISSOURI","29","SOUTHEAST","90","STODDARD","207","","","00000000","","CORN","CORN, GRAIN - YIELD, MEASURED IN BU / ACRE","TOTAL","NOT SPECIFIED","129.6",""
"SURVEY","2012","YEAR","","COUNTY","MISSOURI","29","SOUTHWEST","70","BARRY","009","","","00000000","","CORN","CORN, GRAIN - YIELD, MEASURED IN BU / ACRE","TOTAL","NOT SPECIFIED","86.5",""
"SURVEY","2012","YEAR","","COUNTY","MISSOURI","29","SOUTHWEST","70","BARTON","011","","","00000000","","CORN","CORN, GRAIN - YIELD, MEASURED IN BU / ACRE","TOTAL","NOT SPECIFIED","71.6",""
"SURVEY","2012","YEAR","","COUNTY","MISSOURI","29","SOUTHWEST","70","DADE","057","","","00000000","","CORN","CORN, GRAIN - YIELD, MEASURED IN BU / ACRE","TOTAL","NOT SPECIFIED","87.9",""
"SURVEY","2012","YEAR","","COUNTY","MISSOURI","29","SOUTHWEST","70","GREENE","077","","","00000000","","CORN","CORN, GRAIN - YIELD, MEASURED IN BU / ACRE","TOTAL","NOT SPECIFIED","67",""
"SURVEY","2012","YEAR","","COUNTY","MISSOURI","29","SOUTHWEST","70","JASPER","097","","","00000000","","CORN","CORN, GRAIN - YIELD, MEASURED IN BU / ACRE","TOTAL","NOT SPECIFIED","61.6",""
"SURVEY","2012","YEAR","","COUNTY","MISSOURI","29","SOUTHWEST","70","LAWRENCE","109","","","00000000","","CORN","CORN, GRAIN - YIELD, MEASURED IN BU / ACRE","TOTAL","NOT SPECIFIED","70.2",""
"SURVEY","2012","YEAR","","COUNTY","MISSOURI","29","SOUTHWEST","70","OTHER (COMBINED) COUNTIES","","","","00000000","","CORN","CORN, GRAIN - YIELD, MEASURED IN BU / ACRE","TOTAL","NOT SPECIFIED","36.2",""
"SURVEY","2012","YEAR","","COUNTY","MISSOURI","29","WEST","40","CASS","037","","","00000000","","CORN","CORN, GRAIN - YIELD, MEASURED IN BU / ACRE","TOTAL","NOT SPECIFIED","48.5",""
"SURVEY","2012","YEAR","","COUNTY","MISSOURI","29","WEST","40","HENRY","083","","","00000000","","CORN","CORN, GRAIN - YIELD, MEASURED IN BU / ACRE","TOTAL","NOT SPECIFIED","34.5",""
"SURVEY","2012","YEAR","","COUNTY","MISSOURI","29","WEST","40","JACKSON","095","","","00000000","","CORN","CORN, GRAIN - YIELD, MEASURED IN BU / ACRE","TOTAL","NOT SPECIFIED","75.2",""
"SURVEY","2012","YEAR","","COUNTY","MISSOURI","29","WEST","40","JOHNSON","101","","","00000000","","CORN","CORN, GRAIN - YIELD, MEASURED IN BU / ACRE","TOTAL","NOT SPECIFIED","56.6",""
"SURVEY","2012","YEAR","","COUNTY","MISSOURI","29","WEST","40","LAFAYETTE","107","","","00000000","","CORN","CORN, GRAIN - YIELD, MEASURED IN BU / ACRE","TOTAL","NOT SPECIFIED","80.1",""
"SURVEY","2012","YEAR","","COUNTY","MISSOURI","29","WEST","40","OTHER (COMBINED) COUNTIES","","","","00000000","","CORN","CORN, GRAIN - YIELD, MEASURED IN BU / ACRE","TOTAL","NOT SPECIFIED","51.5",""
"SURVEY","2012","YEAR","","COUNTY","MISSOURI","29","WEST","40","ST CLAIR","185","","","00000000","","CORN","CORN, GRAIN - YIELD, MEASURED IN BU / ACRE","TOTAL","NOT SPECIFIED","45",""
"SURVEY","2012","YEAR","","COUNTY","MISSOURI","29","WEST","40","VERNON","217","","","00000000","","CORN","CORN, GRAIN - YIELD, MEASURED IN BU / ACRE","TOTAL","NOT SPECIFIED","67.7",""
"SURVEY","2012","YEAR","","COUNTY","WISCONSIN","55","CENTRAL","50","ADAMS","001","","","00000000","","CORN","CORN, GRAIN - YIELD, MEASURED IN BU / ACRE","TOTAL","NOT SPECIFIED","104.3",""
"SURVEY","2012","YEAR","","COUNTY","WISCONSIN","55","CENTRAL","50","GREEN LAKE","047","","","00000000","","CORN","CORN, GRAIN - YIELD, MEASURED IN BU / ACRE","TOTAL","NOT SPECIFIED","97.3",""
"SURVEY","2012","YEAR","","COUNTY","WISCONSIN","55","CENTRAL","50","JUNEAU","057","","","00000000","","CORN","CORN, GRAIN - YIELD, MEASURED IN BU / ACRE","TOTAL","NOT SPECIFIED","105.6",""
"SURVEY","2012","YEAR","","COUNTY","WISCONSIN","55","CENTRAL","50","MARQUETTE","077","","","00000000","","CORN","CORN, GRAIN - YIELD, MEASURED IN BU / ACRE","TOTAL","NOT SPECIFIED","60",""
"SURVEY","2012","YEAR","","COUNTY","WISCONSIN","55","CENTRAL","50","PORTAGE","097","","","00000000","","CORN","CORN, GRAIN - YIELD, MEASURED IN BU / ACRE","TOTAL","NOT SPECIFIED","118.4",""
"SURVEY","2012","YEAR","","COUNTY","WISCONSIN","55","CENTRAL","50","WAUPACA","135","","","00000000","","CORN","CORN, GRAIN - YIELD, MEASURED IN BU / ACRE","TOTAL","NOT SPECIFIED","128.5",""
"SURVEY","2012","YEAR","","COUNTY","WISCONSIN","55","CENTRAL","50","WAUSHARA","137","","","00000000","","CORN","CORN, GRAIN - YIELD, MEASURED IN BU / ACRE","TOTAL","NOT SPECIFIED","118.1",""
"SURVEY","2012","YEAR","","COUNTY","WISCONSIN","55","CENTRAL","50","WOOD","141","","","00000000","","CORN","CORN, GRAIN - YIELD, MEASURED IN BU / ACRE","TOTAL","NOT SPECIFIED","109.6",""
"SURVEY","2012","YEAR","","COUNTY","WISCONSIN","55","EAST CENTRAL","60","BROWN","009","","","00000000","","CORN","CORN, GRAIN - YIELD, MEASURED IN BU / ACRE","TOTAL","NOT SPECIFIED","144.6",""
"SURVEY","2012","YEAR","","COUNTY","WISCONSIN","55","EAST CENTRAL","60","CALUMET","015","","","00000000","","CORN","CORN, GRAIN - YIELD, MEASURED IN BU / ACRE","TOTAL","NOT SPECIFIED","151.2",""
"SURVEY","2012","YEAR","","COUNTY","WISCONSIN","55","EAST CENTRAL","60","DOOR","029","","","00000000","","CORN","CORN, GRAIN - YIELD, MEASURED IN BU / ACRE","TOTAL","NOT SPECIFIED","119.6",""
"SURVEY","2012","YEAR","","COUNTY","WISCONSIN","55","EAST CENTRAL","60","FOND DU LAC","039","","","00000000","","CORN","CORN, GRAIN - YIELD, MEASURED IN BU / ACRE","TOTAL","NOT SPECIFIED","120.4",""
"SURVEY","2012","YEAR","","COUNTY","WISCONSIN","55","EAST CENTRAL","60","KEWAUNEE","061","","","00000000","","CORN","CORN, GRAIN - YIELD, MEASURED IN BU / ACRE","TOTAL","NOT SPECIFIED","142.5",""
"SURVEY","2012","YEAR","","COUNTY","WISCONSIN","55","EAST CENTRAL","60","MANITOWOC","071","","","00000000","","CORN","CORN, GRAIN - YIELD, MEASURED IN BU / ACRE","TOTAL","NOT SPECIFIED","148.5",""
"SURVEY","2012","YEAR","","COUNTY","WISCONSIN","55","EAST CENTRAL","60","OUTAGAMIE","087","","","00000000","","CORN","CORN, GRAIN - YIELD, MEASURED IN BU / ACRE","TOTAL","NOT SPECIFIED","154.3",""
"SURVEY","2012","YEAR","","COUNTY","WISCONSIN","55","EAST CENTRAL","60","SHEBOYGAN","117","","","00000000","","CORN","CORN, GRAIN - YIELD, MEASURED IN BU / ACRE","TOTAL","NOT SPECIFIED","135.9",""
"SURVEY","2012","YEAR","","COUNTY","WISCONSIN","55","EAST CENTRAL","60","WINNEBAGO","139","","","00000000","","CORN","CORN, GRAIN - YIELD, MEASURED IN BU / ACRE","TOTAL","NOT SPECIFIED","109.8",""
"SURVEY","2012","YEAR","","COUNTY","WISCONSIN","55","NORTH CENTRAL","20","ASHLAND","003","","","00000000","","CORN","CORN, GRAIN - YIELD, MEASURED IN BU / ACRE","TOTAL","NOT SPECIFIED","100",""
"SURVEY","2012","YEAR","","COUNTY","WISCONSIN","55","NORTH CENTRAL","20","CLARK","019","","","00000000","","CORN","CORN, GRAIN - YIELD, MEASURED IN BU / ACRE","TOTAL","NOT SPECIFIED","120.7",""
"SURVEY","2012","YEAR","","COUNTY","WISCONSIN","55","NORTH CENTRAL","20","LINCOLN","069","","","00000000","","CORN","CORN, GRAIN - YIELD, MEASURED IN BU / ACRE","TOTAL","NOT SPECIFIED","116",""
"SURVEY","2012","YEAR","","COUNTY","WISCONSIN","55","NORTH CENTRAL","20","MARATHON","073","","","00000000","","CORN","CORN, GRAIN - YIELD, MEASURED IN BU / ACRE","TOTAL","NOT SPECIFIED","111.8",""
"SURVEY","2012","YEAR","","COUNTY","WISCONSIN","55","NORTH CENTRAL","20","OTHER (COMBINED) COUNTIES","","","","00000000","","CORN","CORN, GRAIN - YIELD, MEASURED IN BU / ACRE","TOTAL","NOT SPECIFIED","98.4",""
"SURVEY","2012","YEAR","","COUNTY","WISCONSIN","55","NORTH CENTRAL","20","TAYLOR","119","","","00000000","","CORN","CORN, GRAIN - YIELD, MEASURED IN BU / ACRE","TOTAL","NOT SPECIFIED","114.5",""
"SURVEY","2012","YEAR","","COUNTY","WISCONSIN","55","NORTHEAST","30","LANGLADE","067","","","00000000","","CORN","CORN, GRAIN - YIELD, MEASURED IN BU / ACRE","TOTAL","NOT SPECIFIED","127.9",""
"SURVEY","2012","YEAR","","COUNTY","WISCONSIN","55","NORTHEAST","30","MARINETTE","075","","","00000000","","CORN","CORN, GRAIN - YIELD, MEASURED IN BU / ACRE","TOTAL","NOT SPECIFIED","130.6",""
"SURVEY","2012","YEAR","","COUNTY","WISCONSIN","55","NORTHEAST","30","OCONTO","083","","","00000000","","CORN","CORN, GRAIN - YIELD, MEASURED IN BU / ACRE","TOTAL","NOT SPECIFIED","156.7",""
"SURVEY","2012","YEAR","","COUNTY","WISCONSIN","55","NORTHEAST","30","OTHER (COMBINED) COUNTIES","","","","00000000","","CORN","CORN, GRAIN - YIELD, MEASURED IN BU / ACRE","TOTAL","NOT SPECIFIED","137.5",""
"SURVEY","2012","YEAR","","COUNTY","WISCONSIN","55","NORTHEAST","30","SHAWANO","115","","","00000000","","CORN","CORN, GRAIN - YIELD, MEASURED IN BU / ACRE","TOTAL","NOT SPECIFIED","153.1",""
"SURVEY","2012","YEAR","","COUNTY","WISCONSIN","55","NORTHWEST","10","BARRON","005","","","00000000","","CORN","CORN, GRAIN - YIELD, MEASURED IN BU / ACRE","TOTAL","NOT SPECIFIED","135.8",""
"SURVEY","2012","YEAR","","COUNTY","WISCONSIN","55","NORTHWEST","10","BURNETT","013","","","00000000","","CORN","CORN, GRAIN - YIELD, MEASURED IN BU / ACRE","TOTAL","NOT SPECIFIED","108.1",""
"SURVEY","2012","YEAR","","COUNTY","WISCONSIN","55","NORTHWEST","10","CHIPPEWA","017","","","00000000","","CORN","CORN, GRAIN - YIELD, MEASURED IN BU / ACRE","TOTAL","NOT SPECIFIED","109.2",""
"SURVEY","2012","YEAR","","COUNTY","WISCONSIN","55","NORTHWEST","10","OTHER (COMBINED) COUNTIES","","","","00000000","","CORN","CORN, GRAIN - YIELD, MEASURED IN BU / ACRE","TOTAL","NOT SPECIFIED","100",""
"SURVEY","2012","YEAR","","COUNTY","WISCONSIN","55","NORTHWEST","10","POLK","095","","","00000000","","CORN","CORN, GRAIN - YIELD, MEASURED IN BU / ACRE","TOTAL","NOT SPECIFIED","141.1",""
"SURVEY","2012","YEAR","","COUNTY","WISCONSIN","55","NORTHWEST","10","RUSK","107","","","00000000","","CORN","CORN, GRAIN - YIELD, MEASURED IN BU / ACRE","TOTAL","NOT SPECIFIED","107.7",""
"SURVEY","2012","YEAR","","COUNTY","WISCONSIN","55","NORTHWEST","10","SAWYER","113","","","00000000","","CORN","CORN, GRAIN - YIELD, MEASURED IN BU / ACRE","TOTAL","NOT SPECIFIED","140.4",""
"SURVEY","2012","YEAR","","COUNTY","WISCONSIN","55","NORTHWEST","10","WASHBURN","129","","","00000000","","CORN","CORN, GRAIN - YIELD, MEASURED IN BU / ACRE","TOTAL","NOT SPECIFIED","125.9",""
"SURVEY","2012","YEAR","","COUNTY","WISCONSIN","55","SOUTH CENTRAL","80","COLUMBIA","021","","","00000000","","CORN","CORN, GRAIN - YIELD, MEASURED IN BU / ACRE","TOTAL","NOT SPECIFIED","109.7",""
"SURVEY","2012","YEAR","","COUNTY","WISCONSIN","55","SOUTH CENTRAL","80","DANE","025","","","00000000","","CORN","CORN, GRAIN - YIELD, MEASURED IN BU / ACRE","TOTAL","NOT SPECIFIED","110.9",""
"SURVEY","2012","YEAR","","COUNTY","WISCONSIN","55","SOUTH CENTRAL","80","DODGE","027","","","00000000","","CORN","CORN, GRAIN - YIELD, MEASURED IN BU / ACRE","TOTAL","NOT SPECIFIED","140.1",""
"SURVEY","2012","YEAR","","COUNTY","WISCONSIN","55","SOUTH CENTRAL","80","GREEN","045","","","00000000","","CORN","CORN, GRAIN - YIELD, MEASURED IN BU / ACRE","TOTAL","NOT SPECIFIED","76",""
"SURVEY","2012","YEAR","","COUNTY","WISCONSIN","55","SOUTH CENTRAL","80","JEFFERSON","055","","","00000000","","CORN","CORN, GRAIN - YIELD, MEASURED IN BU / ACRE","TOTAL","NOT SPECIFIED","114.5",""
"SURVEY","2012","YEAR","","COUNTY","WISCONSIN","55","SOUTH CENTRAL","80","ROCK","105","","","00000000","","CORN","CORN, GRAIN - YIELD, MEASURED IN BU / ACRE","TOTAL","NOT SPECIFIED","101.7",""
"SURVEY","2012","YEAR","","COUNTY","WISCONSIN","55","SOUTHEAST","90","KENOSHA","059","","","00000000","","CORN","CORN, GRAIN - YIELD, MEASURED IN BU / ACRE","TOTAL","NOT SPECIFIED","127.3",""
"SURVEY","2012","YEAR","","COUNTY","WISCONSIN","55","SOUTHEAST","90","MILWAUKEE","079","","","00000000","","CORN","CORN, GRAIN - YIELD, MEASURED IN BU / ACRE","TOTAL","NOT SPECIFIED","125",""
"SURVEY","2012","YEAR","","COUNTY","WISCONSIN","55","SOUTHEAST","90","OZAUKEE","089","","","00000000","","CORN","CORN, GRAIN - YIELD, MEASURED IN BU / ACRE","TOTAL","NOT SPECIFIED","132.5",""
"SURVEY","2012","YEAR","","COUNTY","WISCONSIN","55","SOUTHEAST","90","RACINE","101","","","00000000","","CORN","CORN, GRAIN - YIELD, MEASURED IN BU / ACRE","TOTAL","NOT SPECIFIED","132.2",""
"SURVEY","2012","YEAR","","COUNTY","WISCONSIN","55","SOUTHEAST","90","WALWORTH","127","","","00000000","","CORN","CORN, GRAIN - YIELD, MEASURED IN BU / ACRE","TOTAL","NOT SPECIFIED","102",""
"SURVEY","2012","YEAR","","COUNTY","WISCONSIN","55","SOUTHEAST","90","WASHINGTON","131","","","00000000","","CORN","CORN, GRAIN - YIELD, MEASURED IN BU / ACRE","TOTAL","NOT SPECIFIED","93.7",""
"SURVEY","2012","YEAR","","COUNTY","WISCONSIN","55","SOUTHEAST","90","WAUKESHA","133","","","00000000","","CORN","CORN, GRAIN - YIELD, MEASURED IN BU / ACRE","TOTAL","NOT SPECIFIED","96.7",""
"SURVEY","2012","YEAR","","COUNTY","WISCONSIN","55","SOUTHWEST","70","CRAWFORD","023","","","00000000","","CORN","CORN, GRAIN - YIELD, MEASURED IN BU / ACRE","TOTAL","NOT SPECIFIED","126.8",""
"SURVEY","2012","YEAR","","COUNTY","WISCONSIN","55","SOUTHWEST","70","GRANT","043","","","00000000","","CORN","CORN, GRAIN - YIELD, MEASURED IN BU / ACRE","TOTAL","NOT SPECIFIED","104.7",""
"SURVEY","2012","YEAR","","COUNTY","WISCONSIN","55","SOUTHWEST","70","IOWA","049","","","00000000","","CORN","CORN, GRAIN - YIELD, MEASURED IN BU / ACRE","TOTAL","NOT SPECIFIED","87.7",""
"SURVEY","2012","YEAR","","COUNTY","WISCONSIN","55","SOUTHWEST","70","LAFAYETTE","065","","","00000000","","CORN","CORN, GRAIN - YIELD, MEASURED IN BU / ACRE","TOTAL","NOT SPECIFIED","77.6",""
"SURVEY","2012","YEAR","","COUNTY","WISCONSIN","55","SOUTHWEST","70","RICHLAND","103","","","00000000","","CORN","CORN, GRAIN - YIELD, MEASURED IN BU / ACRE","TOTAL","NOT SPECIFIED","110",""
"SURVEY","2012","YEAR","","COUNTY","WISCONSIN","55","SOUTHWEST","70","SAUK","111","","","00000000","","CORN","CORN, GRAIN - YIELD, MEASURED IN BU / ACRE","TOTAL","NOT SPECIFIED","113",""
"SURVEY","2012","YEAR","","COUNTY","WISCONSIN","55","SOUTHWEST","70","VERNON","123","","","00000000","","CORN","CORN, GRAIN - YIELD, MEASURED IN BU / ACRE","TOTAL","NOT SPECIFIED","127.4",""
"SURVEY","2012","YEAR","","COUNTY","WISCONSIN","55","WEST CENTRAL","40","BUFFALO","011","","","00000000","","CORN","CORN, GRAIN - YIELD, MEASURED IN BU / ACRE","TOTAL","NOT SPECIFIED","146.1",""
"SURVEY","2012","YEAR","","COUNTY","WISCONSIN","55","WEST CENTRAL","40","DUNN","033","","","00000000","","CORN","CORN, GRAIN - YIELD, MEASURED IN BU / ACRE","TOTAL","NOT SPECIFIED","135.8",""
"SURVEY","2012","YEAR","","COUNTY","WISCONSIN","55","WEST CENTRAL","40","EAU CLAIRE","035","","","00000000","","CORN","CORN, GRAIN - YIELD, MEASURED IN BU / ACRE","TOTAL","NOT SPECIFIED","116",""
"SURVEY","2012","YEAR","","COUNTY","WISCONSIN","55","WEST CENTRAL","40","JACKSON","053","","","00000000","","CORN","CORN, GRAIN - YIELD, MEASURED IN BU / ACRE","TOTAL","NOT SPECIFIED","116.1",""
"SURVEY","2012","YEAR","","COUNTY","WISCONSIN","55","WEST CENTRAL","40","LA CROSSE","063","","","00000000","","CORN","CORN, GRAIN - YIELD, MEASURED IN BU / ACRE","TOTAL","NOT SPECIFIED","137.1",""
"SURVEY","2012","YEAR","","COUNTY","WISCONSIN","55","WEST CENTRAL","40","MONROE","081","","","00000000","","CORN","CORN, GRAIN - YIELD, MEASURED IN BU / ACRE","TOTAL","NOT SPECIFIED","122.6",""
"SURVEY","2012","YEAR","","COUNTY","WISCONSIN","55","WEST CENTRAL","40","PEPIN","091","","","00000000","","CORN","CORN, GRAIN - YIELD, MEASURED IN BU / ACRE","TOTAL","NOT SPECIFIED","144.9",""
"SURVEY","2012","YEAR","","COUNTY","WISCONSIN","55","WEST CENTRAL","40","PIERCE","093","","","00000000","","CORN","CORN, GRAIN - YIELD, MEASURED IN BU / ACRE","TOTAL","NOT SPECIFIED","167.1",""
"SURVEY","2012","YEAR","","COUNTY","WISCONSIN","55","WEST CENTRAL","40","ST CROIX","109","","","00000000","","CORN","CORN, GRAIN - YIELD, MEASURED IN BU / ACRE","TOTAL","NOT SPECIFIED","164.5",""
"SURVEY","2012","YEAR","","COUNTY","WISCONSIN","55","WEST CENTRAL","40","TREMPEALEAU","121","","","00000000","","CORN","CORN, GRAIN - YIELD, MEASURED IN BU / ACRE","TOTAL","NOT SPECIFIED","126.8",""
"SURVEY","2011","YEAR","","COUNTY","COLORADO","08","EAST CENTRAL","60","ADAMS","001","","","00000000","","CORN","CORN, GRAIN - YIELD, MEASURED IN BU / ACRE","TOTAL","NOT SPECIFIED","72.7",""
"SURVEY","2011","YEAR","","COUNTY","COLORADO","08","EAST CENTRAL","60","CHEYENNE","017","","","00000000","","CORN","CORN, GRAIN - YIELD, MEASURED IN BU / ACRE","TOTAL","NOT SPECIFIED","92.2",""
"SURVEY","2011","YEAR","","COUNTY","COLORADO","08","EAST CENTRAL","60","ELBERT","039","","","00000000","","CORN","CORN, GRAIN - YIELD, MEASURED IN BU / ACRE","TOTAL","NOT SPECIFIED","55.9",""
"SURVEY","2011","YEAR","","COUNTY","COLORADO","08","EAST CENTRAL","60","KIOWA","061","","","00000000","","CORN","CORN, GRAIN - YIELD, MEASURED IN BU / ACRE","TOTAL","NOT SPECIFIED","64.7",""
"SURVEY","2011","YEAR","","COUNTY","COLORADO","08","EAST CENTRAL","60","KIT CARSON","063","","","00000000","","CORN","CORN, GRAIN - YIELD, MEASURED IN BU / ACRE","TOTAL","NOT SPECIFIED","110.8",""
"SURVEY","2011","YEAR","","COUNTY","COLORADO","08","EAST CENTRAL","60","LINCOLN","073","","","00000000","","CORN","CORN, GRAIN - YIELD, MEASURED IN BU / ACRE","TOTAL","NOT SPECIFIED","46.6",""
"SURVEY","2011","YEAR","","COUNTY","COLORADO","08","EAST CENTRAL","60","OTHER (COMBINED) COUNTIES","","","","00000000","","CORN","CORN, GRAIN - YIELD, MEASURED IN BU / ACRE","TOTAL","NOT SPECIFIED","50.4",""
"SURVEY","2011","YEAR","","COUNTY","COLORADO","08","EAST CENTRAL","60","PHILLIPS","095","","","00000000","","CORN","CORN, GRAIN - YIELD, MEASURED IN BU / ACRE","TOTAL","NOT SPECIFIED","135",""
"SURVEY","2011","YEAR","","COUNTY","COLORADO","08","EAST CENTRAL","60","WASHINGTON","121","","","00000000","","CORN","CORN, GRAIN - YIELD, MEASURED IN BU / ACRE","TOTAL","NOT SPECIFIED","79.8",""
"SURVEY","2011","YEAR","","COUNTY","COLORADO","08","EAST CENTRAL","60","YUMA","125","","","00000000","","CORN","CORN, GRAIN - YIELD, MEASURED IN BU / ACRE","TOTAL","NOT SPECIFIED","177.5",""
"SURVEY","2011","YEAR","","COUNTY","COLORADO","08","NORTHEAST","20","BOULDER","013","","","00000000","","CORN","CORN, GRAIN - YIELD, MEASURED IN BU / ACRE","TOTAL","NOT SPECIFIED","173.3",""
"SURVEY","2011","YEAR","","COUNTY","COLORADO","08","NORTHEAST","20","LOGAN","075","","","00000000","","CORN","CORN, GRAIN - YIELD, MEASURED IN BU / ACRE","TOTAL","NOT SPECIFIED","134.6",""
"SURVEY","2011","YEAR","","COUNTY","COLORADO","08","NORTHEAST","20","MORGAN","087","","","00000000","","CORN","CORN, GRAIN - YIELD, MEASURED IN BU / ACRE","TOTAL","NOT SPECIFIED","163.1",""
"SURVEY","2011","YEAR","","COUNTY","COLORADO","08","NORTHEAST","20","OTHER (COMBINED) COUNTIES","","","","00000000","","CORN","CORN, GRAIN - YIELD, MEASURED IN BU / ACRE","TOTAL","NOT SPECIFIED","143.1",""
"SURVEY","2011","YEAR","","COUNTY","COLORADO","08","NORTHEAST","20","SEDGWICK","115","","","00000000","","CORN","CORN, GRAIN - YIELD, MEASURED IN BU / ACRE","TOTAL","NOT SPECIFIED","132",""
"SURVEY","2011","YEAR","","COUNTY","COLORADO","08","NORTHEAST","20","WELD","123","","","00000000","","CORN","CORN, GRAIN - YIELD, MEASURED IN BU / ACRE","TOTAL","NOT SPECIFIED","183.6",""
"SURVEY","2011","YEAR","","COUNTY","COLORADO","08","SOUTHEAST","90","BENT","011","","","00000000","","CORN","CORN, GRAIN - YIELD, MEASURED IN BU / ACRE","TOTAL","NOT SPECIFIED","144",""
"SURVEY","2011","YEAR","","COUNTY","COLORADO","08","SOUTHEAST","90","OTERO","089","","","00000000","","CORN","CORN, GRAIN - YIELD, MEASURED IN BU / ACRE","TOTAL","NOT SPECIFIED","174.8",""
"SURVEY","2011","YEAR","","COUNTY","COLORADO","08","SOUTHEAST","90","OTHER (COMBINED) COUNTIES","","","","00000000","","CORN","CORN, GRAIN - YIELD, MEASURED IN BU / ACRE","TOTAL","NOT SPECIFIED","119.3",""
"SURVEY","2011","YEAR","","COUNTY","COLORADO","08","SOUTHEAST","90","PROWERS","099","","","00000000","","CORN","CORN, GRAIN - YIELD, MEASURED IN BU / ACRE","TOTAL","NOT SPECIFIED","128.4",""
"SURVEY","2011","YEAR","","COUNTY","COLORADO","08","SOUTHEAST","90","PUEBLO","101","","","00000000","","CORN","CORN, GRAIN - YIELD, MEASURED IN BU / ACRE","TOTAL","NOT SPECIFIED","191.2",""
"SURVEY","2011","YEAR","","COUNTY","MISSOURI","29","CENTRAL","50","BENTON","015","","","00000000","","CORN","CORN, GRAIN - YIELD, MEASURED IN BU / ACRE","TOTAL","NOT SPECIFIED","83.5",""
"SURVEY","2011","YEAR","","COUNTY","MISSOURI","29","CENTRAL","50","BOONE","019","","","00000000","","CORN","CORN, GRAIN - YIELD, MEASURED IN BU / ACRE","TOTAL","NOT SPECIFIED","94.2",""
"SURVEY","2011","YEAR","","COUNTY","MISSOURI","29","CENTRAL","50","CALLAWAY","027","","","00000000","","CORN","CORN, GRAIN - YIELD, MEASURED IN BU / ACRE","TOTAL","NOT SPECIFIED","127.4",""
"SURVEY","2011","YEAR","","COUNTY","MISSOURI","29","CENTRAL","50","COLE","051","","","00000000","","CORN","CORN, GRAIN - YIELD, MEASURED IN BU / ACRE","TOTAL","NOT SPECIFIED","136.5",""
"SURVEY","2011","YEAR","","COUNTY","MISSOURI","29","CENTRAL","50","COOPER","053","","","00000000","","CORN","CORN, GRAIN - YIELD, MEASURED IN BU / ACRE","TOTAL","NOT SPECIFIED","87",""
"SURVEY","2011","YEAR","","COUNTY","MISSOURI","29","CENTRAL","50","DALLAS","059","","","00000000","","CORN","CORN, GRAIN - YIELD, MEASURED IN BU / ACRE","TOTAL","NOT SPECIFIED","42.5",""
"SURVEY","2011","YEAR","","COUNTY","MISSOURI","29","CENTRAL","50","HOWARD","089","","","00000000","","CORN","CORN, GRAIN - YIELD, MEASURED IN BU / ACRE","TOTAL","NOT SPECIFIED","118.8",""
"SURVEY","2011","YEAR","","COUNTY","MISSOURI","29","CENTRAL","50","LACLEDE","105","","","00000000","","CORN","CORN, GRAIN - YIELD, MEASURED IN BU / ACRE","TOTAL","NOT SPECIFIED","105.9",""
"SURVEY","2011","YEAR","","COUNTY","MISSOURI","29","CENTRAL","50","MARIES","125","","","00000000","","CORN","CORN, GRAIN - YIELD, MEASURED IN BU / ACRE","TOTAL","NOT SPECIFIED","102.7",""
"SURVEY","2011","YEAR","","COUNTY","MISSOURI","29","CENTRAL","50","MILLER","131","","","00000000","","CORN","CORN, GRAIN - YIELD, MEASURED IN BU / ACRE","TOTAL","NOT SPECIFIED","94.5",""
"SURVEY","2011","YEAR","","COUNTY","MISSOURI","29","CENTRAL","50","MORGAN","141","","","00000000","","CORN","CORN, GRAIN - YIELD, MEASURED IN BU / ACRE","TOTAL","NOT SPECIFIED","63.5",""
"SURVEY","2011","YEAR","","COUNTY","MISSOURI","29","CENTRAL","50","OSAGE","151","","","00000000","","CORN","CORN, GRAIN - YIELD, MEASURED IN BU / ACRE","TOTAL","NOT SPECIFIED","119.5",""
"SURVEY","2011","YEAR","","COUNTY","MISSOURI","29","CENTRAL","50","OTHER (COMBINED) COUNTIES","","","","00000000","","CORN","CORN, GRAIN - YIELD, MEASURED IN BU / ACRE","TOTAL","NOT SPECIFIED","75.3",""
"SURVEY","2011","YEAR","","COUNTY","MISSOURI","29","CENTRAL","50","PETTIS","159","","","00000000","","CORN","CORN, GRAIN - YIELD, MEASURED IN BU / ACRE","TOTAL","NOT SPECIFIED","90.4",""
"SURVEY","2011","YEAR","","COUNTY","MISSOURI","29","CENTRAL","50","POLK","167","","","00000000","","CORN","CORN, GRAIN - YIELD, MEASURED IN BU / ACRE","TOTAL","NOT SPECIFIED","60",""
"SURVEY","2011","YEAR","","COUNTY","MISSOURI","29","CENTRAL","50","SALINE","195","","","00000000","","CORN","CORN, GRAIN - YIELD, MEASURED IN BU / ACRE","TOTAL","NOT SPECIFIED","142",""
"SURVEY","2011","YEAR","","COUNTY","MISSOURI","29","EAST","60","FRANKLIN","071","","","00000000","","CORN","CORN, GRAIN - YIELD, MEASURED IN BU / ACRE","TOTAL","NOT SPECIFIED","102",""
"SURVEY","2011","YEAR","","COUNTY","MISSOURI","29","EAST","60","GASCONADE","073","","","00000000","","CORN","CORN, GRAIN - YIELD, MEASURED IN BU / ACRE","TOTAL","NOT SPECIFIED","82",""
"SURVEY","2011","YEAR","","COUNTY","MISSOURI","29","EAST","60","JEFFERSON","099","","","00000000","","CORN","CORN, GRAIN - YIELD, MEASURED IN BU / ACRE","TOTAL","NOT SPECIFIED","108.1",""
"SURVEY","2011","YEAR","","COUNTY","MISSOURI","29","EAST","60","LINCOLN","113","","","00000000","","CORN","CORN, GRAIN - YIELD, MEASURED IN BU / ACRE","TOTAL","NOT SPECIFIED","95",""
"SURVEY","2011","YEAR","","COUNTY","MISSOURI","29","EAST","60","MONTGOMERY","139","","","00000000","","CORN","CORN, GRAIN - YIELD, MEASURED IN BU / ACRE","TOTAL","NOT SPECIFIED","81.8",""
"SURVEY","2011","YEAR","","COUNTY","MISSOURI","29","EAST","60","OTHER (COMBINED) COUNTIES","","","","00000000","","CORN","CORN, GRAIN - YIELD, MEASURED IN BU / ACRE","TOTAL","NOT SPECIFIED","121.7",""
"SURVEY","2011","YEAR","","COUNTY","MISSOURI","29","EAST","60","PERRY","157","","","00000000","","CORN","CORN, GRAIN - YIELD, MEASURED IN BU / ACRE","TOTAL","NOT SPECIFIED","104.7",""
"SURVEY","2011","YEAR","","COUNTY","MISSOURI","29","EAST","60","ST CHARLES","183","","","00000000","","CORN","CORN, GRAIN - YIELD, MEASURED IN BU / ACRE","TOTAL","NOT SPECIFIED","121",""
"SURVEY","2011","YEAR","","COUNTY","MISSOURI","29","EAST","60","ST LOUIS","189","","","00000000","","CORN","CORN, GRAIN - YIELD, MEASURED IN BU / ACRE","TOTAL","NOT SPECIFIED","146",""
"SURVEY","2011","YEAR","","COUNTY","MISSOURI","29","EAST","60","STE GENEVIEVE","186","","","00000000","","CORN","CORN, GRAIN - YIELD, MEASURED IN BU / ACRE","TOTAL","NOT SPECIFIED","119.5",""
"SURVEY","2011","YEAR","","COUNTY","MISSOURI","29","EAST","60","WARREN","219","","","00000000","","CORN","CORN, GRAIN - YIELD, MEASURED IN BU / ACRE","TOTAL","NOT SPECIFIED","98",""
"SURVEY","2011","YEAR","","COUNTY","MISSOURI","29","NORTH CENTRAL","20","ADAIR","001","","","00000000","","CORN","CORN, GRAIN - YIELD, MEASURED IN BU / ACRE","TOTAL","NOT SPECIFIED","121.8",""
"SURVEY","2011","YEAR","","COUNTY","MISSOURI","29","NORTH CENTRAL","20","CARROLL","033","","","00000000","","CORN","CORN, GRAIN - YIELD, MEASURED IN BU / ACRE","TOTAL","NOT SPECIFIED","132.6",""
"SURVEY","2011","YEAR","","COUNTY","MISSOURI","29","NORTH CENTRAL","20","CHARITON","041","","","00000000","","CORN","CORN, GRAIN - YIELD, MEASURED IN BU / ACRE","TOTAL","NOT SPECIFIED","121.3",""
"SURVEY","2011","YEAR","","COUNTY","MISSOURI","29","NORTH CENTRAL","20","GRUNDY","079","","","00000000","","CORN","CORN, GRAIN - YIELD, MEASURED IN BU / ACRE","TOTAL","NOT SPECIFIED","131.6",""
"SURVEY","2011","YEAR","","COUNTY","MISSOURI","29","NORTH CENTRAL","20","LINN","115","","","00000000","","CORN","CORN, GRAIN - YIELD, MEASURED IN BU / ACRE","TOTAL","NOT SPECIFIED","116.4",""
"SURVEY","2011","YEAR","","COUNTY","MISSOURI","29","NORTH CENTRAL","20","LIVINGSTON","117","","","00000000","","CORN","CORN, GRAIN - YIELD, MEASURED IN BU / ACRE","TOTAL","NOT SPECIFIED","121.2",""
"SURVEY","2011","YEAR","","COUNTY","MISSOURI","29","NORTH CENTRAL","20","MERCER","129","","","00000000","","CORN","CORN, GRAIN - YIELD, MEASURED IN BU / ACRE","TOTAL","NOT SPECIFIED","119.1",""
"SURVEY","2011","YEAR","","COUNTY","MISSOURI","29","NORTH CENTRAL","20","OTHER (COMBINED) COUNTIES","","","","00000000","","CORN","CORN, GRAIN - YIELD, MEASURED IN BU / ACRE","TOTAL","NOT SPECIFIED","98.9",""
"SURVEY","2011","YEAR","","COUNTY","MISSOURI","29","NORTH CENTRAL","20","PUTNAM","171","","","00000000","","CORN","CORN, GRAIN - YIELD, MEASURED IN BU / ACRE","TOTAL","NOT SPECIFIED","116",""
"SURVEY","2011","YEAR","","COUNTY","MISSOURI","29","NORTH CENTRAL","20","SCHUYLER","197","","","00000000","","CORN","CORN, GRAIN - YIELD, MEASURED IN BU / ACRE","TOTAL","NOT SPECIFIED","111.6",""
"SURVEY","2011","YEAR","","COUNTY","MISSOURI","29","NORTH CENTRAL","20","SULLIVAN","211","","","00000000","","CORN","CORN, GRAIN - YIELD, MEASURED IN BU / ACRE","TOTAL","NOT SPECIFIED","118.1",""
"SURVEY","2011","YEAR","","COUNTY","MISSOURI","29","NORTHEAST","30","AUDRAIN","007","","","00000000","","CORN","CORN, GRAIN - YIELD, MEASURED IN BU / ACRE","TOTAL","NOT SPECIFIED","105.2",""
"SURVEY","2011","YEAR","","COUNTY","MISSOURI","29","NORTHEAST","30","CLARK","045","","","00000000","","CORN","CORN, GRAIN - YIELD, MEASURED IN BU / ACRE","TOTAL","NOT SPECIFIED","100.6",""
"SURVEY","2011","YEAR","","COUNTY","MISSOURI","29","NORTHEAST","30","LEWIS","111","","","00000000","","CORN","CORN, GRAIN - YIELD, MEASURED IN BU / ACRE","TOTAL","NOT SPECIFIED","92.7",""
"SURVEY","2011","YEAR","","COUNTY","MISSOURI","29","NORTHEAST","30","MARION","127","","","00000000","","CORN","CORN, GRAIN - YIELD, MEASURED IN BU / ACRE","TOTAL","NOT SPECIFIED","115.3",""
"SURVEY","2011","YEAR","","COUNTY","MISSOURI","29","NORTHEAST","30","MONROE","137","","","00000000","","CORN","CORN, GRAIN - YIELD, MEASURED IN BU / ACRE","TOTAL","NOT SPECIFIED","91.7",""
"SURVEY","2011","YEAR","","COUNTY","MISSOURI","29","NORTHEAST","30","OTHER (COMBINED) COUNTIES","","","","00000000","","CORN","CORN, GRAIN - YIELD, MEASURED IN BU / ACRE","TOTAL","NOT SPECIFIED","103.8",""
"SURVEY","2011","YEAR","","COUNTY","MISSOURI","29","NORTHEAST","30","PIKE","163","","","00000000","","CORN","CORN, GRAIN - YIELD, MEASURED IN BU / ACRE","TOTAL","NOT SPECIFIED","112.7",""
"SURVEY","2011","YEAR","","COUNTY","MISSOURI","29","NORTHEAST","30","RALLS","173","","","00000000","","CORN","CORN, GRAIN - YIELD, MEASURED IN BU / ACRE","TOTAL","NOT SPECIFIED","106.7",""
"SURVEY","2011","YEAR","","COUNTY","MISSOURI","29","NORTHEAST","30","SHELBY","205","","","00000000","","CORN","CORN, GRAIN - YIELD, MEASURED IN BU / ACRE","TOTAL","NOT SPECIFIED","107.6",""
"SURVEY","2011","YEAR","","COUNTY","MISSOURI","29","NORTHWEST","10","ATCHISON","005","","","00000000","","CORN","CORN, GRAIN - YIELD, MEASURED IN BU / ACRE","TOTAL","NOT SPECIFIED","149.5",""
"SURVEY","2011","YEAR","","COUNTY","MISSOURI","29","NORTHWEST","10","BUCHANAN","021","","","00000000","","CORN","CORN, GRAIN - YIELD, MEASURED IN BU / ACRE","TOTAL","NOT SPECIFIED","134.4",""
"SURVEY","2011","YEAR","","COUNTY","MISSOURI","29","NORTHWEST","10","CALDWELL","025","","","00000000","","CORN","CORN, GRAIN - YIELD, MEASURED IN BU / ACRE","TOTAL","NOT SPECIFIED","113.5",""
"SURVEY","2011","YEAR","","COUNTY","MISSOURI","29","NORTHWEST","10","CLAY","047","","","00000000","","CORN","CORN, GRAIN - YIELD, MEASURED IN BU / ACRE","TOTAL","NOT SPECIFIED","130.6",""
"SURVEY","2011","YEAR","","COUNTY","MISSOURI","29","NORTHWEST","10","CLINTON","049","","","00000000","","CORN","CORN, GRAIN - YIELD, MEASURED IN BU / ACRE","TOTAL","NOT SPECIFIED","137.4",""
"SURVEY","2011","YEAR","","COUNTY","MISSOURI","29","NORTHWEST","10","DAVIESS","061","","","00000000","","CORN","CORN, GRAIN - YIELD, MEASURED IN BU / ACRE","TOTAL","NOT SPECIFIED","123.6",""
"SURVEY","2011","YEAR","","COUNTY","MISSOURI","29","NORTHWEST","10","DE KALB","063","","","00000000","","CORN","CORN, GRAIN - YIELD, MEASURED IN BU / ACRE","TOTAL","NOT SPECIFIED","124.7",""
"SURVEY","2011","YEAR","","COUNTY","MISSOURI","29","NORTHWEST","10","GENTRY","075","","","00000000","","CORN","CORN, GRAIN - YIELD, MEASURED IN BU / ACRE","TOTAL","NOT SPECIFIED","128.7",""
"SURVEY","2011","YEAR","","COUNTY","MISSOURI","29","NORTHWEST","10","HARRISON","081","","","00000000","","CORN","CORN, GRAIN - YIELD, MEASURED IN BU / ACRE","TOTAL","NOT SPECIFIED","108",""
"SURVEY","2011","YEAR","","COUNTY","MISSOURI","29","NORTHWEST","10","HOLT","087","","","00000000","","CORN","CORN, GRAIN - YIELD, MEASURED IN BU / ACRE","TOTAL","NOT SPECIFIED","149.5",""
"SURVEY","2011","YEAR","","COUNTY","MISSOURI","29","NORTHWEST","10","NODAWAY","147","","","00000000","","CORN","CORN, GRAIN - YIELD, MEASURED IN BU / ACRE","TOTAL","NOT SPECIFIED","122.1",""
"SURVEY","2011","YEAR","","COUNTY","MISSOURI","29","NORTHWEST","10","OTHER (COMBINED) COUNTIES","","","","00000000","","CORN","CORN, GRAIN - YIELD, MEASURED IN BU / ACRE","TOTAL","NOT SPECIFIED","134.8",""
"SURVEY","2011","YEAR","","COUNTY","MISSOURI","29","NORTHWEST","10","RAY","177","","","00000000","","CORN","CORN, GRAIN - YIELD, MEASURED IN BU / ACRE","TOTAL","NOT SPECIFIED","128.8",""
"SURVEY","2011","YEAR","","COUNTY","MISSOURI","29","NORTHWEST","10","WORTH","227","","","00000000","","CORN","CORN, GRAIN - YIELD, MEASURED IN BU / ACRE","TOTAL","NOT SPECIFIED","112.5",""
"SURVEY","2011","YEAR","","COUNTY","MISSOURI","29","SOUTH CENTRAL","80","BOLLINGER","017","","","00000000","","CORN","CORN, GRAIN - YIELD, MEASURED IN BU / ACRE","TOTAL","NOT SPECIFIED","105.1",""
"SURVEY","2011","YEAR","","COUNTY","MISSOURI","29","SOUTH CENTRAL","80","OTHER (COMBINED) COUNTIES","","","","00000000","","CORN","CORN, GRAIN - YIELD, MEASURED IN BU / ACRE","TOTAL","NOT SPECIFIED","73.8",""
"SURVEY","2011","YEAR","","COUNTY","MISSOURI","29","SOUTH CENTRAL","80","WEBSTER","225","","","00000000","","CORN","CORN, GRAIN - YIELD, MEASURED IN BU / ACRE","TOTAL","NOT SPECIFIED","80.6",""
"SURVEY","2011","YEAR","","COUNTY","MISSOURI","29","SOUTHEAST","90","BUTLER","023","","","00000000","","CORN","CORN, GRAIN - YIELD, MEASURED IN BU / ACRE","TOTAL","NOT SPECIFIED","133.1",""
"SURVEY","2011","YEAR","","COUNTY","MISSOURI","29","SOUTHEAST","90","CAPE GIRARDEAU","031","","","00000000","","CORN","CORN, GRAIN - YIELD, MEASURED IN BU / ACRE","TOTAL","NOT SPECIFIED","114.5",""
"SURVEY","2011","YEAR","","COUNTY","MISSOURI","29","SOUTHEAST","90","MISSISSIPPI","133","","","00000000","","CORN","CORN, GRAIN - YIELD, MEASURED IN BU / ACRE","TOTAL","NOT SPECIFIED","155",""
"SURVEY","2011","YEAR","","COUNTY","MISSOURI","29","SOUTHEAST","90","NEW MADRID","143","","","00000000","","CORN","CORN, GRAIN - YIELD, MEASURED IN BU / ACRE","TOTAL","NOT SPECIFIED","171",""
"SURVEY","2011","YEAR","","COUNTY","MISSOURI","29","SOUTHEAST","90","OTHER (COMBINED) COUNTIES","","","","00000000","","CORN","CORN, GRAIN - YIELD, MEASURED IN BU / ACRE","TOTAL","NOT SPECIFIED","148",""
"SURVEY","2011","YEAR","","COUNTY","MISSOURI","29","SOUTHEAST","90","SCOTT","201","","","00000000","","CORN","CORN, GRAIN - YIELD, MEASURED IN BU / ACRE","TOTAL","NOT SPECIFIED","158.2",""
"SURVEY","2011","YEAR","","COUNTY","MISSOURI","29","SOUTHEAST","90","STODDARD","207","","","00000000","","CORN","CORN, GRAIN - YIELD, MEASURED IN BU / ACRE","TOTAL","NOT SPECIFIED","145.3",""
"SURVEY","2011","YEAR","","COUNTY","MISSOURI","29","SOUTHWEST","70","BARRY","009","","","00000000","","CORN","CORN, GRAIN - YIELD, MEASURED IN BU / ACRE","TOTAL","NOT SPECIFIED","37.1",""
"SURVEY","2011","YEAR","","COUNTY","MISSOURI","29","SOUTHWEST","70","BARTON","011","","","00000000","","CORN","CORN, GRAIN - YIELD, MEASURED IN BU / ACRE","TOTAL","NOT SPECIFIED","49.1",""
"SURVEY","2011","YEAR","","COUNTY","MISSOURI","29","SOUTHWEST","70","CHRISTIAN","043","","","00000000","","CORN","CORN, GRAIN - YIELD, MEASURED IN BU / ACRE","TOTAL","NOT SPECIFIED","60",""
"SURVEY","2011","YEAR","","COUNTY","MISSOURI","29","SOUTHWEST","70","DADE","057","","","00000000","","CORN","CORN, GRAIN - YIELD, MEASURED IN BU / ACRE","TOTAL","NOT SPECIFIED","36.8",""
"SURVEY","2011","YEAR","","COUNTY","MISSOURI","29","SOUTHWEST","70","JASPER","097","","","00000000","","CORN","CORN, GRAIN - YIELD, MEASURED IN BU / ACRE","TOTAL","NOT SPECIFIED","34.4",""
"SURVEY","2011","YEAR","","COUNTY","MISSOURI","29","SOUTHWEST","70","OTHER (COMBINED) COUNTIES","","","","00000000","","CORN","CORN, GRAIN - YIELD, MEASURED IN BU / ACRE","TOTAL","NOT SPECIFIED","55.3",""
"SURVEY","2011","YEAR","","COUNTY","MISSOURI","29","WEST","40","CASS","037","","","00000000","","CORN","CORN, GRAIN - YIELD, MEASURED IN BU / ACRE","TOTAL","NOT SPECIFIED","65.2",""
"SURVEY","2011","YEAR","","COUNTY","MISSOURI","29","WEST","40","HENRY","083","","","00000000","","CORN","CORN, GRAIN - YIELD, MEASURED IN BU / ACRE","TOTAL","NOT SPECIFIED","41.8",""
"SURVEY","2011","YEAR","","COUNTY","MISSOURI","29","WEST","40","JACKSON","095","","","00000000","","CORN","CORN, GRAIN - YIELD, MEASURED IN BU / ACRE","TOTAL","NOT SPECIFIED","114.5",""
"SURVEY","2011","YEAR","","COUNTY","MISSOURI","29","WEST","40","JOHNSON","101","","","00000000","","CORN","CORN, GRAIN - YIELD, MEASURED IN BU / ACRE","TOTAL","NOT SPECIFIED","91.3",""
"SURVEY","2011","YEAR","","COUNTY","MISSOURI","29","WEST","40","LAFAYETTE","107","","","00000000","","CORN","CORN, GRAIN - YIELD, MEASURED IN BU / ACRE","TOTAL","NOT SPECIFIED","137.5",""
"SURVEY","2011","YEAR","","COUNTY","MISSOURI","29","WEST","40","OTHER (COMBINED) COUNTIES","","","","00000000","","CORN","CORN, GRAIN - YIELD, MEASURED IN BU / ACRE","TOTAL","NOT SPECIFIED","44.1",""
"SURVEY","2011","YEAR","","COUNTY","MISSOURI","29","WEST","40","ST CLAIR","185","","","00000000","","CORN","CORN, GRAIN - YIELD, MEASURED IN BU / ACRE","TOTAL","NOT SPECIFIED","35.8",""
"SURVEY","2011","YEAR","","COUNTY","WISCONSIN","55","CENTRAL","50","ADAMS","001","","","00000000","","CORN","CORN, GRAIN - YIELD, MEASURED IN BU / ACRE","TOTAL","NOT SPECIFIED","129.5",""
"SURVEY","2011","YEAR","","COUNTY","WISCONSIN","55","CENTRAL","50","GREEN LAKE","047","","","00000000","","CORN","CORN, GRAIN - YIELD, MEASURED IN BU / ACRE","TOTAL","NOT SPECIFIED","155.3",""
"SURVEY","2011","YEAR","","COUNTY","WISCONSIN","55","CENTRAL","50","JUNEAU","057","","","00000000","","CORN","CORN, GRAIN - YIELD, MEASURED IN BU / ACRE","TOTAL","NOT SPECIFIED","156.6",""
"SURVEY","2011","YEAR","","COUNTY","WISCONSIN","55","CENTRAL","50","MARQUETTE","077","","","00000000","","CORN","CORN, GRAIN - YIELD, MEASURED IN BU / ACRE","TOTAL","NOT SPECIFIED","115.4",""
"SURVEY","2011","YEAR","","COUNTY","WISCONSIN","55","CENTRAL","50","PORTAGE","097","","","00000000","","CORN","CORN, GRAIN - YIELD, MEASURED IN BU / ACRE","TOTAL","NOT SPECIFIED","156.8",""
"SURVEY","2011","YEAR","","COUNTY","WISCONSIN","55","CENTRAL","50","WAUPACA","135","","","00000000","","CORN","CORN, GRAIN - YIELD, MEASURED IN BU / ACRE","TOTAL","NOT SPECIFIED","138.4",""
"SURVEY","2011","YEAR","","COUNTY","WISCONSIN","55","CENTRAL","50","WAUSHARA","137","","","00000000","","CORN","CORN, GRAIN - YIELD, MEASURED IN BU / ACRE","TOTAL","NOT SPECIFIED","172.9",""
"SURVEY","2011","YEAR","","COUNTY","WISCONSIN","55","CENTRAL","50","WOOD","141","","","00000000","","CORN","CORN, GRAIN - YIELD, MEASURED IN BU / ACRE","TOTAL","NOT SPECIFIED","148.1",""
"SURVEY","2011","YEAR","","COUNTY","WISCONSIN","55","EAST CENTRAL","60","BROWN","009","","","00000000","","CORN","CORN, GRAIN - YIELD, MEASURED IN BU / ACRE","TOTAL","NOT SPECIFIED","138.7",""
"SURVEY","2011","YEAR","","COUNTY","WISCONSIN","55","EAST CENTRAL","60","CALUMET","015","","","00000000","","CORN","CORN, GRAIN - YIELD, MEASURED IN BU / ACRE","TOTAL","NOT SPECIFIED","151.3",""
"SURVEY","2011","YEAR","","COUNTY","WISCONSIN","55","EAST CENTRAL","60","DOOR","029","","","00000000","","CORN","CORN, GRAIN - YIELD, MEASURED IN BU / ACRE","TOTAL","NOT SPECIFIED","99.3",""
"SURVEY","2011","YEAR","","COUNTY","WISCONSIN","55","EAST CENTRAL","60","FOND DU LAC","039","","","00000000","","CORN","CORN, GRAIN - YIELD, MEASURED IN BU / ACRE","TOTAL","NOT SPECIFIED","175.7",""
"SURVEY","2011","YEAR","","COUNTY","WISCONSIN","55","EAST CENTRAL","60","KEWAUNEE","061","","","00000000","","CORN","CORN, GRAIN - YIELD, MEASURED IN BU / ACRE","TOTAL","NOT SPECIFIED","124.5",""
"SURVEY","2011","YEAR","","COUNTY","WISCONSIN","55","EAST CENTRAL","60","MANITOWOC","071","","","00000000","","CORN","CORN, GRAIN - YIELD, MEASURED IN BU / ACRE","TOTAL","NOT SPECIFIED","157.8",""
"SURVEY","2011","YEAR","","COUNTY","WISCONSIN","55","EAST CENTRAL","60","OUTAGAMIE","087","","","00000000","","CORN","CORN, GRAIN - YIELD, MEASURED IN BU / ACRE","TOTAL","NOT SPECIFIED","144.8",""
"SURVEY","2011","YEAR","","COUNTY","WISCONSIN","55","EAST CENTRAL","60","SHEBOYGAN","117","","","00000000","","CORN","CORN, GRAIN - YIELD, MEASURED IN BU / ACRE","TOTAL","NOT SPECIFIED","151.8",""
"SURVEY","2011","YEAR","","COUNTY","WISCONSIN","55","EAST CENTRAL","60","WINNEBAGO","139","","","00000000","","CORN","CORN, GRAIN - YIELD, MEASURED IN BU / ACRE","TOTAL","NOT SPECIFIED","148.1",""
"SURVEY","2011","YEAR","","COUNTY","WISCONSIN","55","NORTH CENTRAL","20","ASHLAND","003","","","00000000","","CORN","CORN, GRAIN - YIELD, MEASURED IN BU / ACRE","TOTAL","NOT SPECIFIED","111.4",""
"SURVEY","2011","YEAR","","COUNTY","WISCONSIN","55","NORTH CENTRAL","20","CLARK","019","","","00000000","","CORN","CORN, GRAIN - YIELD, MEASURED IN BU / ACRE","TOTAL","NOT SPECIFIED","136.9",""
"SURVEY","2011","YEAR","","COUNTY","WISCONSIN","55","NORTH CENTRAL","20","LINCOLN","069","","","00000000","","CORN","CORN, GRAIN - YIELD, MEASURED IN BU / ACRE","TOTAL","NOT SPECIFIED","132",""
"SURVEY","2011","YEAR","","COUNTY","WISCONSIN","55","NORTH CENTRAL","20","MARATHON","073","","","00000000","","CORN","CORN, GRAIN - YIELD, MEASURED IN BU / ACRE","TOTAL","NOT SPECIFIED","142.1",""
"SURVEY","2011","YEAR","","COUNTY","WISCONSIN","55","NORTH CENTRAL","20","OTHER (COMBINED) COUNTIES","","","","00000000","","CORN","CORN, GRAIN - YIELD, MEASURED IN BU / ACRE","TOTAL","NOT SPECIFIED","109.3",""
"SURVEY","2011","YEAR","","COUNTY","WISCONSIN","55","NORTH CENTRAL","20","TAYLOR","119","","","00000000","","CORN","CORN, GRAIN - YIELD, MEASURED IN BU / ACRE","TOTAL","NOT SPECIFIED","127.8",""
"SURVEY","2011","YEAR","","COUNTY","WISCONSIN","55","NORTHEAST","30","MARINETTE","075","","","00000000","","CORN","CORN, GRAIN - YIELD, MEASURED IN BU / ACRE","TOTAL","NOT SPECIFIED","120.9",""
"SURVEY","2011","YEAR","","COUNTY","WISCONSIN","55","NORTHEAST","30","OCONTO","083","","","00000000","","CORN","CORN, GRAIN - YIELD, MEASURED IN BU / ACRE","TOTAL","NOT SPECIFIED","136.8",""
"SURVEY","2011","YEAR","","COUNTY","WISCONSIN","55","NORTHEAST","30","OTHER (COMBINED) COUNTIES","","","","00000000","","CORN","CORN, GRAIN - YIELD, MEASURED IN BU / ACRE","TOTAL","NOT SPECIFIED","122.8",""
"SURVEY","2011","YEAR","","COUNTY","WISCONSIN","55","NORTHEAST","30","SHAWANO","115","","","00000000","","CORN","CORN, GRAIN - YIELD, MEASURED IN BU / ACRE","TOTAL","NOT SPECIFIED","143.2",""
"SURVEY","2011","YEAR","","COUNTY","WISCONSIN","55","NORTHWEST","10","BARRON","005","","","00000000","","CORN","CORN, GRAIN - YIELD, MEASURED IN BU / ACRE","TOTAL","NOT SPECIFIED","145.7",""
"SURVEY","2011","YEAR","","COUNTY","WISCONSIN","55","NORTHWEST","10","BURNETT","013","","","00000000","","CORN","CORN, GRAIN - YIELD, MEASURED IN BU / ACRE","TOTAL","NOT SPECIFIED","116.7",""
"SURVEY","2011","YEAR","","COUNTY","WISCONSIN","55","NORTHWEST","10","CHIPPEWA","017","","","00000000","","CORN","CORN, GRAIN - YIELD, MEASURED IN BU / ACRE","TOTAL","NOT SPECIFIED","146.1",""
"SURVEY","2011","YEAR","","COUNTY","WISCONSIN","55","NORTHWEST","10","OTHER (COMBINED) COUNTIES","","","","00000000","","CORN","CORN, GRAIN - YIELD, MEASURED IN BU / ACRE","TOTAL","NOT SPECIFIED","102.6",""
"SURVEY","2011","YEAR","","COUNTY","WISCONSIN","55","NORTHWEST","10","POLK","095","","","00000000","","CORN","CORN, GRAIN - YIELD, MEASURED IN BU / ACRE","TOTAL","NOT SPECIFIED","156",""
"SURVEY","2011","YEAR","","COUNTY","WISCONSIN","55","NORTHWEST","10","RUSK","107","","","00000000","","CORN","CORN, GRAIN - YIELD, MEASURED IN BU / ACRE","TOTAL","NOT SPECIFIED","123.2",""
"SURVEY","2011","YEAR","","COUNTY","WISCONSIN","55","NORTHWEST","10","SAWYER","113","","","00000000","","CORN","CORN, GRAIN - YIELD, MEASURED IN BU / ACRE","TOTAL","NOT SPECIFIED","138",""
"SURVEY","2011","YEAR","","COUNTY","WISCONSIN","55","NORTHWEST","10","WASHBURN","129","","","00000000","","CORN","CORN, GRAIN - YIELD, MEASURED IN BU / ACRE","TOTAL","NOT SPECIFIED","137",""
"SURVEY","2011","YEAR","","COUNTY","WISCONSIN","55","SOUTH CENTRAL","80","COLUMBIA","021","","","00000000","","CORN","CORN, GRAIN - YIELD, MEASURED IN BU / ACRE","TOTAL","NOT SPECIFIED","159.6",""
"SURVEY","2011","YEAR","","COUNTY","WISCONSIN","55","SOUTH CENTRAL","80","DANE","025","","","00000000","","CORN","CORN, GRAIN - YIELD, MEASURED IN BU / ACRE","TOTAL","NOT SPECIFIED","162.4",""
"SURVEY","2011","YEAR","","COUNTY","WISCONSIN","55","SOUTH CENTRAL","80","DODGE","027","","","00000000","","CORN","CORN, GRAIN - YIELD, MEASURED IN BU / ACRE","TOTAL","NOT SPECIFIED","170.6",""
"SURVEY","2011","YEAR","","COUNTY","WISCONSIN","55","SOUTH CENTRAL","80","GREEN","045","","","00000000","","CORN","CORN, GRAIN - YIELD, MEASURED IN BU / ACRE","TOTAL","NOT SPECIFIED","163.7",""
"SURVEY","2011","YEAR","","COUNTY","WISCONSIN","55","SOUTH CENTRAL","80","JEFFERSON","055","","","00000000","","CORN","CORN, GRAIN - YIELD, MEASURED IN BU / ACRE","TOTAL","NOT SPECIFIED","157.8",""
"SURVEY","2011","YEAR","","COUNTY","WISCONSIN","55","SOUTH CENTRAL","80","ROCK","105","","","00000000","","CORN","CORN, GRAIN - YIELD, MEASURED IN BU / ACRE","TOTAL","NOT SPECIFIED","160.4",""
"SURVEY","2011","YEAR","","COUNTY","WISCONSIN","55","SOUTHEAST","90","KENOSHA","059","","","00000000","","CORN","CORN, GRAIN - YIELD, MEASURED IN BU / ACRE","TOTAL","NOT SPECIFIED","163.1",""
"SURVEY","2011","YEAR","","COUNTY","WISCONSIN","55","SOUTHEAST","90","OTHER (COMBINED) COUNTIES","","","","00000000","","CORN","CORN, GRAIN - YIELD, MEASURED IN BU / ACRE","TOTAL","NOT SPECIFIED","151.6",""
"SURVEY","2011","YEAR","","COUNTY","WISCONSIN","55","SOUTHEAST","90","RACINE","101","","","00000000","","CORN","CORN, GRAIN - YIELD, MEASURED IN BU / ACRE","TOTAL","NOT SPECIFIED","151.3",""
"SURVEY","2011","YEAR","","COUNTY","WISCONSIN","55","SOUTHEAST","90","WALWORTH","127","","","00000000","","CORN","CORN, GRAIN - YIELD, MEASURED IN BU / ACRE","TOTAL","NOT SPECIFIED","163.3",""
"SURVEY","2011","YEAR","","COUNTY","WISCONSIN","55","SOUTHEAST","90","WASHINGTON","131","","","00000000","","CORN","CORN, GRAIN - YIELD, MEASURED IN BU / ACRE","TOTAL","NOT SPECIFIED","157.4",""
"SURVEY","2011","YEAR","","COUNTY","WISCONSIN","55","SOUTHEAST","90","WAUKESHA","133","","","00000000","","CORN","CORN, GRAIN - YIELD, MEASURED IN BU / ACRE","TOTAL","NOT SPECIFIED","147.6",""
"SURVEY","2011","YEAR","","COUNTY","WISCONSIN","55","SOUTHWEST","70","CRAWFORD","023","","","00000000","","CORN","CORN, GRAIN - YIELD, MEASURED IN BU / ACRE","TOTAL","NOT SPECIFIED","144",""
"SURVEY","2011","YEAR","","COUNTY","WISCONSIN","55","SOUTHWEST","70","GRANT","043","","","00000000","","CORN","CORN, GRAIN - YIELD, MEASURED IN BU / ACRE","TOTAL","NOT SPECIFIED","170.1",""
"SURVEY","2011","YEAR","","COUNTY","WISCONSIN","55","SOUTHWEST","70","IOWA","049","","","00000000","","CORN","CORN, GRAIN - YIELD, MEASURED IN BU / ACRE","TOTAL","NOT SPECIFIED","170.1",""
"SURVEY","2011","YEAR","","COUNTY","WISCONSIN","55","SOUTHWEST","70","LAFAYETTE","065","","","00000000","","CORN","CORN, GRAIN - YIELD, MEASURED IN BU / ACRE","TOTAL","NOT SPECIFIED","178.5",""
"SURVEY","2011","YEAR","","COUNTY","WISCONSIN","55","SOUTHWEST","70","RICHLAND","103","","","00000000","","CORN","CORN, GRAIN - YIELD, MEASURED IN BU / ACRE","TOTAL","NOT SPECIFIED","135.8",""
"SURVEY","2011","YEAR","","COUNTY","WISCONSIN","55","SOUTHWEST","70","SAUK","111","","","00000000","","CORN","CORN, GRAIN - YIELD, MEASURED IN BU / ACRE","TOTAL","NOT SPECIFIED","148.4",""
"SURVEY","2011","YEAR","","COUNTY","WISCONSIN","55","SOUTHWEST","70","VERNON","123","","","00000000","","CORN","CORN, GRAIN - YIELD, MEASURED IN BU / ACRE","TOTAL","NOT SPECIFIED","153.1",""
"SURVEY","2011","YEAR","","COUNTY","WISCONSIN","55","WEST CENTRAL","40","BUFFALO","011","","","00000000","","CORN","CORN, GRAIN - YIELD, MEASURED IN BU / ACRE","TOTAL","NOT SPECIFIED","159.3",""
"SURVEY","2011","YEAR","","COUNTY","WISCONSIN","55","WEST CENTRAL","40","DUNN","033","","","00000000","","CORN","CORN, GRAIN - YIELD, MEASURED IN BU / ACRE","TOTAL","NOT SPECIFIED","156.1",""
"SURVEY","2011","YEAR","","COUNTY","WISCONSIN","55","WEST CENTRAL","40","EAU CLAIRE","035","","","00000000","","CORN","CORN, GRAIN - YIELD, MEASURED IN BU / ACRE","TOTAL","NOT SPECIFIED","147.8",""
"SURVEY","2011","YEAR","","COUNTY","WISCONSIN","55","WEST CENTRAL","40","JACKSON","053","","","00000000","","CORN","CORN, GRAIN - YIELD, MEASURED IN BU / ACRE","TOTAL","NOT SPECIFIED","149.6",""
"SURVEY","2011","YEAR","","COUNTY","WISCONSIN","55","WEST CENTRAL","40","LA CROSSE","063","","","00000000","","CORN","CORN, GRAIN - YIELD, MEASURED IN BU / ACRE","TOTAL","NOT SPECIFIED","156.3",""
"SURVEY","2011","YEAR","","COUNTY","WISCONSIN","55","WEST CENTRAL","40","MONROE","081","","","00000000","","CORN","CORN, GRAIN - YIELD, MEASURED IN BU / ACRE","TOTAL","NOT SPECIFIED","149.1",""
"SURVEY","2011","YEAR","","COUNTY","WISCONSIN","55","WEST CENTRAL","40","PEPIN","091","","","00000000","","CORN","CORN, GRAIN - YIELD, MEASURED IN BU / ACRE","TOTAL","NOT SPECIFIED","156.8",""
"SURVEY","2011","YEAR","","COUNTY","WISCONSIN","55","WEST CENTRAL","40","PIERCE","093","","","00000000","","CORN","CORN, GRAIN - YIELD, MEASURED IN BU / ACRE","TOTAL","NOT SPECIFIED","164.4",""
"SURVEY","2011","YEAR","","COUNTY","WISCONSIN","55","WEST CENTRAL","40","ST CROIX","109","","","00000000","","CORN","CORN, GRAIN - YIELD, MEASURED IN BU / ACRE","TOTAL","NOT SPECIFIED","163.6",""
"SURVEY","2011","YEAR","","COUNTY","WISCONSIN","55","WEST CENTRAL","40","TREMPEALEAU","121","","","00000000","","CORN","CORN, GRAIN - YIELD, MEASURED IN BU / ACRE","TOTAL","NOT SPECIFIED","153.5",""
"SURVEY","2010","YEAR","","COUNTY","COLORADO","08","EAST CENTRAL","60","ADAMS","001","","","00000000","","CORN","CORN, GRAIN - YIELD, MEASURED IN BU / ACRE","TOTAL","NOT SPECIFIED","81.8",""
"SURVEY","2010","YEAR","","COUNTY","COLORADO","08","EAST CENTRAL","60","CHEYENNE","017","","","00000000","","CORN","CORN, GRAIN - YIELD, MEASURED IN BU / ACRE","TOTAL","NOT SPECIFIED","127",""
"SURVEY","2010","YEAR","","COUNTY","COLORADO","08","EAST CENTRAL","60","ELBERT","039","","","00000000","","CORN","CORN, GRAIN - YIELD, MEASURED IN BU / ACRE","TOTAL","NOT SPECIFIED","66.3",""
"SURVEY","2010","YEAR","","COUNTY","COLORADO","08","EAST CENTRAL","60","KIOWA","061","","","00000000","","CORN","CORN, GRAIN - YIELD, MEASURED IN BU / ACRE","TOTAL","NOT SPECIFIED","60.6",""
"SURVEY","2010","YEAR","","COUNTY","COLORADO","08","EAST CENTRAL","60","KIT CARSON","063","","","00000000","","CORN","CORN, GRAIN - YIELD, MEASURED IN BU / ACRE","TOTAL","NOT SPECIFIED","136.7",""
"SURVEY","2010","YEAR","","COUNTY","COLORADO","08","EAST CENTRAL","60","LINCOLN","073","","","00000000","","CORN","CORN, GRAIN - YIELD, MEASURED IN BU / ACRE","TOTAL","NOT SPECIFIED","59.8",""
"SURVEY","2010","YEAR","","COUNTY","COLORADO","08","EAST CENTRAL","60","OTHER (COMBINED) COUNTIES","","","","00000000","","CORN","CORN, GRAIN - YIELD, MEASURED IN BU / ACRE","TOTAL","NOT SPECIFIED","66",""
"SURVEY","2010","YEAR","","COUNTY","COLORADO","08","EAST CENTRAL","60","PHILLIPS","095","","","00000000","","CORN","CORN, GRAIN - YIELD, MEASURED IN BU / ACRE","TOTAL","NOT SPECIFIED","157.6",""
"SURVEY","2010","YEAR","","COUNTY","COLORADO","08","EAST CENTRAL","60","WASHINGTON","121","","","00000000","","CORN","CORN, GRAIN - YIELD, MEASURED IN BU / ACRE","TOTAL","NOT SPECIFIED","104.5",""
"SURVEY","2010","YEAR","","COUNTY","COLORADO","08","EAST CENTRAL","60","YUMA","125","","","00000000","","CORN","CORN, GRAIN - YIELD, MEASURED IN BU / ACRE","TOTAL","NOT SPECIFIED","189.5",""
"SURVEY","2010","YEAR","","COUNTY","COLORADO","08","NORTHEAST","20","BOULDER","013","","","00000000","","CORN","CORN, GRAIN - YIELD, MEASURED IN BU / ACRE","TOTAL","NOT SPECIFIED","155.2",""
"SURVEY","2010","YEAR","","COUNTY","COLORADO","08","NORTHEAST","20","LARIMER","069","","","00000000","","CORN","CORN, GRAIN - YIELD, MEASURED IN BU / ACRE","TOTAL","NOT SPECIFIED","184.3",""
"SURVEY","2010","YEAR","","COUNTY","COLORADO","08","NORTHEAST","20","LOGAN","075","","","00000000","","CORN","CORN, GRAIN - YIELD, MEASURED IN BU / ACRE","TOTAL","NOT SPECIFIED","166",""
"SURVEY","2010","YEAR","","COUNTY","COLORADO","08","NORTHEAST","20","OTHER (COMBINED) COUNTIES","","","","00000000","","CORN","CORN, GRAIN - YIELD, MEASURED IN BU / ACRE","TOTAL","NOT SPECIFIED","182.1",""
"SURVEY","2010","YEAR","","COUNTY","COLORADO","08","NORTHEAST","20","SEDGWICK","115","","","00000000","","CORN","CORN, GRAIN - YIELD, MEASURED IN BU / ACRE","TOTAL","NOT SPECIFIED","150.3",""
"SURVEY","2010","YEAR","","COUNTY","COLORADO","08","NORTHEAST","20","WELD","123","","","00000000","","CORN","CORN, GRAIN - YIELD, MEASURED IN BU / ACRE","TOTAL","NOT SPECIFIED","194.5",""
"SURVEY","2010","YEAR","","COUNTY","COLORADO","08","SOUTHEAST","90","BACA","009","","","00000000","","CORN","CORN, GRAIN - YIELD, MEASURED IN BU / ACRE","TOTAL","NOT SPECIFIED","132.4",""
"SURVEY","2010","YEAR","","COUNTY","COLORADO","08","SOUTHEAST","90","BENT","011","","","00000000","","CORN","CORN, GRAIN - YIELD, MEASURED IN BU / ACRE","TOTAL","NOT SPECIFIED","146.8",""
"SURVEY","2010","YEAR","","COUNTY","COLORADO","08","SOUTHEAST","90","OTERO","089","","","00000000","","CORN","CORN, GRAIN - YIELD, MEASURED IN BU / ACRE","TOTAL","NOT SPECIFIED","190.2",""
"SURVEY","2010","YEAR","","COUNTY","COLORADO","08","SOUTHEAST","90","OTHER (COMBINED) COUNTIES","","","","00000000","","CORN","CORN, GRAIN - YIELD, MEASURED IN BU / ACRE","TOTAL","NOT SPECIFIED","120.6",""
"SURVEY","2010","YEAR","","COUNTY","COLORADO","08","SOUTHEAST","90","PROWERS","099","","","00000000","","CORN","CORN, GRAIN - YIELD, MEASURED IN BU / ACRE","TOTAL","NOT SPECIFIED","152",""
"SURVEY","2010","YEAR","","COUNTY","COLORADO","08","SOUTHEAST","90","PUEBLO","101","","","00000000","","CORN","CORN, GRAIN - YIELD, MEASURED IN BU / ACRE","TOTAL","NOT SPECIFIED","193",""
"SURVEY","2010","YEAR","","COUNTY","MISSOURI","29","CENTRAL","50","BENTON","015","","","00000000","","CORN","CORN, GRAIN - YIELD, MEASURED IN BU / ACRE","TOTAL","NOT SPECIFIED","123.9",""
"SURVEY","2010","YEAR","","COUNTY","MISSOURI","29","CENTRAL","50","BOONE","019","","","00000000","","CORN","CORN, GRAIN - YIELD, MEASURED IN BU / ACRE","TOTAL","NOT SPECIFIED","115",""
"SURVEY","2010","YEAR","","COUNTY","MISSOURI","29","CENTRAL","50","CALLAWAY","027","","","00000000","","CORN","CORN, GRAIN - YIELD, MEASURED IN BU / ACRE","TOTAL","NOT SPECIFIED","136",""
"SURVEY","2010","YEAR","","COUNTY","MISSOURI","29","CENTRAL","50","COLE","051","","","00000000","","CORN","CORN, GRAIN - YIELD, MEASURED IN BU / ACRE","TOTAL","NOT SPECIFIED","132.2",""
"SURVEY","2010","YEAR","","COUNTY","MISSOURI","29","CENTRAL","50","COOPER","053","","","00000000","","CORN","CORN, GRAIN - YIELD, MEASURED IN BU / ACRE","TOTAL","NOT SPECIFIED","130.4",""
"SURVEY","2010","YEAR","","COUNTY","MISSOURI","29","CENTRAL","50","HOWARD","089","","","00000000","","CORN","CORN, GRAIN - YIELD, MEASURED IN BU / ACRE","TOTAL","NOT SPECIFIED","123.4",""
"SURVEY","2010","YEAR","","COUNTY","MISSOURI","29","CENTRAL","50","LACLEDE","105","","","00000000","","CORN","CORN, GRAIN - YIELD, MEASURED IN BU / ACRE","TOTAL","NOT SPECIFIED","125",""
"SURVEY","2010","YEAR","","COUNTY","MISSOURI","29","CENTRAL","50","MARIES","125","","","00000000","","CORN","CORN, GRAIN - YIELD, MEASURED IN BU / ACRE","TOTAL","NOT SPECIFIED","124.4",""
"SURVEY","2010","YEAR","","COUNTY","MISSOURI","29","CENTRAL","50","MILLER","131","","","00000000","","CORN","CORN, GRAIN - YIELD, MEASURED IN BU / ACRE","TOTAL","NOT SPECIFIED","135.9",""
"SURVEY","2010","YEAR","","COUNTY","MISSOURI","29","CENTRAL","50","MONITEAU","135","","","00000000","","CORN","CORN, GRAIN - YIELD, MEASURED IN BU / ACRE","TOTAL","NOT SPECIFIED","110.9",""
"SURVEY","2010","YEAR","","COUNTY","MISSOURI","29","CENTRAL","50","MORGAN","141","","","00000000","","CORN","CORN, GRAIN - YIELD, MEASURED IN BU / ACRE","TOTAL","NOT SPECIFIED","119.1",""
"SURVEY","2010","YEAR","","COUNTY","MISSOURI","29","CENTRAL","50","OSAGE","151","","","00000000","","CORN","CORN, GRAIN - YIELD, MEASURED IN BU / ACRE","TOTAL","NOT SPECIFIED","135",""
"SURVEY","2010","YEAR","","COUNTY","MISSOURI","29","CENTRAL","50","OTHER (COMBINED) COUNTIES","","","","00000000","","CORN","CORN, GRAIN - YIELD, MEASURED IN BU / ACRE","TOTAL","NOT SPECIFIED","119.5",""
"SURVEY","2010","YEAR","","COUNTY","MISSOURI","29","CENTRAL","50","PETTIS","159","","","00000000","","CORN","CORN, GRAIN - YIELD, MEASURED IN BU / ACRE","TOTAL","NOT SPECIFIED","108.8",""
"SURVEY","2010","YEAR","","COUNTY","MISSOURI","29","CENTRAL","50","SALINE","195","","","00000000","","CORN","CORN, GRAIN - YIELD, MEASURED IN BU / ACRE","TOTAL","NOT SPECIFIED","140.5",""
"SURVEY","2010","YEAR","","COUNTY","MISSOURI","29","EAST","60","CRAWFORD","055","","","00000000","","CORN","CORN, GRAIN - YIELD, MEASURED IN BU / ACRE","TOTAL","NOT SPECIFIED","118",""
"SURVEY","2010","YEAR","","COUNTY","MISSOURI","29","EAST","60","FRANKLIN","071","","","00000000","","CORN","CORN, GRAIN - YIELD, MEASURED IN BU / ACRE","TOTAL","NOT SPECIFIED","124",""
"SURVEY","2010","YEAR","","COUNTY","MISSOURI","29","EAST","60","GASCONADE","073","","","00000000","","CORN","CORN, GRAIN - YIELD, MEASURED IN BU / ACRE","TOTAL","NOT SPECIFIED","112.7",""
"SURVEY","2010","YEAR","","COUNTY","MISSOURI","29","EAST","60","JEFFERSON","099","","","00000000","","CORN","CORN, GRAIN - YIELD, MEASURED IN BU / ACRE","TOTAL","NOT SPECIFIED","115.9",""
"SURVEY","2010","YEAR","","COUNTY","MISSOURI","29","EAST","60","LINCOLN","113","","","00000000","","CORN","CORN, GRAIN - YIELD, MEASURED IN BU / ACRE","TOTAL","NOT SPECIFIED","138",""
"SURVEY","2010","YEAR","","COUNTY","MISSOURI","29","EAST","60","MONTGOMERY","139","","","00000000","","CORN","CORN, GRAIN - YIELD, MEASURED IN BU / ACRE","TOTAL","NOT SPECIFIED","126",""
"SURVEY","2010","YEAR","","COUNTY","MISSOURI","29","EAST","60","PERRY","157","","","00000000","","CORN","CORN, GRAIN - YIELD, MEASURED IN BU / ACRE","TOTAL","NOT SPECIFIED","132.1",""
"SURVEY","2010","YEAR","","COUNTY","MISSOURI","29","EAST","60","ST CHARLES","183","","","00000000","","CORN","CORN, GRAIN - YIELD, MEASURED IN BU / ACRE","TOTAL","NOT SPECIFIED","149.1",""
"SURVEY","2010","YEAR","","COUNTY","MISSOURI","29","EAST","60","ST FRANCOIS","187","","","00000000","","CORN","CORN, GRAIN - YIELD, MEASURED IN BU / ACRE","TOTAL","NOT SPECIFIED","140",""
"SURVEY","2010","YEAR","","COUNTY","MISSOURI","29","EAST","60","ST LOUIS","189","","","00000000","","CORN","CORN, GRAIN - YIELD, MEASURED IN BU / ACRE","TOTAL","NOT SPECIFIED","159.5",""
"SURVEY","2010","YEAR","","COUNTY","MISSOURI","29","EAST","60","STE GENEVIEVE","186","","","00000000","","CORN","CORN, GRAIN - YIELD, MEASURED IN BU / ACRE","TOTAL","NOT SPECIFIED","143.4",""
"SURVEY","2010","YEAR","","COUNTY","MISSOURI","29","EAST","60","WARREN","219","","","00000000","","CORN","CORN, GRAIN - YIELD, MEASURED IN BU / ACRE","TOTAL","NOT SPECIFIED","126.3",""
"SURVEY","2010","YEAR","","COUNTY","MISSOURI","29","NORTH CENTRAL","20","ADAIR","001","","","00000000","","CORN","CORN, GRAIN - YIELD, MEASURED IN BU / ACRE","TOTAL","NOT SPECIFIED","85.6",""
"SURVEY","2010","YEAR","","COUNTY","MISSOURI","29","NORTH CENTRAL","20","CARROLL","033","","","00000000","","CORN","CORN, GRAIN - YIELD, MEASURED IN BU / ACRE","TOTAL","NOT SPECIFIED","112.5",""
"SURVEY","2010","YEAR","","COUNTY","MISSOURI","29","NORTH CENTRAL","20","CHARITON","041","","","00000000","","CORN","CORN, GRAIN - YIELD, MEASURED IN BU / ACRE","TOTAL","NOT SPECIFIED","108.7",""
"SURVEY","2010","YEAR","","COUNTY","MISSOURI","29","NORTH CENTRAL","20","GRUNDY","079","","","00000000","","CORN","CORN, GRAIN - YIELD, MEASURED IN BU / ACRE","TOTAL","NOT SPECIFIED","109.1",""
"SURVEY","2010","YEAR","","COUNTY","MISSOURI","29","NORTH CENTRAL","20","LINN","115","","","00000000","","CORN","CORN, GRAIN - YIELD, MEASURED IN BU / ACRE","TOTAL","NOT SPECIFIED","107.2",""
"SURVEY","2010","YEAR","","COUNTY","MISSOURI","29","NORTH CENTRAL","20","LIVINGSTON","117","","","00000000","","CORN","CORN, GRAIN - YIELD, MEASURED IN BU / ACRE","TOTAL","NOT SPECIFIED","105.4",""
"SURVEY","2010","YEAR","","COUNTY","MISSOURI","29","NORTH CENTRAL","20","MACON","121","","","00000000","","CORN","CORN, GRAIN - YIELD, MEASURED IN BU / ACRE","TOTAL","NOT SPECIFIED","96.7",""
"SURVEY","2010","YEAR","","COUNTY","MISSOURI","29","NORTH CENTRAL","20","MERCER","129","","","00000000","","CORN","CORN, GRAIN - YIELD, MEASURED IN BU / ACRE","TOTAL","NOT SPECIFIED","102.4",""
"SURVEY","2010","YEAR","","COUNTY","MISSOURI","29","NORTH CENTRAL","20","PUTNAM","171","","","00000000","","CORN","CORN, GRAIN - YIELD, MEASURED IN BU / ACRE","TOTAL","NOT SPECIFIED","93",""
"SURVEY","2010","YEAR","","COUNTY","MISSOURI","29","NORTH CENTRAL","20","RANDOLPH","175","","","00000000","","CORN","CORN, GRAIN - YIELD, MEASURED IN BU / ACRE","TOTAL","NOT SPECIFIED","96.8",""
"SURVEY","2010","YEAR","","COUNTY","MISSOURI","29","NORTH CENTRAL","20","SCHUYLER","197","","","00000000","","CORN","CORN, GRAIN - YIELD, MEASURED IN BU / ACRE","TOTAL","NOT SPECIFIED","74.7",""
"SURVEY","2010","YEAR","","COUNTY","MISSOURI","29","NORTH CENTRAL","20","SULLIVAN","211","","","00000000","","CORN","CORN, GRAIN - YIELD, MEASURED IN BU / ACRE","TOTAL","NOT SPECIFIED","91.8",""
"SURVEY","2010","YEAR","","COUNTY","MISSOURI","29","NORTHEAST","30","AUDRAIN","007","","","00000000","","CORN","CORN, GRAIN - YIELD, MEASURED IN BU / ACRE","TOTAL","NOT SPECIFIED","122.3",""
"SURVEY","2010","YEAR","","COUNTY","MISSOURI","29","NORTHEAST","30","CLARK","045","","","00000000","","CORN","CORN, GRAIN - YIELD, MEASURED IN BU / ACRE","TOTAL","NOT SPECIFIED","82.9",""
"SURVEY","2010","YEAR","","COUNTY","MISSOURI","29","NORTHEAST","30","KNOX","103","","","00000000","","CORN","CORN, GRAIN - YIELD, MEASURED IN BU / ACRE","TOTAL","NOT SPECIFIED","98",""
"SURVEY","2010","YEAR","","COUNTY","MISSOURI","29","NORTHEAST","30","LEWIS","111","","","00000000","","CORN","CORN, GRAIN - YIELD, MEASURED IN BU / ACRE","TOTAL","NOT SPECIFIED","95.1",""
"SURVEY","2010","YEAR","","COUNTY","MISSOURI","29","NORTHEAST","30","MARION","127","","","00000000","","CORN","CORN, GRAIN - YIELD, MEASURED IN BU / ACRE","TOTAL","NOT SPECIFIED","115.1",""
"SURVEY","2010","YEAR","","COUNTY","MISSOURI","29","NORTHEAST","30","MONROE","137","","","00000000","","CORN","CORN, GRAIN - YIELD, MEASURED IN BU / ACRE","TOTAL","NOT SPECIFIED","102.5",""
"SURVEY","2010","YEAR","","COUNTY","MISSOURI","29","NORTHEAST","30","PIKE","163","","","00000000","","CORN","CORN, GRAIN - YIELD, MEASURED IN BU / ACRE","TOTAL","NOT SPECIFIED","131",""
"SURVEY","2010","YEAR","","COUNTY","MISSOURI","29","NORTHEAST","30","RALLS","173","","","00000000","","CORN","CORN, GRAIN - YIELD, MEASURED IN BU / ACRE","TOTAL","NOT SPECIFIED","121.2",""
"SURVEY","2010","YEAR","","COUNTY","MISSOURI","29","NORTHEAST","30","SCOTLAND","199","","","00000000","","CORN","CORN, GRAIN - YIELD, MEASURED IN BU / ACRE","TOTAL","NOT SPECIFIED","81.8",""
"SURVEY","2010","YEAR","","COUNTY","MISSOURI","29","NORTHEAST","30","SHELBY","205","","","00000000","","CORN","CORN, GRAIN - YIELD, MEASURED IN BU / ACRE","TOTAL","NOT SPECIFIED","92",""
"SURVEY","2010","YEAR","","COUNTY","MISSOURI","29","NORTHWEST","10","ANDREW","003","","","00000000","","CORN","CORN, GRAIN - YIELD, MEASURED IN BU / ACRE","TOTAL","NOT SPECIFIED","111.2",""
"SURVEY","2010","YEAR","","COUNTY","MISSOURI","29","NORTHWEST","10","ATCHISON","005","","","00000000","","CORN","CORN, GRAIN - YIELD, MEASURED IN BU / ACRE","TOTAL","NOT SPECIFIED","149.4",""
"SURVEY","2010","YEAR","","COUNTY","MISSOURI","29","NORTHWEST","10","BUCHANAN","021","","","00000000","","CORN","CORN, GRAIN - YIELD, MEASURED IN BU / ACRE","TOTAL","NOT SPECIFIED","127.8",""
"SURVEY","2010","YEAR","","COUNTY","MISSOURI","29","NORTHWEST","10","CALDWELL","025","","","00000000","","CORN","CORN, GRAIN - YIELD, MEASURED IN BU / ACRE","TOTAL","NOT SPECIFIED","106.5",""
"SURVEY","2010","YEAR","","COUNTY","MISSOURI","29","NORTHWEST","10","CLAY","047","","","00000000","","CORN","CORN, GRAIN - YIELD, MEASURED IN BU / ACRE","TOTAL","NOT SPECIFIED","134.4",""
"SURVEY","2010","YEAR","","COUNTY","MISSOURI","29","NORTHWEST","10","CLINTON","049","","","00000000","","CORN","CORN, GRAIN - YIELD, MEASURED IN BU / ACRE","TOTAL","NOT SPECIFIED","119.6",""
"SURVEY","2010","YEAR","","COUNTY","MISSOURI","29","NORTHWEST","10","DAVIESS","061","","","00000000","","CORN","CORN, GRAIN - YIELD, MEASURED IN BU / ACRE","TOTAL","NOT SPECIFIED","104.5",""
"SURVEY","2010","YEAR","","COUNTY","MISSOURI","29","NORTHWEST","10","DE KALB","063","","","00000000","","CORN","CORN, GRAIN - YIELD, MEASURED IN BU / ACRE","TOTAL","NOT SPECIFIED","113.6",""
"SURVEY","2010","YEAR","","COUNTY","MISSOURI","29","NORTHWEST","10","GENTRY","075","","","00000000","","CORN","CORN, GRAIN - YIELD, MEASURED IN BU / ACRE","TOTAL","NOT SPECIFIED","93.8",""
"SURVEY","2010","YEAR","","COUNTY","MISSOURI","29","NORTHWEST","10","HARRISON","081","","","00000000","","CORN","CORN, GRAIN - YIELD, MEASURED IN BU / ACRE","TOTAL","NOT SPECIFIED","100.2",""
"SURVEY","2010","YEAR","","COUNTY","MISSOURI","29","NORTHWEST","10","HOLT","087","","","00000000","","CORN","CORN, GRAIN - YIELD, MEASURED IN BU / ACRE","TOTAL","NOT SPECIFIED","149.4",""
"SURVEY","2010","YEAR","","COUNTY","MISSOURI","29","NORTHWEST","10","NODAWAY","147","","","00000000","","CORN","CORN, GRAIN - YIELD, MEASURED IN BU / ACRE","TOTAL","NOT SPECIFIED","121.3",""
"SURVEY","2010","YEAR","","COUNTY","MISSOURI","29","NORTHWEST","10","PLATTE","165","","","00000000","","CORN","CORN, GRAIN - YIELD, MEASURED IN BU / ACRE","TOTAL","NOT SPECIFIED","133.5",""
"SURVEY","2010","YEAR","","COUNTY","MISSOURI","29","NORTHWEST","10","RAY","177","","","00000000","","CORN","CORN, GRAIN - YIELD, MEASURED IN BU / ACRE","TOTAL","NOT SPECIFIED","120.4",""
"SURVEY","2010","YEAR","","COUNTY","MISSOURI","29","NORTHWEST","10","WORTH","227","","","00000000","","CORN","CORN, GRAIN - YIELD, MEASURED IN BU / ACRE","TOTAL","NOT SPECIFIED","93.3",""
"SURVEY","2010","YEAR","","COUNTY","MISSOURI","29","SOUTH CENTRAL","80","BOLLINGER","017","","","00000000","","CORN","CORN, GRAIN - YIELD, MEASURED IN BU / ACRE","TOTAL","NOT SPECIFIED","110",""
"SURVEY","2010","YEAR","","COUNTY","MISSOURI","29","SOUTH CENTRAL","80","HOWELL","091","","","00000000","","CORN","CORN, GRAIN - YIELD, MEASURED IN BU / ACRE","TOTAL","NOT SPECIFIED","65.3",""
"SURVEY","2010","YEAR","","COUNTY","MISSOURI","29","SOUTH CENTRAL","80","OTHER (COMBINED) COUNTIES","","","","00000000","","CORN","CORN, GRAIN - YIELD, MEASURED IN BU / ACRE","TOTAL","NOT SPECIFIED","95.8",""
"SURVEY","2010","YEAR","","COUNTY","MISSOURI","29","SOUTH CENTRAL","80","RIPLEY","181","","","00000000","","CORN","CORN, GRAIN - YIELD, MEASURED IN BU / ACRE","TOTAL","NOT SPECIFIED","67.2",""
"SURVEY","2010","YEAR","","COUNTY","MISSOURI","29","SOUTH CENTRAL","80","WAYNE","223","","","00000000","","CORN","CORN, GRAIN - YIELD, MEASURED IN BU / ACRE","TOTAL","NOT SPECIFIED","77",""
"SURVEY","2010","YEAR","","COUNTY","MISSOURI","29","SOUTH CENTRAL","80","WEBSTER","225","","","00000000","","CORN","CORN, GRAIN - YIELD, MEASURED IN BU / ACRE","TOTAL","NOT SPECIFIED","115",""
"SURVEY","2010","YEAR","","COUNTY","MISSOURI","29","SOUTHEAST","90","BUTLER","023","","","00000000","","CORN","CORN, GRAIN - YIELD, MEASURED IN BU / ACRE","TOTAL","NOT SPECIFIED","126",""
"SURVEY","2010","YEAR","","COUNTY","MISSOURI","29","SOUTHEAST","90","CAPE GIRARDEAU","031","","","00000000","","CORN","CORN, GRAIN - YIELD, MEASURED IN BU / ACRE","TOTAL","NOT SPECIFIED","134.8",""
"SURVEY","2010","YEAR","","COUNTY","MISSOURI","29","SOUTHEAST","90","DUNKLIN","069","","","00000000","","CORN","CORN, GRAIN - YIELD, MEASURED IN BU / ACRE","TOTAL","NOT SPECIFIED","150",""
"SURVEY","2010","YEAR","","COUNTY","MISSOURI","29","SOUTHEAST","90","MISSISSIPPI","133","","","00000000","","CORN","CORN, GRAIN - YIELD, MEASURED IN BU / ACRE","TOTAL","NOT SPECIFIED","148",""
"SURVEY","2010","YEAR","","COUNTY","MISSOURI","29","SOUTHEAST","90","NEW MADRID","143","","","00000000","","CORN","CORN, GRAIN - YIELD, MEASURED IN BU / ACRE","TOTAL","NOT SPECIFIED","157.2",""
"SURVEY","2010","YEAR","","COUNTY","MISSOURI","29","SOUTHEAST","90","PEMISCOT","155","","","00000000","","CORN","CORN, GRAIN - YIELD, MEASURED IN BU / ACRE","TOTAL","NOT SPECIFIED","140",""
"SURVEY","2010","YEAR","","COUNTY","MISSOURI","29","SOUTHEAST","90","SCOTT","201","","","00000000","","CORN","CORN, GRAIN - YIELD, MEASURED IN BU / ACRE","TOTAL","NOT SPECIFIED","150.6",""
"SURVEY","2010","YEAR","","COUNTY","MISSOURI","29","SOUTHEAST","90","STODDARD","207","","","00000000","","CORN","CORN, GRAIN - YIELD, MEASURED IN BU / ACRE","TOTAL","NOT SPECIFIED","136.4",""
"SURVEY","2010","YEAR","","COUNTY","MISSOURI","29","SOUTHWEST","70","BARRY","009","","","00000000","","CORN","CORN, GRAIN - YIELD, MEASURED IN BU / ACRE","TOTAL","NOT SPECIFIED","111",""
"SURVEY","2010","YEAR","","COUNTY","MISSOURI","29","SOUTHWEST","70","BARTON","011","","","00000000","","CORN","CORN, GRAIN - YIELD, MEASURED IN BU / ACRE","TOTAL","NOT SPECIFIED","137.6",""
"SURVEY","2010","YEAR","","COUNTY","MISSOURI","29","SOUTHWEST","70","CHRISTIAN","043","","","00000000","","CORN","CORN, GRAIN - YIELD, MEASURED IN BU / ACRE","TOTAL","NOT SPECIFIED","99.8",""
"SURVEY","2010","YEAR","","COUNTY","MISSOURI","29","SOUTHWEST","70","DADE","057","","","00000000","","CORN","CORN, GRAIN - YIELD, MEASURED IN BU / ACRE","TOTAL","NOT SPECIFIED","107.8",""
"SURVEY","2010","YEAR","","COUNTY","MISSOURI","29","SOUTHWEST","70","JASPER","097","","","00000000","","CORN","CORN, GRAIN - YIELD, MEASURED IN BU / ACRE","TOTAL","NOT SPECIFIED","128.6",""
"SURVEY","2010","YEAR","","COUNTY","MISSOURI","29","SOUTHWEST","70","LAWRENCE","109","","","00000000","","CORN","CORN, GRAIN - YIELD, MEASURED IN BU / ACRE","TOTAL","NOT SPECIFIED","92.6",""
"SURVEY","2010","YEAR","","COUNTY","MISSOURI","29","SOUTHWEST","70","OTHER (COMBINED) COUNTIES","","","","00000000","","CORN","CORN, GRAIN - YIELD, MEASURED IN BU / ACRE","TOTAL","NOT SPECIFIED","129.8",""
"SURVEY","2010","YEAR","","COUNTY","MISSOURI","29","SOUTHWEST","70","STONE","209","","","00000000","","CORN","CORN, GRAIN - YIELD, MEASURED IN BU / ACRE","TOTAL","NOT SPECIFIED","89.3",""
"SURVEY","2010","YEAR","","COUNTY","MISSOURI","29","WEST","40","BATES","013","","","00000000","","CORN","CORN, GRAIN - YIELD, MEASURED IN BU / ACRE","TOTAL","NOT SPECIFIED","119",""
"SURVEY","2010","YEAR","","COUNTY","MISSOURI","29","WEST","40","CASS","037","","","00000000","","CORN","CORN, GRAIN - YIELD, MEASURED IN BU / ACRE","TOTAL","NOT SPECIFIED","109.8",""
"SURVEY","2010","YEAR","","COUNTY","MISSOURI","29","WEST","40","CEDAR","039","","","00000000","","CORN","CORN, GRAIN - YIELD, MEASURED IN BU / ACRE","TOTAL","NOT SPECIFIED","126.6",""
"SURVEY","2010","YEAR","","COUNTY","MISSOURI","29","WEST","40","HENRY","083","","","00000000","","CORN","CORN, GRAIN - YIELD, MEASURED IN BU / ACRE","TOTAL","NOT SPECIFIED","98.6",""
"SURVEY","2010","YEAR","","COUNTY","MISSOURI","29","WEST","40","JACKSON","095","","","00000000","","CORN","CORN, GRAIN - YIELD, MEASURED IN BU / ACRE","TOTAL","NOT SPECIFIED","134.1",""
"SURVEY","2010","YEAR","","COUNTY","MISSOURI","29","WEST","40","JOHNSON","101","","","00000000","","CORN","CORN, GRAIN - YIELD, MEASURED IN BU / ACRE","TOTAL","NOT SPECIFIED","106.2",""
"SURVEY","2010","YEAR","","COUNTY","MISSOURI","29","WEST","40","LAFAYETTE","107","","","00000000","","CORN","CORN, GRAIN - YIELD, MEASURED IN BU / ACRE","TOTAL","NOT SPECIFIED","135.6",""
"SURVEY","2010","YEAR","","COUNTY","MISSOURI","29","WEST","40","ST CLAIR","185","","","00000000","","CORN","CORN, GRAIN - YIELD, MEASURED IN BU / ACRE","TOTAL","NOT SPECIFIED","125.6",""
"SURVEY","2010","YEAR","","COUNTY","MISSOURI","29","WEST","40","VERNON","217","","","00000000","","CORN","CORN, GRAIN - YIELD, MEASURED IN BU / ACRE","TOTAL","NOT SPECIFIED","122.9",""
"SURVEY","2010","YEAR","","COUNTY","WISCONSIN","55","CENTRAL","50","ADAMS","001","","","00000000","","CORN","CORN, GRAIN - YIELD, MEASURED IN BU / ACRE","TOTAL","NOT SPECIFIED","158.4",""
"SURVEY","2010","YEAR","","COUNTY","WISCONSIN","55","CENTRAL","50","GREEN LAKE","047","","","00000000","","CORN","CORN, GRAIN - YIELD, MEASURED IN BU / ACRE","TOTAL","NOT SPECIFIED","161.7",""
"SURVEY","2010","YEAR","","COUNTY","WISCONSIN","55","CENTRAL","50","JUNEAU","057","","","00000000","","CORN","CORN, GRAIN - YIELD, MEASURED IN BU / ACRE","TOTAL","NOT SPECIFIED","152",""
"SURVEY","2010","YEAR","","COUNTY","WISCONSIN","55","CENTRAL","50","MARQUETTE","077","","","00000000","","CORN","CORN, GRAIN - YIELD, MEASURED IN BU / ACRE","TOTAL","NOT SPECIFIED","136.3",""
"SURVEY","2010","YEAR","","COUNTY","WISCONSIN","55","CENTRAL","50","PORTAGE","097","","","00000000","","CORN","CORN, GRAIN - YIELD, MEASURED IN BU / ACRE","TOTAL","NOT SPECIFIED","151.6",""
"SURVEY","2010","YEAR","","COUNTY","WISCONSIN","55","CENTRAL","50","WAUPACA","135","","","00000000","","CORN","CORN, GRAIN - YIELD, MEASURED IN BU / ACRE","TOTAL","NOT SPECIFIED","149.8",""
"SURVEY","2010","YEAR","","COUNTY","WISCONSIN","55","CENTRAL","50","WAUSHARA","137","","","00000000","","CORN","CORN, GRAIN - YIELD, MEASURED IN BU / ACRE","TOTAL","NOT SPECIFIED","145.2",""
"SURVEY","2010","YEAR","","COUNTY","WISCONSIN","55","CENTRAL","50","WOOD","141","","","00000000","","CORN","CORN, GRAIN - YIELD, MEASURED IN BU / ACRE","TOTAL","NOT SPECIFIED","134.5",""
"SURVEY","2010","YEAR","","COUNTY","WISCONSIN","55","EAST CENTRAL","60","BROWN","009","","","00000000","","CORN","CORN, GRAIN - YIELD, MEASURED IN BU / ACRE","TOTAL","NOT SPECIFIED","135.4",""
"SURVEY","2010","YEAR","","COUNTY","WISCONSIN","55","EAST CENTRAL","60","CALUMET","015","","","00000000","","CORN","CORN, GRAIN - YIELD, MEASURED IN BU / ACRE","TOTAL","NOT SPECIFIED","152.8",""
"SURVEY","2010","YEAR","","COUNTY","WISCONSIN","55","EAST CENTRAL","60","DOOR","029","","","00000000","","CORN","CORN, GRAIN - YIELD, MEASURED IN BU / ACRE","TOTAL","NOT SPECIFIED","141.8",""
"SURVEY","2010","YEAR","","COUNTY","WISCONSIN","55","EAST CENTRAL","60","FOND DU LAC","039","","","00000000","","CORN","CORN, GRAIN - YIELD, MEASURED IN BU / ACRE","TOTAL","NOT SPECIFIED","172.6",""
"SURVEY","2010","YEAR","","COUNTY","WISCONSIN","55","EAST CENTRAL","60","KEWAUNEE","061","","","00000000","","CORN","CORN, GRAIN - YIELD, MEASURED IN BU / ACRE","TOTAL","NOT SPECIFIED","149.6",""
"SURVEY","2010","YEAR","","COUNTY","WISCONSIN","55","EAST CENTRAL","60","MANITOWOC","071","","","00000000","","CORN","CORN, GRAIN - YIELD, MEASURED IN BU / ACRE","TOTAL","NOT SPECIFIED","159.1",""
"SURVEY","2010","YEAR","","COUNTY","WISCONSIN","55","EAST CENTRAL","60","OUTAGAMIE","087","","","00000000","","CORN","CORN, GRAIN - YIELD, MEASURED IN BU / ACRE","TOTAL","NOT SPECIFIED","131.9",""
"SURVEY","2010","YEAR","","COUNTY","WISCONSIN","55","EAST CENTRAL","60","SHEBOYGAN","117","","","00000000","","CORN","CORN, GRAIN - YIELD, MEASURED IN BU / ACRE","TOTAL","NOT SPECIFIED","151.7",""
"SURVEY","2010","YEAR","","COUNTY","WISCONSIN","55","EAST CENTRAL","60","WINNEBAGO","139","","","00000000","","CORN","CORN, GRAIN - YIELD, MEASURED IN BU / ACRE","TOTAL","NOT SPECIFIED","138.2",""
"SURVEY","2010","YEAR","","COUNTY","WISCONSIN","55","NORTH CENTRAL","20","CLARK","019","","","00000000","","CORN","CORN, GRAIN - YIELD, MEASURED IN BU / ACRE","TOTAL","NOT SPECIFIED","145.5",""
"SURVEY","2010","YEAR","","COUNTY","WISCONSIN","55","NORTH CENTRAL","20","LINCOLN","069","","","00000000","","CORN","CORN, GRAIN - YIELD, MEASURED IN BU / ACRE","TOTAL","NOT SPECIFIED","152.9",""
"SURVEY","2010","YEAR","","COUNTY","WISCONSIN","55","NORTH CENTRAL","20","MARATHON","073","","","00000000","","CORN","CORN, GRAIN - YIELD, MEASURED IN BU / ACRE","TOTAL","NOT SPECIFIED","147.6",""
"SURVEY","2010","YEAR","","COUNTY","WISCONSIN","55","NORTH CENTRAL","20","OTHER (COMBINED) COUNTIES","","","","00000000","","CORN","CORN, GRAIN - YIELD, MEASURED IN BU / ACRE","TOTAL","NOT SPECIFIED","106.7",""
"SURVEY","2010","YEAR","","COUNTY","WISCONSIN","55","NORTH CENTRAL","20","PRICE","099","","","00000000","","CORN","CORN, GRAIN - YIELD, MEASURED IN BU / ACRE","TOTAL","NOT SPECIFIED","114.8",""
"SURVEY","2010","YEAR","","COUNTY","WISCONSIN","55","NORTH CENTRAL","20","TAYLOR","119","","","00000000","","CORN","CORN, GRAIN - YIELD, MEASURED IN BU / ACRE","TOTAL","NOT SPECIFIED","135",""
"SURVEY","2010","YEAR","","COUNTY","WISCONSIN","55","NORTHEAST","30","MARINETTE","075","","","00000000","","CORN","CORN, GRAIN - YIELD, MEASURED IN BU / ACRE","TOTAL","NOT SPECIFIED","155.1",""
"SURVEY","2010","YEAR","","COUNTY","WISCONSIN","55","NORTHEAST","30","OCONTO","083","","","00000000","","CORN","CORN, GRAIN - YIELD, MEASURED IN BU / ACRE","TOTAL","NOT SPECIFIED","139",""
"SURVEY","2010","YEAR","","COUNTY","WISCONSIN","55","NORTHEAST","30","OTHER (COMBINED) COUNTIES","","","","00000000","","CORN","CORN, GRAIN - YIELD, MEASURED IN BU / ACRE","TOTAL","NOT SPECIFIED","135.9",""
"SURVEY","2010","YEAR","","COUNTY","WISCONSIN","55","NORTHEAST","30","SHAWANO","115","","","00000000","","CORN","CORN, GRAIN - YIELD, MEASURED IN BU / ACRE","TOTAL","NOT SPECIFIED","145.8",""
"SURVEY","2010","YEAR","","COUNTY","WISCONSIN","55","NORTHWEST","10","BARRON","005","","","00000000","","CORN","CORN, GRAIN - YIELD, MEASURED IN BU / ACRE","TOTAL","NOT SPECIFIED","161.3",""
"SURVEY","2010","YEAR","","COUNTY","WISCONSIN","55","NORTHWEST","10","BURNETT","013","","","00000000","","CORN","CORN, GRAIN - YIELD, MEASURED IN BU / ACRE","TOTAL","NOT SPECIFIED","127",""
"SURVEY","2010","YEAR","","COUNTY","WISCONSIN","55","NORTHWEST","10","CHIPPEWA","017","","","00000000","","CORN","CORN, GRAIN - YIELD, MEASURED IN BU / ACRE","TOTAL","NOT SPECIFIED","162.9",""
"SURVEY","2010","YEAR","","COUNTY","WISCONSIN","55","NORTHWEST","10","OTHER (COMBINED) COUNTIES","","","","00000000","","CORN","CORN, GRAIN - YIELD, MEASURED IN BU / ACRE","TOTAL","NOT SPECIFIED","121.7",""
"SURVEY","2010","YEAR","","COUNTY","WISCONSIN","55","NORTHWEST","10","POLK","095","","","00000000","","CORN","CORN, GRAIN - YIELD, MEASURED IN BU / ACRE","TOTAL","NOT SPECIFIED","162.8",""
"SURVEY","2010","YEAR","","COUNTY","WISCONSIN","55","NORTHWEST","10","RUSK","107","","","00000000","","CORN","CORN, GRAIN - YIELD, MEASURED IN BU / ACRE","TOTAL","NOT SPECIFIED","142.9",""
"SURVEY","2010","YEAR","","COUNTY","WISCONSIN","55","NORTHWEST","10","SAWYER","113","","","00000000","","CORN","CORN, GRAIN - YIELD, MEASURED IN BU / ACRE","TOTAL","NOT SPECIFIED","152",""
"SURVEY","2010","YEAR","","COUNTY","WISCONSIN","55","NORTHWEST","10","WASHBURN","129","","","00000000","","CORN","CORN, GRAIN - YIELD, MEASURED IN BU / ACRE","TOTAL","NOT SPECIFIED","149.9",""
"SURVEY","2010","YEAR","","COUNTY","WISCONSIN","55","SOUTH CENTRAL","80","COLUMBIA","021","","","00000000","","CORN","CORN, GRAIN - YIELD, MEASURED IN BU / ACRE","TOTAL","NOT SPECIFIED","172.7",""
"SURVEY","2010","YEAR","","COUNTY","WISCONSIN","55","SOUTH CENTRAL","80","DANE","025","","","00000000","","CORN","CORN, GRAIN - YIELD, MEASURED IN BU / ACRE","TOTAL","NOT SPECIFIED","177.5",""
"SURVEY","2010","YEAR","","COUNTY","WISCONSIN","55","SOUTH CENTRAL","80","DODGE","027","","","00000000","","CORN","CORN, GRAIN - YIELD, MEASURED IN BU / ACRE","TOTAL","NOT SPECIFIED","171.2",""
"SURVEY","2010","YEAR","","COUNTY","WISCONSIN","55","SOUTH CENTRAL","80","GREEN","045","","","00000000","","CORN","CORN, GRAIN - YIELD, MEASURED IN BU / ACRE","TOTAL","NOT SPECIFIED","169.8",""
"SURVEY","2010","YEAR","","COUNTY","WISCONSIN","55","SOUTH CENTRAL","80","JEFFERSON","055","","","00000000","","CORN","CORN, GRAIN - YIELD, MEASURED IN BU / ACRE","TOTAL","NOT SPECIFIED","159.9",""
"SURVEY","2010","YEAR","","COUNTY","WISCONSIN","55","SOUTH CENTRAL","80","ROCK","105","","","00000000","","CORN","CORN, GRAIN - YIELD, MEASURED IN BU / ACRE","TOTAL","NOT SPECIFIED","173.8",""
"SURVEY","2010","YEAR","","COUNTY","WISCONSIN","55","SOUTHEAST","90","KENOSHA","059","","","00000000","","CORN","CORN, GRAIN - YIELD, MEASURED IN BU / ACRE","TOTAL","NOT SPECIFIED","172.1",""
"SURVEY","2010","YEAR","","COUNTY","WISCONSIN","55","SOUTHEAST","90","MILWAUKEE","079","","","00000000","","CORN","CORN, GRAIN - YIELD, MEASURED IN BU / ACRE","TOTAL","NOT SPECIFIED","109.4",""
"SURVEY","2010","YEAR","","COUNTY","WISCONSIN","55","SOUTHEAST","90","OZAUKEE","089","","","00000000","","CORN","CORN, GRAIN - YIELD, MEASURED IN BU / ACRE","TOTAL","NOT SPECIFIED","156.5",""
"SURVEY","2010","YEAR","","COUNTY","WISCONSIN","55","SOUTHEAST","90","RACINE","101","","","00000000","","CORN","CORN, GRAIN - YIELD, MEASURED IN BU / ACRE","TOTAL","NOT SPECIFIED","158.9",""
"SURVEY","2010","YEAR","","COUNTY","WISCONSIN","55","SOUTHEAST","90","WALWORTH","127","","","00000000","","CORN","CORN, GRAIN - YIELD, MEASURED IN BU / ACRE","TOTAL","NOT SPECIFIED","171",""
"SURVEY","2010","YEAR","","COUNTY","WISCONSIN","55","SOUTHEAST","90","WASHINGTON","131","","","00000000","","CORN","CORN, GRAIN - YIELD, MEASURED IN BU / ACRE","TOTAL","NOT SPECIFIED","157.5",""
"SURVEY","2010","YEAR","","COUNTY","WISCONSIN","55","SOUTHEAST","90","WAUKESHA","133","","","00000000","","CORN","CORN, GRAIN - YIELD, MEASURED IN BU / ACRE","TOTAL","NOT SPECIFIED","152.4",""
"SURVEY","2010","YEAR","","COUNTY","WISCONSIN","55","SOUTHWEST","70","CRAWFORD","023","","","00000000","","CORN","CORN, GRAIN - YIELD, MEASURED IN BU / ACRE","TOTAL","NOT SPECIFIED","156.7",""
"SURVEY","2010","YEAR","","COUNTY","WISCONSIN","55","SOUTHWEST","70","GRANT","043","","","00000000","","CORN","CORN, GRAIN - YIELD, MEASURED IN BU / ACRE","TOTAL","NOT SPECIFIED","178",""
"SURVEY","2010","YEAR","","COUNTY","WISCONSIN","55","SOUTHWEST","70","IOWA","049","","","00000000","","CORN","CORN, GRAIN - YIELD, MEASURED IN BU / ACRE","TOTAL","NOT SPECIFIED","178.1",""
"SURVEY","2010","YEAR","","COUNTY","WISCONSIN","55","SOUTHWEST","70","LAFAYETTE","065","","","00000000","","CORN","CORN, GRAIN - YIELD, MEASURED IN BU / ACRE","TOTAL","NOT SPECIFIED","182",""
"SURVEY","2010","YEAR","","COUNTY","WISCONSIN","55","SOUTHWEST","70","RICHLAND","103","","","00000000","","CORN","CORN, GRAIN - YIELD, MEASURED IN BU / ACRE","TOTAL","NOT SPECIFIED","154",""
"SURVEY","2010","YEAR","","COUNTY","WISCONSIN","55","SOUTHWEST","70","SAUK","111","","","00000000","","CORN","CORN, GRAIN - YIELD, MEASURED IN BU / ACRE","TOTAL","NOT SPECIFIED","154.4",""
"SURVEY","2010","YEAR","","COUNTY","WISCONSIN","55","SOUTHWEST","70","VERNON","123","","","00000000","","CORN","CORN, GRAIN - YIELD, MEASURED IN BU / ACRE","TOTAL","NOT SPECIFIED","157.9",""
"SURVEY","2010","YEAR","","COUNTY","WISCONSIN","55","WEST CENTRAL","40","BUFFALO","011","","","00000000","","CORN","CORN, GRAIN - YIELD, MEASURED IN BU / ACRE","TOTAL","NOT SPECIFIED","155.8",""
"SURVEY","2010","YEAR","","COUNTY","WISCONSIN","55","WEST CENTRAL","40","DUNN","033","","","00000000","","CORN","CORN, GRAIN - YIELD, MEASURED IN BU / ACRE","TOTAL","NOT SPECIFIED","163.2",""
"SURVEY","2010","YEAR","","COUNTY","WISCONSIN","55","WEST CENTRAL","40","EAU CLAIRE","035","","","00000000","","CORN","CORN, GRAIN - YIELD, MEASURED IN BU / ACRE","TOTAL","NOT SPECIFIED","159.8",""
"SURVEY","2010","YEAR","","COUNTY","WISCONSIN","55","WEST CENTRAL","40","JACKSON","053","","","00000000","","CORN","CORN, GRAIN - YIELD, MEASURED IN BU / ACRE","TOTAL","NOT SPECIFIED","158.8",""
"SURVEY","2010","YEAR","","COUNTY","WISCONSIN","55","WEST CENTRAL","40","LA CROSSE","063","","","00000000","","CORN","CORN, GRAIN - YIELD, MEASURED IN BU / ACRE","TOTAL","NOT SPECIFIED","166.7",""
"SURVEY","2010","YEAR","","COUNTY","WISCONSIN","55","WEST CENTRAL","40","MONROE","081","","","00000000","","CORN","CORN, GRAIN - YIELD, MEASURED IN BU / ACRE","TOTAL","NOT SPECIFIED","156.8",""
"SURVEY","2010","YEAR","","COUNTY","WISCONSIN","55","WEST CENTRAL","40","PEPIN","091","","","00000000","","CORN","CORN, GRAIN - YIELD, MEASURED IN BU / ACRE","TOTAL","NOT SPECIFIED","165.4",""
"SURVEY","2010","YEAR","","COUNTY","WISCONSIN","55","WEST CENTRAL","40","PIERCE","093","","","00000000","","CORN","CORN, GRAIN - YIELD, MEASURED IN BU / ACRE","TOTAL","NOT SPECIFIED","170.4",""
"SURVEY","2010","YEAR","","COUNTY","WISCONSIN","55","WEST CENTRAL","40","ST CROIX","109","","","00000000","","CORN","CORN, GRAIN - YIELD, MEASURED IN BU / ACRE","TOTAL","NOT SPECIFIED","172",""
"SURVEY","2010","YEAR","","COUNTY","WISCONSIN","55","WEST CENTRAL","40","TREMPEALEAU","121","","","00000000","","CORN","CORN, GRAIN - YIELD, MEASURED IN BU / ACRE","TOTAL","NOT SPECIFIED","160.2",""
"SURVEY","2009","YEAR","","COUNTY","COLORADO","08","EAST CENTRAL","60","OTHER (COMBINED) COUNTIES","","","","00000000","","CORN","CORN, GRAIN - YIELD, MEASURED IN BU / ACRE","TOTAL","NOT SPECIFIED","130",""
"SURVEY","2009","YEAR","","COUNTY","COLORADO","08","EAST CENTRAL","60","YUMA","125","","","00000000","","CORN","CORN, GRAIN - YIELD, MEASURED IN BU / ACRE","TOTAL","NOT SPECIFIED","176",""
"SURVEY","2009","YEAR","","COUNTY","COLORADO","08","NORTHEAST","20","LOGAN","075","","","00000000","","CORN","CORN, GRAIN - YIELD, MEASURED IN BU / ACRE","TOTAL","NOT SPECIFIED","151",""
"SURVEY","2009","YEAR","","COUNTY","COLORADO","08","NORTHEAST","20","OTHER (COMBINED) COUNTIES","","","","00000000","","CORN","CORN, GRAIN - YIELD, MEASURED IN BU / ACRE","TOTAL","NOT SPECIFIED","170",""
"SURVEY","2009","YEAR","","COUNTY","COLORADO","08","NORTHEAST","20","WELD","123","","","00000000","","CORN","CORN, GRAIN - YIELD, MEASURED IN BU / ACRE","TOTAL","NOT SPECIFIED","176",""
"SURVEY","2009","YEAR","","COUNTY","COLORADO","08","SOUTHEAST","90","CROWLEY","025","","","00000000","","CORN","CORN, GRAIN - YIELD, MEASURED IN BU / ACRE","TOTAL","NOT SPECIFIED","119",""
"SURVEY","2009","YEAR","","COUNTY","COLORADO","08","SOUTHEAST","90","OTHER (COMBINED) COUNTIES","","","","00000000","","CORN","CORN, GRAIN - YIELD, MEASURED IN BU / ACRE","TOTAL","NOT SPECIFIED","163",""
"SURVEY","2009","YEAR","","COUNTY","MISSOURI","29","CENTRAL","50","BENTON","015","","","00000000","","CORN","CORN, GRAIN - YIELD, MEASURED IN BU / ACRE","TOTAL","NOT SPECIFIED","152",""
"SURVEY","2009","YEAR","","COUNTY","MISSOURI","29","CENTRAL","50","BOONE","019","","","00000000","","CORN","CORN, GRAIN - YIELD, MEASURED IN BU / ACRE","TOTAL","NOT SPECIFIED","141",""
"SURVEY","2009","YEAR","","COUNTY","MISSOURI","29","CENTRAL","50","CALLAWAY","027","","","00000000","","CORN","CORN, GRAIN - YIELD, MEASURED IN BU / ACRE","TOTAL","NOT SPECIFIED","140",""
"SURVEY","2009","YEAR","","COUNTY","MISSOURI","29","CENTRAL","50","COLE","051","","","00000000","","CORN","CORN, GRAIN - YIELD, MEASURED IN BU / ACRE","TOTAL","NOT SPECIFIED","158",""
"SURVEY","2009","YEAR","","COUNTY","MISSOURI","29","CENTRAL","50","COOPER","053","","","00000000","","CORN","CORN, GRAIN - YIELD, MEASURED IN BU / ACRE","TOTAL","NOT SPECIFIED","150",""
"SURVEY","2009","YEAR","","COUNTY","MISSOURI","29","CENTRAL","50","HICKORY","085","","","00000000","","CORN","CORN, GRAIN - YIELD, MEASURED IN BU / ACRE","TOTAL","NOT SPECIFIED","165",""
"SURVEY","2009","YEAR","","COUNTY","MISSOURI","29","CENTRAL","50","HOWARD","089","","","00000000","","CORN","CORN, GRAIN - YIELD, MEASURED IN BU / ACRE","TOTAL","NOT SPECIFIED","152",""
"SURVEY","2009","YEAR","","COUNTY","MISSOURI","29","CENTRAL","50","LACLEDE","105","","","00000000","","CORN","CORN, GRAIN - YIELD, MEASURED IN BU / ACRE","TOTAL","NOT SPECIFIED","148",""
"SURVEY","2009","YEAR","","COUNTY","MISSOURI","29","CENTRAL","50","MARIES","125","","","00000000","","CORN","CORN, GRAIN - YIELD, MEASURED IN BU / ACRE","TOTAL","NOT SPECIFIED","125",""
"SURVEY","2009","YEAR","","COUNTY","MISSOURI","29","CENTRAL","50","MILLER","131","","","00000000","","CORN","CORN, GRAIN - YIELD, MEASURED IN BU / ACRE","TOTAL","NOT SPECIFIED","116",""
"SURVEY","2009","YEAR","","COUNTY","MISSOURI","29","CENTRAL","50","MONITEAU","135","","","00000000","","CORN","CORN, GRAIN - YIELD, MEASURED IN BU / ACRE","TOTAL","NOT SPECIFIED","132",""
"SURVEY","2009","YEAR","","COUNTY","MISSOURI","29","CENTRAL","50","MORGAN","141","","","00000000","","CORN","CORN, GRAIN - YIELD, MEASURED IN BU / ACRE","TOTAL","NOT SPECIFIED","119",""
"SURVEY","2009","YEAR","","COUNTY","MISSOURI","29","CENTRAL","50","OSAGE","151","","","00000000","","CORN","CORN, GRAIN - YIELD, MEASURED IN BU / ACRE","TOTAL","NOT SPECIFIED","164",""
"SURVEY","2009","YEAR","","COUNTY","MISSOURI","29","CENTRAL","50","OTHER (COMBINED) COUNTIES","","","","00000000","","CORN","CORN, GRAIN - YIELD, MEASURED IN BU / ACRE","TOTAL","NOT SPECIFIED","151",""
"SURVEY","2009","YEAR","","COUNTY","MISSOURI","29","CENTRAL","50","PETTIS","159","","","00000000","","CORN","CORN, GRAIN - YIELD, MEASURED IN BU / ACRE","TOTAL","NOT SPECIFIED","133",""
"SURVEY","2009","YEAR","","COUNTY","MISSOURI","29","CENTRAL","50","SALINE","195","","","00000000","","CORN","CORN, GRAIN - YIELD, MEASURED IN BU / ACRE","TOTAL","NOT SPECIFIED","164",""
"SURVEY","2009","YEAR","","COUNTY","MISSOURI","29","EAST","60","FRANKLIN","071","","","00000000","","CORN","CORN, GRAIN - YIELD, MEASURED IN BU / ACRE","TOTAL","NOT SPECIFIED","153",""
"SURVEY","2009","YEAR","","COUNTY","MISSOURI","29","EAST","60","GASCONADE","073","","","00000000","","CORN","CORN, GRAIN - YIELD, MEASURED IN BU / ACRE","TOTAL","NOT SPECIFIED","155",""
"SURVEY","2009","YEAR","","COUNTY","MISSOURI","29","EAST","60","JEFFERSON","099","","","00000000","","CORN","CORN, GRAIN - YIELD, MEASURED IN BU / ACRE","TOTAL","NOT SPECIFIED","144",""
"SURVEY","2009","YEAR","","COUNTY","MISSOURI","29","EAST","60","LINCOLN","113","","","00000000","","CORN","CORN, GRAIN - YIELD, MEASURED IN BU / ACRE","TOTAL","NOT SPECIFIED","144",""
"SURVEY","2009","YEAR","","COUNTY","MISSOURI","29","EAST","60","MONTGOMERY","139","","","00000000","","CORN","CORN, GRAIN - YIELD, MEASURED IN BU / ACRE","TOTAL","NOT SPECIFIED","120",""
"SURVEY","2009","YEAR","","COUNTY","MISSOURI","29","EAST","60","OTHER (COMBINED) COUNTIES","","","","00000000","","CORN","CORN, GRAIN - YIELD, MEASURED IN BU / ACRE","TOTAL","NOT SPECIFIED","136",""
"SURVEY","2009","YEAR","","COUNTY","MISSOURI","29","EAST","60","PERRY","157","","","00000000","","CORN","CORN, GRAIN - YIELD, MEASURED IN BU / ACRE","TOTAL","NOT SPECIFIED","156",""
"SURVEY","2009","YEAR","","COUNTY","MISSOURI","29","EAST","60","ST CHARLES","183","","","00000000","","CORN","CORN, GRAIN - YIELD, MEASURED IN BU / ACRE","TOTAL","NOT SPECIFIED","169",""
"SURVEY","2009","YEAR","","COUNTY","MISSOURI","29","EAST","60","ST LOUIS","189","","","00000000","","CORN","CORN, GRAIN - YIELD, MEASURED IN BU / ACRE","TOTAL","NOT SPECIFIED","176",""
"SURVEY","2009","YEAR","","COUNTY","MISSOURI","29","EAST","60","STE GENEVIEVE","186","","","00000000","","CORN","CORN, GRAIN - YIELD, MEASURED IN BU / ACRE","TOTAL","NOT SPECIFIED","150",""
"SURVEY","2009","YEAR","","COUNTY","MISSOURI","29","EAST","60","WARREN","219","","","00000000","","CORN","CORN, GRAIN - YIELD, MEASURED IN BU / ACRE","TOTAL","NOT SPECIFIED","143",""
"SURVEY","2009","YEAR","","COUNTY","MISSOURI","29","NORTH CENTRAL","20","ADAIR","001","","","00000000","","CORN","CORN, GRAIN - YIELD, MEASURED IN BU / ACRE","TOTAL","NOT SPECIFIED","138",""
"SURVEY","2009","YEAR","","COUNTY","MISSOURI","29","NORTH CENTRAL","20","CARROLL","033","","","00000000","","CORN","CORN, GRAIN - YIELD, MEASURED IN BU / ACRE","TOTAL","NOT SPECIFIED","146",""
"SURVEY","2009","YEAR","","COUNTY","MISSOURI","29","NORTH CENTRAL","20","CHARITON","041","","","00000000","","CORN","CORN, GRAIN - YIELD, MEASURED IN BU / ACRE","TOTAL","NOT SPECIFIED","146",""
"SURVEY","2009","YEAR","","COUNTY","MISSOURI","29","NORTH CENTRAL","20","GRUNDY","079","","","00000000","","CORN","CORN, GRAIN - YIELD, MEASURED IN BU / ACRE","TOTAL","NOT SPECIFIED","137",""
"SURVEY","2009","YEAR","","COUNTY","MISSOURI","29","NORTH CENTRAL","20","LINN","115","","","00000000","","CORN","CORN, GRAIN - YIELD, MEASURED IN BU / ACRE","TOTAL","NOT SPECIFIED","146",""
"SURVEY","2009","YEAR","","COUNTY","MISSOURI","29","NORTH CENTRAL","20","LIVINGSTON","117","","","00000000","","CORN","CORN, GRAIN - YIELD, MEASURED IN BU / ACRE","TOTAL","NOT SPECIFIED","145",""
"SURVEY","2009","YEAR","","COUNTY","MISSOURI","29","NORTH CENTRAL","20","MACON","121","","","00000000","","CORN","CORN, GRAIN - YIELD, MEASURED IN BU / ACRE","TOTAL","NOT SPECIFIED","161",""
"SURVEY","2009","YEAR","","COUNTY","MISSOURI","29","NORTH CENTRAL","20","MERCER","129","","","00000000","","CORN","CORN, GRAIN - YIELD, MEASURED IN BU / ACRE","TOTAL","NOT SPECIFIED","125",""
"SURVEY","2009","YEAR","","COUNTY","MISSOURI","29","NORTH CENTRAL","20","PUTNAM","171","","","00000000","","CORN","CORN, GRAIN - YIELD, MEASURED IN BU / ACRE","TOTAL","NOT SPECIFIED","149",""
"SURVEY","2009","YEAR","","COUNTY","MISSOURI","29","NORTH CENTRAL","20","RANDOLPH","175","","","00000000","","CORN","CORN, GRAIN - YIELD, MEASURED IN BU / ACRE","TOTAL","NOT SPECIFIED","144",""
"SURVEY","2009","YEAR","","COUNTY","MISSOURI","29","NORTH CENTRAL","20","SCHUYLER","197","","","00000000","","CORN","CORN, GRAIN - YIELD, MEASURED IN BU / ACRE","TOTAL","NOT SPECIFIED","122",""
"SURVEY","2009","YEAR","","COUNTY","MISSOURI","29","NORTH CENTRAL","20","SULLIVAN","211","","","00000000","","CORN","CORN, GRAIN - YIELD, MEASURED IN BU / ACRE","TOTAL","NOT SPECIFIED","122",""
"SURVEY","2009","YEAR","","COUNTY","MISSOURI","29","NORTHEAST","30","AUDRAIN","007","","","00000000","","CORN","CORN, GRAIN - YIELD, MEASURED IN BU / ACRE","TOTAL","NOT SPECIFIED","146",""
"SURVEY","2009","YEAR","","COUNTY","MISSOURI","29","NORTHEAST","30","CLARK","045","","","00000000","","CORN","CORN, GRAIN - YIELD, MEASURED IN BU / ACRE","TOTAL","NOT SPECIFIED","166",""
"SURVEY","2009","YEAR","","COUNTY","MISSOURI","29","NORTHEAST","30","KNOX","103","","","00000000","","CORN","CORN, GRAIN - YIELD, MEASURED IN BU / ACRE","TOTAL","NOT SPECIFIED","156",""
"SURVEY","2009","YEAR","","COUNTY","MISSOURI","29","NORTHEAST","30","LEWIS","111","","","00000000","","CORN","CORN, GRAIN - YIELD, MEASURED IN BU / ACRE","TOTAL","NOT SPECIFIED","141",""
"SURVEY","2009","YEAR","","COUNTY","MISSOURI","29","NORTHEAST","30","MARION","127","","","00000000","","CORN","CORN, GRAIN - YIELD, MEASURED IN BU / ACRE","TOTAL","NOT SPECIFIED","164",""
"SURVEY","2009","YEAR","","COUNTY","MISSOURI","29","NORTHEAST","30","MONROE","137","","","00000000","","CORN","CORN, GRAIN - YIELD, MEASURED IN BU / ACRE","TOTAL","NOT SPECIFIED","137",""
"SURVEY","2009","YEAR","","COUNTY","MISSOURI","29","NORTHEAST","30","PIKE","163","","","00000000","","CORN","CORN, GRAIN - YIELD, MEASURED IN BU / ACRE","TOTAL","NOT SPECIFIED","151",""
"SURVEY","2009","YEAR","","COUNTY","MISSOURI","29","NORTHEAST","30","RALLS","173","","","00000000","","CORN","CORN, GRAIN - YIELD, MEASURED IN BU / ACRE","TOTAL","NOT SPECIFIED","148",""
"SURVEY","2009","YEAR","","COUNTY","MISSOURI","29","NORTHEAST","30","SCOTLAND","199","","","00000000","","CORN","CORN, GRAIN - YIELD, MEASURED IN BU / ACRE","TOTAL","NOT SPECIFIED","149",""
"SURVEY","2009","YEAR","","COUNTY","MISSOURI","29","NORTHEAST","30","SHELBY","205","","","00000000","","CORN","CORN, GRAIN - YIELD, MEASURED IN BU / ACRE","TOTAL","NOT SPECIFIED","142",""
"SURVEY","2009","YEAR","","COUNTY","MISSOURI","29","NORTHWEST","10","ANDREW","003","","","00000000","","CORN","CORN, GRAIN - YIELD, MEASURED IN BU / ACRE","TOTAL","NOT SPECIFIED","144",""
"SURVEY","2009","YEAR","","COUNTY","MISSOURI","29","NORTHWEST","10","ATCHISON","005","","","00000000","","CORN","CORN, GRAIN - YIELD, MEASURED IN BU / ACRE","TOTAL","NOT SPECIFIED","185",""
"SURVEY","2009","YEAR","","COUNTY","MISSOURI","29","NORTHWEST","10","BUCHANAN","021","","","00000000","","CORN","CORN, GRAIN - YIELD, MEASURED IN BU / ACRE","TOTAL","NOT SPECIFIED","154",""
"SURVEY","2009","YEAR","","COUNTY","MISSOURI","29","NORTHWEST","10","CALDWELL","025","","","00000000","","CORN","CORN, GRAIN - YIELD, MEASURED IN BU / ACRE","TOTAL","NOT SPECIFIED","138",""
"SURVEY","2009","YEAR","","COUNTY","MISSOURI","29","NORTHWEST","10","CLAY","047","","","00000000","","CORN","CORN, GRAIN - YIELD, MEASURED IN BU / ACRE","TOTAL","NOT SPECIFIED","169",""
"SURVEY","2009","YEAR","","COUNTY","MISSOURI","29","NORTHWEST","10","CLINTON","049","","","00000000","","CORN","CORN, GRAIN - YIELD, MEASURED IN BU / ACRE","TOTAL","NOT SPECIFIED","168",""
"SURVEY","2009","YEAR","","COUNTY","MISSOURI","29","NORTHWEST","10","DAVIESS","061","","","00000000","","CORN","CORN, GRAIN - YIELD, MEASURED IN BU / ACRE","TOTAL","NOT SPECIFIED","142",""
"SURVEY","2009","YEAR","","COUNTY","MISSOURI","29","NORTHWEST","10","DE KALB","063","","","00000000","","CORN","CORN, GRAIN - YIELD, MEASURED IN BU / ACRE","TOTAL","NOT SPECIFIED","135",""
"SURVEY","2009","YEAR","","COUNTY","MISSOURI","29","NORTHWEST","10","GENTRY","075","","","00000000","","CORN","CORN, GRAIN - YIELD, MEASURED IN BU / ACRE","TOTAL","NOT SPECIFIED","138",""
"SURVEY","2009","YEAR","","COUNTY","MISSOURI","29","NORTHWEST","10","HARRISON","081","","","00000000","","CORN","CORN, GRAIN - YIELD, MEASURED IN BU / ACRE","TOTAL","NOT SPECIFIED","123",""
"SURVEY","2009","YEAR","","COUNTY","MISSOURI","29","NORTHWEST","10","HOLT","087","","","00000000","","CORN","CORN, GRAIN - YIELD, MEASURED IN BU / ACRE","TOTAL","NOT SPECIFIED","174",""
"SURVEY","2009","YEAR","","COUNTY","MISSOURI","29","NORTHWEST","10","NODAWAY","147","","","00000000","","CORN","CORN, GRAIN - YIELD, MEASURED IN BU / ACRE","TOTAL","NOT SPECIFIED","148",""
"SURVEY","2009","YEAR","","COUNTY","MISSOURI","29","NORTHWEST","10","PLATTE","165","","","00000000","","CORN","CORN, GRAIN - YIELD, MEASURED IN BU / ACRE","TOTAL","NOT SPECIFIED","157",""
"SURVEY","2009","YEAR","","COUNTY","MISSOURI","29","NORTHWEST","10","RAY","177","","","00000000","","CORN","CORN, GRAIN - YIELD, MEASURED IN BU / ACRE","TOTAL","NOT SPECIFIED","152",""
"SURVEY","2009","YEAR","","COUNTY","MISSOURI","29","NORTHWEST","10","WORTH","227","","","00000000","","CORN","CORN, GRAIN - YIELD, MEASURED IN BU / ACRE","TOTAL","NOT SPECIFIED","131",""
"SURVEY","2009","YEAR","","COUNTY","MISSOURI","29","SOUTH CENTRAL","80","BOLLINGER","017","","","00000000","","CORN","CORN, GRAIN - YIELD, MEASURED IN BU / ACRE","TOTAL","NOT SPECIFIED","140",""
"SURVEY","2009","YEAR","","COUNTY","MISSOURI","29","SOUTH CENTRAL","80","HOWELL","091","","","00000000","","CORN","CORN, GRAIN - YIELD, MEASURED IN BU / ACRE","TOTAL","NOT SPECIFIED","130",""
"SURVEY","2009","YEAR","","COUNTY","MISSOURI","29","SOUTH CENTRAL","80","OTHER (COMBINED) COUNTIES","","","","00000000","","CORN","CORN, GRAIN - YIELD, MEASURED IN BU / ACRE","TOTAL","NOT SPECIFIED","112",""
"SURVEY","2009","YEAR","","COUNTY","MISSOURI","29","SOUTH CENTRAL","80","RIPLEY","181","","","00000000","","CORN","CORN, GRAIN - YIELD, MEASURED IN BU / ACRE","TOTAL","NOT SPECIFIED","122",""
"SURVEY","2009","YEAR","","COUNTY","MISSOURI","29","SOUTH CENTRAL","80","TEXAS","215","","","00000000","","CORN","CORN, GRAIN - YIELD, MEASURED IN BU / ACRE","TOTAL","NOT SPECIFIED","110",""
"SURVEY","2009","YEAR","","COUNTY","MISSOURI","29","SOUTH CENTRAL","80","WAYNE","223","","","00000000","","CORN","CORN, GRAIN - YIELD, MEASURED IN BU / ACRE","TOTAL","NOT SPECIFIED","121",""
"SURVEY","2009","YEAR","","COUNTY","MISSOURI","29","SOUTH CENTRAL","80","WEBSTER","225","","","00000000","","CORN","CORN, GRAIN - YIELD, MEASURED IN BU / ACRE","TOTAL","NOT SPECIFIED","135",""
"SURVEY","2009","YEAR","","COUNTY","MISSOURI","29","SOUTH CENTRAL","80","WRIGHT","229","","","00000000","","CORN","CORN, GRAIN - YIELD, MEASURED IN BU / ACRE","TOTAL","NOT SPECIFIED","155",""
"SURVEY","2009","YEAR","","COUNTY","MISSOURI","29","SOUTHEAST","90","BUTLER","023","","","00000000","","CORN","CORN, GRAIN - YIELD, MEASURED IN BU / ACRE","TOTAL","NOT SPECIFIED","138",""
"SURVEY","2009","YEAR","","COUNTY","MISSOURI","29","SOUTHEAST","90","CAPE GIRARDEAU","031","","","00000000","","CORN","CORN, GRAIN - YIELD, MEASURED IN BU / ACRE","TOTAL","NOT SPECIFIED","144",""
"SURVEY","2009","YEAR","","COUNTY","MISSOURI","29","SOUTHEAST","90","DUNKLIN","069","","","00000000","","CORN","CORN, GRAIN - YIELD, MEASURED IN BU / ACRE","TOTAL","NOT SPECIFIED","168",""
"SURVEY","2009","YEAR","","COUNTY","MISSOURI","29","SOUTHEAST","90","MISSISSIPPI","133","","","00000000","","CORN","CORN, GRAIN - YIELD, MEASURED IN BU / ACRE","TOTAL","NOT SPECIFIED","171",""
"SURVEY","2009","YEAR","","COUNTY","MISSOURI","29","SOUTHEAST","90","NEW MADRID","143","","","00000000","","CORN","CORN, GRAIN - YIELD, MEASURED IN BU / ACRE","TOTAL","NOT SPECIFIED","170",""
"SURVEY","2009","YEAR","","COUNTY","MISSOURI","29","SOUTHEAST","90","PEMISCOT","155","","","00000000","","CORN","CORN, GRAIN - YIELD, MEASURED IN BU / ACRE","TOTAL","NOT SPECIFIED","160",""
"SURVEY","2009","YEAR","","COUNTY","MISSOURI","29","SOUTHEAST","90","SCOTT","201","","","00000000","","CORN","CORN, GRAIN - YIELD, MEASURED IN BU / ACRE","TOTAL","NOT SPECIFIED","173",""
"SURVEY","2009","YEAR","","COUNTY","MISSOURI","29","SOUTHEAST","90","STODDARD","207","","","00000000","","CORN","CORN, GRAIN - YIELD, MEASURED IN BU / ACRE","TOTAL","NOT SPECIFIED","168",""
"SURVEY","2009","YEAR","","COUNTY","MISSOURI","29","SOUTHWEST","70","BARRY","009","","","00000000","","CORN","CORN, GRAIN - YIELD, MEASURED IN BU / ACRE","TOTAL","NOT SPECIFIED","149",""
"SURVEY","2009","YEAR","","COUNTY","MISSOURI","29","SOUTHWEST","70","BARTON","011","","","00000000","","CORN","CORN, GRAIN - YIELD, MEASURED IN BU / ACRE","TOTAL","NOT SPECIFIED","151",""
"SURVEY","2009","YEAR","","COUNTY","MISSOURI","29","SOUTHWEST","70","CHRISTIAN","043","","","00000000","","CORN","CORN, GRAIN - YIELD, MEASURED IN BU / ACRE","TOTAL","NOT SPECIFIED","120",""
"SURVEY","2009","YEAR","","COUNTY","MISSOURI","29","SOUTHWEST","70","DADE","057","","","00000000","","CORN","CORN, GRAIN - YIELD, MEASURED IN BU / ACRE","TOTAL","NOT SPECIFIED","154",""
"SURVEY","2009","YEAR","","COUNTY","MISSOURI","29","SOUTHWEST","70","JASPER","097","","","00000000","","CORN","CORN, GRAIN - YIELD, MEASURED IN BU / ACRE","TOTAL","NOT SPECIFIED","136",""
"SURVEY","2009","YEAR","","COUNTY","MISSOURI","29","SOUTHWEST","70","LAWRENCE","109","","","00000000","","CORN","CORN, GRAIN - YIELD, MEASURED IN BU / ACRE","TOTAL","NOT SPECIFIED","145",""
"SURVEY","2009","YEAR","","COUNTY","MISSOURI","29","SOUTHWEST","70","MCDONALD","119","","","00000000","","CORN","CORN, GRAIN - YIELD, MEASURED IN BU / ACRE","TOTAL","NOT SPECIFIED","120",""
"SURVEY","2009","YEAR","","COUNTY","MISSOURI","29","SOUTHWEST","70","NEWTON","145","","","00000000","","CORN","CORN, GRAIN - YIELD, MEASURED IN BU / ACRE","TOTAL","NOT SPECIFIED","133",""
"SURVEY","2009","YEAR","","COUNTY","MISSOURI","29","SOUTHWEST","70","OTHER (COMBINED) COUNTIES","","","","00000000","","CORN","CORN, GRAIN - YIELD, MEASURED IN BU / ACRE","TOTAL","NOT SPECIFIED","132",""
"SURVEY","2009","YEAR","","COUNTY","MISSOURI","29","WEST","40","BATES","013","","","00000000","","CORN","CORN, GRAIN - YIELD, MEASURED IN BU / ACRE","TOTAL","NOT SPECIFIED","147",""
"SURVEY","2009","YEAR","","COUNTY","MISSOURI","29","WEST","40","CASS","037","","","00000000","","CORN","CORN, GRAIN - YIELD, MEASURED IN BU / ACRE","TOTAL","NOT SPECIFIED","148",""
"SURVEY","2009","YEAR","","COUNTY","MISSOURI","29","WEST","40","HENRY","083","","","00000000","","CORN","CORN, GRAIN - YIELD, MEASURED IN BU / ACRE","TOTAL","NOT SPECIFIED","126",""
"SURVEY","2009","YEAR","","COUNTY","MISSOURI","29","WEST","40","JACKSON","095","","","00000000","","CORN","CORN, GRAIN - YIELD, MEASURED IN BU / ACRE","TOTAL","NOT SPECIFIED","163",""
"SURVEY","2009","YEAR","","COUNTY","MISSOURI","29","WEST","40","JOHNSON","101","","","00000000","","CORN","CORN, GRAIN - YIELD, MEASURED IN BU / ACRE","TOTAL","NOT SPECIFIED","141",""
"SURVEY","2009","YEAR","","COUNTY","MISSOURI","29","WEST","40","LAFAYETTE","107","","","00000000","","CORN","CORN, GRAIN - YIELD, MEASURED IN BU / ACRE","TOTAL","NOT SPECIFIED","167",""
"SURVEY","2009","YEAR","","COUNTY","MISSOURI","29","WEST","40","OTHER (COMBINED) COUNTIES","","","","00000000","","CORN","CORN, GRAIN - YIELD, MEASURED IN BU / ACRE","TOTAL","NOT SPECIFIED","143",""
"SURVEY","2009","YEAR","","COUNTY","MISSOURI","29","WEST","40","VERNON","217","","","00000000","","CORN","CORN, GRAIN - YIELD, MEASURED IN BU / ACRE","TOTAL","NOT SPECIFIED","135",""
"SURVEY","2009","YEAR","","COUNTY","WISCONSIN","55","CENTRAL","50","ADAMS","001","","","00000000","","CORN","CORN, GRAIN - YIELD, MEASURED IN BU / ACRE","TOTAL","NOT SPECIFIED","158",""
"SURVEY","2009","YEAR","","COUNTY","WISCONSIN","55","CENTRAL","50","GREEN LAKE","047","","","00000000","","CORN","CORN, GRAIN - YIELD, MEASURED IN BU / ACRE","TOTAL","NOT SPECIFIED","146",""
"SURVEY","2009","YEAR","","COUNTY","WISCONSIN","55","CENTRAL","50","JUNEAU","057","","","00000000","","CORN","CORN, GRAIN - YIELD, MEASURED IN BU / ACRE","TOTAL","NOT SPECIFIED","150",""
"SURVEY","2009","YEAR","","COUNTY","WISCONSIN","55","CENTRAL","50","MARQUETTE","077","","","00000000","","CORN","CORN, GRAIN - YIELD, MEASURED IN BU / ACRE","TOTAL","NOT SPECIFIED","136",""
"SURVEY","2009","YEAR","","COUNTY","WISCONSIN","55","CENTRAL","50","PORTAGE","097","","","00000000","","CORN","CORN, GRAIN - YIELD, MEASURED IN BU / ACRE","TOTAL","NOT SPECIFIED","152",""
"SURVEY","2009","YEAR","","COUNTY","WISCONSIN","55","CENTRAL","50","WAUPACA","135","","","00000000","","CORN","CORN, GRAIN - YIELD, MEASURED IN BU / ACRE","TOTAL","NOT SPECIFIED","135",""
"SURVEY","2009","YEAR","","COUNTY","WISCONSIN","55","CENTRAL","50","WAUSHARA","137","","","00000000","","CORN","CORN, GRAIN - YIELD, MEASURED IN BU / ACRE","TOTAL","NOT SPECIFIED","150",""
"SURVEY","2009","YEAR","","COUNTY","WISCONSIN","55","CENTRAL","50","WOOD","141","","","00000000","","CORN","CORN, GRAIN - YIELD, MEASURED IN BU / ACRE","TOTAL","NOT SPECIFIED","139",""
"SURVEY","2009","YEAR","","COUNTY","WISCONSIN","55","EAST CENTRAL","60","BROWN","009","","","00000000","","CORN","CORN, GRAIN - YIELD, MEASURED IN BU / ACRE","TOTAL","NOT SPECIFIED","133",""
"SURVEY","2009","YEAR","","COUNTY","WISCONSIN","55","EAST CENTRAL","60","CALUMET","015","","","00000000","","CORN","CORN, GRAIN - YIELD, MEASURED IN BU / ACRE","TOTAL","NOT SPECIFIED","148",""
"SURVEY","2009","YEAR","","COUNTY","WISCONSIN","55","EAST CENTRAL","60","DOOR","029","","","00000000","","CORN","CORN, GRAIN - YIELD, MEASURED IN BU / ACRE","TOTAL","NOT SPECIFIED","121",""
"SURVEY","2009","YEAR","","COUNTY","WISCONSIN","55","EAST CENTRAL","60","FOND DU LAC","039","","","00000000","","CORN","CORN, GRAIN - YIELD, MEASURED IN BU / ACRE","TOTAL","NOT SPECIFIED","151",""
"SURVEY","2009","YEAR","","COUNTY","WISCONSIN","55","EAST CENTRAL","60","KEWAUNEE","061","","","00000000","","CORN","CORN, GRAIN - YIELD, MEASURED IN BU / ACRE","TOTAL","NOT SPECIFIED","137",""
"SURVEY","2009","YEAR","","COUNTY","WISCONSIN","55","EAST CENTRAL","60","MANITOWOC","071","","","00000000","","CORN","CORN, GRAIN - YIELD, MEASURED IN BU / ACRE","TOTAL","NOT SPECIFIED","144",""
"SURVEY","2009","YEAR","","COUNTY","WISCONSIN","55","EAST CENTRAL","60","OUTAGAMIE","087","","","00000000","","CORN","CORN, GRAIN - YIELD, MEASURED IN BU / ACRE","TOTAL","NOT SPECIFIED","150",""
"SURVEY","2009","YEAR","","COUNTY","WISCONSIN","55","EAST CENTRAL","60","SHEBOYGAN","117","","","00000000","","CORN","CORN, GRAIN - YIELD, MEASURED IN BU / ACRE","TOTAL","NOT SPECIFIED","133",""
"SURVEY","2009","YEAR","","COUNTY","WISCONSIN","55","EAST CENTRAL","60","WINNEBAGO","139","","","00000000","","CORN","CORN, GRAIN - YIELD, MEASURED IN BU / ACRE","TOTAL","NOT SPECIFIED","151",""
"SURVEY","2009","YEAR","","COUNTY","WISCONSIN","55","NORTH CENTRAL","20","CLARK","019","","","00000000","","CORN","CORN, GRAIN - YIELD, MEASURED IN BU / ACRE","TOTAL","NOT SPECIFIED","139",""
"SURVEY","2009","YEAR","","COUNTY","WISCONSIN","55","NORTH CENTRAL","20","LINCOLN","069","","","00000000","","CORN","CORN, GRAIN - YIELD, MEASURED IN BU / ACRE","TOTAL","NOT SPECIFIED","111",""
"SURVEY","2009","YEAR","","COUNTY","WISCONSIN","55","NORTH CENTRAL","20","MARATHON","073","","","00000000","","CORN","CORN, GRAIN - YIELD, MEASURED IN BU / ACRE","TOTAL","NOT SPECIFIED","123",""
"SURVEY","2009","YEAR","","COUNTY","WISCONSIN","55","NORTH CENTRAL","20","OTHER (COMBINED) COUNTIES","","","","00000000","","CORN","CORN, GRAIN - YIELD, MEASURED IN BU / ACRE","TOTAL","NOT SPECIFIED","144",""
"SURVEY","2009","YEAR","","COUNTY","WISCONSIN","55","NORTH CENTRAL","20","PRICE","099","","","00000000","","CORN","CORN, GRAIN - YIELD, MEASURED IN BU / ACRE","TOTAL","NOT SPECIFIED","118",""
"SURVEY","2009","YEAR","","COUNTY","WISCONSIN","55","NORTH CENTRAL","20","TAYLOR","119","","","00000000","","CORN","CORN, GRAIN - YIELD, MEASURED IN BU / ACRE","TOTAL","NOT SPECIFIED","122",""
"SURVEY","2009","YEAR","","COUNTY","WISCONSIN","55","NORTHEAST","30","MARINETTE","075","","","00000000","","CORN","CORN, GRAIN - YIELD, MEASURED IN BU / ACRE","TOTAL","NOT SPECIFIED","111",""
"SURVEY","2009","YEAR","","COUNTY","WISCONSIN","55","NORTHEAST","30","OCONTO","083","","","00000000","","CORN","CORN, GRAIN - YIELD, MEASURED IN BU / ACRE","TOTAL","NOT SPECIFIED","126",""
"SURVEY","2009","YEAR","","COUNTY","WISCONSIN","55","NORTHEAST","30","OTHER (COMBINED) COUNTIES","","","","00000000","","CORN","CORN, GRAIN - YIELD, MEASURED IN BU / ACRE","TOTAL","NOT SPECIFIED","102",""
"SURVEY","2009","YEAR","","COUNTY","WISCONSIN","55","NORTHEAST","30","SHAWANO","115","","","00000000","","CORN","CORN, GRAIN - YIELD, MEASURED IN BU / ACRE","TOTAL","NOT SPECIFIED","134",""
"SURVEY","2009","YEAR","","COUNTY","WISCONSIN","55","NORTHWEST","10","BARRON","005","","","00000000","","CORN","CORN, GRAIN - YIELD, MEASURED IN BU / ACRE","TOTAL","NOT SPECIFIED","134",""
"SURVEY","2009","YEAR","","COUNTY","WISCONSIN","55","NORTHWEST","10","BURNETT","013","","","00000000","","CORN","CORN, GRAIN - YIELD, MEASURED IN BU / ACRE","TOTAL","NOT SPECIFIED","111",""
"SURVEY","2009","YEAR","","COUNTY","WISCONSIN","55","NORTHWEST","10","CHIPPEWA","017","","","00000000","","CORN","CORN, GRAIN - YIELD, MEASURED IN BU / ACRE","TOTAL","NOT SPECIFIED","137",""
"SURVEY","2009","YEAR","","COUNTY","WISCONSIN","55","NORTHWEST","10","OTHER (COMBINED) COUNTIES","","","","00000000","","CORN","CORN, GRAIN - YIELD, MEASURED IN BU / ACRE","TOTAL","NOT SPECIFIED","90",""
"SURVEY","2009","YEAR","","COUNTY","WISCONSIN","55","NORTHWEST","10","POLK","095","","","00000000","","CORN","CORN, GRAIN - YIELD, MEASURED IN BU / ACRE","TOTAL","NOT SPECIFIED","133",""
"SURVEY","2009","YEAR","","COUNTY","WISCONSIN","55","NORTHWEST","10","RUSK","107","","","00000000","","CORN","CORN, GRAIN - YIELD, MEASURED IN BU / ACRE","TOTAL","NOT SPECIFIED","118",""
"SURVEY","2009","YEAR","","COUNTY","WISCONSIN","55","NORTHWEST","10","WASHBURN","129","","","00000000","","CORN","CORN, GRAIN - YIELD, MEASURED IN BU / ACRE","TOTAL","NOT SPECIFIED","122",""
"SURVEY","2009","YEAR","","COUNTY","WISCONSIN","55","SOUTH CENTRAL","80","COLUMBIA","021","","","00000000","","CORN","CORN, GRAIN - YIELD, MEASURED IN BU / ACRE","TOTAL","NOT SPECIFIED","163",""
"SURVEY","2009","YEAR","","COUNTY","WISCONSIN","55","SOUTH CENTRAL","80","DANE","025","","","00000000","","CORN","CORN, GRAIN - YIELD, MEASURED IN BU / ACRE","TOTAL","NOT SPECIFIED","164",""
"SURVEY","2009","YEAR","","COUNTY","WISCONSIN","55","SOUTH CENTRAL","80","DODGE","027","","","00000000","","CORN","CORN, GRAIN - YIELD, MEASURED IN BU / ACRE","TOTAL","NOT SPECIFIED","157",""
"SURVEY","2009","YEAR","","COUNTY","WISCONSIN","55","SOUTH CENTRAL","80","GREEN","045","","","00000000","","CORN","CORN, GRAIN - YIELD, MEASURED IN BU / ACRE","TOTAL","NOT SPECIFIED","178",""
"SURVEY","2009","YEAR","","COUNTY","WISCONSIN","55","SOUTH CENTRAL","80","JEFFERSON","055","","","00000000","","CORN","CORN, GRAIN - YIELD, MEASURED IN BU / ACRE","TOTAL","NOT SPECIFIED","159",""
"SURVEY","2009","YEAR","","COUNTY","WISCONSIN","55","SOUTH CENTRAL","80","ROCK","105","","","00000000","","CORN","CORN, GRAIN - YIELD, MEASURED IN BU / ACRE","TOTAL","NOT SPECIFIED","165",""
"SURVEY","2009","YEAR","","COUNTY","WISCONSIN","55","SOUTHEAST","90","KENOSHA","059","","","00000000","","CORN","CORN, GRAIN - YIELD, MEASURED IN BU / ACRE","TOTAL","NOT SPECIFIED","152",""
"SURVEY","2009","YEAR","","COUNTY","WISCONSIN","55","SOUTHEAST","90","MILWAUKEE","079","","","00000000","","CORN","CORN, GRAIN - YIELD, MEASURED IN BU / ACRE","TOTAL","NOT SPECIFIED","127",""
"SURVEY","2009","YEAR","","COUNTY","WISCONSIN","55","SOUTHEAST","90","OZAUKEE","089","","","00000000","","CORN","CORN, GRAIN - YIELD, MEASURED IN BU / ACRE","TOTAL","NOT SPECIFIED","139",""
"SURVEY","2009","YEAR","","COUNTY","WISCONSIN","55","SOUTHEAST","90","RACINE","101","","","00000000","","CORN","CORN, GRAIN - YIELD, MEASURED IN BU / ACRE","TOTAL","NOT SPECIFIED","155",""
"SURVEY","2009","YEAR","","COUNTY","WISCONSIN","55","SOUTHEAST","90","WALWORTH","127","","","00000000","","CORN","CORN, GRAIN - YIELD, MEASURED IN BU / ACRE","TOTAL","NOT SPECIFIED","157",""
"SURVEY","2009","YEAR","","COUNTY","WISCONSIN","55","SOUTHEAST","90","WASHINGTON","131","","","00000000","","CORN","CORN, GRAIN - YIELD, MEASURED IN BU / ACRE","TOTAL","NOT SPECIFIED","141",""
"SURVEY","2009","YEAR","","COUNTY","WISCONSIN","55","SOUTHEAST","90","WAUKESHA","133","","","00000000","","CORN","CORN, GRAIN - YIELD, MEASURED IN BU / ACRE","TOTAL","NOT SPECIFIED","135",""
"SURVEY","2009","YEAR","","COUNTY","WISCONSIN","55","SOUTHWEST","70","CRAWFORD","023","","","00000000","","CORN","CORN, GRAIN - YIELD, MEASURED IN BU / ACRE","TOTAL","NOT SPECIFIED","151",""
"SURVEY","2009","YEAR","","COUNTY","WISCONSIN","55","SOUTHWEST","70","GRANT","043","","","00000000","","CORN","CORN, GRAIN - YIELD, MEASURED IN BU / ACRE","TOTAL","NOT SPECIFIED","171",""
"SURVEY","2009","YEAR","","COUNTY","WISCONSIN","55","SOUTHWEST","70","IOWA","049","","","00000000","","CORN","CORN, GRAIN - YIELD, MEASURED IN BU / ACRE","TOTAL","NOT SPECIFIED","177",""
"SURVEY","2009","YEAR","","COUNTY","WISCONSIN","55","SOUTHWEST","70","LAFAYETTE","065","","","00000000","","CORN","CORN, GRAIN - YIELD, MEASURED IN BU / ACRE","TOTAL","NOT SPECIFIED","159",""
"SURVEY","2009","YEAR","","COUNTY","WISCONSIN","55","SOUTHWEST","70","RICHLAND","103","","","00000000","","CORN","CORN, GRAIN - YIELD, MEASURED IN BU / ACRE","TOTAL","NOT SPECIFIED","161",""
"SURVEY","2009","YEAR","","COUNTY","WISCONSIN","55","SOUTHWEST","70","SAUK","111","","","00000000","","CORN","CORN, GRAIN - YIELD, MEASURED IN BU / ACRE","TOTAL","NOT SPECIFIED","150",""
"SURVEY","2009","YEAR","","COUNTY","WISCONSIN","55","SOUTHWEST","70","VERNON","123","","","00000000","","CORN","CORN, GRAIN - YIELD, MEASURED IN BU / ACRE","TOTAL","NOT SPECIFIED","158",""
"SURVEY","2009","YEAR","","COUNTY","WISCONSIN","55","WEST CENTRAL","40","BUFFALO","011","","","00000000","","CORN","CORN, GRAIN - YIELD, MEASURED IN BU / ACRE","TOTAL","NOT SPECIFIED","161",""
"SURVEY","2009","YEAR","","COUNTY","WISCONSIN","55","WEST CENTRAL","40","DUNN","033","","","00000000","","CORN","CORN, GRAIN - YIELD, MEASURED IN BU / ACRE","TOTAL","NOT SPECIFIED","163",""
"SURVEY","2009","YEAR","","COUNTY","WISCONSIN","55","WEST CENTRAL","40","EAU CLAIRE","035","","","00000000","","CORN","CORN, GRAIN - YIELD, MEASURED IN BU / ACRE","TOTAL","NOT SPECIFIED","149",""
"SURVEY","2009","YEAR","","COUNTY","WISCONSIN","55","WEST CENTRAL","40","JACKSON","053","","","00000000","","CORN","CORN, GRAIN - YIELD, MEASURED IN BU / ACRE","TOTAL","NOT SPECIFIED","151",""
"SURVEY","2009","YEAR","","COUNTY","WISCONSIN","55","WEST CENTRAL","40","LA CROSSE","063","","","00000000","","CORN","CORN, GRAIN - YIELD, MEASURED IN BU / ACRE","TOTAL","NOT SPECIFIED","161",""
"SURVEY","2009","YEAR","","COUNTY","WISCONSIN","55","WEST CENTRAL","40","MONROE","081","","","00000000","","CORN","CORN, GRAIN - YIELD, MEASURED IN BU / ACRE","TOTAL","NOT SPECIFIED","148",""
"SURVEY","2009","YEAR","","COUNTY","WISCONSIN","55","WEST CENTRAL","40","PEPIN","091","","","00000000","","CORN","CORN, GRAIN - YIELD, MEASURED IN BU / ACRE","TOTAL","NOT SPECIFIED","159",""
"SURVEY","2009","YEAR","","COUNTY","WISCONSIN","55","WEST CENTRAL","40","PIERCE","093","","","00000000","","CORN","CORN, GRAIN - YIELD, MEASURED IN BU / ACRE","TOTAL","NOT SPECIFIED","176",""
"SURVEY","2009","YEAR","","COUNTY","WISCONSIN","55","WEST CENTRAL","40","ST CROIX","109","","","00000000","","CORN","CORN, GRAIN - YIELD, MEASURED IN BU / ACRE","TOTAL","NOT SPECIFIED","167",""
"SURVEY","2009","YEAR","","COUNTY","WISCONSIN","55","WEST CENTRAL","40","TREMPEALEAU","121","","","00000000","","CORN","CORN, GRAIN - YIELD, MEASURED IN BU / ACRE","TOTAL","NOT SPECIFIED","156",""
"SURVEY","2008","YEAR","","COUNTY","COLORADO","08","EAST CENTRAL","60","ADAMS","001","","","00000000","","CORN","CORN, GRAIN - YIELD, MEASURED IN BU / ACRE","TOTAL","NOT SPECIFIED","94",""
"SURVEY","2008","YEAR","","COUNTY","COLORADO","08","EAST CENTRAL","60","CHEYENNE","017","","","00000000","","CORN","CORN, GRAIN - YIELD, MEASURED IN BU / ACRE","TOTAL","NOT SPECIFIED","92",""
"SURVEY","2008","YEAR","","COUNTY","COLORADO","08","EAST CENTRAL","60","EL PASO","041","","","00000000","","CORN","CORN, GRAIN - YIELD, MEASURED IN BU / ACRE","TOTAL","NOT SPECIFIED","153",""
"SURVEY","2008","YEAR","","COUNTY","COLORADO","08","EAST CENTRAL","60","ELBERT","039","","","00000000","","CORN","CORN, GRAIN - YIELD, MEASURED IN BU / ACRE","TOTAL","NOT SPECIFIED","44",""
"SURVEY","2008","YEAR","","COUNTY","COLORADO","08","EAST CENTRAL","60","KIOWA","061","","","00000000","","CORN","CORN, GRAIN - YIELD, MEASURED IN BU / ACRE","TOTAL","NOT SPECIFIED","60",""
"SURVEY","2008","YEAR","","COUNTY","COLORADO","08","EAST CENTRAL","60","KIT CARSON","063","","","00000000","","CORN","CORN, GRAIN - YIELD, MEASURED IN BU / ACRE","TOTAL","NOT SPECIFIED","100",""
"SURVEY","2008","YEAR","","COUNTY","COLORADO","08","EAST CENTRAL","60","LINCOLN","073","","","00000000","","CORN","CORN, GRAIN - YIELD, MEASURED IN BU / ACRE","TOTAL","NOT SPECIFIED","39",""
"SURVEY","2008","YEAR","","COUNTY","COLORADO","08","EAST CENTRAL","60","OTHER (COMBINED) COUNTIES","","","","00000000","","CORN","CORN, GRAIN - YIELD, MEASURED IN BU / ACRE","TOTAL","NOT SPECIFIED","46",""
"SURVEY","2008","YEAR","","COUNTY","COLORADO","08","EAST CENTRAL","60","PHILLIPS","095","","","00000000","","CORN","CORN, GRAIN - YIELD, MEASURED IN BU / ACRE","TOTAL","NOT SPECIFIED","152",""
"SURVEY","2008","YEAR","","COUNTY","COLORADO","08","EAST CENTRAL","60","WASHINGTON","121","","","00000000","","CORN","CORN, GRAIN - YIELD, MEASURED IN BU / ACRE","TOTAL","NOT SPECIFIED","78",""
"SURVEY","2008","YEAR","","COUNTY","COLORADO","08","EAST CENTRAL","60","YUMA","125","","","00000000","","CORN","CORN, GRAIN - YIELD, MEASURED IN BU / ACRE","TOTAL","NOT SPECIFIED","181",""
"SURVEY","2008","YEAR","","COUNTY","COLORADO","08","NORTHEAST","20","LARIMER","069","","","00000000","","CORN","CORN, GRAIN - YIELD, MEASURED IN BU / ACRE","TOTAL","NOT SPECIFIED","123",""
"SURVEY","2008","YEAR","","COUNTY","COLORADO","08","NORTHEAST","20","LOGAN","075","","","00000000","","CORN","CORN, GRAIN - YIELD, MEASURED IN BU / ACRE","TOTAL","NOT SPECIFIED","138",""
"SURVEY","2008","YEAR","","COUNTY","COLORADO","08","NORTHEAST","20","MORGAN","087","","","00000000","","CORN","CORN, GRAIN - YIELD, MEASURED IN BU / ACRE","TOTAL","NOT SPECIFIED","164",""
"SURVEY","2008","YEAR","","COUNTY","COLORADO","08","NORTHEAST","20","OTHER (COMBINED) COUNTIES","","","","00000000","","CORN","CORN, GRAIN - YIELD, MEASURED IN BU / ACRE","TOTAL","NOT SPECIFIED","146",""
"SURVEY","2008","YEAR","","COUNTY","COLORADO","08","NORTHEAST","20","WELD","123","","","00000000","","CORN","CORN, GRAIN - YIELD, MEASURED IN BU / ACRE","TOTAL","NOT SPECIFIED","168",""
"SURVEY","2008","YEAR","","COUNTY","COLORADO","08","SOUTHEAST","90","BACA","009","","","00000000","","CORN","CORN, GRAIN - YIELD, MEASURED IN BU / ACRE","TOTAL","NOT SPECIFIED","108",""
"SURVEY","2008","YEAR","","COUNTY","COLORADO","08","SOUTHEAST","90","BENT","011","","","00000000","","CORN","CORN, GRAIN - YIELD, MEASURED IN BU / ACRE","TOTAL","NOT SPECIFIED","149",""
"SURVEY","2008","YEAR","","COUNTY","COLORADO","08","SOUTHEAST","90","OTERO","089","","","00000000","","CORN","CORN, GRAIN - YIELD, MEASURED IN BU / ACRE","TOTAL","NOT SPECIFIED","186",""
"SURVEY","2008","YEAR","","COUNTY","COLORADO","08","SOUTHEAST","90","OTHER (COMBINED) COUNTIES","","","","00000000","","CORN","CORN, GRAIN - YIELD, MEASURED IN BU / ACRE","TOTAL","NOT SPECIFIED","144",""
"SURVEY","2008","YEAR","","COUNTY","COLORADO","08","SOUTHEAST","90","PROWERS","099","","","00000000","","CORN","CORN, GRAIN - YIELD, MEASURED IN BU / ACRE","TOTAL","NOT SPECIFIED","131",""
"SURVEY","2008","YEAR","","COUNTY","COLORADO","08","SOUTHEAST","90","PUEBLO","101","","","00000000","","CORN","CORN, GRAIN - YIELD, MEASURED IN BU / ACRE","TOTAL","NOT SPECIFIED","214",""
"SURVEY","2008","YEAR","","COUNTY","COLORADO","08","SOUTHWEST","70","DELTA","029","","","00000000","","CORN","CORN, GRAIN - YIELD, MEASURED IN BU / ACRE","TOTAL","NOT SPECIFIED","200",""
"SURVEY","2008","YEAR","","COUNTY","COLORADO","08","SOUTHWEST","70","MESA","077","","","00000000","","CORN","CORN, GRAIN - YIELD, MEASURED IN BU / ACRE","TOTAL","NOT SPECIFIED","128",""
"SURVEY","2008","YEAR","","COUNTY","COLORADO","08","SOUTHWEST","70","MONTROSE","085","","","00000000","","CORN","CORN, GRAIN - YIELD, MEASURED IN BU / ACRE","TOTAL","NOT SPECIFIED","179",""
"SURVEY","2008","YEAR","","COUNTY","COLORADO","08","SOUTHWEST","70","OTHER (COMBINED) COUNTIES","","","","00000000","","CORN","CORN, GRAIN - YIELD, MEASURED IN BU / ACRE","TOTAL","NOT SPECIFIED","165",""
"SURVEY","2008","YEAR","","COUNTY","MISSOURI","29","CENTRAL","50","BENTON","015","","","00000000","","CORN","CORN, GRAIN - YIELD, MEASURED IN BU / ACRE","TOTAL","NOT SPECIFIED","133",""
"SURVEY","2008","YEAR","","COUNTY","MISSOURI","29","CENTRAL","50","BOONE","019","","","00000000","","CORN","CORN, GRAIN - YIELD, MEASURED IN BU / ACRE","TOTAL","NOT SPECIFIED","130",""
"SURVEY","2008","YEAR","","COUNTY","MISSOURI","29","CENTRAL","50","CALLAWAY","027","","","00000000","","CORN","CORN, GRAIN - YIELD, MEASURED IN BU / ACRE","TOTAL","NOT SPECIFIED","150",""
"SURVEY","2008","YEAR","","COUNTY","MISSOURI","29","CENTRAL","50","COLE","051","","","00000000","","CORN","CORN, GRAIN - YIELD, MEASURED IN BU / ACRE","TOTAL","NOT SPECIFIED","135",""
"SURVEY","2008","YEAR","","COUNTY","MISSOURI","29","CENTRAL","50","COOPER","053","","","00000000","","CORN","CORN, GRAIN - YIELD, MEASURED IN BU / ACRE","TOTAL","NOT SPECIFIED","152",""
"SURVEY","2008","YEAR","","COUNTY","MISSOURI","29","CENTRAL","50","HOWARD","089","","","00000000","","CORN","CORN, GRAIN - YIELD, MEASURED IN BU / ACRE","TOTAL","NOT SPECIFIED","153",""
"SURVEY","2008","YEAR","","COUNTY","MISSOURI","29","CENTRAL","50","LACLEDE","105","","","00000000","","CORN","CORN, GRAIN - YIELD, MEASURED IN BU / ACRE","TOTAL","NOT SPECIFIED","159",""
"SURVEY","2008","YEAR","","COUNTY","MISSOURI","29","CENTRAL","50","MARIES","125","","","00000000","","CORN","CORN, GRAIN - YIELD, MEASURED IN BU / ACRE","TOTAL","NOT SPECIFIED","131",""
"SURVEY","2008","YEAR","","COUNTY","MISSOURI","29","CENTRAL","50","MILLER","131","","","00000000","","CORN","CORN, GRAIN - YIELD, MEASURED IN BU / ACRE","TOTAL","NOT SPECIFIED","139",""
"SURVEY","2008","YEAR","","COUNTY","MISSOURI","29","CENTRAL","50","MONITEAU","135","","","00000000","","CORN","CORN, GRAIN - YIELD, MEASURED IN BU / ACRE","TOTAL","NOT SPECIFIED","126",""
"SURVEY","2008","YEAR","","COUNTY","MISSOURI","29","CENTRAL","50","MORGAN","141","","","00000000","","CORN","CORN, GRAIN - YIELD, MEASURED IN BU / ACRE","TOTAL","NOT SPECIFIED","120",""
"SURVEY","2008","YEAR","","COUNTY","MISSOURI","29","CENTRAL","50","OSAGE","151","","","00000000","","CORN","CORN, GRAIN - YIELD, MEASURED IN BU / ACRE","TOTAL","NOT SPECIFIED","158",""
"SURVEY","2008","YEAR","","COUNTY","MISSOURI","29","CENTRAL","50","OTHER (COMBINED) COUNTIES","","","","00000000","","CORN","CORN, GRAIN - YIELD, MEASURED IN BU / ACRE","TOTAL","NOT SPECIFIED","137",""
"SURVEY","2008","YEAR","","COUNTY","MISSOURI","29","CENTRAL","50","PETTIS","159","","","00000000","","CORN","CORN, GRAIN - YIELD, MEASURED IN BU / ACRE","TOTAL","NOT SPECIFIED","136",""
"SURVEY","2008","YEAR","","COUNTY","MISSOURI","29","CENTRAL","50","SALINE","195","","","00000000","","CORN","CORN, GRAIN - YIELD, MEASURED IN BU / ACRE","TOTAL","NOT SPECIFIED","165",""
"SURVEY","2008","YEAR","","COUNTY","MISSOURI","29","EAST","60","FRANKLIN","071","","","00000000","","CORN","CORN, GRAIN - YIELD, MEASURED IN BU / ACRE","TOTAL","NOT SPECIFIED","154",""
"SURVEY","2008","YEAR","","COUNTY","MISSOURI","29","EAST","60","GASCONADE","073","","","00000000","","CORN","CORN, GRAIN - YIELD, MEASURED IN BU / ACRE","TOTAL","NOT SPECIFIED","141",""
"SURVEY","2008","YEAR","","COUNTY","MISSOURI","29","EAST","60","JEFFERSON","099","","","00000000","","CORN","CORN, GRAIN - YIELD, MEASURED IN BU / ACRE","TOTAL","NOT SPECIFIED","130",""
"SURVEY","2008","YEAR","","COUNTY","MISSOURI","29","EAST","60","LINCOLN","113","","","00000000","","CORN","CORN, GRAIN - YIELD, MEASURED IN BU / ACRE","TOTAL","NOT SPECIFIED","135",""
"SURVEY","2008","YEAR","","COUNTY","MISSOURI","29","EAST","60","MONTGOMERY","139","","","00000000","","CORN","CORN, GRAIN - YIELD, MEASURED IN BU / ACRE","TOTAL","NOT SPECIFIED","135",""
"SURVEY","2008","YEAR","","COUNTY","MISSOURI","29","EAST","60","OTHER (COMBINED) COUNTIES","","","","00000000","","CORN","CORN, GRAIN - YIELD, MEASURED IN BU / ACRE","TOTAL","NOT SPECIFIED","155",""
"SURVEY","2008","YEAR","","COUNTY","MISSOURI","29","EAST","60","PERRY","157","","","00000000","","CORN","CORN, GRAIN - YIELD, MEASURED IN BU / ACRE","TOTAL","NOT SPECIFIED","154",""
"SURVEY","2008","YEAR","","COUNTY","MISSOURI","29","EAST","60","ST CHARLES","183","","","00000000","","CORN","CORN, GRAIN - YIELD, MEASURED IN BU / ACRE","TOTAL","NOT SPECIFIED","164",""
"SURVEY","2008","YEAR","","COUNTY","MISSOURI","29","EAST","60","ST LOUIS","189","","","00000000","","CORN","CORN, GRAIN - YIELD, MEASURED IN BU / ACRE","TOTAL","NOT SPECIFIED","138",""
"SURVEY","2008","YEAR","","COUNTY","MISSOURI","29","EAST","60","STE GENEVIEVE","186","","","00000000","","CORN","CORN, GRAIN - YIELD, MEASURED IN BU / ACRE","TOTAL","NOT SPECIFIED","155",""
"SURVEY","2008","YEAR","","COUNTY","MISSOURI","29","EAST","60","WARREN","219","","","00000000","","CORN","CORN, GRAIN - YIELD, MEASURED IN BU / ACRE","TOTAL","NOT SPECIFIED","155",""
"SURVEY","2008","YEAR","","COUNTY","MISSOURI","29","NORTH CENTRAL","20","ADAIR","001","","","00000000","","CORN","CORN, GRAIN - YIELD, MEASURED IN BU / ACRE","TOTAL","NOT SPECIFIED","118",""
"SURVEY","2008","YEAR","","COUNTY","MISSOURI","29","NORTH CENTRAL","20","CARROLL","033","","","00000000","","CORN","CORN, GRAIN - YIELD, MEASURED IN BU / ACRE","TOTAL","NOT SPECIFIED","147",""
"SURVEY","2008","YEAR","","COUNTY","MISSOURI","29","NORTH CENTRAL","20","CHARITON","041","","","00000000","","CORN","CORN, GRAIN - YIELD, MEASURED IN BU / ACRE","TOTAL","NOT SPECIFIED","143",""
"SURVEY","2008","YEAR","","COUNTY","MISSOURI","29","NORTH CENTRAL","20","GRUNDY","079","","","00000000","","CORN","CORN, GRAIN - YIELD, MEASURED IN BU / ACRE","TOTAL","NOT SPECIFIED","117",""
"SURVEY","2008","YEAR","","COUNTY","MISSOURI","29","NORTH CENTRAL","20","LINN","115","","","00000000","","CORN","CORN, GRAIN - YIELD, MEASURED IN BU / ACRE","TOTAL","NOT SPECIFIED","139",""
"SURVEY","2008","YEAR","","COUNTY","MISSOURI","29","NORTH CENTRAL","20","LIVINGSTON","117","","","00000000","","CORN","CORN, GRAIN - YIELD, MEASURED IN BU / ACRE","TOTAL","NOT SPECIFIED","140",""
"SURVEY","2008","YEAR","","COUNTY","MISSOURI","29","NORTH CENTRAL","20","MACON","121","","","00000000","","CORN","CORN, GRAIN - YIELD, MEASURED IN BU / ACRE","TOTAL","NOT SPECIFIED","142",""
"SURVEY","2008","YEAR","","COUNTY","MISSOURI","29","NORTH CENTRAL","20","MERCER","129","","","00000000","","CORN","CORN, GRAIN - YIELD, MEASURED IN BU / ACRE","TOTAL","NOT SPECIFIED","114",""
"SURVEY","2008","YEAR","","COUNTY","MISSOURI","29","NORTH CENTRAL","20","PUTNAM","171","","","00000000","","CORN","CORN, GRAIN - YIELD, MEASURED IN BU / ACRE","TOTAL","NOT SPECIFIED","90",""
"SURVEY","2008","YEAR","","COUNTY","MISSOURI","29","NORTH CENTRAL","20","RANDOLPH","175","","","00000000","","CORN","CORN, GRAIN - YIELD, MEASURED IN BU / ACRE","TOTAL","NOT SPECIFIED","147",""
"SURVEY","2008","YEAR","","COUNTY","MISSOURI","29","NORTH CENTRAL","20","SCHUYLER","197","","","00000000","","CORN","CORN, GRAIN - YIELD, MEASURED IN BU / ACRE","TOTAL","NOT SPECIFIED","106",""
"SURVEY","2008","YEAR","","COUNTY","MISSOURI","29","NORTH CENTRAL","20","SULLIVAN","211","","","00000000","","CORN","CORN, GRAIN - YIELD, MEASURED IN BU / ACRE","TOTAL","NOT SPECIFIED","104",""
"SURVEY","2008","YEAR","","COUNTY","MISSOURI","29","NORTHEAST","30","AUDRAIN","007","","","00000000","","CORN","CORN, GRAIN - YIELD, MEASURED IN BU / ACRE","TOTAL","NOT SPECIFIED","144",""
"SURVEY","2008","YEAR","","COUNTY","MISSOURI","29","NORTHEAST","30","CLARK","045","","","00000000","","CORN","CORN, GRAIN - YIELD, MEASURED IN BU / ACRE","TOTAL","NOT SPECIFIED","142",""
"SURVEY","2008","YEAR","","COUNTY","MISSOURI","29","NORTHEAST","30","KNOX","103","","","00000000","","CORN","CORN, GRAIN - YIELD, MEASURED IN BU / ACRE","TOTAL","NOT SPECIFIED","136",""
"SURVEY","2008","YEAR","","COUNTY","MISSOURI","29","NORTHEAST","30","LEWIS","111","","","00000000","","CORN","CORN, GRAIN - YIELD, MEASURED IN BU / ACRE","TOTAL","NOT SPECIFIED","133",""
"SURVEY","2008","YEAR","","COUNTY","MISSOURI","29","NORTHEAST","30","MARION","127","","","00000000","","CORN","CORN, GRAIN - YIELD, MEASURED IN BU / ACRE","TOTAL","NOT SPECIFIED","142",""
"SURVEY","2008","YEAR","","COUNTY","MISSOURI","29","NORTHEAST","30","MONROE","137","","","00000000","","CORN","CORN, GRAIN - YIELD, MEASURED IN BU / ACRE","TOTAL","NOT SPECIFIED","127",""
"SURVEY","2008","YEAR","","COUNTY","MISSOURI","29","NORTHEAST","30","PIKE","163","","","00000000","","CORN","CORN, GRAIN - YIELD, MEASURED IN BU / ACRE","TOTAL","NOT SPECIFIED","149",""
"SURVEY","2008","YEAR","","COUNTY","MISSOURI","29","NORTHEAST","30","RALLS","173","","","00000000","","CORN","CORN, GRAIN - YIELD, MEASURED IN BU / ACRE","TOTAL","NOT SPECIFIED","143",""
"SURVEY","2008","YEAR","","COUNTY","MISSOURI","29","NORTHEAST","30","SCOTLAND","199","","","00000000","","CORN","CORN, GRAIN - YIELD, MEASURED IN BU / ACRE","TOTAL","NOT SPECIFIED","125",""
"SURVEY","2008","YEAR","","COUNTY","MISSOURI","29","NORTHEAST","30","SHELBY","205","","","00000000","","CORN","CORN, GRAIN - YIELD, MEASURED IN BU / ACRE","TOTAL","NOT SPECIFIED","133",""
"SURVEY","2008","YEAR","","COUNTY","MISSOURI","29","NORTHWEST","10","ANDREW","003","","","00000000","","CORN","CORN, GRAIN - YIELD, MEASURED IN BU / ACRE","TOTAL","NOT SPECIFIED","135",""
"SURVEY","2008","YEAR","","COUNTY","MISSOURI","29","NORTHWEST","10","ATCHISON","005","","","00000000","","CORN","CORN, GRAIN - YIELD, MEASURED IN BU / ACRE","TOTAL","NOT SPECIFIED","152",""
"SURVEY","2008","YEAR","","COUNTY","MISSOURI","29","NORTHWEST","10","BUCHANAN","021","","","00000000","","CORN","CORN, GRAIN - YIELD, MEASURED IN BU / ACRE","TOTAL","NOT SPECIFIED","158",""
"SURVEY","2008","YEAR","","COUNTY","MISSOURI","29","NORTHWEST","10","CALDWELL","025","","","00000000","","CORN","CORN, GRAIN - YIELD, MEASURED IN BU / ACRE","TOTAL","NOT SPECIFIED","136",""
"SURVEY","2008","YEAR","","COUNTY","MISSOURI","29","NORTHWEST","10","CLAY","047","","","00000000","","CORN","CORN, GRAIN - YIELD, MEASURED IN BU / ACRE","TOTAL","NOT SPECIFIED","158",""
"SURVEY","2008","YEAR","","COUNTY","MISSOURI","29","NORTHWEST","10","CLINTON","049","","","00000000","","CORN","CORN, GRAIN - YIELD, MEASURED IN BU / ACRE","TOTAL","NOT SPECIFIED","157",""
"SURVEY","2008","YEAR","","COUNTY","MISSOURI","29","NORTHWEST","10","DAVIESS","061","","","00000000","","CORN","CORN, GRAIN - YIELD, MEASURED IN BU / ACRE","TOTAL","NOT SPECIFIED","123",""
"SURVEY","2008","YEAR","","COUNTY","MISSOURI","29","NORTHWEST","10","DE KALB","063","","","00000000","","CORN","CORN, GRAIN - YIELD, MEASURED IN BU / ACRE","TOTAL","NOT SPECIFIED","127",""
"SURVEY","2008","YEAR","","COUNTY","MISSOURI","29","NORTHWEST","10","GENTRY","075","","","00000000","","CORN","CORN, GRAIN - YIELD, MEASURED IN BU / ACRE","TOTAL","NOT SPECIFIED","109",""
"SURVEY","2008","YEAR","","COUNTY","MISSOURI","29","NORTHWEST","10","HARRISON","081","","","00000000","","CORN","CORN, GRAIN - YIELD, MEASURED IN BU / ACRE","TOTAL","NOT SPECIFIED","120",""
"SURVEY","2008","YEAR","","COUNTY","MISSOURI","29","NORTHWEST","10","HOLT","087","","","00000000","","CORN","CORN, GRAIN - YIELD, MEASURED IN BU / ACRE","TOTAL","NOT SPECIFIED","150",""
"SURVEY","2008","YEAR","","COUNTY","MISSOURI","29","NORTHWEST","10","NODAWAY","147","","","00000000","","CORN","CORN, GRAIN - YIELD, MEASURED IN BU / ACRE","TOTAL","NOT SPECIFIED","123",""
"SURVEY","2008","YEAR","","COUNTY","MISSOURI","29","NORTHWEST","10","PLATTE","165","","","00000000","","CORN","CORN, GRAIN - YIELD, MEASURED IN BU / ACRE","TOTAL","NOT SPECIFIED","149",""
"SURVEY","2008","YEAR","","COUNTY","MISSOURI","29","NORTHWEST","10","RAY","177","","","00000000","","CORN","CORN, GRAIN - YIELD, MEASURED IN BU / ACRE","TOTAL","NOT SPECIFIED","152",""
"SURVEY","2008","YEAR","","COUNTY","MISSOURI","29","NORTHWEST","10","WORTH","227","","","00000000","","CORN","CORN, GRAIN - YIELD, MEASURED IN BU / ACRE","TOTAL","NOT SPECIFIED","108",""
"SURVEY","2008","YEAR","","COUNTY","MISSOURI","29","SOUTH CENTRAL","80","BOLLINGER","017","","","00000000","","CORN","CORN, GRAIN - YIELD, MEASURED IN BU / ACRE","TOTAL","NOT SPECIFIED","148",""
"SURVEY","2008","YEAR","","COUNTY","MISSOURI","29","SOUTH CENTRAL","80","OTHER (COMBINED) COUNTIES","","","","00000000","","CORN","CORN, GRAIN - YIELD, MEASURED IN BU / ACRE","TOTAL","NOT SPECIFIED","125",""
"SURVEY","2008","YEAR","","COUNTY","MISSOURI","29","SOUTH CENTRAL","80","RIPLEY","181","","","00000000","","CORN","CORN, GRAIN - YIELD, MEASURED IN BU / ACRE","TOTAL","NOT SPECIFIED","138",""
"SURVEY","2008","YEAR","","COUNTY","MISSOURI","29","SOUTH CENTRAL","80","TEXAS","215","","","00000000","","CORN","CORN, GRAIN - YIELD, MEASURED IN BU / ACRE","TOTAL","NOT SPECIFIED","123",""
"SURVEY","2008","YEAR","","COUNTY","MISSOURI","29","SOUTH CENTRAL","80","WAYNE","223","","","00000000","","CORN","CORN, GRAIN - YIELD, MEASURED IN BU / ACRE","TOTAL","NOT SPECIFIED","116",""
"SURVEY","2008","YEAR","","COUNTY","MISSOURI","29","SOUTH CENTRAL","80","WEBSTER","225","","","00000000","","CORN","CORN, GRAIN - YIELD, MEASURED IN BU / ACRE","TOTAL","NOT SPECIFIED","123",""
"SURVEY","2008","YEAR","","COUNTY","MISSOURI","29","SOUTHEAST","90","BUTLER","023","","","00000000","","CORN","CORN, GRAIN - YIELD, MEASURED IN BU / ACRE","TOTAL","NOT SPECIFIED","160",""
"SURVEY","2008","YEAR","","COUNTY","MISSOURI","29","SOUTHEAST","90","CAPE GIRARDEAU","031","","","00000000","","CORN","CORN, GRAIN - YIELD, MEASURED IN BU / ACRE","TOTAL","NOT SPECIFIED","158",""
"SURVEY","2008","YEAR","","COUNTY","MISSOURI","29","SOUTHEAST","90","DUNKLIN","069","","","00000000","","CORN","CORN, GRAIN - YIELD, MEASURED IN BU / ACRE","TOTAL","NOT SPECIFIED","168",""
"SURVEY","2008","YEAR","","COUNTY","MISSOURI","29","SOUTHEAST","90","MISSISSIPPI","133","","","00000000","","CORN","CORN, GRAIN - YIELD, MEASURED IN BU / ACRE","TOTAL","NOT SPECIFIED","173",""
"SURVEY","2008","YEAR","","COUNTY","MISSOURI","29","SOUTHEAST","90","NEW MADRID","143","","","00000000","","CORN","CORN, GRAIN - YIELD, MEASURED IN BU / ACRE","TOTAL","NOT SPECIFIED","170",""
"SURVEY","2008","YEAR","","COUNTY","MISSOURI","29","SOUTHEAST","90","PEMISCOT","155","","","00000000","","CORN","CORN, GRAIN - YIELD, MEASURED IN BU / ACRE","TOTAL","NOT SPECIFIED","151",""
"SURVEY","2008","YEAR","","COUNTY","MISSOURI","29","SOUTHEAST","90","SCOTT","201","","","00000000","","CORN","CORN, GRAIN - YIELD, MEASURED IN BU / ACRE","TOTAL","NOT SPECIFIED","170",""
"SURVEY","2008","YEAR","","COUNTY","MISSOURI","29","SOUTHEAST","90","STODDARD","207","","","00000000","","CORN","CORN, GRAIN - YIELD, MEASURED IN BU / ACRE","TOTAL","NOT SPECIFIED","174",""
"SURVEY","2008","YEAR","","COUNTY","MISSOURI","29","SOUTHWEST","70","BARRY","009","","","00000000","","CORN","CORN, GRAIN - YIELD, MEASURED IN BU / ACRE","TOTAL","NOT SPECIFIED","125",""
"SURVEY","2008","YEAR","","COUNTY","MISSOURI","29","SOUTHWEST","70","BARTON","011","","","00000000","","CORN","CORN, GRAIN - YIELD, MEASURED IN BU / ACRE","TOTAL","NOT SPECIFIED","117",""
"SURVEY","2008","YEAR","","COUNTY","MISSOURI","29","SOUTHWEST","70","CHRISTIAN","043","","","00000000","","CORN","CORN, GRAIN - YIELD, MEASURED IN BU / ACRE","TOTAL","NOT SPECIFIED","133",""
"SURVEY","2008","YEAR","","COUNTY","MISSOURI","29","SOUTHWEST","70","DADE","057","","","00000000","","CORN","CORN, GRAIN - YIELD, MEASURED IN BU / ACRE","TOTAL","NOT SPECIFIED","114",""
"SURVEY","2008","YEAR","","COUNTY","MISSOURI","29","SOUTHWEST","70","GREENE","077","","","00000000","","CORN","CORN, GRAIN - YIELD, MEASURED IN BU / ACRE","TOTAL","NOT SPECIFIED","125",""
"SURVEY","2008","YEAR","","COUNTY","MISSOURI","29","SOUTHWEST","70","JASPER","097","","","00000000","","CORN","CORN, GRAIN - YIELD, MEASURED IN BU / ACRE","TOTAL","NOT SPECIFIED","111",""
"SURVEY","2008","YEAR","","COUNTY","MISSOURI","29","SOUTHWEST","70","LAWRENCE","109","","","00000000","","CORN","CORN, GRAIN - YIELD, MEASURED IN BU / ACRE","TOTAL","NOT SPECIFIED","132",""
"SURVEY","2008","YEAR","","COUNTY","MISSOURI","29","SOUTHWEST","70","NEWTON","145","","","00000000","","CORN","CORN, GRAIN - YIELD, MEASURED IN BU / ACRE","TOTAL","NOT SPECIFIED","131",""
"SURVEY","2008","YEAR","","COUNTY","MISSOURI","29","SOUTHWEST","70","OTHER (COMBINED) COUNTIES","","","","00000000","","CORN","CORN, GRAIN - YIELD, MEASURED IN BU / ACRE","TOTAL","NOT SPECIFIED","127",""
"SURVEY","2008","YEAR","","COUNTY","MISSOURI","29","WEST","40","BATES","013","","","00000000","","CORN","CORN, GRAIN - YIELD, MEASURED IN BU / ACRE","TOTAL","NOT SPECIFIED","120",""
"SURVEY","2008","YEAR","","COUNTY","MISSOURI","29","WEST","40","CASS","037","","","00000000","","CORN","CORN, GRAIN - YIELD, MEASURED IN BU / ACRE","TOTAL","NOT SPECIFIED","124",""
"SURVEY","2008","YEAR","","COUNTY","MISSOURI","29","WEST","40","HENRY","083","","","00000000","","CORN","CORN, GRAIN - YIELD, MEASURED IN BU / ACRE","TOTAL","NOT SPECIFIED","90",""
"SURVEY","2008","YEAR","","COUNTY","MISSOURI","29","WEST","40","JACKSON","095","","","00000000","","CORN","CORN, GRAIN - YIELD, MEASURED IN BU / ACRE","TOTAL","NOT SPECIFIED","139",""
"SURVEY","2008","YEAR","","COUNTY","MISSOURI","29","WEST","40","JOHNSON","101","","","00000000","","CORN","CORN, GRAIN - YIELD, MEASURED IN BU / ACRE","TOTAL","NOT SPECIFIED","134",""
"SURVEY","2008","YEAR","","COUNTY","MISSOURI","29","WEST","40","LAFAYETTE","107","","","00000000","","CORN","CORN, GRAIN - YIELD, MEASURED IN BU / ACRE","TOTAL","NOT SPECIFIED","167",""
"SURVEY","2008","YEAR","","COUNTY","MISSOURI","29","WEST","40","OTHER (COMBINED) COUNTIES","","","","00000000","","CORN","CORN, GRAIN - YIELD, MEASURED IN BU / ACRE","TOTAL","NOT SPECIFIED","114",""
"SURVEY","2008","YEAR","","COUNTY","MISSOURI","29","WEST","40","VERNON","217","","","00000000","","CORN","CORN, GRAIN - YIELD, MEASURED IN BU / ACRE","TOTAL","NOT SPECIFIED","119",""
"SURVEY","2008","YEAR","","COUNTY","WISCONSIN","55","CENTRAL","50","ADAMS","001","","","00000000","","CORN","CORN, GRAIN - YIELD, MEASURED IN BU / ACRE","TOTAL","NOT SPECIFIED","157",""
"SURVEY","2008","YEAR","","COUNTY","WISCONSIN","55","CENTRAL","50","GREEN LAKE","047","","","00000000","","CORN","CORN, GRAIN - YIELD, MEASURED IN BU / ACRE","TOTAL","NOT SPECIFIED","137",""
"SURVEY","2008","YEAR","","COUNTY","WISCONSIN","55","CENTRAL","50","JUNEAU","057","","","00000000","","CORN","CORN, GRAIN - YIELD, MEASURED IN BU / ACRE","TOTAL","NOT SPECIFIED","128",""
"SURVEY","2008","YEAR","","COUNTY","WISCONSIN","55","CENTRAL","50","MARQUETTE","077","","","00000000","","CORN","CORN, GRAIN - YIELD, MEASURED IN BU / ACRE","TOTAL","NOT SPECIFIED","114",""
"SURVEY","2008","YEAR","","COUNTY","WISCONSIN","55","CENTRAL","50","PORTAGE","097","","","00000000","","CORN","CORN, GRAIN - YIELD, MEASURED IN BU / ACRE","TOTAL","NOT SPECIFIED","124",""
"SURVEY","2008","YEAR","","COUNTY","WISCONSIN","55","CENTRAL","50","WAUPACA","135","","","00000000","","CORN","CORN, GRAIN - YIELD, MEASURED IN BU / ACRE","TOTAL","NOT SPECIFIED","135",""
"SURVEY","2008","YEAR","","COUNTY","WISCONSIN","55","CENTRAL","50","WAUSHARA","137","","","00000000","","CORN","CORN, GRAIN - YIELD, MEASURED IN BU / ACRE","TOTAL","NOT SPECIFIED","131",""
"SURVEY","2008","YEAR","","COUNTY","WISCONSIN","55","CENTRAL","50","WOOD","141","","","00000000","","CORN","CORN, GRAIN - YIELD, MEASURED IN BU / ACRE","TOTAL","NOT SPECIFIED","120",""
"SURVEY","2008","YEAR","","COUNTY","WISCONSIN","55","EAST CENTRAL","60","BROWN","009","","","00000000","","CORN","CORN, GRAIN - YIELD, MEASURED IN BU / ACRE","TOTAL","NOT SPECIFIED","114",""
"SURVEY","2008","YEAR","","COUNTY","WISCONSIN","55","EAST CENTRAL","60","CALUMET","015","","","00000000","","CORN","CORN, GRAIN - YIELD, MEASURED IN BU / ACRE","TOTAL","NOT SPECIFIED","136",""
"SURVEY","2008","YEAR","","COUNTY","WISCONSIN","55","EAST CENTRAL","60","DOOR","029","","","00000000","","CORN","CORN, GRAIN - YIELD, MEASURED IN BU / ACRE","TOTAL","NOT SPECIFIED","119",""
"SURVEY","2008","YEAR","","COUNTY","WISCONSIN","55","EAST CENTRAL","60","FOND DU LAC","039","","","00000000","","CORN","CORN, GRAIN - YIELD, MEASURED IN BU / ACRE","TOTAL","NOT SPECIFIED","153",""
"SURVEY","2008","YEAR","","COUNTY","WISCONSIN","55","EAST CENTRAL","60","KEWAUNEE","061","","","00000000","","CORN","CORN, GRAIN - YIELD, MEASURED IN BU / ACRE","TOTAL","NOT SPECIFIED","118",""
"SURVEY","2008","YEAR","","COUNTY","WISCONSIN","55","EAST CENTRAL","60","MANITOWOC","071","","","00000000","","CORN","CORN, GRAIN - YIELD, MEASURED IN BU / ACRE","TOTAL","NOT SPECIFIED","134",""
"SURVEY","2008","YEAR","","COUNTY","WISCONSIN","55","EAST CENTRAL","60","OUTAGAMIE","087","","","00000000","","CORN","CORN, GRAIN - YIELD, MEASURED IN BU / ACRE","TOTAL","NOT SPECIFIED","142",""
"SURVEY","2008","YEAR","","COUNTY","WISCONSIN","55","EAST CENTRAL","60","SHEBOYGAN","117","","","00000000","","CORN","CORN, GRAIN - YIELD, MEASURED IN BU / ACRE","TOTAL","NOT SPECIFIED","131",""
"SURVEY","2008","YEAR","","COUNTY","WISCONSIN","55","EAST CENTRAL","60","WINNEBAGO","139","","","00000000","","CORN","CORN, GRAIN - YIELD, MEASURED IN BU / ACRE","TOTAL","NOT SPECIFIED","129",""
"SURVEY","2008","YEAR","","COUNTY","WISCONSIN","55","NORTH CENTRAL","20","ASHLAND","003","","","00000000","","CORN","CORN, GRAIN - YIELD, MEASURED IN BU / ACRE","TOTAL","NOT SPECIFIED","91",""
"SURVEY","2008","YEAR","","COUNTY","WISCONSIN","55","NORTH CENTRAL","20","CLARK","019","","","00000000","","CORN","CORN, GRAIN - YIELD, MEASURED IN BU / ACRE","TOTAL","NOT SPECIFIED","131",""
"SURVEY","2008","YEAR","","COUNTY","WISCONSIN","55","NORTH CENTRAL","20","LINCOLN","069","","","00000000","","CORN","CORN, GRAIN - YIELD, MEASURED IN BU / ACRE","TOTAL","NOT SPECIFIED","119",""
"SURVEY","2008","YEAR","","COUNTY","WISCONSIN","55","NORTH CENTRAL","20","MARATHON","073","","","00000000","","CORN","CORN, GRAIN - YIELD, MEASURED IN BU / ACRE","TOTAL","NOT SPECIFIED","117",""
"SURVEY","2008","YEAR","","COUNTY","WISCONSIN","55","NORTH CENTRAL","20","OTHER (COMBINED) COUNTIES","","","","00000000","","CORN","CORN, GRAIN - YIELD, MEASURED IN BU / ACRE","TOTAL","NOT SPECIFIED","55",""
"SURVEY","2008","YEAR","","COUNTY","WISCONSIN","55","NORTH CENTRAL","20","PRICE","099","","","00000000","","CORN","CORN, GRAIN - YIELD, MEASURED IN BU / ACRE","TOTAL","NOT SPECIFIED","86",""
"SURVEY","2008","YEAR","","COUNTY","WISCONSIN","55","NORTH CENTRAL","20","TAYLOR","119","","","00000000","","CORN","CORN, GRAIN - YIELD, MEASURED IN BU / ACRE","TOTAL","NOT SPECIFIED","132",""
"SURVEY","2008","YEAR","","COUNTY","WISCONSIN","55","NORTHEAST","30","LANGLADE","067","","","00000000","","CORN","CORN, GRAIN - YIELD, MEASURED IN BU / ACRE","TOTAL","NOT SPECIFIED","85",""
"SURVEY","2008","YEAR","","COUNTY","WISCONSIN","55","NORTHEAST","30","MARINETTE","075","","","00000000","","CORN","CORN, GRAIN - YIELD, MEASURED IN BU / ACRE","TOTAL","NOT SPECIFIED","112",""
"SURVEY","2008","YEAR","","COUNTY","WISCONSIN","55","NORTHEAST","30","OCONTO","083","","","00000000","","CORN","CORN, GRAIN - YIELD, MEASURED IN BU / ACRE","TOTAL","NOT SPECIFIED","118",""
"SURVEY","2008","YEAR","","COUNTY","WISCONSIN","55","NORTHEAST","30","OTHER (COMBINED) COUNTIES","","","","00000000","","CORN","CORN, GRAIN - YIELD, MEASURED IN BU / ACRE","TOTAL","NOT SPECIFIED","100",""
"SURVEY","2008","YEAR","","COUNTY","WISCONSIN","55","NORTHEAST","30","SHAWANO","115","","","00000000","","CORN","CORN, GRAIN - YIELD, MEASURED IN BU / ACRE","TOTAL","NOT SPECIFIED","103",""
"SURVEY","2008","YEAR","","COUNTY","WISCONSIN","55","NORTHWEST","10","BARRON","005","","","00000000","","CORN","CORN, GRAIN - YIELD, MEASURED IN BU / ACRE","TOTAL","NOT SPECIFIED","122",""
"SURVEY","2008","YEAR","","COUNTY","WISCONSIN","55","NORTHWEST","10","BURNETT","013","","","00000000","","CORN","CORN, GRAIN - YIELD, MEASURED IN BU / ACRE","TOTAL","NOT SPECIFIED","97",""
"SURVEY","2008","YEAR","","COUNTY","WISCONSIN","55","NORTHWEST","10","CHIPPEWA","017","","","00000000","","CORN","CORN, GRAIN - YIELD, MEASURED IN BU / ACRE","TOTAL","NOT SPECIFIED","142",""
"SURVEY","2008","YEAR","","COUNTY","WISCONSIN","55","NORTHWEST","10","OTHER (COMBINED) COUNTIES","","","","00000000","","CORN","CORN, GRAIN - YIELD, MEASURED IN BU / ACRE","TOTAL","NOT SPECIFIED","143",""
"SURVEY","2008","YEAR","","COUNTY","WISCONSIN","55","NORTHWEST","10","POLK","095","","","00000000","","CORN","CORN, GRAIN - YIELD, MEASURED IN BU / ACRE","TOTAL","NOT SPECIFIED","109",""
"SURVEY","2008","YEAR","","COUNTY","WISCONSIN","55","NORTHWEST","10","RUSK","107","","","00000000","","CORN","CORN, GRAIN - YIELD, MEASURED IN BU / ACRE","TOTAL","NOT SPECIFIED","113",""
"SURVEY","2008","YEAR","","COUNTY","WISCONSIN","55","NORTHWEST","10","SAWYER","113","","","00000000","","CORN","CORN, GRAIN - YIELD, MEASURED IN BU / ACRE","TOTAL","NOT SPECIFIED","95",""
"SURVEY","2008","YEAR","","COUNTY","WISCONSIN","55","NORTHWEST","10","WASHBURN","129","","","00000000","","CORN","CORN, GRAIN - YIELD, MEASURED IN BU / ACRE","TOTAL","NOT SPECIFIED","89",""
"SURVEY","2008","YEAR","","COUNTY","WISCONSIN","55","SOUTH CENTRAL","80","COLUMBIA","021","","","00000000","","CORN","CORN, GRAIN - YIELD, MEASURED IN BU / ACRE","TOTAL","NOT SPECIFIED","144",""
"SURVEY","2008","YEAR","","COUNTY","WISCONSIN","55","SOUTH CENTRAL","80","DANE","025","","","00000000","","CORN","CORN, GRAIN - YIELD, MEASURED IN BU / ACRE","TOTAL","NOT SPECIFIED","136",""
"SURVEY","2008","YEAR","","COUNTY","WISCONSIN","55","SOUTH CENTRAL","80","DODGE","027","","","00000000","","CORN","CORN, GRAIN - YIELD, MEASURED IN BU / ACRE","TOTAL","NOT SPECIFIED","143",""
"SURVEY","2008","YEAR","","COUNTY","WISCONSIN","55","SOUTH CENTRAL","80","GREEN","045","","","00000000","","CORN","CORN, GRAIN - YIELD, MEASURED IN BU / ACRE","TOTAL","NOT SPECIFIED","141",""
"SURVEY","2008","YEAR","","COUNTY","WISCONSIN","55","SOUTH CENTRAL","80","JEFFERSON","055","","","00000000","","CORN","CORN, GRAIN - YIELD, MEASURED IN BU / ACRE","TOTAL","NOT SPECIFIED","126",""
"SURVEY","2008","YEAR","","COUNTY","WISCONSIN","55","SOUTH CENTRAL","80","ROCK","105","","","00000000","","CORN","CORN, GRAIN - YIELD, MEASURED IN BU / ACRE","TOTAL","NOT SPECIFIED","146",""
"SURVEY","2008","YEAR","","COUNTY","WISCONSIN","55","SOUTHEAST","90","KENOSHA","059","","","00000000","","CORN","CORN, GRAIN - YIELD, MEASURED IN BU / ACRE","TOTAL","NOT SPECIFIED","141",""
"SURVEY","2008","YEAR","","COUNTY","WISCONSIN","55","SOUTHEAST","90","OTHER (COMBINED) COUNTIES","","","","00000000","","CORN","CORN, GRAIN - YIELD, MEASURED IN BU / ACRE","TOTAL","NOT SPECIFIED","134",""
"SURVEY","2008","YEAR","","COUNTY","WISCONSIN","55","SOUTHEAST","90","RACINE","101","","","00000000","","CORN","CORN, GRAIN - YIELD, MEASURED IN BU / ACRE","TOTAL","NOT SPECIFIED","132",""
"SURVEY","2008","YEAR","","COUNTY","WISCONSIN","55","SOUTHEAST","90","WALWORTH","127","","","00000000","","CORN","CORN, GRAIN - YIELD, MEASURED IN BU / ACRE","TOTAL","NOT SPECIFIED","139",""
"SURVEY","2008","YEAR","","COUNTY","WISCONSIN","55","SOUTHEAST","90","WASHINGTON","131","","","00000000","","CORN","CORN, GRAIN - YIELD, MEASURED IN BU / ACRE","TOTAL","NOT SPECIFIED","124",""
"SURVEY","2008","YEAR","","COUNTY","WISCONSIN","55","SOUTHEAST","90","WAUKESHA","133","","","00000000","","CORN","CORN, GRAIN - YIELD, MEASURED IN BU / ACRE","TOTAL","NOT SPECIFIED","119",""
"SURVEY","2008","YEAR","","COUNTY","WISCONSIN","55","SOUTHWEST","70","CRAWFORD","023","","","00000000","","CORN","CORN, GRAIN - YIELD, MEASURED IN BU / ACRE","TOTAL","NOT SPECIFIED","147",""
"SURVEY","2008","YEAR","","COUNTY","WISCONSIN","55","SOUTHWEST","70","GRANT","043","","","00000000","","CORN","CORN, GRAIN - YIELD, MEASURED IN BU / ACRE","TOTAL","NOT SPECIFIED","165",""
"SURVEY","2008","YEAR","","COUNTY","WISCONSIN","55","SOUTHWEST","70","IOWA","049","","","00000000","","CORN","CORN, GRAIN - YIELD, MEASURED IN BU / ACRE","TOTAL","NOT SPECIFIED","145",""
"SURVEY","2008","YEAR","","COUNTY","WISCONSIN","55","SOUTHWEST","70","LAFAYETTE","065","","","00000000","","CORN","CORN, GRAIN - YIELD, MEASURED IN BU / ACRE","TOTAL","NOT SPECIFIED","158",""
"SURVEY","2008","YEAR","","COUNTY","WISCONSIN","55","SOUTHWEST","70","RICHLAND","103","","","00000000","","CORN","CORN, GRAIN - YIELD, MEASURED IN BU / ACRE","TOTAL","NOT SPECIFIED","125",""
"SURVEY","2008","YEAR","","COUNTY","WISCONSIN","55","SOUTHWEST","70","SAUK","111","","","00000000","","CORN","CORN, GRAIN - YIELD, MEASURED IN BU / ACRE","TOTAL","NOT SPECIFIED","125",""
"SURVEY","2008","YEAR","","COUNTY","WISCONSIN","55","SOUTHWEST","70","VERNON","123","","","00000000","","CORN","CORN, GRAIN - YIELD, MEASURED IN BU / ACRE","TOTAL","NOT SPECIFIED","142",""
"SURVEY","2008","YEAR","","COUNTY","WISCONSIN","55","WEST CENTRAL","40","BUFFALO","011","","","00000000","","CORN","CORN, GRAIN - YIELD, MEASURED IN BU / ACRE","TOTAL","NOT SPECIFIED","144",""
"SURVEY","2008","YEAR","","COUNTY","WISCONSIN","55","WEST CENTRAL","40","DUNN","033","","","00000000","","CORN","CORN, GRAIN - YIELD, MEASURED IN BU / ACRE","TOTAL","NOT SPECIFIED","136",""
"SURVEY","2008","YEAR","","COUNTY","WISCONSIN","55","WEST CENTRAL","40","EAU CLAIRE","035","","","00000000","","CORN","CORN, GRAIN - YIELD, MEASURED IN BU / ACRE","TOTAL","NOT SPECIFIED","148",""
"SURVEY","2008","YEAR","","COUNTY","WISCONSIN","55","WEST CENTRAL","40","JACKSON","053","","","00000000","","CORN","CORN, GRAIN - YIELD, MEASURED IN BU / ACRE","TOTAL","NOT SPECIFIED","140",""
"SURVEY","2008","YEAR","","COUNTY","WISCONSIN","55","WEST CENTRAL","40","LA CROSSE","063","","","00000000","","CORN","CORN, GRAIN - YIELD, MEASURED IN BU / ACRE","TOTAL","NOT SPECIFIED","153",""
"SURVEY","2008","YEAR","","COUNTY","WISCONSIN","55","WEST CENTRAL","40","MONROE","081","","","00000000","","CORN","CORN, GRAIN - YIELD, MEASURED IN BU / ACRE","TOTAL","NOT SPECIFIED","135",""
"SURVEY","2008","YEAR","","COUNTY","WISCONSIN","55","WEST CENTRAL","40","PEPIN","091","","","00000000","","CORN","CORN, GRAIN - YIELD, MEASURED IN BU / ACRE","TOTAL","NOT SPECIFIED","146",""
"SURVEY","2008","YEAR","","COUNTY","WISCONSIN","55","WEST CENTRAL","40","PIERCE","093","","","00000000","","CORN","CORN, GRAIN - YIELD, MEASURED IN BU / ACRE","TOTAL","NOT SPECIFIED","162",""
"SURVEY","2008","YEAR","","COUNTY","WISCONSIN","55","WEST CENTRAL","40","ST CROIX","109","","","00000000","","CORN","CORN, GRAIN - YIELD, MEASURED IN BU / ACRE","TOTAL","NOT SPECIFIED","141",""
"SURVEY","2008","YEAR","","COUNTY","WISCONSIN","55","WEST CENTRAL","40","TREMPEALEAU","121","","","00000000","","CORN","CORN, GRAIN - YIELD, MEASURED IN BU / ACRE","TOTAL","NOT SPECIFIED","134",""
"SURVEY","2007","YEAR","","COUNTY","COLORADO","08","EAST CENTRAL","60","ADAMS","001","","","00000000","","CORN","CORN, GRAIN - YIELD, MEASURED IN BU / ACRE","TOTAL","NOT SPECIFIED","76",""
"SURVEY","2007","YEAR","","COUNTY","COLORADO","08","EAST CENTRAL","60","CHEYENNE","017","","","00000000","","CORN","CORN, GRAIN - YIELD, MEASURED IN BU / ACRE","TOTAL","NOT SPECIFIED","103.5",""
"SURVEY","2007","YEAR","","COUNTY","COLORADO","08","EAST CENTRAL","60","ELBERT","039","","","00000000","","CORN","CORN, GRAIN - YIELD, MEASURED IN BU / ACRE","TOTAL","NOT SPECIFIED","60",""
"SURVEY","2007","YEAR","","COUNTY","COLORADO","08","EAST CENTRAL","60","KIT CARSON","063","","","00000000","","CORN","CORN, GRAIN - YIELD, MEASURED IN BU / ACRE","TOTAL","NOT SPECIFIED","125",""
"SURVEY","2007","YEAR","","COUNTY","COLORADO","08","EAST CENTRAL","60","LINCOLN","073","","","00000000","","CORN","CORN, GRAIN - YIELD, MEASURED IN BU / ACRE","TOTAL","NOT SPECIFIED","65.5",""
"SURVEY","2007","YEAR","","COUNTY","COLORADO","08","EAST CENTRAL","60","OTHER (COMBINED) COUNTIES","","","","00000000","","CORN","CORN, GRAIN - YIELD, MEASURED IN BU / ACRE","TOTAL","NOT SPECIFIED","60",""
"SURVEY","2007","YEAR","","COUNTY","COLORADO","08","EAST CENTRAL","60","PHILLIPS","095","","","00000000","","CORN","CORN, GRAIN - YIELD, MEASURED IN BU / ACRE","TOTAL","NOT SPECIFIED","141",""
"SURVEY","2007","YEAR","","COUNTY","COLORADO","08","EAST CENTRAL","60","WASHINGTON","121","","","00000000","","CORN","CORN, GRAIN - YIELD, MEASURED IN BU / ACRE","TOTAL","NOT SPECIFIED","106.5",""
"SURVEY","2007","YEAR","","COUNTY","COLORADO","08","EAST CENTRAL","60","YUMA","125","","","00000000","","CORN","CORN, GRAIN - YIELD, MEASURED IN BU / ACRE","TOTAL","NOT SPECIFIED","193",""
"SURVEY","2007","YEAR","","COUNTY","COLORADO","08","NORTHEAST","20","BOULDER","013","","","00000000","","CORN","CORN, GRAIN - YIELD, MEASURED IN BU / ACRE","TOTAL","NOT SPECIFIED","149.5",""
"SURVEY","2007","YEAR","","COUNTY","COLORADO","08","NORTHEAST","20","LARIMER","069","","","00000000","","CORN","CORN, GRAIN - YIELD, MEASURED IN BU / ACRE","TOTAL","NOT SPECIFIED","150",""
"SURVEY","2007","YEAR","","COUNTY","COLORADO","08","NORTHEAST","20","LOGAN","075","","","00000000","","CORN","CORN, GRAIN - YIELD, MEASURED IN BU / ACRE","TOTAL","NOT SPECIFIED","141",""
"SURVEY","2007","YEAR","","COUNTY","COLORADO","08","NORTHEAST","20","MORGAN","087","","","00000000","","CORN","CORN, GRAIN - YIELD, MEASURED IN BU / ACRE","TOTAL","NOT SPECIFIED","158",""
"SURVEY","2007","YEAR","","COUNTY","COLORADO","08","NORTHEAST","20","OTHER (COMBINED) COUNTIES","","","","00000000","","CORN","CORN, GRAIN - YIELD, MEASURED IN BU / ACRE","TOTAL","NOT SPECIFIED","183.5",""
"SURVEY","2007","YEAR","","COUNTY","COLORADO","08","NORTHEAST","20","SEDGWICK","115","","","00000000","","CORN","CORN, GRAIN - YIELD, MEASURED IN BU / ACRE","TOTAL","NOT SPECIFIED","170.5",""
"SURVEY","2007","YEAR","","COUNTY","COLORADO","08","NORTHEAST","20","WELD","123","","","00000000","","CORN","CORN, GRAIN - YIELD, MEASURED IN BU / ACRE","TOTAL","NOT SPECIFIED","151.5",""
"SURVEY","2007","YEAR","","COUNTY","COLORADO","08","SOUTHEAST","90","BACA","009","","","00000000","","CORN","CORN, GRAIN - YIELD, MEASURED IN BU / ACRE","TOTAL","NOT SPECIFIED","112.5",""
"SURVEY","2007","YEAR","","COUNTY","COLORADO","08","SOUTHEAST","90","BENT","011","","","00000000","","CORN","CORN, GRAIN - YIELD, MEASURED IN BU / ACRE","TOTAL","NOT SPECIFIED","167",""
"SURVEY","2007","YEAR","","COUNTY","COLORADO","08","SOUTHEAST","90","OTERO","089","","","00000000","","CORN","CORN, GRAIN - YIELD, MEASURED IN BU / ACRE","TOTAL","NOT SPECIFIED","184.5",""
"SURVEY","2007","YEAR","","COUNTY","COLORADO","08","SOUTHEAST","90","OTHER (COMBINED) COUNTIES","","","","00000000","","CORN","CORN, GRAIN - YIELD, MEASURED IN BU / ACRE","TOTAL","NOT SPECIFIED","101",""
"SURVEY","2007","YEAR","","COUNTY","COLORADO","08","SOUTHEAST","90","PROWERS","099","","","00000000","","CORN","CORN, GRAIN - YIELD, MEASURED IN BU / ACRE","TOTAL","NOT SPECIFIED","111.5",""
"SURVEY","2007","YEAR","","COUNTY","COLORADO","08","SOUTHEAST","90","PUEBLO","101","","","00000000","","CORN","CORN, GRAIN - YIELD, MEASURED IN BU / ACRE","TOTAL","NOT SPECIFIED","194",""
"SURVEY","2007","YEAR","","COUNTY","COLORADO","08","SOUTHWEST","70","DELTA","029","","","00000000","","CORN","CORN, GRAIN - YIELD, MEASURED IN BU / ACRE","TOTAL","NOT SPECIFIED","159",""
"SURVEY","2007","YEAR","","COUNTY","COLORADO","08","SOUTHWEST","70","MESA","077","","","00000000","","CORN","CORN, GRAIN - YIELD, MEASURED IN BU / ACRE","TOTAL","NOT SPECIFIED","149.5",""
"SURVEY","2007","YEAR","","COUNTY","COLORADO","08","SOUTHWEST","70","MONTEZUMA","083","","","00000000","","CORN","CORN, GRAIN - YIELD, MEASURED IN BU / ACRE","TOTAL","NOT SPECIFIED","0",""
"SURVEY","2007","YEAR","","COUNTY","COLORADO","08","SOUTHWEST","70","MONTROSE","085","","","00000000","","CORN","CORN, GRAIN - YIELD, MEASURED IN BU / ACRE","TOTAL","NOT SPECIFIED","165.5",""
"SURVEY","2007","YEAR","","COUNTY","COLORADO","08","SOUTHWEST","70","OTHER (COMBINED) COUNTIES","","","","00000000","","CORN","CORN, GRAIN - YIELD, MEASURED IN BU / ACRE","TOTAL","NOT SPECIFIED","180",""
"SURVEY","2007","YEAR","","COUNTY","MISSOURI","29","CENTRAL","50","BENTON","015","","","00000000","","CORN","CORN, GRAIN - YIELD, MEASURED IN BU / ACRE","TOTAL","NOT SPECIFIED","123",""
"SURVEY","2007","YEAR","","COUNTY","MISSOURI","29","CENTRAL","50","BOONE","019","","","00000000","","CORN","CORN, GRAIN - YIELD, MEASURED IN BU / ACRE","TOTAL","NOT SPECIFIED","123",""
"SURVEY","2007","YEAR","","COUNTY","MISSOURI","29","CENTRAL","50","CALLAWAY","027","","","00000000","","CORN","CORN, GRAIN - YIELD, MEASURED IN BU / ACRE","TOTAL","NOT SPECIFIED","124",""
"SURVEY","2007","YEAR","","COUNTY","MISSOURI","29","CENTRAL","50","COLE","051","","","00000000","","CORN","CORN, GRAIN - YIELD, MEASURED IN BU / ACRE","TOTAL","NOT SPECIFIED","136",""
"SURVEY","2007","YEAR","","COUNTY","MISSOURI","29","CENTRAL","50","COOPER","053","","","00000000","","CORN","CORN, GRAIN - YIELD, MEASURED IN BU / ACRE","TOTAL","NOT SPECIFIED","150",""
"SURVEY","2007","YEAR","","COUNTY","MISSOURI","29","CENTRAL","50","HOWARD","089","","","00000000","","CORN","CORN, GRAIN - YIELD, MEASURED IN BU / ACRE","TOTAL","NOT SPECIFIED","143",""
"SURVEY","2007","YEAR","","COUNTY","MISSOURI","29","CENTRAL","50","MARIES","125","","","00000000","","CORN","CORN, GRAIN - YIELD, MEASURED IN BU / ACRE","TOTAL","NOT SPECIFIED","120",""
"SURVEY","2007","YEAR","","COUNTY","MISSOURI","29","CENTRAL","50","MILLER","131","","","00000000","","CORN","CORN, GRAIN - YIELD, MEASURED IN BU / ACRE","TOTAL","NOT SPECIFIED","122",""
"SURVEY","2007","YEAR","","COUNTY","MISSOURI","29","CENTRAL","50","MONITEAU","135","","","00000000","","CORN","CORN, GRAIN - YIELD, MEASURED IN BU / ACRE","TOTAL","NOT SPECIFIED","121",""
"SURVEY","2007","YEAR","","COUNTY","MISSOURI","29","CENTRAL","50","MORGAN","141","","","00000000","","CORN","CORN, GRAIN - YIELD, MEASURED IN BU / ACRE","TOTAL","NOT SPECIFIED","117",""
"SURVEY","2007","YEAR","","COUNTY","MISSOURI","29","CENTRAL","50","OSAGE","151","","","00000000","","CORN","CORN, GRAIN - YIELD, MEASURED IN BU / ACRE","TOTAL","NOT SPECIFIED","127",""
"SURVEY","2007","YEAR","","COUNTY","MISSOURI","29","CENTRAL","50","OTHER (COMBINED) COUNTIES","","","","00000000","","CORN","CORN, GRAIN - YIELD, MEASURED IN BU / ACRE","TOTAL","NOT SPECIFIED","129",""
"SURVEY","2007","YEAR","","COUNTY","MISSOURI","29","CENTRAL","50","PETTIS","159","","","00000000","","CORN","CORN, GRAIN - YIELD, MEASURED IN BU / ACRE","TOTAL","NOT SPECIFIED","130",""
"SURVEY","2007","YEAR","","COUNTY","MISSOURI","29","CENTRAL","50","SALINE","195","","","00000000","","CORN","CORN, GRAIN - YIELD, MEASURED IN BU / ACRE","TOTAL","NOT SPECIFIED","156",""
"SURVEY","2007","YEAR","","COUNTY","MISSOURI","29","EAST","60","FRANKLIN","071","","","00000000","","CORN","CORN, GRAIN - YIELD, MEASURED IN BU / ACRE","TOTAL","NOT SPECIFIED","133",""
"SURVEY","2007","YEAR","","COUNTY","MISSOURI","29","EAST","60","GASCONADE","073","","","00000000","","CORN","CORN, GRAIN - YIELD, MEASURED IN BU / ACRE","TOTAL","NOT SPECIFIED","116",""
"SURVEY","2007","YEAR","","COUNTY","MISSOURI","29","EAST","60","JEFFERSON","099","","","00000000","","CORN","CORN, GRAIN - YIELD, MEASURED IN BU / ACRE","TOTAL","NOT SPECIFIED","116",""
"SURVEY","2007","YEAR","","COUNTY","MISSOURI","29","EAST","60","LINCOLN","113","","","00000000","","CORN","CORN, GRAIN - YIELD, MEASURED IN BU / ACRE","TOTAL","NOT SPECIFIED","118",""
"SURVEY","2007","YEAR","","COUNTY","MISSOURI","29","EAST","60","MONTGOMERY","139","","","00000000","","CORN","CORN, GRAIN - YIELD, MEASURED IN BU / ACRE","TOTAL","NOT SPECIFIED","102",""
"SURVEY","2007","YEAR","","COUNTY","MISSOURI","29","EAST","60","OTHER (COMBINED) COUNTIES","","","","00000000","","CORN","CORN, GRAIN - YIELD, MEASURED IN BU / ACRE","TOTAL","NOT SPECIFIED","40",""
"SURVEY","2007","YEAR","","COUNTY","MISSOURI","29","EAST","60","PERRY","157","","","00000000","","CORN","CORN, GRAIN - YIELD, MEASURED IN BU / ACRE","TOTAL","NOT SPECIFIED","136",""
"SURVEY","2007","YEAR","","COUNTY","MISSOURI","29","EAST","60","ST CHARLES","183","","","00000000","","CORN","CORN, GRAIN - YIELD, MEASURED IN BU / ACRE","TOTAL","NOT SPECIFIED","146",""
"SURVEY","2007","YEAR","","COUNTY","MISSOURI","29","EAST","60","ST FRANCOIS","187","","","00000000","","CORN","CORN, GRAIN - YIELD, MEASURED IN BU / ACRE","TOTAL","NOT SPECIFIED","102",""
"SURVEY","2007","YEAR","","COUNTY","MISSOURI","29","EAST","60","ST LOUIS","189","","","00000000","","CORN","CORN, GRAIN - YIELD, MEASURED IN BU / ACRE","TOTAL","NOT SPECIFIED","156",""
"SURVEY","2007","YEAR","","COUNTY","MISSOURI","29","EAST","60","STE GENEVIEVE","186","","","00000000","","CORN","CORN, GRAIN - YIELD, MEASURED IN BU / ACRE","TOTAL","NOT SPECIFIED","127",""
"SURVEY","2007","YEAR","","COUNTY","MISSOURI","29","EAST","60","WARREN","219","","","00000000","","CORN","CORN, GRAIN - YIELD, MEASURED IN BU / ACRE","TOTAL","NOT SPECIFIED","111",""
"SURVEY","2007","YEAR","","COUNTY","MISSOURI","29","NORTH CENTRAL","20","ADAIR","001","","","00000000","","CORN","CORN, GRAIN - YIELD, MEASURED IN BU / ACRE","TOTAL","NOT SPECIFIED","132",""
"SURVEY","2007","YEAR","","COUNTY","MISSOURI","29","NORTH CENTRAL","20","CARROLL","033","","","00000000","","CORN","CORN, GRAIN - YIELD, MEASURED IN BU / ACRE","TOTAL","NOT SPECIFIED","143",""
"SURVEY","2007","YEAR","","COUNTY","MISSOURI","29","NORTH CENTRAL","20","CHARITON","041","","","00000000","","CORN","CORN, GRAIN - YIELD, MEASURED IN BU / ACRE","TOTAL","NOT SPECIFIED","146",""
"SURVEY","2007","YEAR","","COUNTY","MISSOURI","29","NORTH CENTRAL","20","GRUNDY","079","","","00000000","","CORN","CORN, GRAIN - YIELD, MEASURED IN BU / ACRE","TOTAL","NOT SPECIFIED","119",""
"SURVEY","2007","YEAR","","COUNTY","MISSOURI","29","NORTH CENTRAL","20","LINN","115","","","00000000","","CORN","CORN, GRAIN - YIELD, MEASURED IN BU / ACRE","TOTAL","NOT SPECIFIED","132",""
"SURVEY","2007","YEAR","","COUNTY","MISSOURI","29","NORTH CENTRAL","20","LIVINGSTON","117","","","00000000","","CORN","CORN, GRAIN - YIELD, MEASURED IN BU / ACRE","TOTAL","NOT SPECIFIED","128",""
"SURVEY","2007","YEAR","","COUNTY","MISSOURI","29","NORTH CENTRAL","20","MACON","121","","","00000000","","CORN","CORN, GRAIN - YIELD, MEASURED IN BU / ACRE","TOTAL","NOT SPECIFIED","155",""
"SURVEY","2007","YEAR","","COUNTY","MISSOURI","29","NORTH CENTRAL","20","MERCER","129","","","00000000","","CORN","CORN, GRAIN - YIELD, MEASURED IN BU / ACRE","TOTAL","NOT SPECIFIED","131",""
"SURVEY","2007","YEAR","","COUNTY","MISSOURI","29","NORTH CENTRAL","20","PUTNAM","171","","","00000000","","CORN","CORN, GRAIN - YIELD, MEASURED IN BU / ACRE","TOTAL","NOT SPECIFIED","135",""
"SURVEY","2007","YEAR","","COUNTY","MISSOURI","29","NORTH CENTRAL","20","RANDOLPH","175","","","00000000","","CORN","CORN, GRAIN - YIELD, MEASURED IN BU / ACRE","TOTAL","NOT SPECIFIED","125",""
"SURVEY","2007","YEAR","","COUNTY","MISSOURI","29","NORTH CENTRAL","20","SCHUYLER","197","","","00000000","","CORN","CORN, GRAIN - YIELD, MEASURED IN BU / ACRE","TOTAL","NOT SPECIFIED","124",""
"SURVEY","2007","YEAR","","COUNTY","MISSOURI","29","NORTH CENTRAL","20","SULLIVAN","211","","","00000000","","CORN","CORN, GRAIN - YIELD, MEASURED IN BU / ACRE","TOTAL","NOT SPECIFIED","114",""
"SURVEY","2007","YEAR","","COUNTY","MISSOURI","29","NORTHEAST","30","AUDRAIN","007","","","00000000","","CORN","CORN, GRAIN - YIELD, MEASURED IN BU / ACRE","TOTAL","NOT SPECIFIED","123",""
"SURVEY","2007","YEAR","","COUNTY","MISSOURI","29","NORTHEAST","30","CLARK","045","","","00000000","","CORN","CORN, GRAIN - YIELD, MEASURED IN BU / ACRE","TOTAL","NOT SPECIFIED","136",""
"SURVEY","2007","YEAR","","COUNTY","MISSOURI","29","NORTHEAST","30","KNOX","103","","","00000000","","CORN","CORN, GRAIN - YIELD, MEASURED IN BU / ACRE","TOTAL","NOT SPECIFIED","149",""
"SURVEY","2007","YEAR","","COUNTY","MISSOURI","29","NORTHEAST","30","LEWIS","111","","","00000000","","CORN","CORN, GRAIN - YIELD, MEASURED IN BU / ACRE","TOTAL","NOT SPECIFIED","130",""
"SURVEY","2007","YEAR","","COUNTY","MISSOURI","29","NORTHEAST","30","MARION","127","","","00000000","","CORN","CORN, GRAIN - YIELD, MEASURED IN BU / ACRE","TOTAL","NOT SPECIFIED","151",""
"SURVEY","2007","YEAR","","COUNTY","MISSOURI","29","NORTHEAST","30","MONROE","137","","","00000000","","CORN","CORN, GRAIN - YIELD, MEASURED IN BU / ACRE","TOTAL","NOT SPECIFIED","131",""
"SURVEY","2007","YEAR","","COUNTY","MISSOURI","29","NORTHEAST","30","PIKE","163","","","00000000","","CORN","CORN, GRAIN - YIELD, MEASURED IN BU / ACRE","TOTAL","NOT SPECIFIED","112",""
"SURVEY","2007","YEAR","","COUNTY","MISSOURI","29","NORTHEAST","30","RALLS","173","","","00000000","","CORN","CORN, GRAIN - YIELD, MEASURED IN BU / ACRE","TOTAL","NOT SPECIFIED","136",""
"SURVEY","2007","YEAR","","COUNTY","MISSOURI","29","NORTHEAST","30","SCOTLAND","199","","","00000000","","CORN","CORN, GRAIN - YIELD, MEASURED IN BU / ACRE","TOTAL","NOT SPECIFIED","136",""
"SURVEY","2007","YEAR","","COUNTY","MISSOURI","29","NORTHEAST","30","SHELBY","205","","","00000000","","CORN","CORN, GRAIN - YIELD, MEASURED IN BU / ACRE","TOTAL","NOT SPECIFIED","142",""
"SURVEY","2007","YEAR","","COUNTY","MISSOURI","29","NORTHWEST","10","ANDREW","003","","","00000000","","CORN","CORN, GRAIN - YIELD, MEASURED IN BU / ACRE","TOTAL","NOT SPECIFIED","126",""
"SURVEY","2007","YEAR","","COUNTY","MISSOURI","29","NORTHWEST","10","ATCHISON","005","","","00000000","","CORN","CORN, GRAIN - YIELD, MEASURED IN BU / ACRE","TOTAL","NOT SPECIFIED","146",""
"SURVEY","2007","YEAR","","COUNTY","MISSOURI","29","NORTHWEST","10","BUCHANAN","021","","","00000000","","CORN","CORN, GRAIN - YIELD, MEASURED IN BU / ACRE","TOTAL","NOT SPECIFIED","146",""
"SURVEY","2007","YEAR","","COUNTY","MISSOURI","29","NORTHWEST","10","CALDWELL","025","","","00000000","","CORN","CORN, GRAIN - YIELD, MEASURED IN BU / ACRE","TOTAL","NOT SPECIFIED","109",""
"SURVEY","2007","YEAR","","COUNTY","MISSOURI","29","NORTHWEST","10","CLAY","047","","","00000000","","CORN","CORN, GRAIN - YIELD, MEASURED IN BU / ACRE","TOTAL","NOT SPECIFIED","139",""
"SURVEY","2007","YEAR","","COUNTY","MISSOURI","29","NORTHWEST","10","CLINTON","049","","","00000000","","CORN","CORN, GRAIN - YIELD, MEASURED IN BU / ACRE","TOTAL","NOT SPECIFIED","130",""
"SURVEY","2007","YEAR","","COUNTY","MISSOURI","29","NORTHWEST","10","DAVIESS","061","","","00000000","","CORN","CORN, GRAIN - YIELD, MEASURED IN BU / ACRE","TOTAL","NOT SPECIFIED","116",""
"SURVEY","2007","YEAR","","COUNTY","MISSOURI","29","NORTHWEST","10","DE KALB","063","","","00000000","","CORN","CORN, GRAIN - YIELD, MEASURED IN BU / ACRE","TOTAL","NOT SPECIFIED","117",""
"SURVEY","2007","YEAR","","COUNTY","MISSOURI","29","NORTHWEST","10","GENTRY","075","","","00000000","","CORN","CORN, GRAIN - YIELD, MEASURED IN BU / ACRE","TOTAL","NOT SPECIFIED","130",""
"SURVEY","2007","YEAR","","COUNTY","MISSOURI","29","NORTHWEST","10","HARRISON","081","","","00000000","","CORN","CORN, GRAIN - YIELD, MEASURED IN BU / ACRE","TOTAL","NOT SPECIFIED","134",""
"SURVEY","2007","YEAR","","COUNTY","MISSOURI","29","NORTHWEST","10","HOLT","087","","","00000000","","CORN","CORN, GRAIN - YIELD, MEASURED IN BU / ACRE","TOTAL","NOT SPECIFIED","149",""
"SURVEY","2007","YEAR","","COUNTY","MISSOURI","29","NORTHWEST","10","NODAWAY","147","","","00000000","","CORN","CORN, GRAIN - YIELD, MEASURED IN BU / ACRE","TOTAL","NOT SPECIFIED","124",""
"SURVEY","2007","YEAR","","COUNTY","MISSOURI","29","NORTHWEST","10","PLATTE","165","","","00000000","","CORN","CORN, GRAIN - YIELD, MEASURED IN BU / ACRE","TOTAL","NOT SPECIFIED","150",""
"SURVEY","2007","YEAR","","COUNTY","MISSOURI","29","NORTHWEST","10","RAY","177","","","00000000","","CORN","CORN, GRAIN - YIELD, MEASURED IN BU / ACRE","TOTAL","NOT SPECIFIED","141",""
"SURVEY","2007","YEAR","","COUNTY","MISSOURI","29","NORTHWEST","10","WORTH","227","","","00000000","","CORN","CORN, GRAIN - YIELD, MEASURED IN BU / ACRE","TOTAL","NOT SPECIFIED","128",""
"SURVEY","2007","YEAR","","COUNTY","MISSOURI","29","SOUTH CENTRAL","80","BOLLINGER","017","","","00000000","","CORN","CORN, GRAIN - YIELD, MEASURED IN BU / ACRE","TOTAL","NOT SPECIFIED","132",""
"SURVEY","2007","YEAR","","COUNTY","MISSOURI","29","SOUTH CENTRAL","80","OTHER (COMBINED) COUNTIES","","","","00000000","","CORN","CORN, GRAIN - YIELD, MEASURED IN BU / ACRE","TOTAL","NOT SPECIFIED","122",""
"SURVEY","2007","YEAR","","COUNTY","MISSOURI","29","SOUTHEAST","90","BUTLER","023","","","00000000","","CORN","CORN, GRAIN - YIELD, MEASURED IN BU / ACRE","TOTAL","NOT SPECIFIED","155",""
"SURVEY","2007","YEAR","","COUNTY","MISSOURI","29","SOUTHEAST","90","CAPE GIRARDEAU","031","","","00000000","","CORN","CORN, GRAIN - YIELD, MEASURED IN BU / ACRE","TOTAL","NOT SPECIFIED","141",""
"SURVEY","2007","YEAR","","COUNTY","MISSOURI","29","SOUTHEAST","90","DUNKLIN","069","","","00000000","","CORN","CORN, GRAIN - YIELD, MEASURED IN BU / ACRE","TOTAL","NOT SPECIFIED","161",""
"SURVEY","2007","YEAR","","COUNTY","MISSOURI","29","SOUTHEAST","90","MISSISSIPPI","133","","","00000000","","CORN","CORN, GRAIN - YIELD, MEASURED IN BU / ACRE","TOTAL","NOT SPECIFIED","184",""
"SURVEY","2007","YEAR","","COUNTY","MISSOURI","29","SOUTHEAST","90","NEW MADRID","143","","","00000000","","CORN","CORN, GRAIN - YIELD, MEASURED IN BU / ACRE","TOTAL","NOT SPECIFIED","169",""
"SURVEY","2007","YEAR","","COUNTY","MISSOURI","29","SOUTHEAST","90","PEMISCOT","155","","","00000000","","CORN","CORN, GRAIN - YIELD, MEASURED IN BU / ACRE","TOTAL","NOT SPECIFIED","164",""
"SURVEY","2007","YEAR","","COUNTY","MISSOURI","29","SOUTHEAST","90","SCOTT","201","","","00000000","","CORN","CORN, GRAIN - YIELD, MEASURED IN BU / ACRE","TOTAL","NOT SPECIFIED","177",""
"SURVEY","2007","YEAR","","COUNTY","MISSOURI","29","SOUTHEAST","90","STODDARD","207","","","00000000","","CORN","CORN, GRAIN - YIELD, MEASURED IN BU / ACRE","TOTAL","NOT SPECIFIED","164",""
"SURVEY","2007","YEAR","","COUNTY","MISSOURI","29","SOUTHWEST","70","BARRY","009","","","00000000","","CORN","CORN, GRAIN - YIELD, MEASURED IN BU / ACRE","TOTAL","NOT SPECIFIED","128",""
"SURVEY","2007","YEAR","","COUNTY","MISSOURI","29","SOUTHWEST","70","BARTON","011","","","00000000","","CORN","CORN, GRAIN - YIELD, MEASURED IN BU / ACRE","TOTAL","NOT SPECIFIED","120",""
"SURVEY","2007","YEAR","","COUNTY","MISSOURI","29","SOUTHWEST","70","DADE","057","","","00000000","","CORN","CORN, GRAIN - YIELD, MEASURED IN BU / ACRE","TOTAL","NOT SPECIFIED","120",""
"SURVEY","2007","YEAR","","COUNTY","MISSOURI","29","SOUTHWEST","70","JASPER","097","","","00000000","","CORN","CORN, GRAIN - YIELD, MEASURED IN BU / ACRE","TOTAL","NOT SPECIFIED","123",""
"SURVEY","2007","YEAR","","COUNTY","MISSOURI","29","SOUTHWEST","70","LAWRENCE","109","","","00000000","","CORN","CORN, GRAIN - YIELD, MEASURED IN BU / ACRE","TOTAL","NOT SPECIFIED","123",""
"SURVEY","2007","YEAR","","COUNTY","MISSOURI","29","SOUTHWEST","70","NEWTON","145","","","00000000","","CORN","CORN, GRAIN - YIELD, MEASURED IN BU / ACRE","TOTAL","NOT SPECIFIED","142",""
"SURVEY","2007","YEAR","","COUNTY","MISSOURI","29","SOUTHWEST","70","OTHER (COMBINED) COUNTIES","","","","00000000","","CORN","CORN, GRAIN - YIELD, MEASURED IN BU / ACRE","TOTAL","NOT SPECIFIED","82",""
"SURVEY","2007","YEAR","","COUNTY","MISSOURI","29","WEST","40","BATES","013","","","00000000","","CORN","CORN, GRAIN - YIELD, MEASURED IN BU / ACRE","TOTAL","NOT SPECIFIED","134",""
"SURVEY","2007","YEAR","","COUNTY","MISSOURI","29","WEST","40","CASS","037","","","00000000","","CORN","CORN, GRAIN - YIELD, MEASURED IN BU / ACRE","TOTAL","NOT SPECIFIED","127",""
"SURVEY","2007","YEAR","","COUNTY","MISSOURI","29","WEST","40","CEDAR","039","","","00000000","","CORN","CORN, GRAIN - YIELD, MEASURED IN BU / ACRE","TOTAL","NOT SPECIFIED","124",""
"SURVEY","2007","YEAR","","COUNTY","MISSOURI","29","WEST","40","HENRY","083","","","00000000","","CORN","CORN, GRAIN - YIELD, MEASURED IN BU / ACRE","TOTAL","NOT SPECIFIED","106",""
"SURVEY","2007","YEAR","","COUNTY","MISSOURI","29","WEST","40","JACKSON","095","","","00000000","","CORN","CORN, GRAIN - YIELD, MEASURED IN BU / ACRE","TOTAL","NOT SPECIFIED","137",""
"SURVEY","2007","YEAR","","COUNTY","MISSOURI","29","WEST","40","JOHNSON","101","","","00000000","","CORN","CORN, GRAIN - YIELD, MEASURED IN BU / ACRE","TOTAL","NOT SPECIFIED","130",""
"SURVEY","2007","YEAR","","COUNTY","MISSOURI","29","WEST","40","LAFAYETTE","107","","","00000000","","CORN","CORN, GRAIN - YIELD, MEASURED IN BU / ACRE","TOTAL","NOT SPECIFIED","152",""
"SURVEY","2007","YEAR","","COUNTY","MISSOURI","29","WEST","40","ST CLAIR","185","","","00000000","","CORN","CORN, GRAIN - YIELD, MEASURED IN BU / ACRE","TOTAL","NOT SPECIFIED","115",""
"SURVEY","2007","YEAR","","COUNTY","MISSOURI","29","WEST","40","VERNON","217","","","00000000","","CORN","CORN, GRAIN - YIELD, MEASURED IN BU / ACRE","TOTAL","NOT SPECIFIED","130",""
"SURVEY","2007","YEAR","","COUNTY","WISCONSIN","55","CENTRAL","50","ADAMS","001","","","00000000","","CORN","CORN, GRAIN - YIELD, MEASURED IN BU / ACRE","TOTAL","NOT SPECIFIED","119",""
"SURVEY","2007","YEAR","","COUNTY","WISCONSIN","55","CENTRAL","50","GREEN LAKE","047","","","00000000","","CORN","CORN, GRAIN - YIELD, MEASURED IN BU / ACRE","TOTAL","NOT SPECIFIED","144",""
"SURVEY","2007","YEAR","","COUNTY","WISCONSIN","55","CENTRAL","50","JUNEAU","057","","","00000000","","CORN","CORN, GRAIN - YIELD, MEASURED IN BU / ACRE","TOTAL","NOT SPECIFIED","118",""
"SURVEY","2007","YEAR","","COUNTY","WISCONSIN","55","CENTRAL","50","MARQUETTE","077","","","00000000","","CORN","CORN, GRAIN - YIELD, MEASURED IN BU / ACRE","TOTAL","NOT SPECIFIED","109",""
"SURVEY","2007","YEAR","","COUNTY","WISCONSIN","55","CENTRAL","50","PORTAGE","097","","","00000000","","CORN","CORN, GRAIN - YIELD, MEASURED IN BU / ACRE","TOTAL","NOT SPECIFIED","141",""
"SURVEY","2007","YEAR","","COUNTY","WISCONSIN","55","CENTRAL","50","WAUPACA","135","","","00000000","","CORN","CORN, GRAIN - YIELD, MEASURED IN BU / ACRE","TOTAL","NOT SPECIFIED","122",""
"SURVEY","2007","YEAR","","COUNTY","WISCONSIN","55","CENTRAL","50","WAUSHARA","137","","","00000000","","CORN","CORN, GRAIN - YIELD, MEASURED IN BU / ACRE","TOTAL","NOT SPECIFIED","136",""
"SURVEY","2007","YEAR","","COUNTY","WISCONSIN","55","CENTRAL","50","WOOD","141","","","00000000","","CORN","CORN, GRAIN - YIELD, MEASURED IN BU / ACRE","TOTAL","NOT SPECIFIED","125",""
"SURVEY","2007","YEAR","","COUNTY","WISCONSIN","55","EAST CENTRAL","60","BROWN","009","","","00000000","","CORN","CORN, GRAIN - YIELD, MEASURED IN BU / ACRE","TOTAL","NOT SPECIFIED","116",""
"SURVEY","2007","YEAR","","COUNTY","WISCONSIN","55","EAST CENTRAL","60","CALUMET","015","","","00000000","","CORN","CORN, GRAIN - YIELD, MEASURED IN BU / ACRE","TOTAL","NOT SPECIFIED","138",""
"SURVEY","2007","YEAR","","COUNTY","WISCONSIN","55","EAST CENTRAL","60","DOOR","029","","","00000000","","CORN","CORN, GRAIN - YIELD, MEASURED IN BU / ACRE","TOTAL","NOT SPECIFIED","78",""
"SURVEY","2007","YEAR","","COUNTY","WISCONSIN","55","EAST CENTRAL","60","FOND DU LAC","039","","","00000000","","CORN","CORN, GRAIN - YIELD, MEASURED IN BU / ACRE","TOTAL","NOT SPECIFIED","156",""
"SURVEY","2007","YEAR","","COUNTY","WISCONSIN","55","EAST CENTRAL","60","KEWAUNEE","061","","","00000000","","CORN","CORN, GRAIN - YIELD, MEASURED IN BU / ACRE","TOTAL","NOT SPECIFIED","127",""
"SURVEY","2007","YEAR","","COUNTY","WISCONSIN","55","EAST CENTRAL","60","MANITOWOC","071","","","00000000","","CORN","CORN, GRAIN - YIELD, MEASURED IN BU / ACRE","TOTAL","NOT SPECIFIED","140",""
"SURVEY","2007","YEAR","","COUNTY","WISCONSIN","55","EAST CENTRAL","60","OUTAGAMIE","087","","","00000000","","CORN","CORN, GRAIN - YIELD, MEASURED IN BU / ACRE","TOTAL","NOT SPECIFIED","136",""
"SURVEY","2007","YEAR","","COUNTY","WISCONSIN","55","EAST CENTRAL","60","SHEBOYGAN","117","","","00000000","","CORN","CORN, GRAIN - YIELD, MEASURED IN BU / ACRE","TOTAL","NOT SPECIFIED","142",""
"SURVEY","2007","YEAR","","COUNTY","WISCONSIN","55","EAST CENTRAL","60","WINNEBAGO","139","","","00000000","","CORN","CORN, GRAIN - YIELD, MEASURED IN BU / ACRE","TOTAL","NOT SPECIFIED","124",""
"SURVEY","2007","YEAR","","COUNTY","WISCONSIN","55","NORTH CENTRAL","20","CLARK","019","","","00000000","","CORN","CORN, GRAIN - YIELD, MEASURED IN BU / ACRE","TOTAL","NOT SPECIFIED","104",""
"SURVEY","2007","YEAR","","COUNTY","WISCONSIN","55","NORTH CENTRAL","20","LINCOLN","069","","","00000000","","CORN","CORN, GRAIN - YIELD, MEASURED IN BU / ACRE","TOTAL","NOT SPECIFIED","111",""
"SURVEY","2007","YEAR","","COUNTY","WISCONSIN","55","NORTH CENTRAL","20","MARATHON","073","","","00000000","","CORN","CORN, GRAIN - YIELD, MEASURED IN BU / ACRE","TOTAL","NOT SPECIFIED","92",""
"SURVEY","2007","YEAR","","COUNTY","WISCONSIN","55","NORTH CENTRAL","20","OTHER (COMBINED) COUNTIES","","","","00000000","","CORN","CORN, GRAIN - YIELD, MEASURED IN BU / ACRE","TOTAL","NOT SPECIFIED","90",""
"SURVEY","2007","YEAR","","COUNTY","WISCONSIN","55","NORTH CENTRAL","20","PRICE","099","","","00000000","","CORN","CORN, GRAIN - YIELD, MEASURED IN BU / ACRE","TOTAL","NOT SPECIFIED","92",""
"SURVEY","2007","YEAR","","COUNTY","WISCONSIN","55","NORTH CENTRAL","20","TAYLOR","119","","","00000000","","CORN","CORN, GRAIN - YIELD, MEASURED IN BU / ACRE","TOTAL","NOT SPECIFIED","82",""
"SURVEY","2007","YEAR","","COUNTY","WISCONSIN","55","NORTHEAST","30","LANGLADE","067","","","00000000","","CORN","CORN, GRAIN - YIELD, MEASURED IN BU / ACRE","TOTAL","NOT SPECIFIED","89",""
"SURVEY","2007","YEAR","","COUNTY","WISCONSIN","55","NORTHEAST","30","MARINETTE","075","","","00000000","","CORN","CORN, GRAIN - YIELD, MEASURED IN BU / ACRE","TOTAL","NOT SPECIFIED","64",""
"SURVEY","2007","YEAR","","COUNTY","WISCONSIN","55","NORTHEAST","30","OCONTO","083","","","00000000","","CORN","CORN, GRAIN - YIELD, MEASURED IN BU / ACRE","TOTAL","NOT SPECIFIED","97",""
"SURVEY","2007","YEAR","","COUNTY","WISCONSIN","55","NORTHEAST","30","OTHER (COMBINED) COUNTIES","","","","00000000","","CORN","CORN, GRAIN - YIELD, MEASURED IN BU / ACRE","TOTAL","NOT SPECIFIED","80",""
"SURVEY","2007","YEAR","","COUNTY","WISCONSIN","55","NORTHEAST","30","SHAWANO","115","","","00000000","","CORN","CORN, GRAIN - YIELD, MEASURED IN BU / ACRE","TOTAL","NOT SPECIFIED","102",""
"SURVEY","2007","YEAR","","COUNTY","WISCONSIN","55","NORTHWEST","10","BARRON","005","","","00000000","","CORN","CORN, GRAIN - YIELD, MEASURED IN BU / ACRE","TOTAL","NOT SPECIFIED","114",""
"SURVEY","2007","YEAR","","COUNTY","WISCONSIN","55","NORTHWEST","10","BURNETT","013","","","00000000","","CORN","CORN, GRAIN - YIELD, MEASURED IN BU / ACRE","TOTAL","NOT SPECIFIED","84",""
"SURVEY","2007","YEAR","","COUNTY","WISCONSIN","55","NORTHWEST","10","CHIPPEWA","017","","","00000000","","CORN","CORN, GRAIN - YIELD, MEASURED IN BU / ACRE","TOTAL","NOT SPECIFIED","80",""
"SURVEY","2007","YEAR","","COUNTY","WISCONSIN","55","NORTHWEST","10","OTHER (COMBINED) COUNTIES","","","","00000000","","CORN","CORN, GRAIN - YIELD, MEASURED IN BU / ACRE","TOTAL","NOT SPECIFIED","73",""
"SURVEY","2007","YEAR","","COUNTY","WISCONSIN","55","NORTHWEST","10","POLK","095","","","00000000","","CORN","CORN, GRAIN - YIELD, MEASURED IN BU / ACRE","TOTAL","NOT SPECIFIED","90",""
"SURVEY","2007","YEAR","","COUNTY","WISCONSIN","55","NORTHWEST","10","RUSK","107","","","00000000","","CORN","CORN, GRAIN - YIELD, MEASURED IN BU / ACRE","TOTAL","NOT SPECIFIED","108",""
"SURVEY","2007","YEAR","","COUNTY","WISCONSIN","55","NORTHWEST","10","SAWYER","113","","","00000000","","CORN","CORN, GRAIN - YIELD, MEASURED IN BU / ACRE","TOTAL","NOT SPECIFIED","49",""
"SURVEY","2007","YEAR","","COUNTY","WISCONSIN","55","NORTHWEST","10","WASHBURN","129","","","00000000","","CORN","CORN, GRAIN - YIELD, MEASURED IN BU / ACRE","TOTAL","NOT SPECIFIED","75",""
"SURVEY","2007","YEAR","","COUNTY","WISCONSIN","55","SOUTH CENTRAL","80","COLUMBIA","021","","","00000000","","CORN","CORN, GRAIN - YIELD, MEASURED IN BU / ACRE","TOTAL","NOT SPECIFIED","147",""
"SURVEY","2007","YEAR","","COUNTY","WISCONSIN","55","SOUTH CENTRAL","80","DANE","025","","","00000000","","CORN","CORN, GRAIN - YIELD, MEASURED IN BU / ACRE","TOTAL","NOT SPECIFIED","153",""
"SURVEY","2007","YEAR","","COUNTY","WISCONSIN","55","SOUTH CENTRAL","80","DODGE","027","","","00000000","","CORN","CORN, GRAIN - YIELD, MEASURED IN BU / ACRE","TOTAL","NOT SPECIFIED","151",""
"SURVEY","2007","YEAR","","COUNTY","WISCONSIN","55","SOUTH CENTRAL","80","GREEN","045","","","00000000","","CORN","CORN, GRAIN - YIELD, MEASURED IN BU / ACRE","TOTAL","NOT SPECIFIED","150",""
"SURVEY","2007","YEAR","","COUNTY","WISCONSIN","55","SOUTH CENTRAL","80","JEFFERSON","055","","","00000000","","CORN","CORN, GRAIN - YIELD, MEASURED IN BU / ACRE","TOTAL","NOT SPECIFIED","158",""
"SURVEY","2007","YEAR","","COUNTY","WISCONSIN","55","SOUTH CENTRAL","80","ROCK","105","","","00000000","","CORN","CORN, GRAIN - YIELD, MEASURED IN BU / ACRE","TOTAL","NOT SPECIFIED","156",""
"SURVEY","2007","YEAR","","COUNTY","WISCONSIN","55","SOUTHEAST","90","KENOSHA","059","","","00000000","","CORN","CORN, GRAIN - YIELD, MEASURED IN BU / ACRE","TOTAL","NOT SPECIFIED","168",""
"SURVEY","2007","YEAR","","COUNTY","WISCONSIN","55","SOUTHEAST","90","MILWAUKEE","079","","","00000000","","CORN","CORN, GRAIN - YIELD, MEASURED IN BU / ACRE","TOTAL","NOT SPECIFIED","122",""
"SURVEY","2007","YEAR","","COUNTY","WISCONSIN","55","SOUTHEAST","90","OZAUKEE","089","","","00000000","","CORN","CORN, GRAIN - YIELD, MEASURED IN BU / ACRE","TOTAL","NOT SPECIFIED","152",""
"SURVEY","2007","YEAR","","COUNTY","WISCONSIN","55","SOUTHEAST","90","RACINE","101","","","00000000","","CORN","CORN, GRAIN - YIELD, MEASURED IN BU / ACRE","TOTAL","NOT SPECIFIED","163",""
"SURVEY","2007","YEAR","","COUNTY","WISCONSIN","55","SOUTHEAST","90","WALWORTH","127","","","00000000","","CORN","CORN, GRAIN - YIELD, MEASURED IN BU / ACRE","TOTAL","NOT SPECIFIED","164",""
"SURVEY","2007","YEAR","","COUNTY","WISCONSIN","55","SOUTHEAST","90","WASHINGTON","131","","","00000000","","CORN","CORN, GRAIN - YIELD, MEASURED IN BU / ACRE","TOTAL","NOT SPECIFIED","139",""
"SURVEY","2007","YEAR","","COUNTY","WISCONSIN","55","SOUTHEAST","90","WAUKESHA","133","","","00000000","","CORN","CORN, GRAIN - YIELD, MEASURED IN BU / ACRE","TOTAL","NOT SPECIFIED","143",""
"SURVEY","2007","YEAR","","COUNTY","WISCONSIN","55","SOUTHWEST","70","CRAWFORD","023","","","00000000","","CORN","CORN, GRAIN - YIELD, MEASURED IN BU / ACRE","TOTAL","NOT SPECIFIED","151",""
"SURVEY","2007","YEAR","","COUNTY","WISCONSIN","55","SOUTHWEST","70","GRANT","043","","","00000000","","CORN","CORN, GRAIN - YIELD, MEASURED IN BU / ACRE","TOTAL","NOT SPECIFIED","175",""
"SURVEY","2007","YEAR","","COUNTY","WISCONSIN","55","SOUTHWEST","70","IOWA","049","","","00000000","","CORN","CORN, GRAIN - YIELD, MEASURED IN BU / ACRE","TOTAL","NOT SPECIFIED","157",""
"SURVEY","2007","YEAR","","COUNTY","WISCONSIN","55","SOUTHWEST","70","LAFAYETTE","065","","","00000000","","CORN","CORN, GRAIN - YIELD, MEASURED IN BU / ACRE","TOTAL","NOT SPECIFIED","173",""
"SURVEY","2007","YEAR","","COUNTY","WISCONSIN","55","SOUTHWEST","70","RICHLAND","103","","","00000000","","CORN","CORN, GRAIN - YIELD, MEASURED IN BU / ACRE","TOTAL","NOT SPECIFIED","138",""
"SURVEY","2007","YEAR","","COUNTY","WISCONSIN","55","SOUTHWEST","70","SAUK","111","","","00000000","","CORN","CORN, GRAIN - YIELD, MEASURED IN BU / ACRE","TOTAL","NOT SPECIFIED","138",""
"SURVEY","2007","YEAR","","COUNTY","WISCONSIN","55","SOUTHWEST","70","VERNON","123","","","00000000","","CORN","CORN, GRAIN - YIELD, MEASURED IN BU / ACRE","TOTAL","NOT SPECIFIED","127",""
"SURVEY","2007","YEAR","","COUNTY","WISCONSIN","55","WEST CENTRAL","40","BUFFALO","011","","","00000000","","CORN","CORN, GRAIN - YIELD, MEASURED IN BU / ACRE","TOTAL","NOT SPECIFIED","128",""
"SURVEY","2007","YEAR","","COUNTY","WISCONSIN","55","WEST CENTRAL","40","DUNN","033","","","00000000","","CORN","CORN, GRAIN - YIELD, MEASURED IN BU / ACRE","TOTAL","NOT SPECIFIED","114",""
"SURVEY","2007","YEAR","","COUNTY","WISCONSIN","55","WEST CENTRAL","40","EAU CLAIRE","035","","","00000000","","CORN","CORN, GRAIN - YIELD, MEASURED IN BU / ACRE","TOTAL","NOT SPECIFIED","118",""
"SURVEY","2007","YEAR","","COUNTY","WISCONSIN","55","WEST CENTRAL","40","JACKSON","053","","","00000000","","CORN","CORN, GRAIN - YIELD, MEASURED IN BU / ACRE","TOTAL","NOT SPECIFIED","144",""
"SURVEY","2007","YEAR","","COUNTY","WISCONSIN","55","WEST CENTRAL","40","LA CROSSE","063","","","00000000","","CORN","CORN, GRAIN - YIELD, MEASURED IN BU / ACRE","TOTAL","NOT SPECIFIED","146",""
"SURVEY","2007","YEAR","","COUNTY","WISCONSIN","55","WEST CENTRAL","40","MONROE","081","","","00000000","","CORN","CORN, GRAIN - YIELD, MEASURED IN BU / ACRE","TOTAL","NOT SPECIFIED","122",""
"SURVEY","2007","YEAR","","COUNTY","WISCONSIN","55","WEST CENTRAL","40","PEPIN","091","","","00000000","","CORN","CORN, GRAIN - YIELD, MEASURED IN BU / ACRE","TOTAL","NOT SPECIFIED","135",""
"SURVEY","2007","YEAR","","COUNTY","WISCONSIN","55","WEST CENTRAL","40","PIERCE","093","","","00000000","","CORN","CORN, GRAIN - YIELD, MEASURED IN BU / ACRE","TOTAL","NOT SPECIFIED","130",""
"SURVEY","2007","YEAR","","COUNTY","WISCONSIN","55","WEST CENTRAL","40","ST CROIX","109","","","00000000","","CORN","CORN, GRAIN - YIELD, MEASURED IN BU / ACRE","TOTAL","NOT SPECIFIED","80",""
"SURVEY","2007","YEAR","","COUNTY","WISCONSIN","55","WEST CENTRAL","40","TREMPEALEAU","121","","","00000000","","CORN","CORN, GRAIN - YIELD, MEASURED IN BU / ACRE","TOTAL","NOT SPECIFIED","136",""
"SURVEY","2006","YEAR","","COUNTY","COLORADO","08","EAST CENTRAL","60","ADAMS","001","","","00000000","","CORN","CORN, GRAIN - YIELD, MEASURED IN BU / ACRE","TOTAL","NOT SPECIFIED","167.5",""
"SURVEY","2006","YEAR","","COUNTY","COLORADO","08","EAST CENTRAL","60","CHEYENNE","017","","","00000000","","CORN","CORN, GRAIN - YIELD, MEASURED IN BU / ACRE","TOTAL","NOT SPECIFIED","77",""
"SURVEY","2006","YEAR","","COUNTY","COLORADO","08","EAST CENTRAL","60","ELBERT","039","","","00000000","","CORN","CORN, GRAIN - YIELD, MEASURED IN BU / ACRE","TOTAL","NOT SPECIFIED","42.5",""
"SURVEY","2006","YEAR","","COUNTY","COLORADO","08","EAST CENTRAL","60","KIOWA","061","","","00000000","","CORN","CORN, GRAIN - YIELD, MEASURED IN BU / ACRE","TOTAL","NOT SPECIFIED","43.5",""
"SURVEY","2006","YEAR","","COUNTY","COLORADO","08","EAST CENTRAL","60","KIT CARSON","063","","","00000000","","CORN","CORN, GRAIN - YIELD, MEASURED IN BU / ACRE","TOTAL","NOT SPECIFIED","121",""
"SURVEY","2006","YEAR","","COUNTY","COLORADO","08","EAST CENTRAL","60","LINCOLN","073","","","00000000","","CORN","CORN, GRAIN - YIELD, MEASURED IN BU / ACRE","TOTAL","NOT SPECIFIED","64",""
"SURVEY","2006","YEAR","","COUNTY","COLORADO","08","EAST CENTRAL","60","OTHER (COMBINED) COUNTIES","","","","00000000","","CORN","CORN, GRAIN - YIELD, MEASURED IN BU / ACRE","TOTAL","NOT SPECIFIED","77.5",""
"SURVEY","2006","YEAR","","COUNTY","COLORADO","08","EAST CENTRAL","60","PHILLIPS","095","","","00000000","","CORN","CORN, GRAIN - YIELD, MEASURED IN BU / ACRE","TOTAL","NOT SPECIFIED","141",""
"SURVEY","2006","YEAR","","COUNTY","COLORADO","08","EAST CENTRAL","60","WASHINGTON","121","","","00000000","","CORN","CORN, GRAIN - YIELD, MEASURED IN BU / ACRE","TOTAL","NOT SPECIFIED","111",""
"SURVEY","2006","YEAR","","COUNTY","COLORADO","08","EAST CENTRAL","60","YUMA","125","","","00000000","","CORN","CORN, GRAIN - YIELD, MEASURED IN BU / ACRE","TOTAL","NOT SPECIFIED","218.5",""
"SURVEY","2006","YEAR","","COUNTY","COLORADO","08","NORTHEAST","20","BOULDER","013","","","00000000","","CORN","CORN, GRAIN - YIELD, MEASURED IN BU / ACRE","TOTAL","NOT SPECIFIED","147.5",""
"SURVEY","2006","YEAR","","COUNTY","COLORADO","08","NORTHEAST","20","LARIMER","069","","","00000000","","CORN","CORN, GRAIN - YIELD, MEASURED IN BU / ACRE","TOTAL","NOT SPECIFIED","137.5",""
"SURVEY","2006","YEAR","","COUNTY","COLORADO","08","NORTHEAST","20","LOGAN","075","","","00000000","","CORN","CORN, GRAIN - YIELD, MEASURED IN BU / ACRE","TOTAL","NOT SPECIFIED","130",""
"SURVEY","2006","YEAR","","COUNTY","COLORADO","08","NORTHEAST","20","MORGAN","087","","","00000000","","CORN","CORN, GRAIN - YIELD, MEASURED IN BU / ACRE","TOTAL","NOT SPECIFIED","198",""
"SURVEY","2006","YEAR","","COUNTY","COLORADO","08","NORTHEAST","20","SEDGWICK","115","","","00000000","","CORN","CORN, GRAIN - YIELD, MEASURED IN BU / ACRE","TOTAL","NOT SPECIFIED","155",""
"SURVEY","2006","YEAR","","COUNTY","COLORADO","08","NORTHEAST","20","WELD","123","","","00000000","","CORN","CORN, GRAIN - YIELD, MEASURED IN BU / ACRE","TOTAL","NOT SPECIFIED","172.5",""
"SURVEY","2006","YEAR","","COUNTY","COLORADO","08","SOUTHEAST","90","BACA","009","","","00000000","","CORN","CORN, GRAIN - YIELD, MEASURED IN BU / ACRE","TOTAL","NOT SPECIFIED","136.5",""
"SURVEY","2006","YEAR","","COUNTY","COLORADO","08","SOUTHEAST","90","BENT","011","","","00000000","","CORN","CORN, GRAIN - YIELD, MEASURED IN BU / ACRE","TOTAL","NOT SPECIFIED","190",""
"SURVEY","2006","YEAR","","COUNTY","COLORADO","08","SOUTHEAST","90","HUERFANO","055","","","00000000","","CORN","CORN, GRAIN - YIELD, MEASURED IN BU / ACRE","TOTAL","NOT SPECIFIED","0",""
"SURVEY","2006","YEAR","","COUNTY","COLORADO","08","SOUTHEAST","90","OTERO","089","","","00000000","","CORN","CORN, GRAIN - YIELD, MEASURED IN BU / ACRE","TOTAL","NOT SPECIFIED","228.5",""
"SURVEY","2006","YEAR","","COUNTY","COLORADO","08","SOUTHEAST","90","OTHER (COMBINED) COUNTIES","","","","00000000","","CORN","CORN, GRAIN - YIELD, MEASURED IN BU / ACRE","TOTAL","NOT SPECIFIED","165",""
"SURVEY","2006","YEAR","","COUNTY","COLORADO","08","SOUTHEAST","90","PROWERS","099","","","00000000","","CORN","CORN, GRAIN - YIELD, MEASURED IN BU / ACRE","TOTAL","NOT SPECIFIED","145",""
"SURVEY","2006","YEAR","","COUNTY","COLORADO","08","SOUTHEAST","90","PUEBLO","101","","","00000000","","CORN","CORN, GRAIN - YIELD, MEASURED IN BU / ACRE","TOTAL","NOT SPECIFIED","204.5",""
"SURVEY","2006","YEAR","","COUNTY","COLORADO","08","SOUTHWEST","70","DELTA","029","","","00000000","","CORN","CORN, GRAIN - YIELD, MEASURED IN BU / ACRE","TOTAL","NOT SPECIFIED","190.5",""
"SURVEY","2006","YEAR","","COUNTY","COLORADO","08","SOUTHWEST","70","MESA","077","","","00000000","","CORN","CORN, GRAIN - YIELD, MEASURED IN BU / ACRE","TOTAL","NOT SPECIFIED","189",""
"SURVEY","2006","YEAR","","COUNTY","COLORADO","08","SOUTHWEST","70","MONTEZUMA","083","","","00000000","","CORN","CORN, GRAIN - YIELD, MEASURED IN BU / ACRE","TOTAL","NOT SPECIFIED","168",""
"SURVEY","2006","YEAR","","COUNTY","COLORADO","08","SOUTHWEST","70","MONTROSE","085","","","00000000","","CORN","CORN, GRAIN - YIELD, MEASURED IN BU / ACRE","TOTAL","NOT SPECIFIED","180",""
"SURVEY","2006","YEAR","","COUNTY","COLORADO","08","SOUTHWEST","70","OTHER (COMBINED) COUNTIES","","","","00000000","","CORN","CORN, GRAIN - YIELD, MEASURED IN BU / ACRE","TOTAL","NOT SPECIFIED","80",""
"SURVEY","2006","YEAR","","COUNTY","MISSOURI","29","CENTRAL","50","BENTON","015","","","00000000","","CORN","CORN, GRAIN - YIELD, MEASURED IN BU / ACRE","TOTAL","NOT SPECIFIED","81",""
"SURVEY","2006","YEAR","","COUNTY","MISSOURI","29","CENTRAL","50","BOONE","019","","","00000000","","CORN","CORN, GRAIN - YIELD, MEASURED IN BU / ACRE","TOTAL","NOT SPECIFIED","140",""
"SURVEY","2006","YEAR","","COUNTY","MISSOURI","29","CENTRAL","50","CALLAWAY","027","","","00000000","","CORN","CORN, GRAIN - YIELD, MEASURED IN BU / ACRE","TOTAL","NOT SPECIFIED","130",""
"SURVEY","2006","YEAR","","COUNTY","MISSOURI","29","CENTRAL","50","COLE","051","","","00000000","","CORN","CORN, GRAIN - YIELD, MEASURED IN BU / ACRE","TOTAL","NOT SPECIFIED","108",""
"SURVEY","2006","YEAR","","COUNTY","MISSOURI","29","CENTRAL","50","COOPER","053","","","00000000","","CORN","CORN, GRAIN - YIELD, MEASURED IN BU / ACRE","TOTAL","NOT SPECIFIED","123",""
"SURVEY","2006","YEAR","","COUNTY","MISSOURI","29","CENTRAL","50","HOWARD","089","","","00000000","","CORN","CORN, GRAIN - YIELD, MEASURED IN BU / ACRE","TOTAL","NOT SPECIFIED","141",""
"SURVEY","2006","YEAR","","COUNTY","MISSOURI","29","CENTRAL","50","MILLER","131","","","00000000","","CORN","CORN, GRAIN - YIELD, MEASURED IN BU / ACRE","TOTAL","NOT SPECIFIED","96",""
"SURVEY","2006","YEAR","","COUNTY","MISSOURI","29","CENTRAL","50","MONITEAU","135","","","00000000","","CORN","CORN, GRAIN - YIELD, MEASURED IN BU / ACRE","TOTAL","NOT SPECIFIED","102",""
"SURVEY","2006","YEAR","","COUNTY","MISSOURI","29","CENTRAL","50","MORGAN","141","","","00000000","","CORN","CORN, GRAIN - YIELD, MEASURED IN BU / ACRE","TOTAL","NOT SPECIFIED","71",""
"SURVEY","2006","YEAR","","COUNTY","MISSOURI","29","CENTRAL","50","OSAGE","151","","","00000000","","CORN","CORN, GRAIN - YIELD, MEASURED IN BU / ACRE","TOTAL","NOT SPECIFIED","107",""
"SURVEY","2006","YEAR","","COUNTY","MISSOURI","29","CENTRAL","50","OTHER (COMBINED) COUNTIES","","","","00000000","","CORN","CORN, GRAIN - YIELD, MEASURED IN BU / ACRE","TOTAL","NOT SPECIFIED","90",""
"SURVEY","2006","YEAR","","COUNTY","MISSOURI","29","CENTRAL","50","PETTIS","159","","","00000000","","CORN","CORN, GRAIN - YIELD, MEASURED IN BU / ACRE","TOTAL","NOT SPECIFIED","80",""
"SURVEY","2006","YEAR","","COUNTY","MISSOURI","29","CENTRAL","50","SALINE","195","","","00000000","","CORN","CORN, GRAIN - YIELD, MEASURED IN BU / ACRE","TOTAL","NOT SPECIFIED","152",""
"SURVEY","2006","YEAR","","COUNTY","MISSOURI","29","EAST","60","FRANKLIN","071","","","00000000","","CORN","CORN, GRAIN - YIELD, MEASURED IN BU / ACRE","TOTAL","NOT SPECIFIED","143",""
"SURVEY","2006","YEAR","","COUNTY","MISSOURI","29","EAST","60","GASCONADE","073","","","00000000","","CORN","CORN, GRAIN - YIELD, MEASURED IN BU / ACRE","TOTAL","NOT SPECIFIED","133",""
"SURVEY","2006","YEAR","","COUNTY","MISSOURI","29","EAST","60","JEFFERSON","099","","","00000000","","CORN","CORN, GRAIN - YIELD, MEASURED IN BU / ACRE","TOTAL","NOT SPECIFIED","114",""
"SURVEY","2006","YEAR","","COUNTY","MISSOURI","29","EAST","60","LINCOLN","113","","","00000000","","CORN","CORN, GRAIN - YIELD, MEASURED IN BU / ACRE","TOTAL","NOT SPECIFIED","128",""
"SURVEY","2006","YEAR","","COUNTY","MISSOURI","29","EAST","60","MONTGOMERY","139","","","00000000","","CORN","CORN, GRAIN - YIELD, MEASURED IN BU / ACRE","TOTAL","NOT SPECIFIED","128",""
"SURVEY","2006","YEAR","","COUNTY","MISSOURI","29","EAST","60","OTHER (COMBINED) COUNTIES","","","","00000000","","CORN","CORN, GRAIN - YIELD, MEASURED IN BU / ACRE","TOTAL","NOT SPECIFIED","69",""
"SURVEY","2006","YEAR","","COUNTY","MISSOURI","29","EAST","60","PERRY","157","","","00000000","","CORN","CORN, GRAIN - YIELD, MEASURED IN BU / ACRE","TOTAL","NOT SPECIFIED","129",""
"SURVEY","2006","YEAR","","COUNTY","MISSOURI","29","EAST","60","ST CHARLES","183","","","00000000","","CORN","CORN, GRAIN - YIELD, MEASURED IN BU / ACRE","TOTAL","NOT SPECIFIED","133",""
"SURVEY","2006","YEAR","","COUNTY","MISSOURI","29","EAST","60","ST LOUIS","189","","","00000000","","CORN","CORN, GRAIN - YIELD, MEASURED IN BU / ACRE","TOTAL","NOT SPECIFIED","120",""
"SURVEY","2006","YEAR","","COUNTY","MISSOURI","29","EAST","60","STE GENEVIEVE","186","","","00000000","","CORN","CORN, GRAIN - YIELD, MEASURED IN BU / ACRE","TOTAL","NOT SPECIFIED","135",""
"SURVEY","2006","YEAR","","COUNTY","MISSOURI","29","EAST","60","WARREN","219","","","00000000","","CORN","CORN, GRAIN - YIELD, MEASURED IN BU / ACRE","TOTAL","NOT SPECIFIED","129",""
"SURVEY","2006","YEAR","","COUNTY","MISSOURI","29","NORTH CENTRAL","20","ADAIR","001","","","00000000","","CORN","CORN, GRAIN - YIELD, MEASURED IN BU / ACRE","TOTAL","NOT SPECIFIED","153",""
"SURVEY","2006","YEAR","","COUNTY","MISSOURI","29","NORTH CENTRAL","20","CARROLL","033","","","00000000","","CORN","CORN, GRAIN - YIELD, MEASURED IN BU / ACRE","TOTAL","NOT SPECIFIED","153",""
"SURVEY","2006","YEAR","","COUNTY","MISSOURI","29","NORTH CENTRAL","20","CHARITON","041","","","00000000","","CORN","CORN, GRAIN - YIELD, MEASURED IN BU / ACRE","TOTAL","NOT SPECIFIED","151",""
"SURVEY","2006","YEAR","","COUNTY","MISSOURI","29","NORTH CENTRAL","20","GRUNDY","079","","","00000000","","CORN","CORN, GRAIN - YIELD, MEASURED IN BU / ACRE","TOTAL","NOT SPECIFIED","138",""
"SURVEY","2006","YEAR","","COUNTY","MISSOURI","29","NORTH CENTRAL","20","LINN","115","","","00000000","","CORN","CORN, GRAIN - YIELD, MEASURED IN BU / ACRE","TOTAL","NOT SPECIFIED","149",""
"SURVEY","2006","YEAR","","COUNTY","MISSOURI","29","NORTH CENTRAL","20","LIVINGSTON","117","","","00000000","","CORN","CORN, GRAIN - YIELD, MEASURED IN BU / ACRE","TOTAL","NOT SPECIFIED","144",""
"SURVEY","2006","YEAR","","COUNTY","MISSOURI","29","NORTH CENTRAL","20","MACON","121","","","00000000","","CORN","CORN, GRAIN - YIELD, MEASURED IN BU / ACRE","TOTAL","NOT SPECIFIED","150",""
"SURVEY","2006","YEAR","","COUNTY","MISSOURI","29","NORTH CENTRAL","20","MERCER","129","","","00000000","","CORN","CORN, GRAIN - YIELD, MEASURED IN BU / ACRE","TOTAL","NOT SPECIFIED","148",""
"SURVEY","2006","YEAR","","COUNTY","MISSOURI","29","NORTH CENTRAL","20","PUTNAM","171","","","00000000","","CORN","CORN, GRAIN - YIELD, MEASURED IN BU / ACRE","TOTAL","NOT SPECIFIED","138",""
"SURVEY","2006","YEAR","","COUNTY","MISSOURI","29","NORTH CENTRAL","20","RANDOLPH","175","","","00000000","","CORN","CORN, GRAIN - YIELD, MEASURED IN BU / ACRE","TOTAL","NOT SPECIFIED","126",""
"SURVEY","2006","YEAR","","COUNTY","MISSOURI","29","NORTH CENTRAL","20","SCHUYLER","197","","","00000000","","CORN","CORN, GRAIN - YIELD, MEASURED IN BU / ACRE","TOTAL","NOT SPECIFIED","132",""
"SURVEY","2006","YEAR","","COUNTY","MISSOURI","29","NORTH CENTRAL","20","SULLIVAN","211","","","00000000","","CORN","CORN, GRAIN - YIELD, MEASURED IN BU / ACRE","TOTAL","NOT SPECIFIED","137",""
"SURVEY","2006","YEAR","","COUNTY","MISSOURI","29","NORTHEAST","30","AUDRAIN","007","","","00000000","","CORN","CORN, GRAIN - YIELD, MEASURED IN BU / ACRE","TOTAL","NOT SPECIFIED","134",""
"SURVEY","2006","YEAR","","COUNTY","MISSOURI","29","NORTHEAST","30","CLARK","045","","","00000000","","CORN","CORN, GRAIN - YIELD, MEASURED IN BU / ACRE","TOTAL","NOT SPECIFIED","138",""
"SURVEY","2006","YEAR","","COUNTY","MISSOURI","29","NORTHEAST","30","KNOX","103","","","00000000","","CORN","CORN, GRAIN - YIELD, MEASURED IN BU / ACRE","TOTAL","NOT SPECIFIED","148",""
"SURVEY","2006","YEAR","","COUNTY","MISSOURI","29","NORTHEAST","30","LEWIS","111","","","00000000","","CORN","CORN, GRAIN - YIELD, MEASURED IN BU / ACRE","TOTAL","NOT SPECIFIED","126",""
"SURVEY","2006","YEAR","","COUNTY","MISSOURI","29","NORTHEAST","30","MARION","127","","","00000000","","CORN","CORN, GRAIN - YIELD, MEASURED IN BU / ACRE","TOTAL","NOT SPECIFIED","145",""
"SURVEY","2006","YEAR","","COUNTY","MISSOURI","29","NORTHEAST","30","MONROE","137","","","00000000","","CORN","CORN, GRAIN - YIELD, MEASURED IN BU / ACRE","TOTAL","NOT SPECIFIED","131",""
"SURVEY","2006","YEAR","","COUNTY","MISSOURI","29","NORTHEAST","30","PIKE","163","","","00000000","","CORN","CORN, GRAIN - YIELD, MEASURED IN BU / ACRE","TOTAL","NOT SPECIFIED","132",""
"SURVEY","2006","YEAR","","COUNTY","MISSOURI","29","NORTHEAST","30","RALLS","173","","","00000000","","CORN","CORN, GRAIN - YIELD, MEASURED IN BU / ACRE","TOTAL","NOT SPECIFIED","135",""
"SURVEY","2006","YEAR","","COUNTY","MISSOURI","29","NORTHEAST","30","SCOTLAND","199","","","00000000","","CORN","CORN, GRAIN - YIELD, MEASURED IN BU / ACRE","TOTAL","NOT SPECIFIED","149",""
"SURVEY","2006","YEAR","","COUNTY","MISSOURI","29","NORTHEAST","30","SHELBY","205","","","00000000","","CORN","CORN, GRAIN - YIELD, MEASURED IN BU / ACRE","TOTAL","NOT SPECIFIED","141",""
"SURVEY","2006","YEAR","","COUNTY","MISSOURI","29","NORTHWEST","10","ANDREW","003","","","00000000","","CORN","CORN, GRAIN - YIELD, MEASURED IN BU / ACRE","TOTAL","NOT SPECIFIED","148",""
"SURVEY","2006","YEAR","","COUNTY","MISSOURI","29","NORTHWEST","10","ATCHISON","005","","","00000000","","CORN","CORN, GRAIN - YIELD, MEASURED IN BU / ACRE","TOTAL","NOT SPECIFIED","155",""
"SURVEY","2006","YEAR","","COUNTY","MISSOURI","29","NORTHWEST","10","BUCHANAN","021","","","00000000","","CORN","CORN, GRAIN - YIELD, MEASURED IN BU / ACRE","TOTAL","NOT SPECIFIED","140",""
"SURVEY","2006","YEAR","","COUNTY","MISSOURI","29","NORTHWEST","10","CALDWELL","025","","","00000000","","CORN","CORN, GRAIN - YIELD, MEASURED IN BU / ACRE","TOTAL","NOT SPECIFIED","104",""
"SURVEY","2006","YEAR","","COUNTY","MISSOURI","29","NORTHWEST","10","CLAY","047","","","00000000","","CORN","CORN, GRAIN - YIELD, MEASURED IN BU / ACRE","TOTAL","NOT SPECIFIED","109",""
"SURVEY","2006","YEAR","","COUNTY","MISSOURI","29","NORTHWEST","10","CLINTON","049","","","00000000","","CORN","CORN, GRAIN - YIELD, MEASURED IN BU / ACRE","TOTAL","NOT SPECIFIED","133",""
"SURVEY","2006","YEAR","","COUNTY","MISSOURI","29","NORTHWEST","10","DAVIESS","061","","","00000000","","CORN","CORN, GRAIN - YIELD, MEASURED IN BU / ACRE","TOTAL","NOT SPECIFIED","112",""
"SURVEY","2006","YEAR","","COUNTY","MISSOURI","29","NORTHWEST","10","DE KALB","063","","","00000000","","CORN","CORN, GRAIN - YIELD, MEASURED IN BU / ACRE","TOTAL","NOT SPECIFIED","140",""
"SURVEY","2006","YEAR","","COUNTY","MISSOURI","29","NORTHWEST","10","GENTRY","075","","","00000000","","CORN","CORN, GRAIN - YIELD, MEASURED IN BU / ACRE","TOTAL","NOT SPECIFIED","139",""
"SURVEY","2006","YEAR","","COUNTY","MISSOURI","29","NORTHWEST","10","HARRISON","081","","","00000000","","CORN","CORN, GRAIN - YIELD, MEASURED IN BU / ACRE","TOTAL","NOT SPECIFIED","130",""
"SURVEY","2006","YEAR","","COUNTY","MISSOURI","29","NORTHWEST","10","HOLT","087","","","00000000","","CORN","CORN, GRAIN - YIELD, MEASURED IN BU / ACRE","TOTAL","NOT SPECIFIED","154",""
"SURVEY","2006","YEAR","","COUNTY","MISSOURI","29","NORTHWEST","10","NODAWAY","147","","","00000000","","CORN","CORN, GRAIN - YIELD, MEASURED IN BU / ACRE","TOTAL","NOT SPECIFIED","140",""
"SURVEY","2006","YEAR","","COUNTY","MISSOURI","29","NORTHWEST","10","PLATTE","165","","","00000000","","CORN","CORN, GRAIN - YIELD, MEASURED IN BU / ACRE","TOTAL","NOT SPECIFIED","127",""
"SURVEY","2006","YEAR","","COUNTY","MISSOURI","29","NORTHWEST","10","RAY","177","","","00000000","","CORN","CORN, GRAIN - YIELD, MEASURED IN BU / ACRE","TOTAL","NOT SPECIFIED","140",""
"SURVEY","2006","YEAR","","COUNTY","MISSOURI","29","NORTHWEST","10","WORTH","227","","","00000000","","CORN","CORN, GRAIN - YIELD, MEASURED IN BU / ACRE","TOTAL","NOT SPECIFIED","130",""
"SURVEY","2006","YEAR","","COUNTY","MISSOURI","29","SOUTH CENTRAL","80","BOLLINGER","017","","","00000000","","CORN","CORN, GRAIN - YIELD, MEASURED IN BU / ACRE","TOTAL","NOT SPECIFIED","130",""
"SURVEY","2006","YEAR","","COUNTY","MISSOURI","29","SOUTH CENTRAL","80","OTHER (COMBINED) COUNTIES","","","","00000000","","CORN","CORN, GRAIN - YIELD, MEASURED IN BU / ACRE","TOTAL","NOT SPECIFIED","118",""
"SURVEY","2006","YEAR","","COUNTY","MISSOURI","29","SOUTHEAST","90","BUTLER","023","","","00000000","","CORN","CORN, GRAIN - YIELD, MEASURED IN BU / ACRE","TOTAL","NOT SPECIFIED","157",""
"SURVEY","2006","YEAR","","COUNTY","MISSOURI","29","SOUTHEAST","90","CAPE GIRARDEAU","031","","","00000000","","CORN","CORN, GRAIN - YIELD, MEASURED IN BU / ACRE","TOTAL","NOT SPECIFIED","139",""
"SURVEY","2006","YEAR","","COUNTY","MISSOURI","29","SOUTHEAST","90","DUNKLIN","069","","","00000000","","CORN","CORN, GRAIN - YIELD, MEASURED IN BU / ACRE","TOTAL","NOT SPECIFIED","152",""
"SURVEY","2006","YEAR","","COUNTY","MISSOURI","29","SOUTHEAST","90","MISSISSIPPI","133","","","00000000","","CORN","CORN, GRAIN - YIELD, MEASURED IN BU / ACRE","TOTAL","NOT SPECIFIED","172",""
"SURVEY","2006","YEAR","","COUNTY","MISSOURI","29","SOUTHEAST","90","NEW MADRID","143","","","00000000","","CORN","CORN, GRAIN - YIELD, MEASURED IN BU / ACRE","TOTAL","NOT SPECIFIED","169",""
"SURVEY","2006","YEAR","","COUNTY","MISSOURI","29","SOUTHEAST","90","PEMISCOT","155","","","00000000","","CORN","CORN, GRAIN - YIELD, MEASURED IN BU / ACRE","TOTAL","NOT SPECIFIED","155",""
"SURVEY","2006","YEAR","","COUNTY","MISSOURI","29","SOUTHEAST","90","SCOTT","201","","","00000000","","CORN","CORN, GRAIN - YIELD, MEASURED IN BU / ACRE","TOTAL","NOT SPECIFIED","159",""
"SURVEY","2006","YEAR","","COUNTY","MISSOURI","29","SOUTHEAST","90","STODDARD","207","","","00000000","","CORN","CORN, GRAIN - YIELD, MEASURED IN BU / ACRE","TOTAL","NOT SPECIFIED","157",""
"SURVEY","2006","YEAR","","COUNTY","MISSOURI","29","SOUTHWEST","70","BARTON","011","","","00000000","","CORN","CORN, GRAIN - YIELD, MEASURED IN BU / ACRE","TOTAL","NOT SPECIFIED","133",""
"SURVEY","2006","YEAR","","COUNTY","MISSOURI","29","SOUTHWEST","70","DADE","057","","","00000000","","CORN","CORN, GRAIN - YIELD, MEASURED IN BU / ACRE","TOTAL","NOT SPECIFIED","131",""
"SURVEY","2006","YEAR","","COUNTY","MISSOURI","29","SOUTHWEST","70","JASPER","097","","","00000000","","CORN","CORN, GRAIN - YIELD, MEASURED IN BU / ACRE","TOTAL","NOT SPECIFIED","113",""
"SURVEY","2006","YEAR","","COUNTY","MISSOURI","29","SOUTHWEST","70","LAWRENCE","109","","","00000000","","CORN","CORN, GRAIN - YIELD, MEASURED IN BU / ACRE","TOTAL","NOT SPECIFIED","105",""
"SURVEY","2006","YEAR","","COUNTY","MISSOURI","29","SOUTHWEST","70","OTHER (COMBINED) COUNTIES","","","","00000000","","CORN","CORN, GRAIN - YIELD, MEASURED IN BU / ACRE","TOTAL","NOT SPECIFIED","96",""
"SURVEY","2006","YEAR","","COUNTY","MISSOURI","29","WEST","40","BATES","013","","","00000000","","CORN","CORN, GRAIN - YIELD, MEASURED IN BU / ACRE","TOTAL","NOT SPECIFIED","118",""
"SURVEY","2006","YEAR","","COUNTY","MISSOURI","29","WEST","40","CASS","037","","","00000000","","CORN","CORN, GRAIN - YIELD, MEASURED IN BU / ACRE","TOTAL","NOT SPECIFIED","121",""
"SURVEY","2006","YEAR","","COUNTY","MISSOURI","29","WEST","40","CEDAR","039","","","00000000","","CORN","CORN, GRAIN - YIELD, MEASURED IN BU / ACRE","TOTAL","NOT SPECIFIED","100",""
"SURVEY","2006","YEAR","","COUNTY","MISSOURI","29","WEST","40","HENRY","083","","","00000000","","CORN","CORN, GRAIN - YIELD, MEASURED IN BU / ACRE","TOTAL","NOT SPECIFIED","84",""
"SURVEY","2006","YEAR","","COUNTY","MISSOURI","29","WEST","40","JACKSON","095","","","00000000","","CORN","CORN, GRAIN - YIELD, MEASURED IN BU / ACRE","TOTAL","NOT SPECIFIED","113",""
"SURVEY","2006","YEAR","","COUNTY","MISSOURI","29","WEST","40","JOHNSON","101","","","00000000","","CORN","CORN, GRAIN - YIELD, MEASURED IN BU / ACRE","TOTAL","NOT SPECIFIED","104",""
"SURVEY","2006","YEAR","","COUNTY","MISSOURI","29","WEST","40","LAFAYETTE","107","","","00000000","","CORN","CORN, GRAIN - YIELD, MEASURED IN BU / ACRE","TOTAL","NOT SPECIFIED","128",""
"SURVEY","2006","YEAR","","COUNTY","MISSOURI","29","WEST","40","ST CLAIR","185","","","00000000","","CORN","CORN, GRAIN - YIELD, MEASURED IN BU / ACRE","TOTAL","NOT SPECIFIED","109",""
"SURVEY","2006","YEAR","","COUNTY","MISSOURI","29","WEST","40","VERNON","217","","","00000000","","CORN","CORN, GRAIN - YIELD, MEASURED IN BU / ACRE","TOTAL","NOT SPECIFIED","120",""
"SURVEY","2006","YEAR","","COUNTY","WISCONSIN","55","CENTRAL","50","ADAMS","001","","","00000000","","CORN","CORN, GRAIN - YIELD, MEASURED IN BU / ACRE","TOTAL","NOT SPECIFIED","118",""
"SURVEY","2006","YEAR","","COUNTY","WISCONSIN","55","CENTRAL","50","GREEN LAKE","047","","","00000000","","CORN","CORN, GRAIN - YIELD, MEASURED IN BU / ACRE","TOTAL","NOT SPECIFIED","139",""
"SURVEY","2006","YEAR","","COUNTY","WISCONSIN","55","CENTRAL","50","JUNEAU","057","","","00000000","","CORN","CORN, GRAIN - YIELD, MEASURED IN BU / ACRE","TOTAL","NOT SPECIFIED","139",""
"SURVEY","2006","YEAR","","COUNTY","WISCONSIN","55","CENTRAL","50","MARQUETTE","077","","","00000000","","CORN","CORN, GRAIN - YIELD, MEASURED IN BU / ACRE","TOTAL","NOT SPECIFIED","111",""
"SURVEY","2006","YEAR","","COUNTY","WISCONSIN","55","CENTRAL","50","PORTAGE","097","","","00000000","","CORN","CORN, GRAIN - YIELD, MEASURED IN BU / ACRE","TOTAL","NOT SPECIFIED","139",""
"SURVEY","2006","YEAR","","COUNTY","WISCONSIN","55","CENTRAL","50","WAUPACA","135","","","00000000","","CORN","CORN, GRAIN - YIELD, MEASURED IN BU / ACRE","TOTAL","NOT SPECIFIED","124",""
"SURVEY","2006","YEAR","","COUNTY","WISCONSIN","55","CENTRAL","50","WAUSHARA","137","","","00000000","","CORN","CORN, GRAIN - YIELD, MEASURED IN BU / ACRE","TOTAL","NOT SPECIFIED","121",""
"SURVEY","2006","YEAR","","COUNTY","WISCONSIN","55","CENTRAL","50","WOOD","141","","","00000000","","CORN","CORN, GRAIN - YIELD, MEASURED IN BU / ACRE","TOTAL","NOT SPECIFIED","129",""
"SURVEY","2006","YEAR","","COUNTY","WISCONSIN","55","EAST CENTRAL","60","BROWN","009","","","00000000","","CORN","CORN, GRAIN - YIELD, MEASURED IN BU / ACRE","TOTAL","NOT SPECIFIED","124",""
"SURVEY","2006","YEAR","","COUNTY","WISCONSIN","55","EAST CENTRAL","60","CALUMET","015","","","00000000","","CORN","CORN, GRAIN - YIELD, MEASURED IN BU / ACRE","TOTAL","NOT SPECIFIED","133",""
"SURVEY","2006","YEAR","","COUNTY","WISCONSIN","55","EAST CENTRAL","60","DOOR","029","","","00000000","","CORN","CORN, GRAIN - YIELD, MEASURED IN BU / ACRE","TOTAL","NOT SPECIFIED","135",""
"SURVEY","2006","YEAR","","COUNTY","WISCONSIN","55","EAST CENTRAL","60","FOND DU LAC","039","","","00000000","","CORN","CORN, GRAIN - YIELD, MEASURED IN BU / ACRE","TOTAL","NOT SPECIFIED","149",""
"SURVEY","2006","YEAR","","COUNTY","WISCONSIN","55","EAST CENTRAL","60","KEWAUNEE","061","","","00000000","","CORN","CORN, GRAIN - YIELD, MEASURED IN BU / ACRE","TOTAL","NOT SPECIFIED","129",""
"SURVEY","2006","YEAR","","COUNTY","WISCONSIN","55","EAST CENTRAL","60","MANITOWOC","071","","","00000000","","CORN","CORN, GRAIN - YIELD, MEASURED IN BU / ACRE","TOTAL","NOT SPECIFIED","141",""
"SURVEY","2006","YEAR","","COUNTY","WISCONSIN","55","EAST CENTRAL","60","OUTAGAMIE","087","","","00000000","","CORN","CORN, GRAIN - YIELD, MEASURED IN BU / ACRE","TOTAL","NOT SPECIFIED","137",""
"SURVEY","2006","YEAR","","COUNTY","WISCONSIN","55","EAST CENTRAL","60","SHEBOYGAN","117","","","00000000","","CORN","CORN, GRAIN - YIELD, MEASURED IN BU / ACRE","TOTAL","NOT SPECIFIED","136",""
"SURVEY","2006","YEAR","","COUNTY","WISCONSIN","55","EAST CENTRAL","60","WINNEBAGO","139","","","00000000","","CORN","CORN, GRAIN - YIELD, MEASURED IN BU / ACRE","TOTAL","NOT SPECIFIED","121",""
"SURVEY","2006","YEAR","","COUNTY","WISCONSIN","55","NORTH CENTRAL","20","CLARK","019","","","00000000","","CORN","CORN, GRAIN - YIELD, MEASURED IN BU / ACRE","TOTAL","NOT SPECIFIED","134",""
"SURVEY","2006","YEAR","","COUNTY","WISCONSIN","55","NORTH CENTRAL","20","LINCOLN","069","","","00000000","","CORN","CORN, GRAIN - YIELD, MEASURED IN BU / ACRE","TOTAL","NOT SPECIFIED","125",""
"SURVEY","2006","YEAR","","COUNTY","WISCONSIN","55","NORTH CENTRAL","20","MARATHON","073","","","00000000","","CORN","CORN, GRAIN - YIELD, MEASURED IN BU / ACRE","TOTAL","NOT SPECIFIED","119",""
"SURVEY","2006","YEAR","","COUNTY","WISCONSIN","55","NORTH CENTRAL","20","OTHER (COMBINED) COUNTIES","","","","00000000","","CORN","CORN, GRAIN - YIELD, MEASURED IN BU / ACRE","TOTAL","NOT SPECIFIED","88",""
"SURVEY","2006","YEAR","","COUNTY","WISCONSIN","55","NORTH CENTRAL","20","PRICE","099","","","00000000","","CORN","CORN, GRAIN - YIELD, MEASURED IN BU / ACRE","TOTAL","NOT SPECIFIED","103",""
"SURVEY","2006","YEAR","","COUNTY","WISCONSIN","55","NORTH CENTRAL","20","TAYLOR","119","","","00000000","","CORN","CORN, GRAIN - YIELD, MEASURED IN BU / ACRE","TOTAL","NOT SPECIFIED","128",""
"SURVEY","2006","YEAR","","COUNTY","WISCONSIN","55","NORTHEAST","30","LANGLADE","067","","","00000000","","CORN","CORN, GRAIN - YIELD, MEASURED IN BU / ACRE","TOTAL","NOT SPECIFIED","104",""
"SURVEY","2006","YEAR","","COUNTY","WISCONSIN","55","NORTHEAST","30","MARINETTE","075","","","00000000","","CORN","CORN, GRAIN - YIELD, MEASURED IN BU / ACRE","TOTAL","NOT SPECIFIED","120",""
"SURVEY","2006","YEAR","","COUNTY","WISCONSIN","55","NORTHEAST","30","OCONTO","083","","","00000000","","CORN","CORN, GRAIN - YIELD, MEASURED IN BU / ACRE","TOTAL","NOT SPECIFIED","143",""
"SURVEY","2006","YEAR","","COUNTY","WISCONSIN","55","NORTHEAST","30","OTHER (COMBINED) COUNTIES","","","","00000000","","CORN","CORN, GRAIN - YIELD, MEASURED IN BU / ACRE","TOTAL","NOT SPECIFIED","93",""
"SURVEY","2006","YEAR","","COUNTY","WISCONSIN","55","NORTHEAST","30","SHAWANO","115","","","00000000","","CORN","CORN, GRAIN - YIELD, MEASURED IN BU / ACRE","TOTAL","NOT SPECIFIED","146",""
"SURVEY","2006","YEAR","","COUNTY","WISCONSIN","55","NORTHWEST","10","BARRON","005","","","00000000","","CORN","CORN, GRAIN - YIELD, MEASURED IN BU / ACRE","TOTAL","NOT SPECIFIED","89",""
"SURVEY","2006","YEAR","","COUNTY","WISCONSIN","55","NORTHWEST","10","BURNETT","013","","","00000000","","CORN","CORN, GRAIN - YIELD, MEASURED IN BU / ACRE","TOTAL","NOT SPECIFIED","72",""
"SURVEY","2006","YEAR","","COUNTY","WISCONSIN","55","NORTHWEST","10","CHIPPEWA","017","","","00000000","","CORN","CORN, GRAIN - YIELD, MEASURED IN BU / ACRE","TOTAL","NOT SPECIFIED","87",""
"SURVEY","2006","YEAR","","COUNTY","WISCONSIN","55","NORTHWEST","10","OTHER (COMBINED) COUNTIES","","","","00000000","","CORN","CORN, GRAIN - YIELD, MEASURED IN BU / ACRE","TOTAL","NOT SPECIFIED","80",""
"SURVEY","2006","YEAR","","COUNTY","WISCONSIN","55","NORTHWEST","10","POLK","095","","","00000000","","CORN","CORN, GRAIN - YIELD, MEASURED IN BU / ACRE","TOTAL","NOT SPECIFIED","84",""
"SURVEY","2006","YEAR","","COUNTY","WISCONSIN","55","NORTHWEST","10","RUSK","107","","","00000000","","CORN","CORN, GRAIN - YIELD, MEASURED IN BU / ACRE","TOTAL","NOT SPECIFIED","96",""
"SURVEY","2006","YEAR","","COUNTY","WISCONSIN","55","NORTHWEST","10","SAWYER","113","","","00000000","","CORN","CORN, GRAIN - YIELD, MEASURED IN BU / ACRE","TOTAL","NOT SPECIFIED","67",""
"SURVEY","2006","YEAR","","COUNTY","WISCONSIN","55","NORTHWEST","10","WASHBURN","129","","","00000000","","CORN","CORN, GRAIN - YIELD, MEASURED IN BU / ACRE","TOTAL","NOT SPECIFIED","61",""
"SURVEY","2006","YEAR","","COUNTY","WISCONSIN","55","SOUTH CENTRAL","80","COLUMBIA","021","","","00000000","","CORN","CORN, GRAIN - YIELD, MEASURED IN BU / ACRE","TOTAL","NOT SPECIFIED","156",""
"SURVEY","2006","YEAR","","COUNTY","WISCONSIN","55","SOUTH CENTRAL","80","DANE","025","","","00000000","","CORN","CORN, GRAIN - YIELD, MEASURED IN BU / ACRE","TOTAL","NOT SPECIFIED","172",""
"SURVEY","2006","YEAR","","COUNTY","WISCONSIN","55","SOUTH CENTRAL","80","DODGE","027","","","00000000","","CORN","CORN, GRAIN - YIELD, MEASURED IN BU / ACRE","TOTAL","NOT SPECIFIED","158",""
"SURVEY","2006","YEAR","","COUNTY","WISCONSIN","55","SOUTH CENTRAL","80","GREEN","045","","","00000000","","CORN","CORN, GRAIN - YIELD, MEASURED IN BU / ACRE","TOTAL","NOT SPECIFIED","166",""
"SURVEY","2006","YEAR","","COUNTY","WISCONSIN","55","SOUTH CENTRAL","80","JEFFERSON","055","","","00000000","","CORN","CORN, GRAIN - YIELD, MEASURED IN BU / ACRE","TOTAL","NOT SPECIFIED","155",""
"SURVEY","2006","YEAR","","COUNTY","WISCONSIN","55","SOUTH CENTRAL","80","ROCK","105","","","00000000","","CORN","CORN, GRAIN - YIELD, MEASURED IN BU / ACRE","TOTAL","NOT SPECIFIED","159",""
"SURVEY","2006","YEAR","","COUNTY","WISCONSIN","55","SOUTHEAST","90","KENOSHA","059","","","00000000","","CORN","CORN, GRAIN - YIELD, MEASURED IN BU / ACRE","TOTAL","NOT SPECIFIED","151",""
"SURVEY","2006","YEAR","","COUNTY","WISCONSIN","55","SOUTHEAST","90","MILWAUKEE","079","","","00000000","","CORN","CORN, GRAIN - YIELD, MEASURED IN BU / ACRE","TOTAL","NOT SPECIFIED","150",""
"SURVEY","2006","YEAR","","COUNTY","WISCONSIN","55","SOUTHEAST","90","OZAUKEE","089","","","00000000","","CORN","CORN, GRAIN - YIELD, MEASURED IN BU / ACRE","TOTAL","NOT SPECIFIED","146",""
"SURVEY","2006","YEAR","","COUNTY","WISCONSIN","55","SOUTHEAST","90","RACINE","101","","","00000000","","CORN","CORN, GRAIN - YIELD, MEASURED IN BU / ACRE","TOTAL","NOT SPECIFIED","164",""
"SURVEY","2006","YEAR","","COUNTY","WISCONSIN","55","SOUTHEAST","90","WALWORTH","127","","","00000000","","CORN","CORN, GRAIN - YIELD, MEASURED IN BU / ACRE","TOTAL","NOT SPECIFIED","150",""
"SURVEY","2006","YEAR","","COUNTY","WISCONSIN","55","SOUTHEAST","90","WASHINGTON","131","","","00000000","","CORN","CORN, GRAIN - YIELD, MEASURED IN BU / ACRE","TOTAL","NOT SPECIFIED","151",""
"SURVEY","2006","YEAR","","COUNTY","WISCONSIN","55","SOUTHEAST","90","WAUKESHA","133","","","00000000","","CORN","CORN, GRAIN - YIELD, MEASURED IN BU / ACRE","TOTAL","NOT SPECIFIED","156",""
"SURVEY","2006","YEAR","","COUNTY","WISCONSIN","55","SOUTHWEST","70","CRAWFORD","023","","","00000000","","CORN","CORN, GRAIN - YIELD, MEASURED IN BU / ACRE","TOTAL","NOT SPECIFIED","158",""
"SURVEY","2006","YEAR","","COUNTY","WISCONSIN","55","SOUTHWEST","70","GRANT","043","","","00000000","","CORN","CORN, GRAIN - YIELD, MEASURED IN BU / ACRE","TOTAL","NOT SPECIFIED","177",""
"SURVEY","2006","YEAR","","COUNTY","WISCONSIN","55","SOUTHWEST","70","IOWA","049","","","00000000","","CORN","CORN, GRAIN - YIELD, MEASURED IN BU / ACRE","TOTAL","NOT SPECIFIED","170",""
"SURVEY","2006","YEAR","","COUNTY","WISCONSIN","55","SOUTHWEST","70","LAFAYETTE","065","","","00000000","","CORN","CORN, GRAIN - YIELD, MEASURED IN BU / ACRE","TOTAL","NOT SPECIFIED","175",""
"SURVEY","2006","YEAR","","COUNTY","WISCONSIN","55","SOUTHWEST","70","RICHLAND","103","","","00000000","","CORN","CORN, GRAIN - YIELD, MEASURED IN BU / ACRE","TOTAL","NOT SPECIFIED","163",""
"SURVEY","2006","YEAR","","COUNTY","WISCONSIN","55","SOUTHWEST","70","SAUK","111","","","00000000","","CORN","CORN, GRAIN - YIELD, MEASURED IN BU / ACRE","TOTAL","NOT SPECIFIED","152",""
"SURVEY","2006","YEAR","","COUNTY","WISCONSIN","55","SOUTHWEST","70","VERNON","123","","","00000000","","CORN","CORN, GRAIN - YIELD, MEASURED IN BU / ACRE","TOTAL","NOT SPECIFIED","157",""
"SURVEY","2006","YEAR","","COUNTY","WISCONSIN","55","WEST CENTRAL","40","BUFFALO","011","","","00000000","","CORN","CORN, GRAIN - YIELD, MEASURED IN BU / ACRE","TOTAL","NOT SPECIFIED","150",""
"SURVEY","2006","YEAR","","COUNTY","WISCONSIN","55","WEST CENTRAL","40","DUNN","033","","","00000000","","CORN","CORN, GRAIN - YIELD, MEASURED IN BU / ACRE","TOTAL","NOT SPECIFIED","100",""
"SURVEY","2006","YEAR","","COUNTY","WISCONSIN","55","WEST CENTRAL","40","EAU CLAIRE","035","","","00000000","","CORN","CORN, GRAIN - YIELD, MEASURED IN BU / ACRE","TOTAL","NOT SPECIFIED","139",""
"SURVEY","2006","YEAR","","COUNTY","WISCONSIN","55","WEST CENTRAL","40","JACKSON","053","","","00000000","","CORN","CORN, GRAIN - YIELD, MEASURED IN BU / ACRE","TOTAL","NOT SPECIFIED","130",""
"SURVEY","2006","YEAR","","COUNTY","WISCONSIN","55","WEST CENTRAL","40","LA CROSSE","063","","","00000000","","CORN","CORN, GRAIN - YIELD, MEASURED IN BU / ACRE","TOTAL","NOT SPECIFIED","148",""
"SURVEY","2006","YEAR","","COUNTY","WISCONSIN","55","WEST CENTRAL","40","MONROE","081","","","00000000","","CORN","CORN, GRAIN - YIELD, MEASURED IN BU / ACRE","TOTAL","NOT SPECIFIED","137",""
"SURVEY","2006","YEAR","","COUNTY","WISCONSIN","55","WEST CENTRAL","40","PEPIN","091","","","00000000","","CORN","CORN, GRAIN - YIELD, MEASURED IN BU / ACRE","TOTAL","NOT SPECIFIED","132",""
"SURVEY","2006","YEAR","","COUNTY","WISCONSIN","55","WEST CENTRAL","40","PIERCE","093","","","00000000","","CORN","CORN, GRAIN - YIELD, MEASURED IN BU / ACRE","TOTAL","NOT SPECIFIED","142",""
"SURVEY","2006","YEAR","","COUNTY","WISCONSIN","55","WEST CENTRAL","40","ST CROIX","109","","","00000000","","CORN","CORN, GRAIN - YIELD, MEASURED IN BU / ACRE","TOTAL","NOT SPECIFIED","90",""
"SURVEY","2006","YEAR","","COUNTY","WISCONSIN","55","WEST CENTRAL","40","TREMPEALEAU","121","","","00000000","","CORN","CORN, GRAIN - YIELD, MEASURED IN BU / ACRE","TOTAL","NOT SPECIFIED","128",""
"SURVEY","2005","YEAR","","COUNTY","COLORADO","08","EAST CENTRAL","60","ADAMS","001","","","00000000","","CORN","CORN, GRAIN - YIELD, MEASURED IN BU / ACRE","TOTAL","NOT SPECIFIED","138.5",""
"SURVEY","2005","YEAR","","COUNTY","COLORADO","08","EAST CENTRAL","60","ARAPAHOE","005","","","00000000","","CORN","CORN, GRAIN - YIELD, MEASURED IN BU / ACRE","TOTAL","NOT SPECIFIED","46.5",""
"SURVEY","2005","YEAR","","COUNTY","COLORADO","08","EAST CENTRAL","60","CHEYENNE","017","","","00000000","","CORN","CORN, GRAIN - YIELD, MEASURED IN BU / ACRE","TOTAL","NOT SPECIFIED","102.5",""
"SURVEY","2005","YEAR","","COUNTY","COLORADO","08","EAST CENTRAL","60","ELBERT","039","","","00000000","","CORN","CORN, GRAIN - YIELD, MEASURED IN BU / ACRE","TOTAL","NOT SPECIFIED","49.5",""
"SURVEY","2005","YEAR","","COUNTY","COLORADO","08","EAST CENTRAL","60","KIOWA","061","","","00000000","","CORN","CORN, GRAIN - YIELD, MEASURED IN BU / ACRE","TOTAL","NOT SPECIFIED","78.5",""
"SURVEY","2005","YEAR","","COUNTY","COLORADO","08","EAST CENTRAL","60","KIT CARSON","063","","","00000000","","CORN","CORN, GRAIN - YIELD, MEASURED IN BU / ACRE","TOTAL","NOT SPECIFIED","134",""
"SURVEY","2005","YEAR","","COUNTY","COLORADO","08","EAST CENTRAL","60","LINCOLN","073","","","00000000","","CORN","CORN, GRAIN - YIELD, MEASURED IN BU / ACRE","TOTAL","NOT SPECIFIED","67",""
"SURVEY","2005","YEAR","","COUNTY","COLORADO","08","EAST CENTRAL","60","OTHER (COMBINED) COUNTIES","","","","00000000","","CORN","CORN, GRAIN - YIELD, MEASURED IN BU / ACRE","TOTAL","NOT SPECIFIED","150",""
"SURVEY","2005","YEAR","","COUNTY","COLORADO","08","EAST CENTRAL","60","PHILLIPS","095","","","00000000","","CORN","CORN, GRAIN - YIELD, MEASURED IN BU / ACRE","TOTAL","NOT SPECIFIED","144",""
"SURVEY","2005","YEAR","","COUNTY","COLORADO","08","EAST CENTRAL","60","WASHINGTON","121","","","00000000","","CORN","CORN, GRAIN - YIELD, MEASURED IN BU / ACRE","TOTAL","NOT SPECIFIED","87.5",""
"SURVEY","2005","YEAR","","COUNTY","COLORADO","08","EAST CENTRAL","60","YUMA","125","","","00000000","","CORN","CORN, GRAIN - YIELD, MEASURED IN BU / ACRE","TOTAL","NOT SPECIFIED","194",""
"SURVEY","2005","YEAR","","COUNTY","COLORADO","08","NORTHEAST","20","BOULDER","013","","","00000000","","CORN","CORN, GRAIN - YIELD, MEASURED IN BU / ACRE","TOTAL","NOT SPECIFIED","163",""
"SURVEY","2005","YEAR","","COUNTY","COLORADO","08","NORTHEAST","20","LARIMER","069","","","00000000","","CORN","CORN, GRAIN - YIELD, MEASURED IN BU / ACRE","TOTAL","NOT SPECIFIED","153",""
"SURVEY","2005","YEAR","","COUNTY","COLORADO","08","NORTHEAST","20","LOGAN","075","","","00000000","","CORN","CORN, GRAIN - YIELD, MEASURED IN BU / ACRE","TOTAL","NOT SPECIFIED","139.5",""
"SURVEY","2005","YEAR","","COUNTY","COLORADO","08","NORTHEAST","20","MORGAN","087","","","00000000","","CORN","CORN, GRAIN - YIELD, MEASURED IN BU / ACRE","TOTAL","NOT SPECIFIED","184",""
"SURVEY","2005","YEAR","","COUNTY","COLORADO","08","NORTHEAST","20","SEDGWICK","115","","","00000000","","CORN","CORN, GRAIN - YIELD, MEASURED IN BU / ACRE","TOTAL","NOT SPECIFIED","147",""
"SURVEY","2005","YEAR","","COUNTY","COLORADO","08","NORTHEAST","20","WELD","123","","","00000000","","CORN","CORN, GRAIN - YIELD, MEASURED IN BU / ACRE","TOTAL","NOT SPECIFIED","171.5",""
"SURVEY","2005","YEAR","","COUNTY","COLORADO","08","SOUTHEAST","90","BACA","009","","","00000000","","CORN","CORN, GRAIN - YIELD, MEASURED IN BU / ACRE","TOTAL","NOT SPECIFIED","130.5",""
"SURVEY","2005","YEAR","","COUNTY","COLORADO","08","SOUTHEAST","90","BENT","011","","","00000000","","CORN","CORN, GRAIN - YIELD, MEASURED IN BU / ACRE","TOTAL","NOT SPECIFIED","133.5",""
"SURVEY","2005","YEAR","","COUNTY","COLORADO","08","SOUTHEAST","90","LAS ANIMAS","071","","","00000000","","CORN","CORN, GRAIN - YIELD, MEASURED IN BU / ACRE","TOTAL","NOT SPECIFIED","125",""
"SURVEY","2005","YEAR","","COUNTY","COLORADO","08","SOUTHEAST","90","OTERO","089","","","00000000","","CORN","CORN, GRAIN - YIELD, MEASURED IN BU / ACRE","TOTAL","NOT SPECIFIED","180.5",""
"SURVEY","2005","YEAR","","COUNTY","COLORADO","08","SOUTHEAST","90","OTHER (COMBINED) COUNTIES","","","","00000000","","CORN","CORN, GRAIN - YIELD, MEASURED IN BU / ACRE","TOTAL","NOT SPECIFIED","170",""
"SURVEY","2005","YEAR","","COUNTY","COLORADO","08","SOUTHEAST","90","PROWERS","099","","","00000000","","CORN","CORN, GRAIN - YIELD, MEASURED IN BU / ACRE","TOTAL","NOT SPECIFIED","122",""
"SURVEY","2005","YEAR","","COUNTY","COLORADO","08","SOUTHEAST","90","PUEBLO","101","","","00000000","","CORN","CORN, GRAIN - YIELD, MEASURED IN BU / ACRE","TOTAL","NOT SPECIFIED","160",""
"SURVEY","2005","YEAR","","COUNTY","COLORADO","08","SOUTHWEST","70","DELTA","029","","","00000000","","CORN","CORN, GRAIN - YIELD, MEASURED IN BU / ACRE","TOTAL","NOT SPECIFIED","177",""
"SURVEY","2005","YEAR","","COUNTY","COLORADO","08","SOUTHWEST","70","LA PLATA","067","","","00000000","","CORN","CORN, GRAIN - YIELD, MEASURED IN BU / ACRE","TOTAL","NOT SPECIFIED","116.5",""
"SURVEY","2005","YEAR","","COUNTY","COLORADO","08","SOUTHWEST","70","MESA","077","","","00000000","","CORN","CORN, GRAIN - YIELD, MEASURED IN BU / ACRE","TOTAL","NOT SPECIFIED","159",""
"SURVEY","2005","YEAR","","COUNTY","COLORADO","08","SOUTHWEST","70","MONTROSE","085","","","00000000","","CORN","CORN, GRAIN - YIELD, MEASURED IN BU / ACRE","TOTAL","NOT SPECIFIED","166.5",""
"SURVEY","2005","YEAR","","COUNTY","COLORADO","08","SOUTHWEST","70","OTHER (COMBINED) COUNTIES","","","","00000000","","CORN","CORN, GRAIN - YIELD, MEASURED IN BU / ACRE","TOTAL","NOT SPECIFIED","161",""
"SURVEY","2005","YEAR","","COUNTY","MISSOURI","29","CENTRAL","50","BENTON","015","","","00000000","","CORN","CORN, GRAIN - YIELD, MEASURED IN BU / ACRE","TOTAL","NOT SPECIFIED","61.3",""
"SURVEY","2005","YEAR","","COUNTY","MISSOURI","29","CENTRAL","50","BOONE","019","","","00000000","","CORN","CORN, GRAIN - YIELD, MEASURED IN BU / ACRE","TOTAL","NOT SPECIFIED","68.3",""
"SURVEY","2005","YEAR","","COUNTY","MISSOURI","29","CENTRAL","50","CALLAWAY","027","","","00000000","","CORN","CORN, GRAIN - YIELD, MEASURED IN BU / ACRE","TOTAL","NOT SPECIFIED","73.1",""
"SURVEY","2005","YEAR","","COUNTY","MISSOURI","29","CENTRAL","50","COLE","051","","","00000000","","CORN","CORN, GRAIN - YIELD, MEASURED IN BU / ACRE","TOTAL","NOT SPECIFIED","78.6",""
"SURVEY","2005","YEAR","","COUNTY","MISSOURI","29","CENTRAL","50","COOPER","053","","","00000000","","CORN","CORN, GRAIN - YIELD, MEASURED IN BU / ACRE","TOTAL","NOT SPECIFIED","68.2",""
"SURVEY","2005","YEAR","","COUNTY","MISSOURI","29","CENTRAL","50","HICKORY","085","","","00000000","","CORN","CORN, GRAIN - YIELD, MEASURED IN BU / ACRE","TOTAL","NOT SPECIFIED","55.3",""
"SURVEY","2005","YEAR","","COUNTY","MISSOURI","29","CENTRAL","50","HOWARD","089","","","00000000","","CORN","CORN, GRAIN - YIELD, MEASURED IN BU / ACRE","TOTAL","NOT SPECIFIED","95",""
"SURVEY","2005","YEAR","","COUNTY","MISSOURI","29","CENTRAL","50","LACLEDE","105","","","00000000","","CORN","CORN, GRAIN - YIELD, MEASURED IN BU / ACRE","TOTAL","NOT SPECIFIED","78",""
"SURVEY","2005","YEAR","","COUNTY","MISSOURI","29","CENTRAL","50","MARIES","125","","","00000000","","CORN","CORN, GRAIN - YIELD, MEASURED IN BU / ACRE","TOTAL","NOT SPECIFIED","60",""
"SURVEY","2005","YEAR","","COUNTY","MISSOURI","29","CENTRAL","50","MILLER","131","","","00000000","","CORN","CORN, GRAIN - YIELD, MEASURED IN BU / ACRE","TOTAL","NOT SPECIFIED","68.2",""
"SURVEY","2005","YEAR","","COUNTY","MISSOURI","29","CENTRAL","50","MONITEAU","135","","","00000000","","CORN","CORN, GRAIN - YIELD, MEASURED IN BU / ACRE","TOTAL","NOT SPECIFIED","62.3",""
"SURVEY","2005","YEAR","","COUNTY","MISSOURI","29","CENTRAL","50","MORGAN","141","","","00000000","","CORN","CORN, GRAIN - YIELD, MEASURED IN BU / ACRE","TOTAL","NOT SPECIFIED","58.5",""
"SURVEY","2005","YEAR","","COUNTY","MISSOURI","29","CENTRAL","50","OSAGE","151","","","00000000","","CORN","CORN, GRAIN - YIELD, MEASURED IN BU / ACRE","TOTAL","NOT SPECIFIED","91.4",""
"SURVEY","2005","YEAR","","COUNTY","MISSOURI","29","CENTRAL","50","OTHER (COMBINED) COUNTIES","","","","00000000","","CORN","CORN, GRAIN - YIELD, MEASURED IN BU / ACRE","TOTAL","NOT SPECIFIED","48.1",""
"SURVEY","2005","YEAR","","COUNTY","MISSOURI","29","CENTRAL","50","PETTIS","159","","","00000000","","CORN","CORN, GRAIN - YIELD, MEASURED IN BU / ACRE","TOTAL","NOT SPECIFIED","69.6",""
"SURVEY","2005","YEAR","","COUNTY","MISSOURI","29","CENTRAL","50","POLK","167","","","00000000","","CORN","CORN, GRAIN - YIELD, MEASURED IN BU / ACRE","TOTAL","NOT SPECIFIED","60.6",""
"SURVEY","2005","YEAR","","COUNTY","MISSOURI","29","CENTRAL","50","SALINE","195","","","00000000","","CORN","CORN, GRAIN - YIELD, MEASURED IN BU / ACRE","TOTAL","NOT SPECIFIED","126.6",""
"SURVEY","2005","YEAR","","COUNTY","MISSOURI","29","EAST","60","FRANKLIN","071","","","00000000","","CORN","CORN, GRAIN - YIELD, MEASURED IN BU / ACRE","TOTAL","NOT SPECIFIED","103.9",""
"SURVEY","2005","YEAR","","COUNTY","MISSOURI","29","EAST","60","GASCONADE","073","","","00000000","","CORN","CORN, GRAIN - YIELD, MEASURED IN BU / ACRE","TOTAL","NOT SPECIFIED","90.8",""
"SURVEY","2005","YEAR","","COUNTY","MISSOURI","29","EAST","60","JEFFERSON","099","","","00000000","","CORN","CORN, GRAIN - YIELD, MEASURED IN BU / ACRE","TOTAL","NOT SPECIFIED","70.8",""
"SURVEY","2005","YEAR","","COUNTY","MISSOURI","29","EAST","60","LINCOLN","113","","","00000000","","CORN","CORN, GRAIN - YIELD, MEASURED IN BU / ACRE","TOTAL","NOT SPECIFIED","86.3",""
"SURVEY","2005","YEAR","","COUNTY","MISSOURI","29","EAST","60","MONTGOMERY","139","","","00000000","","CORN","CORN, GRAIN - YIELD, MEASURED IN BU / ACRE","TOTAL","NOT SPECIFIED","65.7",""
"SURVEY","2005","YEAR","","COUNTY","MISSOURI","29","EAST","60","OTHER (COMBINED) COUNTIES","","","","00000000","","CORN","CORN, GRAIN - YIELD, MEASURED IN BU / ACRE","TOTAL","NOT SPECIFIED","85",""
"SURVEY","2005","YEAR","","COUNTY","MISSOURI","29","EAST","60","PERRY","157","","","00000000","","CORN","CORN, GRAIN - YIELD, MEASURED IN BU / ACRE","TOTAL","NOT SPECIFIED","114.6",""
"SURVEY","2005","YEAR","","COUNTY","MISSOURI","29","EAST","60","ST CHARLES","183","","","00000000","","CORN","CORN, GRAIN - YIELD, MEASURED IN BU / ACRE","TOTAL","NOT SPECIFIED","119",""
"SURVEY","2005","YEAR","","COUNTY","MISSOURI","29","EAST","60","ST FRANCOIS","187","","","00000000","","CORN","CORN, GRAIN - YIELD, MEASURED IN BU / ACRE","TOTAL","NOT SPECIFIED","100",""
"SURVEY","2005","YEAR","","COUNTY","MISSOURI","29","EAST","60","ST LOUIS","189","","","00000000","","CORN","CORN, GRAIN - YIELD, MEASURED IN BU / ACRE","TOTAL","NOT SPECIFIED","115.6",""
"SURVEY","2005","YEAR","","COUNTY","MISSOURI","29","EAST","60","STE GENEVIEVE","186","","","00000000","","CORN","CORN, GRAIN - YIELD, MEASURED IN BU / ACRE","TOTAL","NOT SPECIFIED","115.7",""
"SURVEY","2005","YEAR","","COUNTY","MISSOURI","29","EAST","60","WARREN","219","","","00000000","","CORN","CORN, GRAIN - YIELD, MEASURED IN BU / ACRE","TOTAL","NOT SPECIFIED","85.1",""
"SURVEY","2005","YEAR","","COUNTY","MISSOURI","29","NORTH CENTRAL","20","ADAIR","001","","","00000000","","CORN","CORN, GRAIN - YIELD, MEASURED IN BU / ACRE","TOTAL","NOT SPECIFIED","90.6",""
"SURVEY","2005","YEAR","","COUNTY","MISSOURI","29","NORTH CENTRAL","20","CARROLL","033","","","00000000","","CORN","CORN, GRAIN - YIELD, MEASURED IN BU / ACRE","TOTAL","NOT SPECIFIED","137.3",""
"SURVEY","2005","YEAR","","COUNTY","MISSOURI","29","NORTH CENTRAL","20","CHARITON","041","","","00000000","","CORN","CORN, GRAIN - YIELD, MEASURED IN BU / ACRE","TOTAL","NOT SPECIFIED","116.5",""
"SURVEY","2005","YEAR","","COUNTY","MISSOURI","29","NORTH CENTRAL","20","GRUNDY","079","","","00000000","","CORN","CORN, GRAIN - YIELD, MEASURED IN BU / ACRE","TOTAL","NOT SPECIFIED","110.1",""
"SURVEY","2005","YEAR","","COUNTY","MISSOURI","29","NORTH CENTRAL","20","LINN","115","","","00000000","","CORN","CORN, GRAIN - YIELD, MEASURED IN BU / ACRE","TOTAL","NOT SPECIFIED","88.6",""
"SURVEY","2005","YEAR","","COUNTY","MISSOURI","29","NORTH CENTRAL","20","LIVINGSTON","117","","","00000000","","CORN","CORN, GRAIN - YIELD, MEASURED IN BU / ACRE","TOTAL","NOT SPECIFIED","96.5",""
"SURVEY","2005","YEAR","","COUNTY","MISSOURI","29","NORTH CENTRAL","20","MACON","121","","","00000000","","CORN","CORN, GRAIN - YIELD, MEASURED IN BU / ACRE","TOTAL","NOT SPECIFIED","86.8",""
"SURVEY","2005","YEAR","","COUNTY","MISSOURI","29","NORTH CENTRAL","20","MERCER","129","","","00000000","","CORN","CORN, GRAIN - YIELD, MEASURED IN BU / ACRE","TOTAL","NOT SPECIFIED","108.2",""
"SURVEY","2005","YEAR","","COUNTY","MISSOURI","29","NORTH CENTRAL","20","PUTNAM","171","","","00000000","","CORN","CORN, GRAIN - YIELD, MEASURED IN BU / ACRE","TOTAL","NOT SPECIFIED","117",""
"SURVEY","2005","YEAR","","COUNTY","MISSOURI","29","NORTH CENTRAL","20","RANDOLPH","175","","","00000000","","CORN","CORN, GRAIN - YIELD, MEASURED IN BU / ACRE","TOTAL","NOT SPECIFIED","63.6",""
"SURVEY","2005","YEAR","","COUNTY","MISSOURI","29","NORTH CENTRAL","20","SCHUYLER","197","","","00000000","","CORN","CORN, GRAIN - YIELD, MEASURED IN BU / ACRE","TOTAL","NOT SPECIFIED","85.4",""
"SURVEY","2005","YEAR","","COUNTY","MISSOURI","29","NORTH CENTRAL","20","SULLIVAN","211","","","00000000","","CORN","CORN, GRAIN - YIELD, MEASURED IN BU / ACRE","TOTAL","NOT SPECIFIED","85.9",""
"SURVEY","2005","YEAR","","COUNTY","MISSOURI","29","NORTHEAST","30","AUDRAIN","007","","","00000000","","CORN","CORN, GRAIN - YIELD, MEASURED IN BU / ACRE","TOTAL","NOT SPECIFIED","55.5",""
"SURVEY","2005","YEAR","","COUNTY","MISSOURI","29","NORTHEAST","30","CLARK","045","","","00000000","","CORN","CORN, GRAIN - YIELD, MEASURED IN BU / ACRE","TOTAL","NOT SPECIFIED","105.6",""
"SURVEY","2005","YEAR","","COUNTY","MISSOURI","29","NORTHEAST","30","KNOX","103","","","00000000","","CORN","CORN, GRAIN - YIELD, MEASURED IN BU / ACRE","TOTAL","NOT SPECIFIED","60.9",""
"SURVEY","2005","YEAR","","COUNTY","MISSOURI","29","NORTHEAST","30","LEWIS","111","","","00000000","","CORN","CORN, GRAIN - YIELD, MEASURED IN BU / ACRE","TOTAL","NOT SPECIFIED","71.6",""
"SURVEY","2005","YEAR","","COUNTY","MISSOURI","29","NORTHEAST","30","MARION","127","","","00000000","","CORN","CORN, GRAIN - YIELD, MEASURED IN BU / ACRE","TOTAL","NOT SPECIFIED","63.9",""
"SURVEY","2005","YEAR","","COUNTY","MISSOURI","29","NORTHEAST","30","MONROE","137","","","00000000","","CORN","CORN, GRAIN - YIELD, MEASURED IN BU / ACRE","TOTAL","NOT SPECIFIED","56",""
"SURVEY","2005","YEAR","","COUNTY","MISSOURI","29","NORTHEAST","30","PIKE","163","","","00000000","","CORN","CORN, GRAIN - YIELD, MEASURED IN BU / ACRE","TOTAL","NOT SPECIFIED","70.3",""
"SURVEY","2005","YEAR","","COUNTY","MISSOURI","29","NORTHEAST","30","RALLS","173","","","00000000","","CORN","CORN, GRAIN - YIELD, MEASURED IN BU / ACRE","TOTAL","NOT SPECIFIED","50.2",""
"SURVEY","2005","YEAR","","COUNTY","MISSOURI","29","NORTHEAST","30","SCOTLAND","199","","","00000000","","CORN","CORN, GRAIN - YIELD, MEASURED IN BU / ACRE","TOTAL","NOT SPECIFIED","80.8",""
"SURVEY","2005","YEAR","","COUNTY","MISSOURI","29","NORTHEAST","30","SHELBY","205","","","00000000","","CORN","CORN, GRAIN - YIELD, MEASURED IN BU / ACRE","TOTAL","NOT SPECIFIED","64.5",""
"SURVEY","2005","YEAR","","COUNTY","MISSOURI","29","NORTHWEST","10","ANDREW","003","","","00000000","","CORN","CORN, GRAIN - YIELD, MEASURED IN BU / ACRE","TOTAL","NOT SPECIFIED","135.3",""
"SURVEY","2005","YEAR","","COUNTY","MISSOURI","29","NORTHWEST","10","ATCHISON","005","","","00000000","","CORN","CORN, GRAIN - YIELD, MEASURED IN BU / ACRE","TOTAL","NOT SPECIFIED","159.5",""
"SURVEY","2005","YEAR","","COUNTY","MISSOURI","29","NORTHWEST","10","BUCHANAN","021","","","00000000","","CORN","CORN, GRAIN - YIELD, MEASURED IN BU / ACRE","TOTAL","NOT SPECIFIED","131.7",""
"SURVEY","2005","YEAR","","COUNTY","MISSOURI","29","NORTHWEST","10","CALDWELL","025","","","00000000","","CORN","CORN, GRAIN - YIELD, MEASURED IN BU / ACRE","TOTAL","NOT SPECIFIED","75",""
"SURVEY","2005","YEAR","","COUNTY","MISSOURI","29","NORTHWEST","10","CLAY","047","","","00000000","","CORN","CORN, GRAIN - YIELD, MEASURED IN BU / ACRE","TOTAL","NOT SPECIFIED","122.4",""
"SURVEY","2005","YEAR","","COUNTY","MISSOURI","29","NORTHWEST","10","CLINTON","049","","","00000000","","CORN","CORN, GRAIN - YIELD, MEASURED IN BU / ACRE","TOTAL","NOT SPECIFIED","103.4",""
"SURVEY","2005","YEAR","","COUNTY","MISSOURI","29","NORTHWEST","10","DAVIESS","061","","","00000000","","CORN","CORN, GRAIN - YIELD, MEASURED IN BU / ACRE","TOTAL","NOT SPECIFIED","94",""
"SURVEY","2005","YEAR","","COUNTY","MISSOURI","29","NORTHWEST","10","DE KALB","063","","","00000000","","CORN","CORN, GRAIN - YIELD, MEASURED IN BU / ACRE","TOTAL","NOT SPECIFIED","105.8",""
"SURVEY","2005","YEAR","","COUNTY","MISSOURI","29","NORTHWEST","10","GENTRY","075","","","00000000","","CORN","CORN, GRAIN - YIELD, MEASURED IN BU / ACRE","TOTAL","NOT SPECIFIED","140.7",""
"SURVEY","2005","YEAR","","COUNTY","MISSOURI","29","NORTHWEST","10","HARRISON","081","","","00000000","","CORN","CORN, GRAIN - YIELD, MEASURED IN BU / ACRE","TOTAL","NOT SPECIFIED","127.3",""
"SURVEY","2005","YEAR","","COUNTY","MISSOURI","29","NORTHWEST","10","HOLT","087","","","00000000","","CORN","CORN, GRAIN - YIELD, MEASURED IN BU / ACRE","TOTAL","NOT SPECIFIED","146",""
"SURVEY","2005","YEAR","","COUNTY","MISSOURI","29","NORTHWEST","10","NODAWAY","147","","","00000000","","CORN","CORN, GRAIN - YIELD, MEASURED IN BU / ACRE","TOTAL","NOT SPECIFIED","142.8",""
"SURVEY","2005","YEAR","","COUNTY","MISSOURI","29","NORTHWEST","10","PLATTE","165","","","00000000","","CORN","CORN, GRAIN - YIELD, MEASURED IN BU / ACRE","TOTAL","NOT SPECIFIED","135.3",""
"SURVEY","2005","YEAR","","COUNTY","MISSOURI","29","NORTHWEST","10","RAY","177","","","00000000","","CORN","CORN, GRAIN - YIELD, MEASURED IN BU / ACRE","TOTAL","NOT SPECIFIED","147.2",""
"SURVEY","2005","YEAR","","COUNTY","MISSOURI","29","NORTHWEST","10","WORTH","227","","","00000000","","CORN","CORN, GRAIN - YIELD, MEASURED IN BU / ACRE","TOTAL","NOT SPECIFIED","143.5",""
"SURVEY","2005","YEAR","","COUNTY","MISSOURI","29","SOUTH CENTRAL","80","BOLLINGER","017","","","00000000","","CORN","CORN, GRAIN - YIELD, MEASURED IN BU / ACRE","TOTAL","NOT SPECIFIED","122.3",""
"SURVEY","2005","YEAR","","COUNTY","MISSOURI","29","SOUTH CENTRAL","80","OTHER (COMBINED) COUNTIES","","","","00000000","","CORN","CORN, GRAIN - YIELD, MEASURED IN BU / ACRE","TOTAL","NOT SPECIFIED","58.3",""
"SURVEY","2005","YEAR","","COUNTY","MISSOURI","29","SOUTH CENTRAL","80","RIPLEY","181","","","00000000","","CORN","CORN, GRAIN - YIELD, MEASURED IN BU / ACRE","TOTAL","NOT SPECIFIED","119",""
"SURVEY","2005","YEAR","","COUNTY","MISSOURI","29","SOUTH CENTRAL","80","WAYNE","223","","","00000000","","CORN","CORN, GRAIN - YIELD, MEASURED IN BU / ACRE","TOTAL","NOT SPECIFIED","117.5",""
"SURVEY","2005","YEAR","","COUNTY","MISSOURI","29","SOUTHEAST","90","BUTLER","023","","","00000000","","CORN","CORN, GRAIN - YIELD, MEASURED IN BU / ACRE","TOTAL","NOT SPECIFIED","127.6",""
"SURVEY","2005","YEAR","","COUNTY","MISSOURI","29","SOUTHEAST","90","CAPE GIRARDEAU","031","","","00000000","","CORN","CORN, GRAIN - YIELD, MEASURED IN BU / ACRE","TOTAL","NOT SPECIFIED","133.1",""
"SURVEY","2005","YEAR","","COUNTY","MISSOURI","29","SOUTHEAST","90","DUNKLIN","069","","","00000000","","CORN","CORN, GRAIN - YIELD, MEASURED IN BU / ACRE","TOTAL","NOT SPECIFIED","137.2",""
"SURVEY","2005","YEAR","","COUNTY","MISSOURI","29","SOUTHEAST","90","MISSISSIPPI","133","","","00000000","","CORN","CORN, GRAIN - YIELD, MEASURED IN BU / ACRE","TOTAL","NOT SPECIFIED","146.9",""
"SURVEY","2005","YEAR","","COUNTY","MISSOURI","29","SOUTHEAST","90","NEW MADRID","143","","","00000000","","CORN","CORN, GRAIN - YIELD, MEASURED IN BU / ACRE","TOTAL","NOT SPECIFIED","149.5",""
"SURVEY","2005","YEAR","","COUNTY","MISSOURI","29","SOUTHEAST","90","PEMISCOT","155","","","00000000","","CORN","CORN, GRAIN - YIELD, MEASURED IN BU / ACRE","TOTAL","NOT SPECIFIED","133.9",""
"SURVEY","2005","YEAR","","COUNTY","MISSOURI","29","SOUTHEAST","90","SCOTT","201","","","00000000","","CORN","CORN, GRAIN - YIELD, MEASURED IN BU / ACRE","TOTAL","NOT SPECIFIED","151.8",""
"SURVEY","2005","YEAR","","COUNTY","MISSOURI","29","SOUTHEAST","90","STODDARD","207","","","00000000","","CORN","CORN, GRAIN - YIELD, MEASURED IN BU / ACRE","TOTAL","NOT SPECIFIED","140.8",""
"SURVEY","2005","YEAR","","COUNTY","MISSOURI","29","SOUTHWEST","70","BARRY","009","","","00000000","","CORN","CORN, GRAIN - YIELD, MEASURED IN BU / ACRE","TOTAL","NOT SPECIFIED","80",""
"SURVEY","2005","YEAR","","COUNTY","MISSOURI","29","SOUTHWEST","70","BARTON","011","","","00000000","","CORN","CORN, GRAIN - YIELD, MEASURED IN BU / ACRE","TOTAL","NOT SPECIFIED","102.5",""
"SURVEY","2005","YEAR","","COUNTY","MISSOURI","29","SOUTHWEST","70","DADE","057","","","00000000","","CORN","CORN, GRAIN - YIELD, MEASURED IN BU / ACRE","TOTAL","NOT SPECIFIED","66.6",""
"SURVEY","2005","YEAR","","COUNTY","MISSOURI","29","SOUTHWEST","70","JASPER","097","","","00000000","","CORN","CORN, GRAIN - YIELD, MEASURED IN BU / ACRE","TOTAL","NOT SPECIFIED","90.8",""
"SURVEY","2005","YEAR","","COUNTY","MISSOURI","29","SOUTHWEST","70","LAWRENCE","109","","","00000000","","CORN","CORN, GRAIN - YIELD, MEASURED IN BU / ACRE","TOTAL","NOT SPECIFIED","79.7",""
"SURVEY","2005","YEAR","","COUNTY","MISSOURI","29","SOUTHWEST","70","NEWTON","145","","","00000000","","CORN","CORN, GRAIN - YIELD, MEASURED IN BU / ACRE","TOTAL","NOT SPECIFIED","68.2",""
"SURVEY","2005","YEAR","","COUNTY","MISSOURI","29","SOUTHWEST","70","OTHER (COMBINED) COUNTIES","","","","00000000","","CORN","CORN, GRAIN - YIELD, MEASURED IN BU / ACRE","TOTAL","NOT SPECIFIED","76",""
"SURVEY","2005","YEAR","","COUNTY","MISSOURI","29","WEST","40","BATES","013","","","00000000","","CORN","CORN, GRAIN - YIELD, MEASURED IN BU / ACRE","TOTAL","NOT SPECIFIED","108.5",""
"SURVEY","2005","YEAR","","COUNTY","MISSOURI","29","WEST","40","CASS","037","","","00000000","","CORN","CORN, GRAIN - YIELD, MEASURED IN BU / ACRE","TOTAL","NOT SPECIFIED","112.7",""
"SURVEY","2005","YEAR","","COUNTY","MISSOURI","29","WEST","40","CEDAR","039","","","00000000","","CORN","CORN, GRAIN - YIELD, MEASURED IN BU / ACRE","TOTAL","NOT SPECIFIED","84.5",""
"SURVEY","2005","YEAR","","COUNTY","MISSOURI","29","WEST","40","HENRY","083","","","00000000","","CORN","CORN, GRAIN - YIELD, MEASURED IN BU / ACRE","TOTAL","NOT SPECIFIED","96.4",""
"SURVEY","2005","YEAR","","COUNTY","MISSOURI","29","WEST","40","JACKSON","095","","","00000000","","CORN","CORN, GRAIN - YIELD, MEASURED IN BU / ACRE","TOTAL","NOT SPECIFIED","134.4",""
"SURVEY","2005","YEAR","","COUNTY","MISSOURI","29","WEST","40","JOHNSON","101","","","00000000","","CORN","CORN, GRAIN - YIELD, MEASURED IN BU / ACRE","TOTAL","NOT SPECIFIED","90",""
"SURVEY","2005","YEAR","","COUNTY","MISSOURI","29","WEST","40","LAFAYETTE","107","","","00000000","","CORN","CORN, GRAIN - YIELD, MEASURED IN BU / ACRE","TOTAL","NOT SPECIFIED","131",""
"SURVEY","2005","YEAR","","COUNTY","MISSOURI","29","WEST","40","ST CLAIR","185","","","00000000","","CORN","CORN, GRAIN - YIELD, MEASURED IN BU / ACRE","TOTAL","NOT SPECIFIED","85.9",""
"SURVEY","2005","YEAR","","COUNTY","MISSOURI","29","WEST","40","VERNON","217","","","00000000","","CORN","CORN, GRAIN - YIELD, MEASURED IN BU / ACRE","TOTAL","NOT SPECIFIED","124.2",""
"SURVEY","2005","YEAR","","COUNTY","WISCONSIN","55","CENTRAL","50","ADAMS","001","","","00000000","","CORN","CORN, GRAIN - YIELD, MEASURED IN BU / ACRE","TOTAL","NOT SPECIFIED","130",""
"SURVEY","2005","YEAR","","COUNTY","WISCONSIN","55","CENTRAL","50","GREEN LAKE","047","","","00000000","","CORN","CORN, GRAIN - YIELD, MEASURED IN BU / ACRE","TOTAL","NOT SPECIFIED","133",""
"SURVEY","2005","YEAR","","COUNTY","WISCONSIN","55","CENTRAL","50","JUNEAU","057","","","00000000","","CORN","CORN, GRAIN - YIELD, MEASURED IN BU / ACRE","TOTAL","NOT SPECIFIED","145",""
"SURVEY","2005","YEAR","","COUNTY","WISCONSIN","55","CENTRAL","50","MARQUETTE","077","","","00000000","","CORN","CORN, GRAIN - YIELD, MEASURED IN BU / ACRE","TOTAL","NOT SPECIFIED","113",""
"SURVEY","2005","YEAR","","COUNTY","WISCONSIN","55","CENTRAL","50","PORTAGE","097","","","00000000","","CORN","CORN, GRAIN - YIELD, MEASURED IN BU / ACRE","TOTAL","NOT SPECIFIED","134",""
"SURVEY","2005","YEAR","","COUNTY","WISCONSIN","55","CENTRAL","50","WAUPACA","135","","","00000000","","CORN","CORN, GRAIN - YIELD, MEASURED IN BU / ACRE","TOTAL","NOT SPECIFIED","144",""
"SURVEY","2005","YEAR","","COUNTY","WISCONSIN","55","CENTRAL","50","WAUSHARA","137","","","00000000","","CORN","CORN, GRAIN - YIELD, MEASURED IN BU / ACRE","TOTAL","NOT SPECIFIED","156",""
"SURVEY","2005","YEAR","","COUNTY","WISCONSIN","55","CENTRAL","50","WOOD","141","","","00000000","","CORN","CORN, GRAIN - YIELD, MEASURED IN BU / ACRE","TOTAL","NOT SPECIFIED","150",""
"SURVEY","2005","YEAR","","COUNTY","WISCONSIN","55","EAST CENTRAL","60","BROWN","009","","","00000000","","CORN","CORN, GRAIN - YIELD, MEASURED IN BU / ACRE","TOTAL","NOT SPECIFIED","141",""
"SURVEY","2005","YEAR","","COUNTY","WISCONSIN","55","EAST CENTRAL","60","CALUMET","015","","","00000000","","CORN","CORN, GRAIN - YIELD, MEASURED IN BU / ACRE","TOTAL","NOT SPECIFIED","164",""
"SURVEY","2005","YEAR","","COUNTY","WISCONSIN","55","EAST CENTRAL","60","DOOR","029","","","00000000","","CORN","CORN, GRAIN - YIELD, MEASURED IN BU / ACRE","TOTAL","NOT SPECIFIED","93",""
"SURVEY","2005","YEAR","","COUNTY","WISCONSIN","55","EAST CENTRAL","60","FOND DU LAC","039","","","00000000","","CORN","CORN, GRAIN - YIELD, MEASURED IN BU / ACRE","TOTAL","NOT SPECIFIED","155",""
"SURVEY","2005","YEAR","","COUNTY","WISCONSIN","55","EAST CENTRAL","60","KEWAUNEE","061","","","00000000","","CORN","CORN, GRAIN - YIELD, MEASURED IN BU / ACRE","TOTAL","NOT SPECIFIED","128",""
"SURVEY","2005","YEAR","","COUNTY","WISCONSIN","55","EAST CENTRAL","60","MANITOWOC","071","","","00000000","","CORN","CORN, GRAIN - YIELD, MEASURED IN BU / ACRE","TOTAL","NOT SPECIFIED","144",""
"SURVEY","2005","YEAR","","COUNTY","WISCONSIN","55","EAST CENTRAL","60","OUTAGAMIE","087","","","00000000","","CORN","CORN, GRAIN - YIELD, MEASURED IN BU / ACRE","TOTAL","NOT SPECIFIED","159",""
"SURVEY","2005","YEAR","","COUNTY","WISCONSIN","55","EAST CENTRAL","60","SHEBOYGAN","117","","","00000000","","CORN","CORN, GRAIN - YIELD, MEASURED IN BU / ACRE","TOTAL","NOT SPECIFIED","120",""
"SURVEY","2005","YEAR","","COUNTY","WISCONSIN","55","EAST CENTRAL","60","WINNEBAGO","139","","","00000000","","CORN","CORN, GRAIN - YIELD, MEASURED IN BU / ACRE","TOTAL","NOT SPECIFIED","145",""
"SURVEY","2005","YEAR","","COUNTY","WISCONSIN","55","NORTH CENTRAL","20","CLARK","019","","","00000000","","CORN","CORN, GRAIN - YIELD, MEASURED IN BU / ACRE","TOTAL","NOT SPECIFIED","145",""
"SURVEY","2005","YEAR","","COUNTY","WISCONSIN","55","NORTH CENTRAL","20","LINCOLN","069","","","00000000","","CORN","CORN, GRAIN - YIELD, MEASURED IN BU / ACRE","TOTAL","NOT SPECIFIED","111",""
"SURVEY","2005","YEAR","","COUNTY","WISCONSIN","55","NORTH CENTRAL","20","MARATHON","073","","","00000000","","CORN","CORN, GRAIN - YIELD, MEASURED IN BU / ACRE","TOTAL","NOT SPECIFIED","124",""
"SURVEY","2005","YEAR","","COUNTY","WISCONSIN","55","NORTH CENTRAL","20","OTHER (COMBINED) COUNTIES","","","","00000000","","CORN","CORN, GRAIN - YIELD, MEASURED IN BU / ACRE","TOTAL","NOT SPECIFIED","113",""
"SURVEY","2005","YEAR","","COUNTY","WISCONSIN","55","NORTH CENTRAL","20","PRICE","099","","","00000000","","CORN","CORN, GRAIN - YIELD, MEASURED IN BU / ACRE","TOTAL","NOT SPECIFIED","94",""
"SURVEY","2005","YEAR","","COUNTY","WISCONSIN","55","NORTH CENTRAL","20","TAYLOR","119","","","00000000","","CORN","CORN, GRAIN - YIELD, MEASURED IN BU / ACRE","TOTAL","NOT SPECIFIED","140",""
"SURVEY","2005","YEAR","","COUNTY","WISCONSIN","55","NORTHEAST","30","LANGLADE","067","","","00000000","","CORN","CORN, GRAIN - YIELD, MEASURED IN BU / ACRE","TOTAL","NOT SPECIFIED","102",""
"SURVEY","2005","YEAR","","COUNTY","WISCONSIN","55","NORTHEAST","30","MARINETTE","075","","","00000000","","CORN","CORN, GRAIN - YIELD, MEASURED IN BU / ACRE","TOTAL","NOT SPECIFIED","92",""
"SURVEY","2005","YEAR","","COUNTY","WISCONSIN","55","NORTHEAST","30","OCONTO","083","","","00000000","","CORN","CORN, GRAIN - YIELD, MEASURED IN BU / ACRE","TOTAL","NOT SPECIFIED","119",""
"SURVEY","2005","YEAR","","COUNTY","WISCONSIN","55","NORTHEAST","30","OTHER (COMBINED) COUNTIES","","","","00000000","","CORN","CORN, GRAIN - YIELD, MEASURED IN BU / ACRE","TOTAL","NOT SPECIFIED","120",""
"SURVEY","2005","YEAR","","COUNTY","WISCONSIN","55","NORTHEAST","30","SHAWANO","115","","","00000000","","CORN","CORN, GRAIN - YIELD, MEASURED IN BU / ACRE","TOTAL","NOT SPECIFIED","131",""
"SURVEY","2005","YEAR","","COUNTY","WISCONSIN","55","NORTHWEST","10","BARRON","005","","","00000000","","CORN","CORN, GRAIN - YIELD, MEASURED IN BU / ACRE","TOTAL","NOT SPECIFIED","123",""
"SURVEY","2005","YEAR","","COUNTY","WISCONSIN","55","NORTHWEST","10","BURNETT","013","","","00000000","","CORN","CORN, GRAIN - YIELD, MEASURED IN BU / ACRE","TOTAL","NOT SPECIFIED","102",""
"SURVEY","2005","YEAR","","COUNTY","WISCONSIN","55","NORTHWEST","10","CHIPPEWA","017","","","00000000","","CORN","CORN, GRAIN - YIELD, MEASURED IN BU / ACRE","TOTAL","NOT SPECIFIED","128",""
"SURVEY","2005","YEAR","","COUNTY","WISCONSIN","55","NORTHWEST","10","OTHER (COMBINED) COUNTIES","","","","00000000","","CORN","CORN, GRAIN - YIELD, MEASURED IN BU / ACRE","TOTAL","NOT SPECIFIED","113",""
"SURVEY","2005","YEAR","","COUNTY","WISCONSIN","55","NORTHWEST","10","POLK","095","","","00000000","","CORN","CORN, GRAIN - YIELD, MEASURED IN BU / ACRE","TOTAL","NOT SPECIFIED","140",""
"SURVEY","2005","YEAR","","COUNTY","WISCONSIN","55","NORTHWEST","10","RUSK","107","","","00000000","","CORN","CORN, GRAIN - YIELD, MEASURED IN BU / ACRE","TOTAL","NOT SPECIFIED","115",""
"SURVEY","2005","YEAR","","COUNTY","WISCONSIN","55","NORTHWEST","10","SAWYER","113","","","00000000","","CORN","CORN, GRAIN - YIELD, MEASURED IN BU / ACRE","TOTAL","NOT SPECIFIED","74",""
"SURVEY","2005","YEAR","","COUNTY","WISCONSIN","55","NORTHWEST","10","WASHBURN","129","","","00000000","","CORN","CORN, GRAIN - YIELD, MEASURED IN BU / ACRE","TOTAL","NOT SPECIFIED","71",""
"SURVEY","2005","YEAR","","COUNTY","WISCONSIN","55","SOUTH CENTRAL","80","COLUMBIA","021","","","00000000","","CORN","CORN, GRAIN - YIELD, MEASURED IN BU / ACRE","TOTAL","NOT SPECIFIED","155",""
"SURVEY","2005","YEAR","","COUNTY","WISCONSIN","55","SOUTH CENTRAL","80","DANE","025","","","00000000","","CORN","CORN, GRAIN - YIELD, MEASURED IN BU / ACRE","TOTAL","NOT SPECIFIED","161",""
"SURVEY","2005","YEAR","","COUNTY","WISCONSIN","55","SOUTH CENTRAL","80","DODGE","027","","","00000000","","CORN","CORN, GRAIN - YIELD, MEASURED IN BU / ACRE","TOTAL","NOT SPECIFIED","165",""
"SURVEY","2005","YEAR","","COUNTY","WISCONSIN","55","SOUTH CENTRAL","80","GREEN","045","","","00000000","","CORN","CORN, GRAIN - YIELD, MEASURED IN BU / ACRE","TOTAL","NOT SPECIFIED","143",""
"SURVEY","2005","YEAR","","COUNTY","WISCONSIN","55","SOUTH CENTRAL","80","JEFFERSON","055","","","00000000","","CORN","CORN, GRAIN - YIELD, MEASURED IN BU / ACRE","TOTAL","NOT SPECIFIED","168",""
"SURVEY","2005","YEAR","","COUNTY","WISCONSIN","55","SOUTH CENTRAL","80","ROCK","105","","","00000000","","CORN","CORN, GRAIN - YIELD, MEASURED IN BU / ACRE","TOTAL","NOT SPECIFIED","148",""
"SURVEY","2005","YEAR","","COUNTY","WISCONSIN","55","SOUTHEAST","90","KENOSHA","059","","","00000000","","CORN","CORN, GRAIN - YIELD, MEASURED IN BU / ACRE","TOTAL","NOT SPECIFIED","98",""
"SURVEY","2005","YEAR","","COUNTY","WISCONSIN","55","SOUTHEAST","90","MILWAUKEE","079","","","00000000","","CORN","CORN, GRAIN - YIELD, MEASURED IN BU / ACRE","TOTAL","NOT SPECIFIED","121",""
"SURVEY","2005","YEAR","","COUNTY","WISCONSIN","55","SOUTHEAST","90","OZAUKEE","089","","","00000000","","CORN","CORN, GRAIN - YIELD, MEASURED IN BU / ACRE","TOTAL","NOT SPECIFIED","153",""
"SURVEY","2005","YEAR","","COUNTY","WISCONSIN","55","SOUTHEAST","90","RACINE","101","","","00000000","","CORN","CORN, GRAIN - YIELD, MEASURED IN BU / ACRE","TOTAL","NOT SPECIFIED","101",""
"SURVEY","2005","YEAR","","COUNTY","WISCONSIN","55","SOUTHEAST","90","WALWORTH","127","","","00000000","","CORN","CORN, GRAIN - YIELD, MEASURED IN BU / ACRE","TOTAL","NOT SPECIFIED","131",""
"SURVEY","2005","YEAR","","COUNTY","WISCONSIN","55","SOUTHEAST","90","WASHINGTON","131","","","00000000","","CORN","CORN, GRAIN - YIELD, MEASURED IN BU / ACRE","TOTAL","NOT SPECIFIED","145",""
"SURVEY","2005","YEAR","","COUNTY","WISCONSIN","55","SOUTHEAST","90","WAUKESHA","133","","","00000000","","CORN","CORN, GRAIN - YIELD, MEASURED IN BU / ACRE","TOTAL","NOT SPECIFIED","141",""
"SURVEY","2005","YEAR","","COUNTY","WISCONSIN","55","SOUTHWEST","70","CRAWFORD","023","","","00000000","","CORN","CORN, GRAIN - YIELD, MEASURED IN BU / ACRE","TOTAL","NOT SPECIFIED","174",""
"SURVEY","2005","YEAR","","COUNTY","WISCONSIN","55","SOUTHWEST","70","GRANT","043","","","00000000","","CORN","CORN, GRAIN - YIELD, MEASURED IN BU / ACRE","TOTAL","NOT SPECIFIED","167",""
"SURVEY","2005","YEAR","","COUNTY","WISCONSIN","55","SOUTHWEST","70","IOWA","049","","","00000000","","CORN","CORN, GRAIN - YIELD, MEASURED IN BU / ACRE","TOTAL","NOT SPECIFIED","173",""
"SURVEY","2005","YEAR","","COUNTY","WISCONSIN","55","SOUTHWEST","70","LAFAYETTE","065","","","00000000","","CORN","CORN, GRAIN - YIELD, MEASURED IN BU / ACRE","TOTAL","NOT SPECIFIED","166",""
"SURVEY","2005","YEAR","","COUNTY","WISCONSIN","55","SOUTHWEST","70","RICHLAND","103","","","00000000","","CORN","CORN, GRAIN - YIELD, MEASURED IN BU / ACRE","TOTAL","NOT SPECIFIED","169",""
"SURVEY","2005","YEAR","","COUNTY","WISCONSIN","55","SOUTHWEST","70","SAUK","111","","","00000000","","CORN","CORN, GRAIN - YIELD, MEASURED IN BU / ACRE","TOTAL","NOT SPECIFIED","165",""
"SURVEY","2005","YEAR","","COUNTY","WISCONSIN","55","SOUTHWEST","70","VERNON","123","","","00000000","","CORN","CORN, GRAIN - YIELD, MEASURED IN BU / ACRE","TOTAL","NOT SPECIFIED","168",""
"SURVEY","2005","YEAR","","COUNTY","WISCONSIN","55","WEST CENTRAL","40","BUFFALO","011","","","00000000","","CORN","CORN, GRAIN - YIELD, MEASURED IN BU / ACRE","TOTAL","NOT SPECIFIED","150",""
"SURVEY","2005","YEAR","","COUNTY","WISCONSIN","55","WEST CENTRAL","40","DUNN","033","","","00000000","","CORN","CORN, GRAIN - YIELD, MEASURED IN BU / ACRE","TOTAL","NOT SPECIFIED","143",""
"SURVEY","2005","YEAR","","COUNTY","WISCONSIN","55","WEST CENTRAL","40","EAU CLAIRE","035","","","00000000","","CORN","CORN, GRAIN - YIELD, MEASURED IN BU / ACRE","TOTAL","NOT SPECIFIED","151",""
"SURVEY","2005","YEAR","","COUNTY","WISCONSIN","55","WEST CENTRAL","40","JACKSON","053","","","00000000","","CORN","CORN, GRAIN - YIELD, MEASURED IN BU / ACRE","TOTAL","NOT SPECIFIED","156",""
"SURVEY","2005","YEAR","","COUNTY","WISCONSIN","55","WEST CENTRAL","40","LA CROSSE","063","","","00000000","","CORN","CORN, GRAIN - YIELD, MEASURED IN BU / ACRE","TOTAL","NOT SPECIFIED","161",""
"SURVEY","2005","YEAR","","COUNTY","WISCONSIN","55","WEST CENTRAL","40","MONROE","081","","","00000000","","CORN","CORN, GRAIN - YIELD, MEASURED IN BU / ACRE","TOTAL","NOT SPECIFIED","143",""
"SURVEY","2005","YEAR","","COUNTY","WISCONSIN","55","WEST CENTRAL","40","PEPIN","091","","","00000000","","CORN","CORN, GRAIN - YIELD, MEASURED IN BU / ACRE","TOTAL","NOT SPECIFIED","153",""
"SURVEY","2005","YEAR","","COUNTY","WISCONSIN","55","WEST CENTRAL","40","PIERCE","093","","","00000000","","CORN","CORN, GRAIN - YIELD, MEASURED IN BU / ACRE","TOTAL","NOT SPECIFIED","166",""
"SURVEY","2005","YEAR","","COUNTY","WISCONSIN","55","WEST CENTRAL","40","ST CROIX","109","","","00000000","","CORN","CORN, GRAIN - YIELD, MEASURED IN BU / ACRE","TOTAL","NOT SPECIFIED","158",""
"SURVEY","2005","YEAR","","COUNTY","WISCONSIN","55","WEST CENTRAL","40","TREMPEALEAU","121","","","00000000","","CORN","CORN, GRAIN - YIELD, MEASURED IN BU / ACRE","TOTAL","NOT SPECIFIED","158",""
